{"state": {"resTurn": "78", "h": "10", "w": "11", "score": [["7", "4", "5", "3", "1", "0", "1", "8", "5", "2", "0"], ["1", "2", "4", "2", "1", "-2", "4", "1", "8", "7", "-2"], ["1", "3", "6", "4", "4", "4", "0", "4", "6", "7", "6"], ["5", "-4", "5", "5", "2", "3", "3", "6", "4", "6", "1"], ["5", "3", "6", "0", "6", "2", "8", "4", "-2", "5", "4"], ["5", "3", "6", "0", "6", "2", "8", "4", "-2", "5", "4"], ["5", "-4", "5", "5", "2", "3", "3", "6", "4", "6", "1"], ["1", "3", "6", "4", "4", "4", "0", "4", "6", "7", "6"], ["1", "2", "4", "2", "1", "-2", "4", "1", "8", "7", "-2"], ["7", "4", "5", "3", "1", "0", "1", "8", "5", "2", "0"]], "color": [["0", "0", "0", "0", "0", "0", "0", "0", "0", "0", "0"], ["0", "0", "0", "0", "0", "0", "0", "0", "0", "0", "0"], ["0", "0", "1", "0", "0", "0", "0", "0", "0", "0", "0"], ["0", "0", "0", "0", "0", "0", "0", "0", "0", "0", "0"], ["0", "0", "0", "0", "2", "0", "0", "0", "0", "0", "0"], ["0", "0", "0", "0", "1", "0", "0", "0", "0", "0", "0"], ["0", "0", "0", "0", "0", "0", "0", "0", "0", "0", "0"], ["0", "0", "2", "0", "0", "0", "0", "0", "0", "0", "0"], ["0", "0", "0", "0", "0", "0", "0", "0", "0", "0", "0"], ["0", "0", "0", "0", "0", "0", "0", "0", "0", "0", "0"]], "pos": [{"x": "4", "y": "5"}, {"x": "2", "y": "2"}, {"x": "4", "y": "4"}, {"x": "2", "y": "7"}]}, "q": "0.004726417580080975", "z": "-1", "visitCount": [["18", "10", "22", "9", "9", "12", "13", "8", "10", "0", "0", "0", "0", "0", "0", "0", "0", "17", "13", "16", "12", "21", "8", "18", "12", "22", "0", "0", "0", "0", "0", "0", "0", "0", "11", "12", "6", "6", "9", "7", "12", "17", "16", "0", "0", "0", "0", "0", "0", "0", "0", "7", "11", "15", "9", "13", "13", "19", "21", "9", "0", "0", "0", "0", "0", "0", "0", "0", "8", "20", "14", "8", "9", "21", "15", "11", "12", "0", "0", "0", "0", "0", "0", "0", "0", "11", "9", "8", "21", "13", "13", "13", "14", "16", "0", "0", "0", "0", "0", "0", "0", "0", "0", "0", "0", "0", "0", "0", "0", "0", "0", "0", "0", "0", "0", "0", "0", "0", "0", "7", "15", "11", "5", "6", "7", "6", "9", "17", "0", "0", "0", "0", "0", "0", "0", "0", "25", "9", "9", "14", "7", "13", "10", "21", "9", "0", "0", "0", "0", "0", "0", "0", "0", "0", "0", "0", "0", "0", "0", "0", "0", "0", "0", "0", "0", "0", "0", "0", "0", "0", "0", "0", "0", "0", "0", "0", "0", "0", "0", "0", "0", "0", "0", "0", "0", "0", "0", "0", "0", "0", "0", "0", "0", "0", "0", "0", "0", "0", "0", "0", "0", "0", "0", "0", "0", "0", "0", "0", "0", "0", "0", "0", "0", "0", "0", "0", "0", "0", "0", "0", "0", "0", "0", "0", "0", "0", "0", "0", "0", "0", "0", "0", "0", "0", "0", "0", "0", "0", "10", "10", "10", "12", "12", "10", "17", "11", "9", "0", "0", "0", "0", "0", "0", "0", "0", "0", "0", "0", "0", "0", "0", "0", "0", "0", "0", "0", "0", "0", "0", "0", "0", "0", "0", "0", "0", "0", "0", "0", "0", "0", "0", "0", "0", "0", "0", "0", "0", "0", "0"], ["5", "12", "16", "13", "18", "7", "19", "15", "11", "0", "0", "0", "0", "0", "0", "0", "0", "10", "12", "13", "15", "24", "7", "6", "9", "10", "0", "0", "0", "0", "0", "0", "0", "0", "0", "0", "0", "0", "0", "0", "0", "0", "0", "0", "0", "0", "0", "0", "0", "0", "0", "12", "13", "10", "15", "13", "13", "11", "13", "13", "0", "0", "0", "0", "0", "0", "0", "0", "6", "8", "19", "11", "15", "19", "20", "13", "15", "0", "0", "0", "0", "0", "0", "0", "0", "8", "8", "7", "11", "8", "10", "15", "8", "16", "0", "0", "0", "0", "0", "0", "0", "0", "9", "10", "10", "12", "10", "14", "9", "5", "7", "0", "0", "0", "0", "0", "0", "0", "0", "18", "12", "15", "14", "16", "12", "14", "10", "26", "0", "0", "0", "0", "0", "0", "0", "0", "10", "11", "6", "12", "12", "16", "8", "10", "15", "0", "0", "0", "0", "0", "0", "0", "0", "0", "0", "0", "0", "0", "0", "0", "0", "0", "0", "0", "0", "0", "0", "0", "0", "0", "11", "9", "8", "24", "16", "14", "11", "18", "14", "0", "0", "0", "0", "0", "0", "0", "0", "0", "0", "0", "0", "0", "0", "0", "0", "0", "0", "0", "0", "0", "0", "0", "0", "0", "0", "0", "0", "0", "0", "0", "0", "0", "0", "0", "0", "0", "0", "0", "0", "0", "0", "0", "0", "0", "0", "0", "0", "0", "0", "0", "0", "0", "0", "0", "0", "0", "0", "0", "0", "0", "0", "0", "0", "0", "0", "0", "0", "0", "0", "0", "0", "0", "0", "0", "0", "0", "0", "0", "0", "0", "0", "0", "0", "0", "0", "0", "0", "0", "0", "0", "0", "0", "0", "0", "0", "0", "0", "0", "0", "0", "0", "0", "0", "0", "0", "0", "0", "0", "0"]]}