{"state": {"resTurn": "77", "h": "10", "w": "11", "score": [["7", "4", "5", "3", "1", "0", "1", "8", "5", "2", "0"], ["1", "2", "4", "2", "1", "-2", "4", "1", "8", "7", "-2"], ["1", "3", "6", "4", "4", "4", "0", "4", "6", "7", "6"], ["5", "-4", "5", "5", "2", "3", "3", "6", "4", "6", "1"], ["5", "3", "6", "0", "6", "2", "8", "4", "-2", "5", "4"], ["5", "3", "6", "0", "6", "2", "8", "4", "-2", "5", "4"], ["5", "-4", "5", "5", "2", "3", "3", "6", "4", "6", "1"], ["1", "3", "6", "4", "4", "4", "0", "4", "6", "7", "6"], ["1", "2", "4", "2", "1", "-2", "4", "1", "8", "7", "-2"], ["7", "4", "5", "3", "1", "0", "1", "8", "5", "2", "0"]], "color": [["0", "0", "0", "0", "0", "0", "0", "0", "0", "0", "0"], ["0", "0", "0", "0", "0", "0", "0", "0", "0", "0", "0"], ["0", "0", "1", "0", "0", "0", "0", "0", "0", "0", "0"], ["0", "0", "0", "0", "0", "2", "0", "0", "0", "0", "0"], ["0", "0", "0", "0", "2", "0", "0", "0", "0", "0", "0"], ["0", "0", "0", "0", "1", "1", "0", "0", "0", "0", "0"], ["0", "0", "0", "0", "0", "0", "0", "0", "0", "0", "0"], ["0", "0", "2", "2", "0", "0", "0", "0", "0", "0", "0"], ["0", "0", "0", "0", "0", "0", "0", "0", "0", "0", "0"], ["0", "0", "0", "0", "0", "0", "0", "0", "0", "0", "0"]], "pos": [{"x": "5", "y": "5"}, {"x": "2", "y": "2"}, {"x": "5", "y": "3"}, {"x": "3", "y": "7"}]}, "q": "0.004829433805681328", "z": "-1", "visitCount": [["7", "9", "14", "23", "14", "4", "19", "6", "17", "0", "0", "0", "0", "0", "0", "0", "0", "6", "7", "12", "24", "10", "9", "14", "14", "11", "0", "0", "0", "0", "0", "0", "0", "0", "11", "20", "22", "11", "14", "8", "8", "10", "7", "0", "0", "0", "0", "0", "0", "0", "0", "11", "8", "10", "6", "16", "25", "14", "7", "13", "0", "0", "0", "0", "0", "0", "0", "0", "7", "15", "5", "11", "11", "13", "14", "31", "11", "0", "0", "0", "0", "0", "0", "0", "0", "0", "0", "0", "0", "0", "0", "0", "0", "0", "0", "0", "0", "0", "0", "0", "0", "0", "7", "21", "14", "18", "8", "8", "19", "10", "7", "0", "0", "0", "0", "0", "0", "0", "0", "9", "16", "8", "10", "10", "15", "4", "15", "11", "0", "0", "0", "0", "0", "0", "0", "0", "17", "5", "15", "8", "11", "11", "13", "16", "16", "0", "0", "0", "0", "0", "0", "0", "0", "0", "0", "0", "0", "0", "0", "0", "0", "0", "0", "0", "0", "0", "0", "0", "0", "0", "0", "0", "0", "0", "0", "0", "0", "0", "0", "0", "0", "0", "0", "0", "0", "0", "0", "0", "0", "0", "0", "0", "0", "0", "0", "0", "0", "0", "0", "0", "0", "0", "0", "0", "0", "0", "0", "0", "0", "0", "0", "0", "0", "0", "0", "0", "0", "0", "0", "0", "0", "16", "9", "18", "7", "8", "14", "21", "10", "16", "0", "0", "0", "0", "0", "0", "0", "0", "0", "0", "0", "0", "0", "0", "0", "0", "0", "0", "0", "0", "0", "0", "0", "0", "0", "0", "0", "0", "0", "0", "0", "0", "0", "0", "0", "0", "0", "0", "0", "0", "0", "0", "0", "0", "0", "0", "0", "0", "0", "0", "0", "0", "0", "0", "0", "0", "0", "0", "0"], ["11", "6", "17", "21", "11", "19", "18", "14", "11", "0", "0", "0", "0", "0", "0", "0", "0", "5", "9", "8", "11", "15", "13", "9", "12", "4", "0", "0", "0", "0", "0", "0", "0", "0", "8", "11", "12", "18", "8", "18", "16", "26", "11", "0", "0", "0", "0", "0", "0", "0", "0", "11", "7", "13", "5", "9", "11", "12", "7", "9", "0", "0", "0", "0", "0", "0", "0", "0", "14", "9", "9", "16", "13", "8", "7", "3", "10", "0", "0", "0", "0", "0", "0", "0", "0", "10", "7", "9", "20", "19", "8", "16", "25", "12", "0", "0", "0", "0", "0", "0", "0", "0", "15", "14", "8", "20", "11", "9", "12", "17", "17", "0", "0", "0", "0", "0", "0", "0", "0", "12", "12", "10", "10", "17", "13", "13", "14", "6", "0", "0", "0", "0", "0", "0", "0", "0", "13", "26", "21", "8", "7", "24", "6", "7", "17", "0", "0", "0", "0", "0", "0", "0", "0", "0", "0", "0", "0", "0", "0", "0", "0", "0", "0", "0", "0", "0", "0", "0", "0", "0", "0", "0", "0", "0", "0", "0", "0", "0", "0", "0", "0", "0", "0", "0", "0", "0", "0", "0", "0", "0", "0", "0", "0", "0", "0", "0", "0", "0", "0", "0", "0", "0", "0", "0", "0", "0", "0", "0", "0", "0", "0", "0", "0", "0", "0", "0", "0", "0", "0", "0", "0", "0", "0", "0", "0", "0", "0", "0", "0", "0", "0", "0", "0", "0", "0", "0", "0", "0", "0", "0", "0", "0", "0", "0", "0", "0", "0", "0", "0", "0", "0", "0", "0", "0", "0", "0", "0", "0", "0", "0", "0", "0", "0", "0", "0", "0", "0", "0", "0", "0", "0", "0", "0", "0", "0", "0", "0", "0", "0", "0", "0", "0", "0", "0", "0", "0", "0", "0", "0"]]}