{"state": {"resTurn": "68", "h": "10", "w": "11", "score": [["7", "4", "5", "3", "1", "0", "1", "8", "5", "2", "0"], ["1", "2", "4", "2", "1", "-2", "4", "1", "8", "7", "-2"], ["1", "3", "6", "4", "4", "4", "0", "4", "6", "7", "6"], ["5", "-4", "5", "5", "2", "3", "3", "6", "4", "6", "1"], ["5", "3", "6", "0", "6", "2", "8", "4", "-2", "5", "4"], ["5", "3", "6", "0", "6", "2", "8", "4", "-2", "5", "4"], ["5", "-4", "5", "5", "2", "3", "3", "6", "4", "6", "1"], ["1", "3", "6", "4", "4", "4", "0", "4", "6", "7", "6"], ["1", "2", "4", "2", "1", "-2", "4", "1", "8", "7", "-2"], ["7", "4", "5", "3", "1", "0", "1", "8", "5", "2", "0"]], "color": [["0", "0", "0", "2", "0", "0", "0", "0", "0", "0", "0"], ["0", "0", "2", "1", "2", "0", "1", "0", "0", "0", "0"], ["0", "0", "1", "2", "2", "1", "1", "1", "0", "0", "0"], ["0", "0", "0", "0", "2", "2", "1", "0", "0", "0", "0"], ["0", "0", "0", "0", "2", "0", "0", "0", "0", "0", "0"], ["0", "0", "1", "0", "1", "0", "0", "0", "0", "0", "0"], ["0", "0", "0", "1", "2", "0", "0", "0", "0", "0", "0"], ["0", "0", "0", "0", "2", "0", "0", "0", "0", "0", "0"], ["0", "0", "2", "2", "0", "0", "0", "0", "0", "0", "0"], ["0", "0", "2", "0", "0", "0", "0", "0", "0", "0", "0"]], "pos": [{"x": "2", "y": "5"}, {"x": "5", "y": "2"}, {"x": "2", "y": "1"}, {"x": "4", "y": "6"}]}, "q": "0.004426067625122316", "z": "-1", "visitCount": [["8", "17", "0", "0", "0", "0", "10", "5", "19", "0", "12", "10", "12", "12", "0", "0", "0", "9", "8", "0", "0", "0", "0", "17", "19", "21", "0", "6", "5", "13", "22", "0", "0", "0", "4", "3", "0", "0", "0", "0", "16", "9", "14", "0", "11", "13", "24", "18", "0", "0", "0", "11", "10", "0", "0", "0", "0", "12", "13", "19", "0", "27", "11", "10", "21", "0", "0", "0", "23", "7", "0", "0", "0", "0", "10", "6", "9", "0", "6", "14", "10", "4", "0", "0", "0", "8", "18", "0", "0", "0", "0", "22", "11", "18", "0", "9", "8", "9", "6", "0", "0", "0", "15", "8", "0", "0", "0", "0", "16", "13", "18", "0", "30", "12", "8", "16", "0", "0", "0", "17", "12", "0", "0", "0", "0", "10", "5", "10", "0", "14", "8", "14", "7", "0", "0", "0", "10", "12", "0", "0", "0", "0", "10", "9", "11", "0", "9", "15", "8", "15", "0", "0", "0", "0", "0", "0", "0", "0", "0", "0", "0", "0", "0", "0", "0", "0", "0", "0", "0", "0", "0", "0", "0", "0", "0", "0", "0", "0", "0", "0", "0", "0", "0", "0", "0", "0", "0", "0", "0", "0", "0", "0", "0", "0", "0", "0", "0", "0", "0", "0", "0", "0", "0", "0", "0", "0", "0", "0", "0", "0", "0", "0", "0", "0", "0", "0", "0", "0", "0", "0", "0", "0", "0", "0", "0", "0", "0", "0", "0", "0", "0", "0", "0", "0", "0", "0", "0", "0", "0", "0", "0", "0", "0", "0", "0", "0", "0", "0", "0", "0", "0", "0", "0", "0", "0", "0", "0", "0", "0", "0", "0", "0", "0", "0", "0", "0", "0", "0", "0", "0", "0", "0", "0", "0", "0", "0", "0", "0", "0", "0", "0", "0", "0", "0", "0", "0", "0", "0", "0"], ["12", "6", "9", "11", "0", "13", "0", "17", "17", "0", "0", "0", "9", "0", "14", "0", "0", "11", "10", "11", "11", "0", "22", "0", "9", "10", "0", "0", "0", "13", "0", "8", "0", "0", "0", "0", "0", "0", "0", "0", "0", "0", "0", "0", "0", "0", "0", "0", "0", "0", "0", "4", "12", "9", "13", "0", "19", "0", "12", "14", "0", "0", "0", "11", "0", "15", "0", "0", "15", "12", "10", "11", "0", "24", "0", "11", "23", "0", "0", "0", "17", "0", "22", "0", "0", "13", "12", "19", "7", "0", "10", "0", "6", "10", "0", "0", "0", "13", "0", "11", "0", "0", "15", "13", "7", "7", "0", "12", "0", "11", "7", "0", "0", "0", "9", "0", "12", "0", "0", "14", "18", "7", "14", "0", "14", "0", "10", "8", "0", "0", "0", "14", "0", "17", "0", "0", "0", "0", "0", "0", "0", "0", "0", "0", "0", "0", "0", "0", "0", "0", "0", "0", "0", "0", "0", "0", "0", "0", "0", "0", "0", "0", "0", "0", "0", "0", "0", "0", "0", "0", "14", "5", "8", "8", "0", "9", "0", "12", "12", "0", "0", "0", "6", "0", "18", "0", "0", "0", "0", "0", "0", "0", "0", "0", "0", "0", "0", "0", "0", "0", "0", "0", "0", "0", "0", "0", "0", "0", "0", "0", "0", "0", "0", "0", "0", "0", "0", "0", "0", "0", "0", "0", "0", "0", "0", "0", "0", "0", "0", "0", "0", "0", "0", "0", "0", "0", "0", "0", "0", "0", "0", "0", "0", "0", "0", "0", "0", "0", "0", "0", "0", "0", "0", "0", "0", "0", "0", "0", "0", "0", "0", "0", "0", "0", "0", "0", "0", "0", "0", "0", "0", "0", "30", "8", "6", "13", "0", "13", "0", "21", "12", "0", "0", "0", "21", "0", "8", "0", "0"]]}