{"state": {"resTurn": "67", "h": "10", "w": "11", "score": [["7", "4", "5", "3", "1", "0", "1", "8", "5", "2", "0"], ["1", "2", "4", "2", "1", "-2", "4", "1", "8", "7", "-2"], ["1", "3", "6", "4", "4", "4", "0", "4", "6", "7", "6"], ["5", "-4", "5", "5", "2", "3", "3", "6", "4", "6", "1"], ["5", "3", "6", "0", "6", "2", "8", "4", "-2", "5", "4"], ["5", "3", "6", "0", "6", "2", "8", "4", "-2", "5", "4"], ["5", "-4", "5", "5", "2", "3", "3", "6", "4", "6", "1"], ["1", "3", "6", "4", "4", "4", "0", "4", "6", "7", "6"], ["1", "2", "4", "2", "1", "-2", "4", "1", "8", "7", "-2"], ["7", "4", "5", "3", "1", "0", "1", "8", "5", "2", "0"]], "color": [["0", "0", "0", "2", "0", "0", "0", "0", "0", "0", "0"], ["0", "0", "2", "0", "2", "0", "1", "0", "0", "0", "0"], ["0", "0", "1", "2", "2", "1", "1", "1", "0", "0", "0"], ["0", "0", "0", "0", "2", "0", "1", "0", "0", "0", "0"], ["0", "0", "1", "0", "2", "0", "0", "0", "0", "0", "0"], ["0", "0", "1", "0", "1", "0", "0", "0", "0", "0", "0"], ["0", "0", "0", "1", "2", "0", "0", "0", "0", "0", "0"], ["0", "0", "0", "0", "2", "0", "0", "0", "0", "0", "0"], ["0", "0", "2", "2", "0", "0", "0", "0", "0", "0", "0"], ["0", "0", "2", "0", "0", "0", "0", "0", "0", "0", "0"]], "pos": [{"x": "2", "y": "4"}, {"x": "5", "y": "2"}, {"x": "2", "y": "1"}, {"x": "4", "y": "6"}]}, "q": "0.005064215603939578", "z": "-1", "visitCount": [["14", "16", "12", "0", "0", "0", "11", "18", "15", "0", "0", "10", "16", "14", "0", "0", "0", "18", "19", "9", "0", "0", "0", "7", "20", "12", "0", "0", "6", "12", "10", "0", "0", "0", "6", "9", "8", "0", "0", "0", "17", "17", "18", "0", "0", "17", "10", "14", "0", "0", "0", "9", "6", "14", "0", "0", "0", "11", "14", "9", "0", "0", "5", "8", "10", "0", "0", "0", "20", "6", "26", "0", "0", "0", "10", "13", "13", "0", "0", "9", "11", "8", "0", "0", "0", "12", "14", "19", "0", "0", "0", "13", "13", "9", "0", "0", "6", "15", "22", "0", "0", "0", "5", "10", "10", "0", "0", "0", "31", "9", "11", "0", "0", "11", "11", "14", "0", "0", "0", "10", "14", "9", "0", "0", "0", "12", "10", "6", "0", "0", "8", "15", "9", "0", "0", "0", "10", "13", "14", "0", "0", "0", "20", "8", "14", "0", "0", "12", "12", "12", "0", "0", "0", "0", "0", "0", "0", "0", "0", "0", "0", "0", "0", "0", "0", "0", "0", "0", "0", "0", "0", "0", "0", "0", "0", "0", "0", "0", "0", "0", "0", "0", "0", "0", "0", "0", "0", "0", "0", "0", "0", "0", "0", "0", "0", "0", "0", "0", "0", "0", "0", "0", "0", "0", "0", "0", "0", "0", "0", "0", "0", "0", "0", "0", "0", "0", "0", "0", "0", "0", "0", "0", "0", "0", "0", "0", "0", "0", "0", "0", "0", "0", "0", "0", "0", "0", "0", "0", "0", "0", "0", "0", "0", "0", "0", "0", "0", "0", "0", "0", "0", "0", "0", "0", "0", "0", "0", "0", "0", "0", "0", "0", "0", "0", "0", "0", "0", "0", "0", "0", "0", "0", "0", "0", "0", "0", "0", "0", "0", "0", "0", "0", "0", "0", "0", "0", "0", "0", "0"], ["24", "13", "14", "10", "0", "10", "0", "5", "6", "0", "0", "0", "19", "0", "16", "0", "0", "6", "13", "15", "5", "0", "7", "0", "7", "9", "0", "0", "0", "11", "0", "11", "0", "0", "0", "0", "0", "0", "0", "0", "0", "0", "0", "0", "0", "0", "0", "0", "0", "0", "0", "10", "21", "6", "10", "0", "7", "0", "6", "17", "0", "0", "0", "6", "0", "14", "0", "0", "13", "23", "16", "10", "0", "10", "0", "17", "7", "0", "0", "0", "15", "0", "9", "0", "0", "5", "12", "21", "9", "0", "10", "0", "5", "15", "0", "0", "0", "15", "0", "10", "0", "0", "16", "18", "8", "11", "0", "7", "0", "14", "11", "0", "0", "0", "16", "0", "12", "0", "0", "17", "8", "11", "7", "0", "12", "0", "18", "6", "0", "0", "0", "14", "0", "15", "0", "0", "19", "14", "14", "18", "0", "9", "0", "12", "9", "0", "0", "0", "10", "0", "16", "0", "0", "0", "0", "0", "0", "0", "0", "0", "0", "0", "0", "0", "0", "0", "0", "0", "0", "0", "9", "15", "9", "23", "0", "18", "0", "9", "10", "0", "0", "0", "15", "0", "30", "0", "0", "0", "0", "0", "0", "0", "0", "0", "0", "0", "0", "0", "0", "0", "0", "0", "0", "0", "0", "0", "0", "0", "0", "0", "0", "0", "0", "0", "0", "0", "0", "0", "0", "0", "0", "0", "0", "0", "0", "0", "0", "0", "0", "0", "0", "0", "0", "0", "0", "0", "0", "0", "0", "0", "0", "0", "0", "0", "0", "0", "0", "0", "0", "0", "0", "0", "0", "0", "0", "0", "0", "0", "0", "0", "0", "0", "0", "0", "0", "0", "0", "0", "0", "0", "0", "0", "0", "0", "0", "0", "0", "0", "0", "0", "0", "0", "0", "0", "0", "0", "0", "0", "0"]]}