{"state": {"resTurn": "66", "h": "10", "w": "11", "score": [["7", "4", "5", "3", "1", "0", "1", "8", "5", "2", "0"], ["1", "2", "4", "2", "1", "-2", "4", "1", "8", "7", "-2"], ["1", "3", "6", "4", "4", "4", "0", "4", "6", "7", "6"], ["5", "-4", "5", "5", "2", "3", "3", "6", "4", "6", "1"], ["5", "3", "6", "0", "6", "2", "8", "4", "-2", "5", "4"], ["5", "3", "6", "0", "6", "2", "8", "4", "-2", "5", "4"], ["5", "-4", "5", "5", "2", "3", "3", "6", "4", "6", "1"], ["1", "3", "6", "4", "4", "4", "0", "4", "6", "7", "6"], ["1", "2", "4", "2", "1", "-2", "4", "1", "8", "7", "-2"], ["7", "4", "5", "3", "1", "0", "1", "8", "5", "2", "0"]], "color": [["0", "0", "0", "2", "0", "0", "0", "0", "0", "0", "0"], ["0", "0", "2", "0", "2", "1", "1", "0", "0", "0", "0"], ["0", "0", "0", "2", "2", "1", "1", "1", "0", "0", "0"], ["0", "0", "1", "0", "2", "0", "1", "0", "0", "0", "0"], ["0", "0", "1", "0", "2", "0", "0", "0", "0", "0", "0"], ["0", "0", "1", "0", "0", "0", "0", "0", "0", "0", "0"], ["0", "0", "0", "1", "2", "0", "0", "0", "0", "0", "0"], ["0", "0", "0", "0", "2", "0", "0", "0", "0", "0", "0"], ["0", "0", "2", "2", "0", "0", "0", "0", "0", "0", "0"], ["0", "0", "2", "0", "0", "0", "0", "0", "0", "0", "0"]], "pos": [{"x": "2", "y": "3"}, {"x": "5", "y": "1"}, {"x": "2", "y": "1"}, {"x": "4", "y": "6"}]}, "q": "0.004098497643891693", "z": "-1", "visitCount": [["18", "11", "13", "0", "0", "22", "8", "13", "14", "0", "0", "15", "9", "0", "0", "0", "0", "15", "16", "11", "0", "0", "9", "9", "13", "8", "0", "0", "7", "18", "0", "0", "0", "0", "15", "7", "9", "0", "0", "7", "19", "11", "16", "0", "0", "21", "7", "0", "0", "0", "0", "13", "12", "11", "0", "0", "15", "25", "9", "12", "0", "0", "15", "16", "0", "0", "0", "0", "3", "7", "11", "0", "0", "8", "6", "15", "8", "0", "0", "10", "28", "0", "0", "0", "0", "17", "13", "14", "0", "0", "10", "12", "12", "17", "0", "0", "7", "9", "0", "0", "0", "0", "13", "9", "6", "0", "0", "12", "24", "11", "9", "0", "0", "32", "10", "0", "0", "0", "0", "0", "0", "0", "0", "0", "0", "0", "0", "0", "0", "0", "0", "0", "0", "0", "0", "0", "14", "16", "14", "0", "0", "10", "5", "10", "6", "0", "0", "13", "7", "0", "0", "0", "0", "0", "0", "0", "0", "0", "0", "0", "0", "0", "0", "0", "0", "0", "0", "0", "0", "0", "0", "0", "0", "0", "0", "0", "0", "0", "0", "0", "0", "0", "0", "0", "0", "0", "0", "0", "0", "0", "0", "0", "0", "0", "0", "0", "0", "0", "0", "0", "0", "0", "0", "0", "0", "0", "0", "0", "0", "0", "0", "0", "0", "0", "0", "0", "0", "0", "0", "0", "0", "0", "0", "0", "0", "0", "0", "0", "0", "0", "0", "0", "0", "0", "0", "0", "0", "0", "0", "0", "0", "0", "0", "0", "0", "0", "0", "0", "0", "0", "0", "0", "0", "0", "0", "13", "13", "10", "0", "0", "16", "11", "10", "12", "0", "0", "7", "11", "0", "0", "0", "0", "0", "0", "0", "0", "0", "0", "0", "0", "0", "0", "0", "0", "0", "0", "0", "0", "0"], ["17", "9", "14", "9", "0", "8", "6", "10", "8", "0", "0", "0", "27", "0", "0", "0", "0", "15", "21", "24", "10", "0", "13", "9", "15", "9", "0", "0", "0", "10", "0", "0", "0", "0", "21", "15", "13", "9", "0", "18", "5", "7", "5", "0", "0", "0", "10", "0", "0", "0", "0", "9", "14", "16", "11", "0", "5", "9", "10", "17", "0", "0", "0", "16", "0", "0", "0", "0", "9", "15", "7", "10", "0", "18", "10", "11", "12", "0", "0", "0", "21", "0", "0", "0", "0", "8", "15", "8", "15", "0", "21", "17", "9", "14", "0", "0", "0", "12", "0", "0", "0", "0", "5", "10", "7", "16", "0", "17", "15", "11", "6", "0", "0", "0", "8", "0", "0", "0", "0", "17", "16", "5", "19", "0", "11", "9", "6", "17", "0", "0", "0", "14", "0", "0", "0", "0", "4", "9", "10", "19", "0", "8", "28", "15", "19", "0", "0", "0", "3", "0", "0", "0", "0", "0", "0", "0", "0", "0", "0", "0", "0", "0", "0", "0", "0", "0", "0", "0", "0", "0", "0", "0", "0", "0", "0", "0", "0", "0", "0", "0", "0", "0", "0", "0", "0", "0", "0", "0", "0", "0", "0", "0", "0", "0", "0", "0", "0", "0", "0", "0", "0", "0", "0", "0", "0", "0", "0", "0", "0", "0", "0", "0", "0", "0", "0", "0", "0", "0", "0", "0", "0", "0", "0", "0", "0", "0", "0", "0", "0", "0", "0", "0", "0", "0", "0", "0", "0", "0", "0", "0", "0", "0", "0", "0", "0", "0", "0", "0", "0", "0", "0", "0", "0", "0", "0", "0", "0", "0", "0", "0", "0", "0", "0", "0", "0", "0", "0", "0", "0", "0", "0", "0", "0", "0", "0", "0", "0", "0", "0", "0", "0", "0", "0", "0", "0", "0", "0", "0", "0"]]}