{"state": {"resTurn": "65", "h": "10", "w": "11", "score": [["7", "4", "5", "3", "1", "0", "1", "8", "5", "2", "0"], ["1", "2", "4", "2", "1", "-2", "4", "1", "8", "7", "-2"], ["1", "3", "6", "4", "4", "4", "0", "4", "6", "7", "6"], ["5", "-4", "5", "5", "2", "3", "3", "6", "4", "6", "1"], ["5", "3", "6", "0", "6", "2", "8", "4", "-2", "5", "4"], ["5", "3", "6", "0", "6", "2", "8", "4", "-2", "5", "4"], ["5", "-4", "5", "5", "2", "3", "3", "6", "4", "6", "1"], ["1", "3", "6", "4", "4", "4", "0", "4", "6", "7", "6"], ["1", "2", "4", "2", "1", "-2", "4", "1", "8", "7", "-2"], ["7", "4", "5", "3", "1", "0", "1", "8", "5", "2", "0"]], "color": [["0", "0", "0", "2", "0", "0", "0", "0", "0", "0", "0"], ["0", "0", "2", "2", "2", "1", "1", "0", "0", "0", "0"], ["0", "0", "1", "2", "0", "1", "1", "1", "0", "0", "0"], ["0", "0", "1", "0", "2", "0", "1", "0", "0", "0", "0"], ["0", "0", "1", "0", "2", "0", "0", "0", "0", "0", "0"], ["0", "0", "1", "0", "2", "0", "0", "0", "0", "0", "0"], ["0", "0", "0", "1", "2", "0", "0", "0", "0", "0", "0"], ["0", "0", "0", "0", "2", "0", "0", "0", "0", "0", "0"], ["0", "0", "2", "2", "0", "0", "0", "0", "0", "0", "0"], ["0", "0", "2", "0", "0", "0", "0", "0", "0", "0", "0"]], "pos": [{"x": "2", "y": "2"}, {"x": "5", "y": "1"}, {"x": "3", "y": "1"}, {"x": "4", "y": "5"}]}, "q": "0.0045612704286034", "z": "-1", "visitCount": [["11", "10", "8", "14", "0", "23", "13", "11", "11", "0", "0", "0", "8", "0", "0", "0", "0", "19", "6", "18", "9", "0", "5", "12", "12", "12", "0", "0", "0", "26", "0", "0", "0", "0", "9", "11", "19", "7", "0", "10", "13", "6", "8", "0", "0", "0", "13", "0", "0", "0", "0", "17", "15", "9", "8", "0", "8", "13", "16", "8", "0", "0", "0", "10", "0", "0", "0", "0", "15", "8", "10", "15", "0", "14", "10", "10", "13", "0", "0", "0", "27", "0", "0", "0", "0", "12", "11", "11", "20", "0", "16", "13", "25", "7", "0", "0", "0", "10", "0", "0", "0", "0", "0", "0", "0", "0", "0", "0", "0", "0", "0", "0", "0", "0", "0", "0", "0", "0", "0", "0", "0", "0", "0", "0", "0", "0", "0", "0", "0", "0", "0", "0", "0", "0", "0", "0", "0", "0", "0", "0", "0", "0", "0", "0", "0", "0", "0", "0", "0", "0", "0", "0", "0", "0", "0", "0", "0", "0", "0", "0", "0", "0", "0", "0", "0", "0", "0", "0", "0", "0", "0", "0", "0", "0", "0", "0", "0", "0", "0", "0", "0", "0", "0", "0", "0", "0", "0", "0", "0", "0", "0", "0", "0", "0", "0", "0", "0", "0", "0", "0", "0", "0", "0", "0", "0", "0", "0", "0", "0", "0", "0", "0", "0", "0", "0", "0", "0", "0", "0", "0", "0", "0", "0", "0", "0", "0", "0", "0", "0", "0", "0", "0", "0", "0", "0", "0", "0", "0", "14", "12", "5", "12", "0", "5", "7", "12", "11", "0", "0", "0", "23", "0", "0", "0", "0", "8", "9", "9", "14", "0", "11", "21", "22", "19", "0", "0", "0", "5", "0", "0", "0", "0", "7", "23", "10", "12", "0", "18", "9", "8", "9", "0", "0", "0", "10", "0", "0", "0", "0"], ["7", "17", "7", "0", "8", "17", "7", "9", "11", "0", "0", "9", "0", "0", "0", "0", "0", "11", "9", "6", "0", "28", "14", "9", "18", "8", "0", "0", "10", "0", "0", "0", "0", "0", "15", "13", "10", "0", "15", "10", "6", "15", "5", "0", "0", "11", "0", "0", "0", "0", "0", "0", "0", "0", "0", "0", "0", "0", "0", "0", "0", "0", "0", "0", "0", "0", "0", "0", "17", "23", "6", "0", "12", "8", "9", "12", "10", "0", "0", "7", "0", "0", "0", "0", "0", "9", "18", "12", "0", "17", "8", "17", "10", "9", "0", "0", "15", "0", "0", "0", "0", "0", "9", "5", "4", "0", "18", "9", "19", "10", "8", "0", "0", "15", "0", "0", "0", "0", "0", "10", "10", "21", "0", "12", "5", "14", "17", "21", "0", "0", "12", "0", "0", "0", "0", "0", "8", "11", "35", "0", "15", "20", "10", "8", "8", "0", "0", "9", "0", "0", "0", "0", "0", "0", "0", "0", "0", "0", "0", "0", "0", "0", "0", "0", "0", "0", "0", "0", "0", "0", "0", "0", "0", "0", "0", "0", "0", "0", "0", "0", "0", "0", "0", "0", "0", "0", "0", "9", "28", "13", "0", "17", "11", "11", "23", "7", "0", "0", "14", "0", "0", "0", "0", "0", "0", "0", "0", "0", "0", "0", "0", "0", "0", "0", "0", "0", "0", "0", "0", "0", "0", "0", "0", "0", "0", "0", "0", "0", "0", "0", "0", "0", "0", "0", "0", "0", "0", "0", "0", "0", "0", "0", "0", "0", "0", "0", "0", "0", "0", "0", "0", "0", "0", "0", "0", "0", "0", "0", "0", "0", "0", "0", "0", "0", "0", "0", "0", "0", "0", "0", "0", "0", "0", "0", "0", "0", "0", "0", "0", "0", "0", "0", "0", "0", "0", "0", "0", "0", "0"]]}