{"state": {"resTurn": "64", "h": "10", "w": "11", "score": [["7", "4", "5", "3", "1", "0", "1", "8", "5", "2", "0"], ["1", "2", "4", "2", "1", "-2", "4", "1", "8", "7", "-2"], ["1", "3", "6", "4", "4", "4", "0", "4", "6", "7", "6"], ["5", "-4", "5", "5", "2", "3", "3", "6", "4", "6", "1"], ["5", "3", "6", "0", "6", "2", "8", "4", "-2", "5", "4"], ["5", "3", "6", "0", "6", "2", "8", "4", "-2", "5", "4"], ["5", "-4", "5", "5", "2", "3", "3", "6", "4", "6", "1"], ["1", "3", "6", "4", "4", "4", "0", "4", "6", "7", "6"], ["1", "2", "4", "2", "1", "-2", "4", "1", "8", "7", "-2"], ["7", "4", "5", "3", "1", "0", "1", "8", "5", "2", "0"]], "color": [["0", "0", "0", "2", "0", "0", "0", "0", "0", "0", "0"], ["0", "0", "2", "2", "2", "1", "1", "0", "0", "0", "0"], ["0", "1", "1", "2", "0", "1", "1", "1", "0", "0", "0"], ["0", "0", "1", "0", "2", "0", "1", "0", "0", "0", "0"], ["0", "0", "1", "0", "2", "0", "0", "0", "0", "0", "0"], ["0", "0", "1", "0", "2", "0", "0", "0", "0", "0", "0"], ["0", "0", "0", "1", "2", "0", "0", "0", "0", "0", "0"], ["0", "0", "0", "0", "2", "0", "0", "0", "0", "0", "0"], ["0", "0", "2", "2", "0", "0", "0", "0", "0", "0", "0"], ["0", "0", "2", "0", "0", "0", "0", "0", "0", "0", "0"]], "pos": [{"x": "1", "y": "2"}, {"x": "5", "y": "1"}, {"x": "4", "y": "1"}, {"x": "4", "y": "6"}]}, "q": "0.005106042136124362", "z": "-1", "visitCount": [["23", "10", "14", "8", "0", "10", "5", "5", "18", "0", "0", "0", "7", "0", "0", "0", "0", "21", "18", "7", "17", "0", "8", "16", "16", "12", "0", "0", "0", "21", "0", "0", "0", "0", "14", "8", "11", "11", "0", "13", "16", "12", "18", "0", "0", "0", "6", "0", "0", "0", "0", "16", "8", "16", "12", "0", "9", "19", "9", "10", "0", "0", "0", "7", "0", "0", "0", "0", "10", "9", "6", "12", "0", "7", "12", "4", "16", "0", "0", "0", "17", "0", "0", "0", "0", "23", "11", "12", "12", "0", "13", "8", "20", "10", "0", "0", "0", "15", "0", "0", "0", "0", "16", "12", "20", "9", "0", "9", "19", "16", "28", "0", "0", "0", "14", "0", "0", "0", "0", "0", "0", "0", "0", "0", "0", "0", "0", "0", "0", "0", "0", "0", "0", "0", "0", "0", "5", "8", "27", "5", "0", "5", "10", "8", "19", "0", "0", "0", "11", "0", "0", "0", "0", "0", "0", "0", "0", "0", "0", "0", "0", "0", "0", "0", "0", "0", "0", "0", "0", "0", "0", "0", "0", "0", "0", "0", "0", "0", "0", "0", "0", "0", "0", "0", "0", "0", "0", "0", "0", "0", "0", "0", "0", "0", "0", "0", "0", "0", "0", "0", "0", "0", "0", "0", "0", "0", "0", "0", "0", "0", "0", "0", "0", "0", "0", "0", "0", "0", "0", "0", "0", "0", "0", "0", "0", "0", "0", "0", "0", "0", "0", "0", "0", "0", "0", "0", "0", "0", "0", "0", "0", "0", "0", "0", "0", "0", "0", "0", "0", "0", "0", "0", "0", "0", "0", "8", "11", "4", "7", "0", "13", "9", "10", "22", "0", "0", "0", "7", "0", "0", "0", "0", "0", "0", "0", "0", "0", "0", "0", "0", "0", "0", "0", "0", "0", "0", "0", "0", "0"], ["32", "12", "12", "11", "0", "9", "15", "11", "11", "0", "0", "0", "14", "0", "0", "0", "0", "0", "0", "0", "0", "0", "0", "0", "0", "0", "0", "0", "0", "0", "0", "0", "0", "0", "18", "11", "13", "5", "0", "37", "13", "33", "12", "0", "0", "0", "9", "0", "0", "0", "0", "4", "8", "23", "10", "0", "12", "9", "20", "6", "0", "0", "0", "12", "0", "0", "0", "0", "11", "8", "7", "8", "0", "11", "10", "10", "21", "0", "0", "0", "8", "0", "0", "0", "0", "9", "6", "6", "11", "0", "8", "17", "19", "19", "0", "0", "0", "12", "0", "0", "0", "0", "19", "10", "19", "7", "0", "9", "16", "12", "21", "0", "0", "0", "7", "0", "0", "0", "0", "10", "9", "15", "11", "0", "8", "12", "8", "19", "0", "0", "0", "8", "0", "0", "0", "0", "0", "0", "0", "0", "0", "0", "0", "0", "0", "0", "0", "0", "0", "0", "0", "0", "0", "11", "9", "8", "20", "0", "13", "15", "20", "7", "0", "0", "0", "5", "0", "0", "0", "0", "0", "0", "0", "0", "0", "0", "0", "0", "0", "0", "0", "0", "0", "0", "0", "0", "0", "0", "0", "0", "0", "0", "0", "0", "0", "0", "0", "0", "0", "0", "0", "0", "0", "0", "0", "0", "0", "0", "0", "0", "0", "0", "0", "0", "0", "0", "0", "0", "0", "0", "0", "0", "0", "0", "0", "0", "0", "0", "0", "0", "0", "0", "0", "0", "0", "0", "0", "0", "0", "0", "0", "0", "0", "0", "0", "0", "0", "0", "0", "0", "0", "0", "0", "0", "0", "0", "0", "0", "0", "0", "0", "0", "0", "0", "0", "0", "0", "0", "0", "0", "0", "0", "7", "23", "3", "6", "0", "6", "10", "7", "11", "0", "0", "0", "16", "0", "0", "0", "0"]]}