{"state": {"resTurn": "63", "h": "10", "w": "11", "score": [["7", "4", "5", "3", "1", "0", "1", "8", "5", "2", "0"], ["1", "2", "4", "2", "1", "-2", "4", "1", "8", "7", "-2"], ["1", "3", "6", "4", "4", "4", "0", "4", "6", "7", "6"], ["5", "-4", "5", "5", "2", "3", "3", "6", "4", "6", "1"], ["5", "3", "6", "0", "6", "2", "8", "4", "-2", "5", "4"], ["5", "3", "6", "0", "6", "2", "8", "4", "-2", "5", "4"], ["5", "-4", "5", "5", "2", "3", "3", "6", "4", "6", "1"], ["1", "3", "6", "4", "4", "4", "0", "4", "6", "7", "6"], ["1", "2", "4", "2", "1", "-2", "4", "1", "8", "7", "-2"], ["7", "4", "5", "3", "1", "0", "1", "8", "5", "2", "0"]], "color": [["0", "0", "0", "2", "0", "0", "0", "0", "0", "0", "0"], ["0", "1", "2", "2", "2", "1", "1", "0", "0", "0", "0"], ["0", "1", "1", "2", "2", "1", "1", "1", "0", "0", "0"], ["0", "0", "1", "0", "2", "0", "1", "0", "0", "0", "0"], ["0", "0", "1", "0", "2", "0", "0", "0", "0", "0", "0"], ["0", "0", "1", "2", "2", "0", "0", "0", "0", "0", "0"], ["0", "0", "0", "1", "2", "0", "0", "0", "0", "0", "0"], ["0", "0", "0", "0", "2", "0", "0", "0", "0", "0", "0"], ["0", "0", "2", "2", "0", "0", "0", "0", "0", "0", "0"], ["0", "0", "2", "0", "0", "0", "0", "0", "0", "0", "0"]], "pos": [{"x": "1", "y": "1"}, {"x": "6", "y": "1"}, {"x": "4", "y": "2"}, {"x": "3", "y": "5"}]}, "q": "0.004916141348194768", "z": "-1", "visitCount": [["15", "21", "17", "13", "5", "12", "12", "17", "16", "0", "0", "0", "0", "0", "0", "0", "0", "13", "14", "8", "28", "11", "15", "12", "12", "11", "0", "0", "0", "0", "0", "0", "0", "0", "9", "14", "11", "15", "9", "21", "9", "6", "10", "0", "0", "0", "0", "0", "0", "0", "0", "17", "10", "6", "27", "10", "12", "11", "8", "8", "0", "0", "0", "0", "0", "0", "0", "0", "12", "9", "9", "12", "9", "23", "8", "9", "8", "0", "0", "0", "0", "0", "0", "0", "0", "8", "9", "18", "15", "17", "9", "14", "19", "10", "0", "0", "0", "0", "0", "0", "0", "0", "8", "7", "11", "7", "10", "11", "16", "16", "15", "0", "0", "0", "0", "0", "0", "0", "0", "15", "12", "8", "14", "13", "10", "12", "7", "12", "0", "0", "0", "0", "0", "0", "0", "0", "0", "0", "0", "0", "0", "0", "0", "0", "0", "0", "0", "0", "0", "0", "0", "0", "0", "0", "0", "0", "0", "0", "0", "0", "0", "0", "0", "0", "0", "0", "0", "0", "0", "0", "0", "0", "0", "0", "0", "0", "0", "0", "0", "0", "0", "0", "0", "0", "0", "0", "0", "0", "0", "0", "0", "0", "0", "0", "0", "0", "0", "0", "0", "0", "0", "0", "0", "0", "0", "0", "0", "0", "0", "0", "0", "0", "0", "0", "0", "0", "0", "0", "0", "0", "0", "0", "0", "0", "0", "0", "0", "0", "0", "0", "0", "0", "0", "0", "0", "0", "0", "0", "0", "0", "0", "0", "0", "0", "0", "0", "0", "0", "0", "0", "0", "0", "0", "0", "0", "0", "0", "0", "0", "0", "0", "0", "0", "0", "0", "0", "0", "0", "0", "0", "0", "0", "18", "8", "10", "19", "7", "11", "12", "8", "20", "0", "0", "0", "0", "0", "0", "0", "0"], ["21", "10", "0", "15", "0", "0", "11", "14", "17", "0", "5", "0", "16", "17", "0", "0", "0", "8", "6", "0", "11", "0", "0", "9", "17", "15", "0", "11", "0", "14", "17", "0", "0", "0", "13", "28", "0", "13", "0", "0", "13", "11", "12", "0", "11", "0", "4", "11", "0", "0", "0", "9", "8", "0", "8", "0", "0", "12", "10", "24", "0", "16", "0", "9", "20", "0", "0", "0", "7", "10", "0", "12", "0", "0", "9", "4", "11", "0", "10", "0", "17", "7", "0", "0", "0", "11", "17", "0", "12", "0", "0", "11", "17", "8", "0", "8", "0", "15", "13", "0", "0", "0", "11", "17", "0", "14", "0", "0", "16", "6", "14", "0", "9", "0", "14", "15", "0", "0", "0", "0", "0", "0", "0", "0", "0", "0", "0", "0", "0", "0", "0", "0", "0", "0", "0", "0", "0", "0", "0", "0", "0", "0", "0", "0", "0", "0", "0", "0", "0", "0", "0", "0", "0", "0", "0", "0", "0", "0", "0", "0", "0", "0", "0", "0", "0", "0", "0", "0", "0", "0", "0", "0", "0", "0", "0", "0", "0", "0", "0", "0", "0", "0", "0", "0", "0", "0", "0", "0", "0", "0", "0", "0", "0", "0", "0", "0", "0", "0", "0", "0", "0", "0", "0", "0", "0", "0", "0", "0", "0", "0", "0", "0", "0", "0", "0", "0", "0", "0", "0", "0", "0", "0", "0", "0", "0", "0", "0", "0", "0", "0", "0", "0", "0", "0", "0", "0", "0", "0", "0", "0", "0", "0", "0", "0", "0", "0", "0", "0", "0", "0", "0", "0", "0", "0", "0", "11", "5", "0", "19", "0", "0", "8", "9", "7", "0", "6", "0", "12", "7", "0", "0", "0", "10", "27", "0", "10", "0", "0", "10", "17", "5", "0", "20", "0", "23", "13", "0", "0", "0"]]}