{"state": {"resTurn": "62", "h": "10", "w": "11", "score": [["7", "4", "5", "3", "1", "0", "1", "8", "5", "2", "0"], ["1", "2", "4", "2", "1", "-2", "4", "1", "8", "7", "-2"], ["1", "3", "6", "4", "4", "4", "0", "4", "6", "7", "6"], ["5", "-4", "5", "5", "2", "3", "3", "6", "4", "6", "1"], ["5", "3", "6", "0", "6", "2", "8", "4", "-2", "5", "4"], ["5", "3", "6", "0", "6", "2", "8", "4", "-2", "5", "4"], ["5", "-4", "5", "5", "2", "3", "3", "6", "4", "6", "1"], ["1", "3", "6", "4", "4", "4", "0", "4", "6", "7", "6"], ["1", "2", "4", "2", "1", "-2", "4", "1", "8", "7", "-2"], ["7", "4", "5", "3", "1", "0", "1", "8", "5", "2", "0"]], "color": [["0", "0", "0", "2", "0", "0", "0", "0", "0", "0", "0"], ["0", "1", "2", "2", "2", "1", "1", "0", "0", "0", "0"], ["0", "1", "1", "2", "2", "1", "1", "1", "0", "0", "0"], ["0", "0", "1", "0", "2", "0", "1", "0", "0", "0", "0"], ["0", "0", "1", "0", "2", "0", "0", "0", "0", "0", "0"], ["0", "0", "1", "2", "2", "0", "0", "0", "0", "0", "0"], ["0", "0", "0", "1", "2", "0", "0", "0", "0", "0", "0"], ["0", "0", "0", "0", "2", "0", "0", "0", "0", "0", "0"], ["0", "0", "2", "2", "0", "0", "0", "0", "0", "0", "0"], ["0", "0", "2", "0", "0", "0", "0", "0", "0", "0", "0"]], "pos": [{"x": "2", "y": "2"}, {"x": "5", "y": "2"}, {"x": "4", "y": "3"}, {"x": "4", "y": "6"}]}, "q": "0.005292644632608513", "z": "-1", "visitCount": [["7", "7", "7", "0", "0", "0", "10", "6", "20", "0", "0", "11", "10", "17", "0", "0", "0", "10", "15", "9", "0", "0", "0", "8", "12", "23", "0", "0", "13", "10", "7", "0", "0", "0", "6", "8", "8", "0", "0", "0", "9", "8", "9", "0", "0", "13", "19", "16", "0", "0", "0", "12", "14", "12", "0", "0", "0", "17", "5", "14", "0", "0", "10", "17", "20", "0", "0", "0", "18", "11", "9", "0", "0", "0", "17", "13", "12", "0", "0", "15", "10", "10", "0", "0", "0", "9", "8", "10", "0", "0", "0", "15", "25", "14", "0", "0", "9", "14", "15", "0", "0", "0", "0", "0", "0", "0", "0", "0", "0", "0", "0", "0", "0", "0", "0", "0", "0", "0", "0", "0", "0", "0", "0", "0", "0", "0", "0", "0", "0", "0", "0", "0", "0", "0", "0", "0", "0", "0", "0", "0", "0", "0", "0", "0", "0", "0", "0", "0", "0", "0", "0", "0", "0", "0", "0", "0", "0", "0", "0", "0", "0", "0", "0", "0", "0", "0", "0", "0", "0", "0", "0", "0", "0", "0", "0", "0", "0", "0", "0", "0", "0", "0", "0", "0", "0", "0", "0", "0", "0", "0", "0", "0", "0", "0", "0", "0", "0", "0", "0", "0", "0", "0", "0", "0", "0", "0", "0", "0", "0", "0", "0", "0", "0", "0", "0", "0", "0", "0", "0", "0", "0", "0", "0", "0", "0", "0", "0", "0", "0", "0", "0", "0", "0", "0", "0", "0", "0", "0", "15", "16", "16", "0", "0", "0", "6", "15", "13", "0", "0", "11", "24", "14", "0", "0", "0", "17", "7", "10", "0", "0", "0", "9", "11", "20", "0", "0", "14", "11", "9", "0", "0", "0", "11", "12", "12", "0", "0", "0", "13", "13", "13", "0", "0", "11", "12", "12", "0", "0", "0"], ["5", "20", "11", "14", "0", "15", "9", "6", "13", "0", "0", "0", "12", "0", "0", "0", "0", "19", "8", "8", "13", "0", "21", "13", "9", "8", "0", "0", "0", "8", "0", "0", "0", "0", "7", "8", "17", "14", "0", "7", "15", "15", "9", "0", "0", "0", "15", "0", "0", "0", "0", "8", "13", "10", "8", "0", "7", "15", "9", "20", "0", "0", "0", "6", "0", "0", "0", "0", "4", "17", "10", "6", "0", "12", "4", "12", "9", "0", "0", "0", "8", "0", "0", "0", "0", "8", "27", "9", "7", "0", "12", "19", "8", "6", "0", "0", "0", "18", "0", "0", "0", "0", "17", "6", "14", "10", "0", "17", "14", "19", "41", "0", "0", "0", "16", "0", "0", "0", "0", "0", "0", "0", "0", "0", "0", "0", "0", "0", "0", "0", "0", "0", "0", "0", "0", "0", "15", "11", "11", "8", "0", "8", "15", "12", "26", "0", "0", "0", "8", "0", "0", "0", "0", "0", "0", "0", "0", "0", "0", "0", "0", "0", "0", "0", "0", "0", "0", "0", "0", "0", "0", "0", "0", "0", "0", "0", "0", "0", "0", "0", "0", "0", "0", "0", "0", "0", "0", "0", "0", "0", "0", "0", "0", "0", "0", "0", "0", "0", "0", "0", "0", "0", "0", "0", "0", "0", "0", "0", "0", "0", "0", "0", "0", "0", "0", "0", "0", "0", "0", "0", "0", "0", "0", "0", "0", "0", "0", "0", "0", "0", "0", "0", "0", "0", "0", "0", "0", "0", "0", "0", "0", "0", "0", "0", "0", "0", "0", "0", "0", "0", "0", "0", "0", "0", "0", "11", "13", "12", "9", "0", "18", "8", "12", "28", "0", "0", "0", "10", "0", "0", "0", "0", "0", "0", "0", "0", "0", "0", "0", "0", "0", "0", "0", "0", "0", "0", "0", "0", "0"]]}