{"state": {"resTurn": "61", "h": "10", "w": "11", "score": [["7", "4", "5", "3", "1", "0", "1", "8", "5", "2", "0"], ["1", "2", "4", "2", "1", "-2", "4", "1", "8", "7", "-2"], ["1", "3", "6", "4", "4", "4", "0", "4", "6", "7", "6"], ["5", "-4", "5", "5", "2", "3", "3", "6", "4", "6", "1"], ["5", "3", "6", "0", "6", "2", "8", "4", "-2", "5", "4"], ["5", "3", "6", "0", "6", "2", "8", "4", "-2", "5", "4"], ["5", "-4", "5", "5", "2", "3", "3", "6", "4", "6", "1"], ["1", "3", "6", "4", "4", "4", "0", "4", "6", "7", "6"], ["1", "2", "4", "2", "1", "-2", "4", "1", "8", "7", "-2"], ["7", "4", "5", "3", "1", "0", "1", "8", "5", "2", "0"]], "color": [["0", "0", "0", "2", "0", "0", "0", "0", "0", "0", "0"], ["0", "1", "2", "2", "2", "1", "1", "0", "0", "0", "0"], ["0", "1", "1", "2", "2", "1", "1", "1", "0", "0", "0"], ["0", "0", "1", "0", "2", "0", "1", "0", "0", "0", "0"], ["0", "0", "1", "0", "2", "0", "0", "0", "0", "0", "0"], ["0", "0", "1", "2", "2", "0", "0", "0", "0", "0", "0"], ["0", "0", "0", "1", "2", "2", "0", "0", "0", "0", "0"], ["0", "0", "0", "0", "2", "0", "0", "0", "0", "0", "0"], ["0", "0", "2", "2", "0", "0", "0", "0", "0", "0", "0"], ["0", "0", "2", "0", "0", "0", "0", "0", "0", "0", "0"]], "pos": [{"x": "1", "y": "1"}, {"x": "6", "y": "1"}, {"x": "4", "y": "2"}, {"x": "5", "y": "6"}]}, "q": "0.004533380517061478", "z": "-1", "visitCount": [["13", "11", "12", "16", "10", "7", "22", "10", "10", "0", "0", "0", "0", "0", "0", "0", "0", "17", "10", "17", "9", "8", "7", "16", "15", "18", "0", "0", "0", "0", "0", "0", "0", "0", "11", "11", "10", "8", "21", "14", "12", "18", "6", "0", "0", "0", "0", "0", "0", "0", "0", "11", "9", "19", "17", "28", "19", "9", "27", "13", "0", "0", "0", "0", "0", "0", "0", "0", "14", "11", "11", "9", "11", "20", "7", "14", "10", "0", "0", "0", "0", "0", "0", "0", "0", "13", "8", "16", "13", "9", "22", "10", "6", "14", "0", "0", "0", "0", "0", "0", "0", "0", "6", "11", "11", "7", "13", "12", "15", "7", "13", "0", "0", "0", "0", "0", "0", "0", "0", "12", "9", "14", "9", "9", "6", "12", "8", "7", "0", "0", "0", "0", "0", "0", "0", "0", "0", "0", "0", "0", "0", "0", "0", "0", "0", "0", "0", "0", "0", "0", "0", "0", "0", "0", "0", "0", "0", "0", "0", "0", "0", "0", "0", "0", "0", "0", "0", "0", "0", "0", "0", "0", "0", "0", "0", "0", "0", "0", "0", "0", "0", "0", "0", "0", "0", "0", "0", "0", "0", "0", "0", "0", "0", "0", "0", "0", "0", "0", "0", "0", "0", "0", "0", "0", "0", "0", "0", "0", "0", "0", "0", "0", "0", "0", "0", "0", "0", "0", "0", "0", "0", "0", "0", "0", "0", "0", "0", "0", "0", "0", "0", "0", "0", "0", "0", "0", "0", "0", "0", "0", "0", "0", "0", "0", "0", "0", "0", "0", "0", "0", "0", "0", "0", "0", "0", "0", "0", "0", "0", "0", "0", "0", "0", "0", "0", "0", "0", "0", "0", "0", "0", "0", "13", "13", "8", "17", "9", "12", "13", "11", "14", "0", "0", "0", "0", "0", "0", "0", "0"], ["19", "10", "5", "13", "9", "6", "20", "11", "13", "0", "0", "0", "0", "0", "0", "0", "0", "10", "11", "11", "8", "16", "7", "6", "8", "12", "0", "0", "0", "0", "0", "0", "0", "0", "16", "6", "15", "11", "10", "15", "11", "23", "14", "0", "0", "0", "0", "0", "0", "0", "0", "26", "11", "14", "14", "12", "8", "18", "7", "12", "0", "0", "0", "0", "0", "0", "0", "0", "7", "18", "20", "7", "17", "10", "14", "14", "10", "0", "0", "0", "0", "0", "0", "0", "0", "8", "9", "15", "11", "23", "9", "8", "9", "7", "0", "0", "0", "0", "0", "0", "0", "0", "13", "12", "8", "13", "8", "11", "13", "14", "15", "0", "0", "0", "0", "0", "0", "0", "0", "0", "0", "0", "0", "0", "0", "0", "0", "0", "0", "0", "0", "0", "0", "0", "0", "0", "0", "0", "0", "0", "0", "0", "0", "0", "0", "0", "0", "0", "0", "0", "0", "0", "0", "0", "0", "0", "0", "0", "0", "0", "0", "0", "0", "0", "0", "0", "0", "0", "0", "0", "0", "0", "0", "0", "0", "0", "0", "0", "0", "0", "0", "0", "0", "0", "0", "0", "0", "0", "0", "0", "0", "0", "0", "0", "0", "0", "0", "0", "0", "0", "0", "0", "0", "0", "0", "0", "0", "0", "0", "0", "0", "0", "0", "0", "0", "0", "0", "0", "0", "0", "0", "0", "0", "0", "0", "0", "0", "0", "0", "0", "0", "0", "0", "0", "0", "0", "0", "0", "0", "0", "0", "0", "0", "0", "0", "0", "0", "0", "0", "0", "0", "0", "0", "0", "0", "15", "7", "18", "15", "7", "21", "16", "16", "7", "0", "0", "0", "0", "0", "0", "0", "0", "18", "11", "9", "10", "11", "11", "11", "6", "30", "0", "0", "0", "0", "0", "0", "0", "0"]]}