{"state": {"resTurn": "60", "h": "10", "w": "11", "score": [["7", "4", "5", "3", "1", "0", "1", "8", "5", "2", "0"], ["1", "2", "4", "2", "1", "-2", "4", "1", "8", "7", "-2"], ["1", "3", "6", "4", "4", "4", "0", "4", "6", "7", "6"], ["5", "-4", "5", "5", "2", "3", "3", "6", "4", "6", "1"], ["5", "3", "6", "0", "6", "2", "8", "4", "-2", "5", "4"], ["5", "3", "6", "0", "6", "2", "8", "4", "-2", "5", "4"], ["5", "-4", "5", "5", "2", "3", "3", "6", "4", "6", "1"], ["1", "3", "6", "4", "4", "4", "0", "4", "6", "7", "6"], ["1", "2", "4", "2", "1", "-2", "4", "1", "8", "7", "-2"], ["7", "4", "5", "3", "1", "0", "1", "8", "5", "2", "0"]], "color": [["0", "0", "0", "2", "0", "0", "0", "0", "0", "0", "0"], ["0", "1", "2", "2", "2", "1", "1", "0", "0", "0", "0"], ["1", "1", "1", "2", "2", "0", "1", "1", "0", "0", "0"], ["0", "0", "1", "0", "2", "0", "1", "0", "0", "0", "0"], ["0", "0", "1", "0", "2", "0", "0", "0", "0", "0", "0"], ["0", "0", "1", "2", "2", "0", "0", "0", "0", "0", "0"], ["0", "0", "0", "1", "2", "2", "2", "0", "0", "0", "0"], ["0", "0", "0", "0", "2", "0", "0", "0", "0", "0", "0"], ["0", "0", "2", "2", "0", "0", "0", "0", "0", "0", "0"], ["0", "0", "2", "0", "0", "0", "0", "0", "0", "0", "0"]], "pos": [{"x": "0", "y": "2"}, {"x": "5", "y": "1"}, {"x": "4", "y": "2"}, {"x": "6", "y": "6"}]}, "q": "0.005000679086803458", "z": "-1", "visitCount": [["35", "15", "23", "0", "0", "33", "6", "16", "15", "0", "0", "8", "7", "0", "0", "0", "0", "29", "20", "5", "0", "0", "20", "20", "10", "16", "0", "0", "25", "6", "0", "0", "0", "0", "17", "7", "16", "0", "0", "10", "16", "6", "15", "0", "0", "34", "30", "0", "0", "0", "0", "0", "0", "0", "0", "0", "0", "0", "0", "0", "0", "0", "0", "0", "0", "0", "0", "0", "0", "0", "0", "0", "0", "0", "0", "0", "0", "0", "0", "0", "0", "0", "0", "0", "0", "0", "0", "0", "0", "0", "0", "0", "0", "0", "0", "0", "0", "0", "0", "0", "0", "0", "39", "12", "25", "0", "0", "32", "13", "20", "31", "0", "0", "38", "10", "0", "0", "0", "0", "28", "16", "19", "0", "0", "13", "14", "17", "15", "0", "0", "24", "15", "0", "0", "0", "0", "22", "17", "15", "0", "0", "14", "12", "20", "18", "0", "0", "23", "18", "0", "0", "0", "0", "0", "0", "0", "0", "0", "0", "0", "0", "0", "0", "0", "0", "0", "0", "0", "0", "0", "0", "0", "0", "0", "0", "0", "0", "0", "0", "0", "0", "0", "0", "0", "0", "0", "0", "0", "0", "0", "0", "0", "0", "0", "0", "0", "0", "0", "0", "0", "0", "0", "0", "0", "0", "0", "0", "0", "0", "0", "0", "0", "0", "0", "0", "0", "0", "0", "0", "0", "0", "0", "0", "0", "0", "0", "0", "0", "0", "0", "0", "0", "0", "0", "0", "0", "0", "0", "0", "0", "0", "0", "0", "0", "0", "0", "0", "0", "0", "0", "0", "0", "0", "0", "0", "0", "0", "0", "0", "0", "0", "0", "0", "0", "0", "0", "0", "0", "0", "0", "0", "0", "0", "0", "0", "0", "0", "0", "0", "0", "0", "0", "0", "0", "0", "0", "0", "0", "0"], ["17", "36", "9", "10", "19", "14", "22", "9", "15", "0", "0", "0", "0", "0", "0", "0", "0", "6", "10", "9", "12", "5", "12", "10", "11", "18", "0", "0", "0", "0", "0", "0", "0", "0", "13", "10", "10", "15", "11", "13", "10", "7", "10", "0", "0", "0", "0", "0", "0", "0", "0", "10", "8", "7", "19", "13", "8", "12", "20", "10", "0", "0", "0", "0", "0", "0", "0", "0", "11", "11", "15", "16", "7", "22", "11", "12", "7", "0", "0", "0", "0", "0", "0", "0", "0", "13", "12", "11", "9", "10", "9", "6", "9", "15", "0", "0", "0", "0", "0", "0", "0", "0", "9", "26", "13", "41", "7", "7", "11", "17", "8", "0", "0", "0", "0", "0", "0", "0", "0", "0", "0", "0", "0", "0", "0", "0", "0", "0", "0", "0", "0", "0", "0", "0", "0", "0", "8", "16", "9", "11", "19", "14", "11", "11", "12", "0", "0", "0", "0", "0", "0", "0", "0", "0", "0", "0", "0", "0", "0", "0", "0", "0", "0", "0", "0", "0", "0", "0", "0", "0", "0", "0", "0", "0", "0", "0", "0", "0", "0", "0", "0", "0", "0", "0", "0", "0", "0", "0", "0", "0", "0", "0", "0", "0", "0", "0", "0", "0", "0", "0", "0", "0", "0", "0", "0", "0", "0", "0", "0", "0", "0", "0", "0", "0", "0", "0", "0", "0", "0", "0", "0", "0", "0", "0", "0", "0", "0", "0", "0", "0", "0", "0", "0", "0", "0", "0", "0", "0", "0", "0", "0", "0", "0", "0", "0", "0", "0", "0", "0", "0", "0", "0", "0", "0", "0", "6", "11", "9", "10", "15", "9", "14", "7", "13", "0", "0", "0", "0", "0", "0", "0", "0", "0", "0", "0", "0", "0", "0", "0", "0", "0", "0", "0", "0", "0", "0", "0", "0", "0"]]}