{"state": {"resTurn": "59", "h": "10", "w": "11", "score": [["7", "4", "5", "3", "1", "0", "1", "8", "5", "2", "0"], ["1", "2", "4", "2", "1", "-2", "4", "1", "8", "7", "-2"], ["1", "3", "6", "4", "4", "4", "0", "4", "6", "7", "6"], ["5", "-4", "5", "5", "2", "3", "3", "6", "4", "6", "1"], ["5", "3", "6", "0", "6", "2", "8", "4", "-2", "5", "4"], ["5", "3", "6", "0", "6", "2", "8", "4", "-2", "5", "4"], ["5", "-4", "5", "5", "2", "3", "3", "6", "4", "6", "1"], ["1", "3", "6", "4", "4", "4", "0", "4", "6", "7", "6"], ["1", "2", "4", "2", "1", "-2", "4", "1", "8", "7", "-2"], ["7", "4", "5", "3", "1", "0", "1", "8", "5", "2", "0"]], "color": [["0", "0", "0", "2", "0", "0", "0", "0", "0", "0", "0"], ["1", "1", "2", "2", "2", "1", "1", "0", "0", "0", "0"], ["1", "1", "1", "2", "2", "0", "1", "1", "0", "0", "0"], ["0", "0", "1", "0", "2", "0", "1", "0", "0", "0", "0"], ["0", "0", "1", "0", "2", "0", "0", "0", "0", "0", "0"], ["0", "0", "1", "2", "2", "0", "0", "0", "0", "0", "0"], ["0", "0", "0", "1", "2", "2", "2", "0", "0", "0", "0"], ["0", "0", "0", "0", "2", "2", "0", "0", "0", "0", "0"], ["0", "0", "2", "2", "0", "0", "0", "0", "0", "0", "0"], ["0", "0", "2", "0", "0", "0", "0", "0", "0", "0", "0"]], "pos": [{"x": "0", "y": "1"}, {"x": "5", "y": "1"}, {"x": "4", "y": "1"}, {"x": "5", "y": "7"}]}, "q": "0.00455398547987018", "z": "-1", "visitCount": [["6", "19", "25", "0", "0", "15", "17", "10", "12", "0", "0", "27", "8", "0", "0", "0", "0", "17", "41", "18", "0", "0", "19", "51", "30", "13", "0", "0", "35", "13", "0", "0", "0", "0", "8", "13", "9", "0", "0", "19", "14", "16", "28", "0", "0", "11", "10", "0", "0", "0", "0", "0", "0", "0", "0", "0", "0", "0", "0", "0", "0", "0", "0", "0", "0", "0", "0", "0", "0", "0", "0", "0", "0", "0", "0", "0", "0", "0", "0", "0", "0", "0", "0", "0", "0", "0", "0", "0", "0", "0", "0", "0", "0", "0", "0", "0", "0", "0", "0", "0", "0", "0", "20", "29", "18", "0", "0", "16", "6", "8", "14", "0", "0", "13", "38", "0", "0", "0", "0", "16", "7", "21", "0", "0", "27", "23", "13", "21", "0", "0", "25", "15", "0", "0", "0", "0", "19", "9", "15", "0", "0", "34", "29", "37", "10", "0", "0", "8", "6", "0", "0", "0", "0", "0", "0", "0", "0", "0", "0", "0", "0", "0", "0", "0", "0", "0", "0", "0", "0", "0", "0", "0", "0", "0", "0", "0", "0", "0", "0", "0", "0", "0", "0", "0", "0", "0", "0", "0", "0", "0", "0", "0", "0", "0", "0", "0", "0", "0", "0", "0", "0", "0", "0", "0", "0", "0", "0", "0", "0", "0", "0", "0", "0", "0", "0", "0", "0", "0", "0", "0", "0", "0", "0", "0", "0", "0", "0", "0", "0", "0", "0", "0", "0", "0", "0", "0", "0", "0", "0", "0", "0", "0", "0", "0", "0", "0", "0", "0", "0", "0", "0", "0", "0", "0", "0", "0", "0", "0", "0", "0", "0", "0", "0", "0", "0", "0", "0", "0", "0", "0", "0", "0", "0", "0", "0", "0", "0", "0", "0", "0", "0", "0", "0", "0", "0", "0", "0", "0", "0"], ["15", "7", "16", "7", "17", "11", "5", "9", "17", "0", "0", "0", "0", "0", "0", "0", "0", "32", "12", "25", "3", "18", "18", "15", "8", "7", "0", "0", "0", "0", "0", "0", "0", "0", "45", "7", "5", "13", "12", "6", "7", "11", "16", "0", "0", "0", "0", "0", "0", "0", "0", "10", "9", "7", "16", "20", "11", "16", "10", "10", "0", "0", "0", "0", "0", "0", "0", "0", "16", "10", "10", "10", "9", "15", "35", "12", "8", "0", "0", "0", "0", "0", "0", "0", "0", "14", "4", "11", "16", "11", "8", "14", "11", "12", "0", "0", "0", "0", "0", "0", "0", "0", "5", "5", "10", "11", "20", "9", "8", "16", "26", "0", "0", "0", "0", "0", "0", "0", "0", "20", "10", "11", "10", "9", "5", "8", "7", "13", "0", "0", "0", "0", "0", "0", "0", "0", "0", "0", "0", "0", "0", "0", "0", "0", "0", "0", "0", "0", "0", "0", "0", "0", "0", "0", "0", "0", "0", "0", "0", "0", "0", "0", "0", "0", "0", "0", "0", "0", "0", "0", "0", "0", "0", "0", "0", "0", "0", "0", "0", "0", "0", "0", "0", "0", "0", "0", "0", "0", "0", "0", "0", "0", "0", "0", "0", "0", "0", "0", "0", "0", "0", "0", "0", "0", "0", "0", "0", "0", "0", "0", "0", "0", "0", "0", "0", "0", "0", "0", "0", "0", "0", "0", "0", "0", "0", "0", "0", "0", "0", "0", "0", "0", "0", "0", "0", "0", "0", "0", "0", "0", "0", "0", "0", "0", "0", "0", "0", "0", "0", "0", "0", "0", "0", "0", "0", "0", "0", "0", "0", "0", "0", "0", "0", "0", "0", "0", "0", "0", "0", "0", "0", "0", "11", "21", "11", "10", "10", "9", "6", "7", "14", "0", "0", "0", "0", "0", "0", "0", "0"]]}