{"state": {"resTurn": "76", "h": "10", "w": "11", "score": [["7", "4", "5", "3", "1", "0", "1", "8", "5", "2", "0"], ["1", "2", "4", "2", "1", "-2", "4", "1", "8", "7", "-2"], ["1", "3", "6", "4", "4", "4", "0", "4", "6", "7", "6"], ["5", "-4", "5", "5", "2", "3", "3", "6", "4", "6", "1"], ["5", "3", "6", "0", "6", "2", "8", "4", "-2", "5", "4"], ["5", "3", "6", "0", "6", "2", "8", "4", "-2", "5", "4"], ["5", "-4", "5", "5", "2", "3", "3", "6", "4", "6", "1"], ["1", "3", "6", "4", "4", "4", "0", "4", "6", "7", "6"], ["1", "2", "4", "2", "1", "-2", "4", "1", "8", "7", "-2"], ["7", "4", "5", "3", "1", "0", "1", "8", "5", "2", "0"]], "color": [["0", "0", "0", "0", "0", "0", "0", "0", "0", "0", "0"], ["0", "0", "0", "1", "0", "0", "0", "0", "0", "0", "0"], ["0", "0", "1", "0", "0", "0", "0", "0", "0", "0", "0"], ["0", "0", "0", "0", "0", "2", "0", "0", "0", "0", "0"], ["0", "0", "0", "0", "2", "2", "0", "0", "0", "0", "0"], ["0", "0", "0", "0", "1", "1", "0", "0", "0", "0", "0"], ["0", "0", "0", "0", "2", "0", "0", "0", "0", "0", "0"], ["0", "0", "2", "2", "0", "0", "0", "0", "0", "0", "0"], ["0", "0", "0", "0", "0", "0", "0", "0", "0", "0", "0"], ["0", "0", "0", "0", "0", "0", "0", "0", "0", "0", "0"]], "pos": [{"x": "4", "y": "5"}, {"x": "3", "y": "1"}, {"x": "5", "y": "4"}, {"x": "4", "y": "6"}]}, "q": "0.005208244826218346", "z": "-1", "visitCount": [["15", "9", "4", "6", "18", "7", "17", "12", "27", "0", "0", "0", "0", "0", "0", "0", "0", "12", "15", "18", "13", "20", "9", "16", "15", "13", "0", "0", "0", "0", "0", "0", "0", "0", "0", "0", "0", "0", "0", "0", "0", "0", "0", "0", "0", "0", "0", "0", "0", "0", "0", "10", "17", "9", "10", "12", "13", "12", "15", "18", "0", "0", "0", "0", "0", "0", "0", "0", "7", "15", "19", "15", "11", "10", "9", "13", "14", "0", "0", "0", "0", "0", "0", "0", "0", "7", "6", "12", "11", "8", "7", "11", "11", "16", "0", "0", "0", "0", "0", "0", "0", "0", "0", "0", "0", "0", "0", "0", "0", "0", "0", "0", "0", "0", "0", "0", "0", "0", "0", "0", "0", "0", "0", "0", "0", "0", "0", "0", "0", "0", "0", "0", "0", "0", "0", "0", "13", "4", "13", "10", "13", "17", "7", "7", "18", "0", "0", "0", "0", "0", "0", "0", "0", "0", "0", "0", "0", "0", "0", "0", "0", "0", "0", "0", "0", "0", "0", "0", "0", "0", "13", "14", "17", "11", "10", "14", "13", "21", "20", "0", "0", "0", "0", "0", "0", "0", "0", "0", "0", "0", "0", "0", "0", "0", "0", "0", "0", "0", "0", "0", "0", "0", "0", "0", "0", "0", "0", "0", "0", "0", "0", "0", "0", "0", "0", "0", "0", "0", "0", "0", "0", "0", "0", "0", "0", "0", "0", "0", "0", "0", "0", "0", "0", "0", "0", "0", "0", "0", "5", "8", "9", "15", "11", "12", "11", "13", "20", "0", "0", "0", "0", "0", "0", "0", "0", "8", "11", "6", "10", "10", "14", "14", "8", "16", "0", "0", "0", "0", "0", "0", "0", "0", "0", "0", "0", "0", "0", "0", "0", "0", "0", "0", "0", "0", "0", "0", "0", "0", "0"], ["14", "13", "12", "6", "11", "11", "0", "0", "17", "0", "0", "0", "0", "0", "11", "11", "0", "12", "13", "13", "12", "16", "22", "0", "0", "13", "0", "0", "0", "0", "0", "11", "6", "0", "0", "0", "0", "0", "0", "0", "0", "0", "0", "0", "0", "0", "0", "0", "0", "0", "0", "0", "0", "0", "0", "0", "0", "0", "0", "0", "0", "0", "0", "0", "0", "0", "0", "0", "8", "8", "17", "9", "4", "5", "0", "0", "15", "0", "0", "0", "0", "0", "12", "12", "0", "16", "7", "8", "11", "16", "22", "0", "0", "6", "0", "0", "0", "0", "0", "7", "28", "0", "23", "10", "8", "11", "11", "6", "0", "0", "16", "0", "0", "0", "0", "0", "10", "14", "0", "16", "16", "18", "9", "5", "8", "0", "0", "11", "0", "0", "0", "0", "0", "14", "12", "0", "16", "10", "9", "21", "14", "16", "0", "0", "19", "0", "0", "0", "0", "0", "7", "16", "0", "0", "0", "0", "0", "0", "0", "0", "0", "0", "0", "0", "0", "0", "0", "0", "0", "0", "7", "5", "11", "11", "14", "12", "0", "0", "18", "0", "0", "0", "0", "0", "7", "8", "0", "5", "15", "20", "15", "14", "16", "0", "0", "14", "0", "0", "0", "0", "0", "10", "17", "0", "0", "0", "0", "0", "0", "0", "0", "0", "0", "0", "0", "0", "0", "0", "0", "0", "0", "0", "0", "0", "0", "0", "0", "0", "0", "0", "0", "0", "0", "0", "0", "0", "0", "0", "0", "0", "0", "0", "0", "0", "0", "0", "0", "0", "0", "0", "0", "0", "0", "0", "0", "0", "0", "0", "0", "0", "0", "0", "0", "0", "0", "0", "0", "0", "0", "0", "0", "0", "0", "0", "0", "0", "0", "0", "0", "0", "0", "0", "0", "0", "0", "0", "0", "0", "0"]]}