{"state": {"resTurn": "58", "h": "10", "w": "11", "score": [["7", "4", "5", "3", "1", "0", "1", "8", "5", "2", "0"], ["1", "2", "4", "2", "1", "-2", "4", "1", "8", "7", "-2"], ["1", "3", "6", "4", "4", "4", "0", "4", "6", "7", "6"], ["5", "-4", "5", "5", "2", "3", "3", "6", "4", "6", "1"], ["5", "3", "6", "0", "6", "2", "8", "4", "-2", "5", "4"], ["5", "3", "6", "0", "6", "2", "8", "4", "-2", "5", "4"], ["5", "-4", "5", "5", "2", "3", "3", "6", "4", "6", "1"], ["1", "3", "6", "4", "4", "4", "0", "4", "6", "7", "6"], ["1", "2", "4", "2", "1", "-2", "4", "1", "8", "7", "-2"], ["7", "4", "5", "3", "1", "0", "1", "8", "5", "2", "0"]], "color": [["0", "0", "0", "2", "0", "1", "0", "0", "0", "0", "0"], ["1", "1", "2", "2", "2", "1", "1", "0", "0", "0", "0"], ["1", "1", "1", "2", "2", "0", "1", "1", "0", "0", "0"], ["0", "0", "1", "0", "2", "0", "1", "0", "0", "0", "0"], ["0", "0", "1", "0", "2", "0", "0", "0", "0", "0", "0"], ["0", "0", "1", "2", "2", "0", "0", "0", "0", "0", "0"], ["0", "0", "0", "1", "2", "2", "2", "0", "0", "0", "0"], ["0", "0", "0", "0", "2", "2", "0", "0", "0", "0", "0"], ["0", "0", "2", "2", "0", "0", "0", "0", "0", "0", "0"], ["0", "0", "2", "0", "0", "0", "0", "0", "0", "0", "0"]], "pos": [{"x": "1", "y": "2"}, {"x": "5", "y": "0"}, {"x": "4", "y": "2"}, {"x": "5", "y": "7"}]}, "q": "0.004812760757626062", "z": "-1", "visitCount": [["24", "12", "7", "0", "5", "0", "0", "0", "16", "0", "0", "37", "0", "0", "0", "0", "0", "15", "17", "20", "0", "7", "0", "0", "0", "31", "0", "0", "29", "0", "0", "0", "0", "0", "16", "15", "17", "0", "26", "0", "0", "0", "26", "0", "0", "12", "0", "0", "0", "0", "0", "24", "10", "14", "0", "53", "0", "0", "0", "23", "0", "0", "13", "0", "0", "0", "0", "0", "35", "14", "11", "0", "18", "0", "0", "0", "13", "0", "0", "30", "0", "0", "0", "0", "0", "24", "16", "18", "0", "9", "0", "0", "0", "45", "0", "0", "13", "0", "0", "0", "0", "0", "28", "16", "17", "0", "10", "0", "0", "0", "28", "0", "0", "18", "0", "0", "0", "0", "0", "0", "0", "0", "0", "0", "0", "0", "0", "0", "0", "0", "0", "0", "0", "0", "0", "0", "16", "16", "12", "0", "19", "0", "0", "0", "13", "0", "0", "13", "0", "0", "0", "0", "0", "0", "0", "0", "0", "0", "0", "0", "0", "0", "0", "0", "0", "0", "0", "0", "0", "0", "0", "0", "0", "0", "0", "0", "0", "0", "0", "0", "0", "0", "0", "0", "0", "0", "0", "0", "0", "0", "0", "0", "0", "0", "0", "0", "0", "0", "0", "0", "0", "0", "0", "0", "0", "0", "0", "0", "0", "0", "0", "0", "0", "0", "0", "0", "0", "0", "0", "0", "0", "0", "0", "0", "0", "0", "0", "0", "0", "0", "0", "0", "0", "0", "0", "0", "0", "0", "0", "0", "0", "0", "0", "0", "0", "0", "0", "0", "0", "0", "0", "0", "0", "0", "0", "6", "7", "5", "0", "15", "0", "0", "0", "26", "0", "0", "20", "0", "0", "0", "0", "0", "0", "0", "0", "0", "0", "0", "0", "0", "0", "0", "0", "0", "0", "0", "0", "0", "0"], ["10", "12", "13", "17", "10", "19", "20", "8", "9", "0", "0", "0", "0", "0", "0", "0", "0", "9", "5", "13", "9", "15", "6", "9", "18", "17", "0", "0", "0", "0", "0", "0", "0", "0", "14", "21", "25", "8", "7", "8", "6", "8", "8", "0", "0", "0", "0", "0", "0", "0", "0", "7", "6", "7", "33", "10", "7", "8", "10", "20", "0", "0", "0", "0", "0", "0", "0", "0", "11", "20", "10", "11", "7", "22", "8", "9", "11", "0", "0", "0", "0", "0", "0", "0", "0", "7", "7", "10", "9", "13", "13", "8", "10", "30", "0", "0", "0", "0", "0", "0", "0", "0", "18", "26", "16", "13", "7", "8", "22", "10", "4", "0", "0", "0", "0", "0", "0", "0", "0", "0", "0", "0", "0", "0", "0", "0", "0", "0", "0", "0", "0", "0", "0", "0", "0", "0", "23", "8", "22", "9", "8", "12", "12", "4", "4", "0", "0", "0", "0", "0", "0", "0", "0", "0", "0", "0", "0", "0", "0", "0", "0", "0", "0", "0", "0", "0", "0", "0", "0", "0", "0", "0", "0", "0", "0", "0", "0", "0", "0", "0", "0", "0", "0", "0", "0", "0", "0", "0", "0", "0", "0", "0", "0", "0", "0", "0", "0", "0", "0", "0", "0", "0", "0", "0", "0", "0", "0", "0", "0", "0", "0", "0", "0", "0", "0", "0", "0", "0", "0", "0", "0", "0", "0", "0", "0", "0", "0", "0", "0", "0", "0", "0", "0", "0", "0", "0", "0", "0", "0", "0", "0", "0", "0", "0", "0", "0", "0", "0", "0", "0", "0", "0", "0", "0", "0", "19", "16", "16", "7", "20", "9", "9", "16", "14", "0", "0", "0", "0", "0", "0", "0", "0", "0", "0", "0", "0", "0", "0", "0", "0", "0", "0", "0", "0", "0", "0", "0", "0", "0"]]}