{"state": {"resTurn": "57", "h": "10", "w": "11", "score": [["7", "4", "5", "3", "1", "0", "1", "8", "5", "2", "0"], ["1", "2", "4", "2", "1", "-2", "4", "1", "8", "7", "-2"], ["1", "3", "6", "4", "4", "4", "0", "4", "6", "7", "6"], ["5", "-4", "5", "5", "2", "3", "3", "6", "4", "6", "1"], ["5", "3", "6", "0", "6", "2", "8", "4", "-2", "5", "4"], ["5", "3", "6", "0", "6", "2", "8", "4", "-2", "5", "4"], ["5", "-4", "5", "5", "2", "3", "3", "6", "4", "6", "1"], ["1", "3", "6", "4", "4", "4", "0", "4", "6", "7", "6"], ["1", "2", "4", "2", "1", "-2", "4", "1", "8", "7", "-2"], ["7", "4", "5", "3", "1", "0", "1", "8", "5", "2", "0"]], "color": [["0", "0", "0", "2", "1", "1", "0", "0", "0", "0", "0"], ["1", "1", "2", "2", "2", "1", "1", "0", "0", "0", "0"], ["1", "1", "1", "2", "2", "0", "1", "1", "0", "0", "0"], ["1", "0", "1", "2", "2", "0", "1", "0", "0", "0", "0"], ["0", "0", "1", "0", "2", "0", "0", "0", "0", "0", "0"], ["0", "0", "1", "2", "2", "0", "0", "0", "0", "0", "0"], ["0", "0", "0", "1", "2", "2", "2", "0", "0", "0", "0"], ["0", "0", "0", "0", "2", "2", "0", "0", "0", "0", "0"], ["0", "0", "2", "2", "2", "0", "0", "0", "0", "0", "0"], ["0", "0", "2", "0", "0", "0", "0", "0", "0", "0", "0"]], "pos": [{"x": "0", "y": "3"}, {"x": "4", "y": "0"}, {"x": "3", "y": "3"}, {"x": "4", "y": "8"}]}, "q": "0.004201099626481271", "z": "-1", "visitCount": [["74", "48", "0", "0", "0", "0", "0", "0", "29", "0", "8", "26", "31", "0", "0", "0", "0", "45", "64", "0", "0", "0", "0", "0", "0", "13", "0", "11", "80", "28", "0", "0", "0", "0", "5", "7", "0", "0", "0", "0", "0", "0", "6", "0", "22", "11", "12", "0", "0", "0", "0", "0", "0", "0", "0", "0", "0", "0", "0", "0", "0", "0", "0", "0", "0", "0", "0", "0", "0", "0", "0", "0", "0", "0", "0", "0", "0", "0", "0", "0", "0", "0", "0", "0", "0", "0", "0", "0", "0", "0", "0", "0", "0", "0", "0", "0", "0", "0", "0", "0", "0", "0", "45", "47", "0", "0", "0", "0", "0", "0", "9", "0", "23", "17", "18", "0", "0", "0", "0", "7", "13", "0", "0", "0", "0", "0", "0", "42", "0", "21", "35", "24", "0", "0", "0", "0", "19", "18", "0", "0", "0", "0", "0", "0", "29", "0", "58", "17", "38", "0", "0", "0", "0", "0", "0", "0", "0", "0", "0", "0", "0", "0", "0", "0", "0", "0", "0", "0", "0", "0", "0", "0", "0", "0", "0", "0", "0", "0", "0", "0", "0", "0", "0", "0", "0", "0", "0", "0", "0", "0", "0", "0", "0", "0", "0", "0", "0", "0", "0", "0", "0", "0", "0", "0", "0", "0", "0", "0", "0", "0", "0", "0", "0", "0", "0", "0", "0", "0", "0", "0", "0", "0", "0", "0", "0", "0", "0", "0", "0", "0", "0", "0", "0", "0", "0", "0", "0", "0", "0", "0", "0", "0", "0", "0", "0", "0", "0", "0", "0", "0", "0", "0", "0", "0", "0", "0", "0", "0", "0", "0", "0", "0", "0", "0", "0", "0", "0", "0", "0", "0", "0", "0", "0", "0", "0", "0", "0", "0", "0", "0", "0", "0", "0", "0", "0", "0", "0", "0", "0"], ["11", "6", "13", "9", "4", "11", "14", "14", "11", "0", "0", "0", "0", "0", "0", "0", "0", "6", "13", "21", "17", "8", "20", "16", "9", "11", "0", "0", "0", "0", "0", "0", "0", "0", "14", "10", "18", "6", "6", "15", "13", "12", "12", "0", "0", "0", "0", "0", "0", "0", "0", "0", "0", "0", "0", "0", "0", "0", "0", "0", "0", "0", "0", "0", "0", "0", "0", "0", "0", "0", "0", "0", "0", "0", "0", "0", "0", "0", "0", "0", "0", "0", "0", "0", "0", "0", "0", "0", "0", "0", "0", "0", "0", "0", "0", "0", "0", "0", "0", "0", "0", "0", "6", "16", "11", "4", "11", "11", "13", "12", "19", "0", "0", "0", "0", "0", "0", "0", "0", "8", "17", "12", "7", "33", "13", "5", "19", "5", "0", "0", "0", "0", "0", "0", "0", "0", "7", "17", "9", "24", "10", "8", "9", "12", "8", "0", "0", "0", "0", "0", "0", "0", "0", "0", "0", "0", "0", "0", "0", "0", "0", "0", "0", "0", "0", "0", "0", "0", "0", "0", "0", "0", "0", "0", "0", "0", "0", "0", "0", "0", "0", "0", "0", "0", "0", "0", "0", "16", "16", "16", "19", "20", "6", "26", "8", "9", "0", "0", "0", "0", "0", "0", "0", "0", "15", "18", "5", "19", "10", "11", "13", "13", "14", "0", "0", "0", "0", "0", "0", "0", "0", "10", "3", "5", "14", "13", "16", "8", "17", "14", "0", "0", "0", "0", "0", "0", "0", "0", "0", "0", "0", "0", "0", "0", "0", "0", "0", "0", "0", "0", "0", "0", "0", "0", "0", "0", "0", "0", "0", "0", "0", "0", "0", "0", "0", "0", "0", "0", "0", "0", "0", "0", "0", "0", "0", "0", "0", "0", "0", "0", "0", "0", "0", "0", "0", "0", "0", "0", "0"]]}