{"state": {"resTurn": "56", "h": "10", "w": "11", "score": [["7", "4", "5", "3", "1", "0", "1", "8", "5", "2", "0"], ["1", "2", "4", "2", "1", "-2", "4", "1", "8", "7", "-2"], ["1", "3", "6", "4", "4", "4", "0", "4", "6", "7", "6"], ["5", "-4", "5", "5", "2", "3", "3", "6", "4", "6", "1"], ["5", "3", "6", "0", "6", "2", "8", "4", "-2", "5", "4"], ["5", "3", "6", "0", "6", "2", "8", "4", "-2", "5", "4"], ["5", "-4", "5", "5", "2", "3", "3", "6", "4", "6", "1"], ["1", "3", "6", "4", "4", "4", "0", "4", "6", "7", "6"], ["1", "2", "4", "2", "1", "-2", "4", "1", "8", "7", "-2"], ["7", "4", "5", "3", "1", "0", "1", "8", "5", "2", "0"]], "color": [["0", "0", "0", "2", "1", "1", "0", "0", "0", "0", "0"], ["1", "1", "2", "0", "2", "1", "1", "0", "0", "0", "0"], ["1", "1", "1", "2", "2", "0", "1", "1", "0", "0", "0"], ["1", "0", "1", "2", "2", "0", "1", "0", "0", "0", "0"], ["0", "1", "1", "0", "2", "0", "0", "0", "0", "0", "0"], ["0", "0", "1", "2", "2", "0", "0", "0", "0", "0", "0"], ["0", "0", "0", "1", "2", "2", "2", "0", "0", "0", "0"], ["0", "0", "0", "0", "2", "2", "0", "0", "0", "0", "0"], ["0", "0", "2", "2", "2", "0", "0", "0", "0", "0", "0"], ["0", "0", "2", "0", "0", "0", "0", "0", "0", "0", "0"]], "pos": [{"x": "1", "y": "4"}, {"x": "4", "y": "0"}, {"x": "4", "y": "2"}, {"x": "3", "y": "8"}]}, "q": "0.004350100106808122", "z": "-1", "visitCount": [["9", "7", "0", "53", "0", "0", "0", "0", "27", "0", "6", "0", "4", "0", "0", "0", "0", "19", "19", "0", "18", "0", "0", "0", "0", "16", "0", "30", "0", "13", "0", "0", "0", "0", "16", "5", "0", "22", "0", "0", "0", "0", "8", "0", "14", "0", "9", "0", "0", "0", "0", "9", "35", "0", "13", "0", "0", "0", "0", "8", "0", "26", "0", "17", "0", "0", "0", "0", "29", "35", "0", "8", "0", "0", "0", "0", "21", "0", "22", "0", "11", "0", "0", "0", "0", "19", "13", "0", "48", "0", "0", "0", "0", "6", "0", "17", "0", "16", "0", "0", "0", "0", "47", "25", "0", "7", "0", "0", "0", "0", "9", "0", "11", "0", "19", "0", "0", "0", "0", "18", "15", "0", "24", "0", "0", "0", "0", "22", "0", "7", "0", "13", "0", "0", "0", "0", "10", "27", "0", "11", "0", "0", "0", "0", "37", "0", "38", "0", "12", "0", "0", "0", "0", "0", "0", "0", "0", "0", "0", "0", "0", "0", "0", "0", "0", "0", "0", "0", "0", "0", "0", "0", "0", "0", "0", "0", "0", "0", "0", "0", "0", "0", "0", "0", "0", "0", "0", "0", "0", "0", "0", "0", "0", "0", "0", "0", "0", "0", "0", "0", "0", "0", "0", "0", "0", "0", "0", "0", "0", "0", "0", "0", "0", "0", "0", "0", "0", "0", "0", "0", "0", "0", "0", "0", "0", "0", "0", "0", "0", "0", "0", "0", "0", "0", "0", "0", "0", "0", "0", "0", "0", "0", "0", "0", "0", "0", "0", "0", "0", "0", "0", "0", "0", "0", "0", "0", "0", "0", "0", "0", "0", "0", "0", "0", "0", "0", "0", "0", "0", "0", "0", "0", "0", "0", "0", "0", "0", "0", "0", "0", "0", "0", "0", "0", "0", "0", "0", "0", "0"], ["21", "18", "10", "17", "13", "11", "8", "15", "9", "0", "0", "0", "0", "0", "0", "0", "0", "9", "10", "17", "5", "11", "12", "8", "12", "7", "0", "0", "0", "0", "0", "0", "0", "0", "6", "11", "10", "9", "9", "15", "8", "9", "23", "0", "0", "0", "0", "0", "0", "0", "0", "16", "24", "8", "14", "7", "21", "8", "7", "16", "0", "0", "0", "0", "0", "0", "0", "0", "4", "13", "9", "6", "12", "23", "7", "17", "21", "0", "0", "0", "0", "0", "0", "0", "0", "14", "16", "15", "11", "8", "22", "15", "15", "9", "0", "0", "0", "0", "0", "0", "0", "0", "12", "6", "8", "15", "8", "14", "18", "7", "10", "0", "0", "0", "0", "0", "0", "0", "0", "0", "0", "0", "0", "0", "0", "0", "0", "0", "0", "0", "0", "0", "0", "0", "0", "0", "3", "18", "16", "18", "14", "7", "10", "7", "4", "0", "0", "0", "0", "0", "0", "0", "0", "0", "0", "0", "0", "0", "0", "0", "0", "0", "0", "0", "0", "0", "0", "0", "0", "0", "0", "0", "0", "0", "0", "0", "0", "0", "0", "0", "0", "0", "0", "0", "0", "0", "0", "0", "0", "0", "0", "0", "0", "0", "0", "0", "0", "0", "0", "0", "0", "0", "0", "0", "0", "0", "0", "0", "0", "0", "0", "0", "0", "0", "0", "0", "0", "0", "0", "0", "0", "0", "0", "0", "0", "0", "0", "0", "0", "0", "0", "0", "0", "0", "0", "0", "0", "0", "0", "0", "0", "0", "0", "0", "0", "0", "0", "0", "0", "0", "0", "0", "0", "0", "0", "11", "15", "21", "10", "24", "10", "13", "18", "12", "0", "0", "0", "0", "0", "0", "0", "0", "0", "0", "0", "0", "0", "0", "0", "0", "0", "0", "0", "0", "0", "0", "0", "0", "0"]]}