{"state": {"resTurn": "55", "h": "10", "w": "11", "score": [["7", "4", "5", "3", "1", "0", "1", "8", "5", "2", "0"], ["1", "2", "4", "2", "1", "-2", "4", "1", "8", "7", "-2"], ["1", "3", "6", "4", "4", "4", "0", "4", "6", "7", "6"], ["5", "-4", "5", "5", "2", "3", "3", "6", "4", "6", "1"], ["5", "3", "6", "0", "6", "2", "8", "4", "-2", "5", "4"], ["5", "3", "6", "0", "6", "2", "8", "4", "-2", "5", "4"], ["5", "-4", "5", "5", "2", "3", "3", "6", "4", "6", "1"], ["1", "3", "6", "4", "4", "4", "0", "4", "6", "7", "6"], ["1", "2", "4", "2", "1", "-2", "4", "1", "8", "7", "-2"], ["7", "4", "5", "3", "1", "0", "1", "8", "5", "2", "0"]], "color": [["0", "0", "0", "2", "1", "1", "0", "0", "0", "0", "0"], ["1", "1", "2", "1", "2", "1", "1", "0", "0", "0", "0"], ["1", "1", "1", "2", "2", "0", "1", "1", "0", "0", "0"], ["1", "0", "1", "2", "2", "0", "1", "0", "0", "0", "0"], ["0", "1", "1", "0", "2", "0", "0", "0", "0", "0", "0"], ["0", "0", "1", "2", "2", "0", "0", "0", "0", "0", "0"], ["0", "0", "0", "1", "2", "2", "2", "0", "0", "0", "0"], ["0", "0", "0", "0", "2", "2", "0", "0", "0", "0", "0"], ["0", "0", "2", "2", "2", "0", "0", "0", "0", "0", "0"], ["0", "0", "2", "0", "2", "0", "0", "0", "0", "0", "0"]], "pos": [{"x": "1", "y": "4"}, {"x": "3", "y": "1"}, {"x": "3", "y": "3"}, {"x": "4", "y": "9"}]}, "q": "0.004044629964223569", "z": "-1", "visitCount": [["9", "0", "0", "10", "0", "17", "0", "13", "0", "20", "15", "0", "13", "0", "14", "0", "23", "35", "0", "0", "7", "0", "25", "0", "8", "0", "11", "8", "0", "14", "0", "7", "0", "9", "10", "0", "0", "17", "0", "11", "0", "16", "0", "8", "12", "0", "18", "0", "10", "0", "14", "10", "0", "0", "6", "0", "5", "0", "7", "0", "5", "11", "0", "18", "0", "10", "0", "11", "6", "0", "0", "13", "0", "8", "0", "11", "0", "10", "11", "0", "11", "0", "15", "0", "16", "5", "0", "0", "10", "0", "9", "0", "6", "0", "10", "11", "0", "11", "0", "8", "0", "14", "7", "0", "0", "10", "0", "17", "0", "7", "0", "18", "11", "0", "5", "0", "5", "0", "17", "13", "0", "0", "11", "0", "5", "0", "9", "0", "9", "11", "0", "14", "0", "6", "0", "31", "6", "0", "0", "18", "0", "16", "0", "12", "0", "5", "16", "0", "15", "0", "28", "0", "36", "0", "0", "0", "0", "0", "0", "0", "0", "0", "0", "0", "0", "0", "0", "0", "0", "0", "0", "0", "0", "0", "0", "0", "0", "0", "0", "0", "0", "0", "0", "0", "0", "0", "0", "0", "0", "0", "0", "0", "0", "0", "0", "0", "0", "0", "0", "0", "0", "0", "0", "0", "0", "0", "0", "0", "0", "0", "0", "0", "0", "0", "0", "0", "0", "0", "0", "0", "0", "0", "0", "0", "0", "0", "0", "0", "0", "0", "0", "0", "0", "0", "0", "0", "0", "0", "0", "0", "0", "0", "0", "0", "0", "0", "0", "0", "0", "0", "0", "0", "0", "0", "0", "0", "0", "0", "0", "0", "0", "0", "0", "0", "0", "0", "0", "0", "0", "0", "0", "0", "0", "0", "0", "0", "0", "0", "0", "0", "0", "0", "0", "0", "0", "0", "0", "0", "0"], ["26", "0", "0", "0", "18", "16", "19", "14", "17", "0", "0", "0", "0", "0", "0", "0", "0", "13", "0", "0", "0", "7", "25", "12", "16", "31", "0", "0", "0", "0", "0", "0", "0", "0", "11", "0", "0", "0", "11", "20", "16", "25", "23", "0", "0", "0", "0", "0", "0", "0", "0", "0", "0", "0", "0", "0", "0", "0", "0", "0", "0", "0", "0", "0", "0", "0", "0", "0", "0", "0", "0", "0", "0", "0", "0", "0", "0", "0", "0", "0", "0", "0", "0", "0", "0", "0", "0", "0", "0", "0", "0", "0", "0", "0", "0", "0", "0", "0", "0", "0", "0", "0", "19", "0", "0", "0", "11", "30", "22", "12", "12", "0", "0", "0", "0", "0", "0", "0", "0", "23", "0", "0", "0", "24", "15", "19", "21", "7", "0", "0", "0", "0", "0", "0", "0", "0", "32", "0", "0", "0", "21", "16", "13", "18", "10", "0", "0", "0", "0", "0", "0", "0", "0", "0", "0", "0", "0", "0", "0", "0", "0", "0", "0", "0", "0", "0", "0", "0", "0", "0", "0", "0", "0", "0", "0", "0", "0", "0", "0", "0", "0", "0", "0", "0", "0", "0", "0", "41", "0", "0", "0", "28", "7", "18", "10", "22", "0", "0", "0", "0", "0", "0", "0", "0", "28", "0", "0", "0", "13", "20", "38", "13", "21", "0", "0", "0", "0", "0", "0", "0", "0", "15", "0", "0", "0", "18", "17", "12", "22", "12", "0", "0", "0", "0", "0", "0", "0", "0", "0", "0", "0", "0", "0", "0", "0", "0", "0", "0", "0", "0", "0", "0", "0", "0", "0", "0", "0", "0", "0", "0", "0", "0", "0", "0", "0", "0", "0", "0", "0", "0", "0", "0", "0", "0", "0", "0", "0", "0", "0", "0", "0", "0", "0", "0", "0", "0", "0", "0", "0"]]}