{"state": {"resTurn": "54", "h": "10", "w": "11", "score": [["7", "4", "5", "3", "1", "0", "1", "8", "5", "2", "0"], ["1", "2", "4", "2", "1", "-2", "4", "1", "8", "7", "-2"], ["1", "3", "6", "4", "4", "4", "0", "4", "6", "7", "6"], ["5", "-4", "5", "5", "2", "3", "3", "6", "4", "6", "1"], ["5", "3", "6", "0", "6", "2", "8", "4", "-2", "5", "4"], ["5", "3", "6", "0", "6", "2", "8", "4", "-2", "5", "4"], ["5", "-4", "5", "5", "2", "3", "3", "6", "4", "6", "1"], ["1", "3", "6", "4", "4", "4", "0", "4", "6", "7", "6"], ["1", "2", "4", "2", "1", "-2", "4", "1", "8", "7", "-2"], ["7", "4", "5", "3", "1", "0", "1", "8", "5", "2", "0"]], "color": [["0", "0", "0", "2", "1", "1", "0", "0", "0", "0", "0"], ["1", "1", "2", "1", "0", "1", "1", "0", "0", "0", "0"], ["1", "1", "1", "2", "2", "0", "1", "1", "0", "0", "0"], ["1", "0", "1", "2", "2", "0", "1", "0", "0", "0", "0"], ["0", "1", "1", "0", "2", "0", "0", "0", "0", "0", "0"], ["0", "0", "1", "2", "2", "0", "0", "0", "0", "0", "0"], ["0", "0", "0", "1", "2", "2", "2", "0", "0", "0", "0"], ["0", "0", "0", "0", "2", "2", "0", "0", "0", "0", "0"], ["0", "0", "2", "2", "2", "0", "0", "0", "0", "0", "0"], ["0", "0", "2", "0", "2", "0", "0", "0", "0", "0", "0"]], "pos": [{"x": "2", "y": "4"}, {"x": "3", "y": "1"}, {"x": "3", "y": "3"}, {"x": "4", "y": "9"}]}, "q": "0.004192233641331171", "z": "-1", "visitCount": [["7", "0", "0", "11", "0", "14", "0", "13", "10", "8", "10", "0", "17", "0", "7", "0", "0", "0", "0", "0", "0", "0", "0", "0", "0", "0", "0", "0", "0", "0", "0", "0", "0", "0", "8", "0", "0", "7", "0", "25", "0", "9", "14", "10", "17", "0", "10", "0", "9", "0", "0", "10", "0", "0", "6", "0", "5", "0", "7", "24", "6", "12", "0", "8", "0", "9", "0", "0", "13", "0", "0", "5", "0", "13", "0", "7", "21", "25", "6", "0", "7", "0", "10", "0", "0", "24", "0", "0", "34", "0", "10", "0", "9", "10", "7", "14", "0", "8", "0", "16", "0", "0", "11", "0", "0", "10", "0", "13", "0", "6", "9", "14", "10", "0", "16", "0", "22", "0", "0", "0", "0", "0", "0", "0", "0", "0", "0", "0", "0", "0", "0", "0", "0", "0", "0", "0", "12", "0", "0", "15", "0", "9", "0", "18", "6", "14", "17", "0", "3", "0", "12", "0", "0", "11", "0", "0", "19", "0", "16", "0", "21", "13", "14", "19", "0", "6", "0", "20", "0", "0", "0", "0", "0", "0", "0", "0", "0", "0", "0", "0", "0", "0", "0", "0", "0", "0", "0", "0", "0", "0", "0", "0", "0", "0", "0", "0", "0", "0", "0", "0", "0", "0", "0", "0", "0", "0", "0", "0", "0", "0", "0", "0", "0", "0", "0", "0", "0", "0", "0", "0", "0", "0", "0", "0", "0", "0", "0", "0", "0", "0", "0", "0", "0", "0", "0", "0", "0", "0", "0", "0", "0", "0", "0", "0", "0", "0", "0", "0", "0", "0", "0", "0", "0", "0", "0", "7", "0", "0", "20", "0", "15", "0", "8", "17", "19", "10", "0", "10", "0", "6", "0", "0", "0", "0", "0", "0", "0", "0", "0", "0", "0", "0", "0", "0", "0", "0", "0", "0", "0"], ["10", "0", "0", "0", "26", "24", "22", "11", "14", "0", "0", "0", "0", "0", "0", "0", "0", "27", "0", "0", "0", "56", "7", "15", "30", "23", "0", "0", "0", "0", "0", "0", "0", "0", "8", "0", "0", "0", "6", "43", "20", "15", "13", "0", "0", "0", "0", "0", "0", "0", "0", "0", "0", "0", "0", "0", "0", "0", "0", "0", "0", "0", "0", "0", "0", "0", "0", "0", "0", "0", "0", "0", "0", "0", "0", "0", "0", "0", "0", "0", "0", "0", "0", "0", "0", "0", "0", "0", "0", "0", "0", "0", "0", "0", "0", "0", "0", "0", "0", "0", "0", "0", "21", "0", "0", "0", "21", "19", "16", "15", "22", "0", "0", "0", "0", "0", "0", "0", "0", "21", "0", "0", "0", "13", "27", "12", "12", "17", "0", "0", "0", "0", "0", "0", "0", "0", "30", "0", "0", "0", "13", "11", "9", "11", "12", "0", "0", "0", "0", "0", "0", "0", "0", "0", "0", "0", "0", "0", "0", "0", "0", "0", "0", "0", "0", "0", "0", "0", "0", "0", "0", "0", "0", "0", "0", "0", "0", "0", "0", "0", "0", "0", "0", "0", "0", "0", "0", "13", "0", "0", "0", "24", "17", "24", "17", "16", "0", "0", "0", "0", "0", "0", "0", "0", "23", "0", "0", "0", "11", "9", "13", "24", "29", "0", "0", "0", "0", "0", "0", "0", "0", "16", "0", "0", "0", "9", "23", "28", "19", "13", "0", "0", "0", "0", "0", "0", "0", "0", "0", "0", "0", "0", "0", "0", "0", "0", "0", "0", "0", "0", "0", "0", "0", "0", "0", "0", "0", "0", "0", "0", "0", "0", "0", "0", "0", "0", "0", "0", "0", "0", "0", "0", "0", "0", "0", "0", "0", "0", "0", "0", "0", "0", "0", "0", "0", "0", "0", "0", "0"]]}