{"state": {"resTurn": "53", "h": "10", "w": "11", "score": [["7", "4", "5", "3", "1", "0", "1", "8", "5", "2", "0"], ["1", "2", "4", "2", "1", "-2", "4", "1", "8", "7", "-2"], ["1", "3", "6", "4", "4", "4", "0", "4", "6", "7", "6"], ["5", "-4", "5", "5", "2", "3", "3", "6", "4", "6", "1"], ["5", "3", "6", "0", "6", "2", "8", "4", "-2", "5", "4"], ["5", "3", "6", "0", "6", "2", "8", "4", "-2", "5", "4"], ["5", "-4", "5", "5", "2", "3", "3", "6", "4", "6", "1"], ["1", "3", "6", "4", "4", "4", "0", "4", "6", "7", "6"], ["1", "2", "4", "2", "1", "-2", "4", "1", "8", "7", "-2"], ["7", "4", "5", "3", "1", "0", "1", "8", "5", "2", "0"]], "color": [["0", "0", "0", "2", "1", "1", "0", "0", "0", "0", "0"], ["1", "1", "2", "1", "0", "1", "1", "0", "0", "0", "0"], ["1", "1", "1", "2", "2", "0", "1", "1", "0", "0", "0"], ["1", "1", "1", "2", "2", "0", "1", "0", "0", "0", "0"], ["0", "1", "1", "0", "2", "0", "0", "0", "0", "0", "0"], ["0", "0", "1", "2", "2", "0", "0", "0", "0", "0", "0"], ["0", "0", "0", "1", "2", "2", "2", "0", "0", "0", "0"], ["0", "0", "0", "0", "2", "2", "0", "0", "0", "0", "0"], ["0", "0", "2", "2", "2", "0", "0", "0", "0", "0", "0"], ["0", "0", "2", "2", "2", "0", "0", "0", "0", "0", "0"]], "pos": [{"x": "1", "y": "3"}, {"x": "2", "y": "2"}, {"x": "4", "y": "4"}, {"x": "3", "y": "9"}]}, "q": "0.004209436092881389", "z": "-1", "visitCount": [["6", "0", "11", "9", "12", "9", "0", "18", "0", "5", "0", "0", "0", "0", "21", "0", "5", "19", "0", "16", "9", "25", "18", "0", "9", "0", "20", "0", "0", "0", "0", "13", "0", "4", "12", "0", "8", "18", "11", "6", "0", "15", "0", "7", "0", "0", "0", "0", "11", "0", "16", "13", "0", "10", "15", "27", "7", "0", "25", "0", "15", "0", "0", "0", "0", "10", "0", "11", "9", "0", "18", "7", "11", "8", "0", "20", "0", "21", "0", "0", "0", "0", "11", "0", "16", "6", "0", "12", "16", "8", "20", "0", "8", "0", "7", "0", "0", "0", "0", "25", "0", "8", "12", "0", "10", "9", "10", "12", "0", "4", "0", "13", "0", "0", "0", "0", "18", "0", "4", "6", "0", "13", "5", "16", "7", "0", "21", "0", "9", "0", "0", "0", "0", "20", "0", "9", "9", "0", "17", "5", "7", "11", "0", "14", "0", "10", "0", "0", "0", "0", "10", "0", "23", "0", "0", "0", "0", "0", "0", "0", "0", "0", "0", "0", "0", "0", "0", "0", "0", "0", "0", "0", "0", "0", "0", "0", "0", "0", "0", "0", "0", "0", "0", "0", "0", "0", "0", "0", "0", "0", "0", "0", "0", "0", "0", "0", "0", "0", "0", "0", "0", "0", "0", "0", "0", "0", "0", "0", "0", "0", "0", "0", "0", "0", "0", "0", "0", "0", "0", "0", "0", "0", "0", "0", "0", "0", "0", "0", "0", "0", "0", "0", "0", "0", "0", "0", "0", "0", "0", "0", "0", "0", "0", "0", "0", "0", "0", "0", "0", "0", "0", "0", "0", "0", "0", "0", "0", "0", "0", "0", "0", "0", "0", "0", "0", "0", "0", "0", "0", "0", "0", "0", "0", "0", "0", "0", "0", "0", "0", "0", "0", "0", "0", "0", "0", "0", "0", "0", "0"], ["13", "0", "0", "0", "8", "14", "8", "27", "15", "0", "0", "0", "0", "0", "0", "0", "0", "28", "0", "0", "0", "14", "11", "26", "21", "16", "0", "0", "0", "0", "0", "0", "0", "0", "8", "0", "0", "0", "27", "41", "6", "37", "19", "0", "0", "0", "0", "0", "0", "0", "0", "17", "0", "0", "0", "15", "4", "21", "23", "16", "0", "0", "0", "0", "0", "0", "0", "0", "21", "0", "0", "0", "15", "18", "16", "21", "15", "0", "0", "0", "0", "0", "0", "0", "0", "25", "0", "0", "0", "22", "22", "7", "54", "18", "0", "0", "0", "0", "0", "0", "0", "0", "13", "0", "0", "0", "18", "14", "30", "7", "13", "0", "0", "0", "0", "0", "0", "0", "0", "13", "0", "0", "0", "13", "13", "5", "42", "12", "0", "0", "0", "0", "0", "0", "0", "0", "16", "0", "0", "0", "16", "23", "21", "29", "14", "0", "0", "0", "0", "0", "0", "0", "0", "0", "0", "0", "0", "0", "0", "0", "0", "0", "0", "0", "0", "0", "0", "0", "0", "0", "0", "0", "0", "0", "0", "0", "0", "0", "0", "0", "0", "0", "0", "0", "0", "0", "0", "0", "0", "0", "0", "0", "0", "0", "0", "0", "0", "0", "0", "0", "0", "0", "0", "0", "0", "0", "0", "0", "0", "0", "0", "0", "0", "0", "0", "0", "0", "0", "0", "0", "0", "0", "0", "0", "0", "0", "0", "0", "0", "0", "0", "0", "0", "0", "0", "0", "0", "0", "0", "0", "0", "0", "0", "0", "0", "0", "0", "0", "0", "0", "0", "0", "0", "0", "0", "0", "0", "0", "0", "0", "0", "0", "0", "0", "0", "0", "0", "0", "0", "0", "0", "0", "0", "0", "0", "0", "0", "0", "0", "0", "0", "0", "0", "0", "0", "0", "0", "0", "0"]]}