{"state": {"resTurn": "51", "h": "10", "w": "11", "score": [["7", "4", "5", "3", "1", "0", "1", "8", "5", "2", "0"], ["1", "2", "4", "2", "1", "-2", "4", "1", "8", "7", "-2"], ["1", "3", "6", "4", "4", "4", "0", "4", "6", "7", "6"], ["5", "-4", "5", "5", "2", "3", "3", "6", "4", "6", "1"], ["5", "3", "6", "0", "6", "2", "8", "4", "-2", "5", "4"], ["5", "3", "6", "0", "6", "2", "8", "4", "-2", "5", "4"], ["5", "-4", "5", "5", "2", "3", "3", "6", "4", "6", "1"], ["1", "3", "6", "4", "4", "4", "0", "4", "6", "7", "6"], ["1", "2", "4", "2", "1", "-2", "4", "1", "8", "7", "-2"], ["7", "4", "5", "3", "1", "0", "1", "8", "5", "2", "0"]], "color": [["0", "0", "0", "2", "1", "1", "0", "0", "0", "0", "0"], ["1", "1", "2", "1", "0", "1", "1", "0", "0", "0", "0"], ["1", "1", "1", "2", "2", "0", "1", "1", "0", "0", "0"], ["1", "1", "1", "2", "2", "0", "1", "0", "0", "0", "0"], ["1", "1", "1", "0", "2", "0", "0", "0", "0", "0", "0"], ["0", "1", "1", "2", "2", "0", "0", "0", "0", "0", "0"], ["0", "0", "0", "1", "2", "2", "2", "0", "0", "0", "0"], ["0", "0", "0", "0", "2", "2", "0", "0", "0", "0", "0"], ["0", "0", "2", "2", "2", "0", "0", "0", "0", "0", "0"], ["0", "0", "2", "2", "2", "0", "0", "0", "0", "0", "0"]], "pos": [{"x": "1", "y": "5"}, {"x": "0", "y": "1"}, {"x": "4", "y": "3"}, {"x": "3", "y": "8"}]}, "q": "0.005029056286017026", "z": "-1", "visitCount": [["33", "56", "12", "0", "0", "0", "12", "8", "13", "0", "0", "0", "0", "0", "0", "0", "0", "18", "13", "18", "0", "0", "0", "19", "10", "24", "0", "0", "0", "0", "0", "0", "0", "0", "34", "7", "14", "0", "0", "0", "7", "14", "13", "0", "0", "0", "0", "0", "0", "0", "0", "16", "10", "14", "0", "0", "0", "13", "9", "22", "0", "0", "0", "0", "0", "0", "0", "0", "19", "7", "32", "0", "0", "0", "40", "12", "19", "0", "0", "0", "0", "0", "0", "0", "0", "17", "11", "19", "0", "0", "0", "9", "24", "15", "0", "0", "0", "0", "0", "0", "0", "0", "22", "5", "17", "0", "0", "0", "8", "59", "10", "0", "0", "0", "0", "0", "0", "0", "0", "11", "9", "33", "0", "0", "0", "17", "60", "34", "0", "0", "0", "0", "0", "0", "0", "0", "10", "21", "23", "0", "0", "0", "8", "5", "16", "0", "0", "0", "0", "0", "0", "0", "0", "0", "0", "0", "0", "0", "0", "0", "0", "0", "0", "0", "0", "0", "0", "0", "0", "0", "0", "0", "0", "0", "0", "0", "0", "0", "0", "0", "0", "0", "0", "0", "0", "0", "0", "0", "0", "0", "0", "0", "0", "0", "0", "0", "0", "0", "0", "0", "0", "0", "0", "0", "0", "0", "0", "0", "0", "0", "0", "0", "0", "0", "0", "0", "0", "0", "0", "0", "0", "0", "0", "0", "0", "0", "0", "0", "0", "0", "0", "0", "0", "0", "0", "0", "0", "0", "0", "0", "0", "0", "0", "0", "0", "0", "0", "0", "0", "0", "0", "0", "0", "0", "0", "0", "0", "0", "0", "0", "0", "0", "0", "0", "0", "0", "0", "0", "0", "0", "0", "0", "0", "0", "0", "0", "0", "0", "0", "0", "0", "0", "0", "0", "0", "0", "0", "0", "0"], ["19", "7", "9", "16", "10", "8", "13", "21", "7", "0", "0", "0", "0", "0", "0", "0", "0", "7", "8", "11", "10", "7", "8", "7", "10", "19", "0", "0", "0", "0", "0", "0", "0", "0", "15", "4", "20", "15", "9", "12", "15", "17", "9", "0", "0", "0", "0", "0", "0", "0", "0", "11", "19", "7", "10", "8", "14", "8", "15", "16", "0", "0", "0", "0", "0", "0", "0", "0", "5", "20", "8", "12", "11", "22", "8", "15", "11", "0", "0", "0", "0", "0", "0", "0", "0", "22", "11", "6", "10", "11", "11", "8", "6", "16", "0", "0", "0", "0", "0", "0", "0", "0", "5", "20", "9", "28", "36", "12", "34", "7", "24", "0", "0", "0", "0", "0", "0", "0", "0", "8", "11", "8", "13", "9", "10", "7", "7", "6", "0", "0", "0", "0", "0", "0", "0", "0", "10", "15", "18", "14", "6", "15", "5", "17", "13", "0", "0", "0", "0", "0", "0", "0", "0", "0", "0", "0", "0", "0", "0", "0", "0", "0", "0", "0", "0", "0", "0", "0", "0", "0", "0", "0", "0", "0", "0", "0", "0", "0", "0", "0", "0", "0", "0", "0", "0", "0", "0", "0", "0", "0", "0", "0", "0", "0", "0", "0", "0", "0", "0", "0", "0", "0", "0", "0", "0", "0", "0", "0", "0", "0", "0", "0", "0", "0", "0", "0", "0", "0", "0", "0", "0", "0", "0", "0", "0", "0", "0", "0", "0", "0", "0", "0", "0", "0", "0", "0", "0", "0", "0", "0", "0", "0", "0", "0", "0", "0", "0", "0", "0", "0", "0", "0", "0", "0", "0", "0", "0", "0", "0", "0", "0", "0", "0", "0", "0", "0", "0", "0", "0", "0", "0", "0", "0", "0", "0", "0", "0", "0", "0", "0", "0", "0", "0", "0", "0", "0", "0", "0", "0"]]}