{"state": {"resTurn": "50", "h": "10", "w": "11", "score": [["7", "4", "5", "3", "1", "0", "1", "8", "5", "2", "0"], ["1", "2", "4", "2", "1", "-2", "4", "1", "8", "7", "-2"], ["1", "3", "6", "4", "4", "4", "0", "4", "6", "7", "6"], ["5", "-4", "5", "5", "2", "3", "3", "6", "4", "6", "1"], ["5", "3", "6", "0", "6", "2", "8", "4", "-2", "5", "4"], ["5", "3", "6", "0", "6", "2", "8", "4", "-2", "5", "4"], ["5", "-4", "5", "5", "2", "3", "3", "6", "4", "6", "1"], ["1", "3", "6", "4", "4", "4", "0", "4", "6", "7", "6"], ["1", "2", "4", "2", "1", "-2", "4", "1", "8", "7", "-2"], ["7", "4", "5", "3", "1", "0", "1", "8", "5", "2", "0"]], "color": [["0", "1", "0", "2", "1", "1", "0", "0", "0", "0", "0"], ["1", "1", "2", "1", "0", "1", "1", "0", "0", "0", "0"], ["1", "1", "1", "2", "2", "0", "1", "1", "0", "0", "0"], ["1", "1", "1", "2", "2", "0", "1", "0", "0", "0", "0"], ["1", "1", "1", "0", "2", "0", "0", "0", "0", "0", "0"], ["0", "1", "1", "2", "2", "0", "0", "0", "0", "0", "0"], ["0", "0", "0", "1", "2", "2", "2", "0", "0", "0", "0"], ["0", "0", "0", "0", "2", "2", "0", "0", "0", "0", "0"], ["0", "0", "2", "2", "2", "0", "0", "0", "0", "0", "0"], ["0", "0", "2", "2", "2", "0", "0", "0", "0", "0", "0"]], "pos": [{"x": "2", "y": "4"}, {"x": "1", "y": "0"}, {"x": "4", "y": "2"}, {"x": "2", "y": "8"}]}, "q": "0.004413015158495168", "z": "-1", "visitCount": [["14", "0", "20", "22", "26", "0", "0", "0", "25", "15", "0", "0", "0", "0", "0", "0", "0", "0", "0", "0", "0", "0", "0", "0", "0", "0", "0", "0", "0", "0", "0", "0", "0", "0", "8", "0", "24", "19", "15", "0", "0", "0", "37", "10", "0", "0", "0", "0", "0", "0", "0", "28", "0", "27", "6", "17", "0", "0", "0", "9", "12", "0", "0", "0", "0", "0", "0", "0", "8", "0", "34", "11", "83", "0", "0", "0", "11", "13", "0", "0", "0", "0", "0", "0", "0", "11", "0", "10", "12", "7", "0", "0", "0", "14", "13", "0", "0", "0", "0", "0", "0", "0", "9", "0", "18", "12", "19", "0", "0", "0", "18", "26", "0", "0", "0", "0", "0", "0", "0", "0", "0", "0", "0", "0", "0", "0", "0", "0", "0", "0", "0", "0", "0", "0", "0", "0", "13", "0", "17", "10", "16", "0", "0", "0", "27", "19", "0", "0", "0", "0", "0", "0", "0", "14", "0", "35", "8", "10", "0", "0", "0", "19", "34", "0", "0", "0", "0", "0", "0", "0", "0", "0", "0", "0", "0", "0", "0", "0", "0", "0", "0", "0", "0", "0", "0", "0", "0", "0", "0", "0", "0", "0", "0", "0", "0", "0", "0", "0", "0", "0", "0", "0", "0", "0", "0", "0", "0", "0", "0", "0", "0", "0", "0", "0", "0", "0", "0", "0", "0", "0", "0", "0", "0", "0", "0", "0", "0", "0", "0", "0", "0", "0", "0", "0", "0", "0", "0", "0", "0", "0", "0", "0", "0", "0", "0", "0", "0", "0", "0", "0", "0", "0", "0", "0", "0", "17", "0", "17", "19", "11", "0", "0", "0", "31", "20", "0", "0", "0", "0", "0", "0", "0", "0", "0", "0", "0", "0", "0", "0", "0", "0", "0", "0", "0", "0", "0", "0", "0", "0"], ["14", "8", "12", "19", "15", "13", "9", "18", "14", "0", "0", "0", "0", "0", "0", "0", "0", "12", "13", "9", "9", "5", "10", "20", "7", "20", "0", "0", "0", "0", "0", "0", "0", "0", "5", "9", "7", "5", "7", "10", "7", "15", "5", "0", "0", "0", "0", "0", "0", "0", "0", "17", "23", "11", "19", "13", "6", "12", "10", "12", "0", "0", "0", "0", "0", "0", "0", "0", "20", "8", "5", "16", "18", "16", "19", "14", "19", "0", "0", "0", "0", "0", "0", "0", "0", "0", "0", "0", "0", "0", "0", "0", "0", "0", "0", "0", "0", "0", "0", "0", "0", "0", "13", "16", "13", "20", "14", "15", "9", "9", "5", "0", "0", "0", "0", "0", "0", "0", "0", "0", "0", "0", "0", "0", "0", "0", "0", "0", "0", "0", "0", "0", "0", "0", "0", "0", "16", "3", "8", "20", "5", "5", "20", "13", "28", "0", "0", "0", "0", "0", "0", "0", "0", "0", "0", "0", "0", "0", "0", "0", "0", "0", "0", "0", "0", "0", "0", "0", "0", "0", "0", "0", "0", "0", "0", "0", "0", "0", "0", "0", "0", "0", "0", "0", "0", "0", "0", "0", "0", "0", "0", "0", "0", "0", "0", "0", "0", "0", "0", "0", "0", "0", "0", "0", "0", "0", "0", "0", "0", "0", "0", "0", "0", "0", "0", "0", "0", "0", "0", "0", "0", "6", "23", "31", "7", "8", "12", "7", "9", "7", "0", "0", "0", "0", "0", "0", "0", "0", "0", "0", "0", "0", "0", "0", "0", "0", "0", "0", "0", "0", "0", "0", "0", "0", "0", "8", "9", "12", "8", "9", "23", "7", "10", "17", "0", "0", "0", "0", "0", "0", "0", "0", "0", "0", "0", "0", "0", "0", "0", "0", "0", "0", "0", "0", "0", "0", "0", "0", "0"]]}