{"state": {"resTurn": "49", "h": "10", "w": "11", "score": [["7", "4", "5", "3", "1", "0", "1", "8", "5", "2", "0"], ["1", "2", "4", "2", "1", "-2", "4", "1", "8", "7", "-2"], ["1", "3", "6", "4", "4", "4", "0", "4", "6", "7", "6"], ["5", "-4", "5", "5", "2", "3", "3", "6", "4", "6", "1"], ["5", "3", "6", "0", "6", "2", "8", "4", "-2", "5", "4"], ["5", "3", "6", "0", "6", "2", "8", "4", "-2", "5", "4"], ["5", "-4", "5", "5", "2", "3", "3", "6", "4", "6", "1"], ["1", "3", "6", "4", "4", "4", "0", "4", "6", "7", "6"], ["1", "2", "4", "2", "1", "-2", "4", "1", "8", "7", "-2"], ["7", "4", "5", "3", "1", "0", "1", "8", "5", "2", "0"]], "color": [["1", "1", "0", "2", "1", "1", "0", "0", "0", "0", "0"], ["1", "1", "2", "0", "0", "1", "1", "0", "0", "0", "0"], ["1", "1", "1", "2", "2", "0", "1", "1", "0", "0", "0"], ["1", "1", "1", "2", "2", "0", "1", "0", "0", "0", "0"], ["1", "1", "1", "0", "2", "0", "0", "0", "0", "0", "0"], ["0", "1", "1", "2", "2", "0", "0", "0", "0", "0", "0"], ["0", "0", "0", "1", "2", "2", "2", "0", "0", "0", "0"], ["0", "0", "0", "0", "2", "2", "0", "0", "0", "0", "0"], ["0", "0", "2", "2", "2", "0", "0", "0", "0", "0", "0"], ["0", "0", "2", "2", "2", "0", "0", "0", "0", "0", "0"]], "pos": [{"x": "1", "y": "4"}, {"x": "0", "y": "0"}, {"x": "4", "y": "2"}, {"x": "2", "y": "9"}]}, "q": "0.00517050536215075", "z": "-1", "visitCount": [["22", "18", "23", "0", "0", "0", "0", "0", "9", "0", "0", "0", "0", "0", "0", "0", "0", "24", "21", "14", "0", "0", "0", "0", "0", "33", "0", "0", "0", "0", "0", "0", "0", "0", "18", "20", "20", "0", "0", "0", "0", "0", "38", "0", "0", "0", "0", "0", "0", "0", "0", "19", "34", "101", "0", "0", "0", "0", "0", "12", "0", "0", "0", "0", "0", "0", "0", "0", "46", "42", "38", "0", "0", "0", "0", "0", "15", "0", "0", "0", "0", "0", "0", "0", "0", "14", "16", "14", "0", "0", "0", "0", "0", "9", "0", "0", "0", "0", "0", "0", "0", "0", "19", "25", "31", "0", "0", "0", "0", "0", "29", "0", "0", "0", "0", "0", "0", "0", "0", "25", "13", "18", "0", "0", "0", "0", "0", "48", "0", "0", "0", "0", "0", "0", "0", "0", "7", "36", "77", "0", "0", "0", "0", "0", "53", "0", "0", "0", "0", "0", "0", "0", "0", "0", "0", "0", "0", "0", "0", "0", "0", "0", "0", "0", "0", "0", "0", "0", "0", "0", "0", "0", "0", "0", "0", "0", "0", "0", "0", "0", "0", "0", "0", "0", "0", "0", "0", "0", "0", "0", "0", "0", "0", "0", "0", "0", "0", "0", "0", "0", "0", "0", "0", "0", "0", "0", "0", "0", "0", "0", "0", "0", "0", "0", "0", "0", "0", "0", "0", "0", "0", "0", "0", "0", "0", "0", "0", "0", "0", "0", "0", "0", "0", "0", "0", "0", "0", "0", "0", "0", "0", "0", "0", "0", "0", "0", "0", "0", "0", "0", "0", "0", "0", "0", "0", "0", "0", "0", "0", "0", "0", "0", "0", "0", "0", "0", "0", "0", "0", "0", "0", "0", "0", "0", "0", "0", "0", "0", "0", "0", "0", "0", "0", "0", "0", "0", "0", "0", "0"], ["16", "0", "0", "0", "10", "15", "15", "20", "16", "0", "0", "0", "0", "0", "0", "0", "0", "19", "0", "0", "0", "23", "20", "13", "29", "14", "0", "0", "0", "0", "0", "0", "0", "0", "8", "0", "0", "0", "20", "14", "34", "18", "10", "0", "0", "0", "0", "0", "0", "0", "0", "19", "0", "0", "0", "12", "4", "17", "8", "26", "0", "0", "0", "0", "0", "0", "0", "0", "22", "0", "0", "0", "19", "19", "13", "16", "29", "0", "0", "0", "0", "0", "0", "0", "0", "15", "0", "0", "0", "19", "26", "31", "10", "27", "0", "0", "0", "0", "0", "0", "0", "0", "15", "0", "0", "0", "34", "23", "54", "7", "28", "0", "0", "0", "0", "0", "0", "0", "0", "0", "0", "0", "0", "0", "0", "0", "0", "0", "0", "0", "0", "0", "0", "0", "0", "0", "9", "0", "0", "0", "15", "19", "19", "22", "11", "0", "0", "0", "0", "0", "0", "0", "0", "0", "0", "0", "0", "0", "0", "0", "0", "0", "0", "0", "0", "0", "0", "0", "0", "0", "0", "0", "0", "0", "0", "0", "0", "0", "0", "0", "0", "0", "0", "0", "0", "0", "0", "0", "0", "0", "0", "0", "0", "0", "0", "0", "0", "0", "0", "0", "0", "0", "0", "0", "0", "0", "0", "0", "0", "0", "0", "0", "0", "0", "0", "0", "0", "0", "0", "0", "0", "0", "0", "0", "0", "0", "0", "0", "0", "0", "0", "0", "0", "0", "0", "0", "0", "0", "0", "0", "0", "0", "0", "0", "0", "0", "0", "0", "0", "0", "0", "0", "0", "0", "0", "20", "0", "0", "0", "12", "21", "16", "5", "25", "0", "0", "0", "0", "0", "0", "0", "0", "0", "0", "0", "0", "0", "0", "0", "0", "0", "0", "0", "0", "0", "0", "0", "0", "0"]]}