{"state": {"resTurn": "75", "h": "10", "w": "11", "score": [["7", "4", "5", "3", "1", "0", "1", "8", "5", "2", "0"], ["1", "2", "4", "2", "1", "-2", "4", "1", "8", "7", "-2"], ["1", "3", "6", "4", "4", "4", "0", "4", "6", "7", "6"], ["5", "-4", "5", "5", "2", "3", "3", "6", "4", "6", "1"], ["5", "3", "6", "0", "6", "2", "8", "4", "-2", "5", "4"], ["5", "3", "6", "0", "6", "2", "8", "4", "-2", "5", "4"], ["5", "-4", "5", "5", "2", "3", "3", "6", "4", "6", "1"], ["1", "3", "6", "4", "4", "4", "0", "4", "6", "7", "6"], ["1", "2", "4", "2", "1", "-2", "4", "1", "8", "7", "-2"], ["7", "4", "5", "3", "1", "0", "1", "8", "5", "2", "0"]], "color": [["0", "0", "0", "0", "0", "0", "0", "0", "0", "0", "0"], ["0", "0", "0", "1", "1", "0", "0", "0", "0", "0", "0"], ["0", "0", "1", "0", "0", "0", "0", "0", "0", "0", "0"], ["0", "0", "0", "0", "2", "2", "0", "0", "0", "0", "0"], ["0", "0", "0", "0", "2", "2", "0", "0", "0", "0", "0"], ["0", "0", "0", "0", "1", "0", "0", "0", "0", "0", "0"], ["0", "0", "0", "0", "2", "0", "0", "0", "0", "0", "0"], ["0", "0", "2", "2", "0", "0", "0", "0", "0", "0", "0"], ["0", "0", "0", "0", "0", "0", "0", "0", "0", "0", "0"], ["0", "0", "0", "0", "0", "0", "0", "0", "0", "0", "0"]], "pos": [{"x": "4", "y": "5"}, {"x": "4", "y": "1"}, {"x": "4", "y": "3"}, {"x": "4", "y": "6"}]}, "q": "0.0040504763613088", "z": "-1", "visitCount": [["12", "22", "8", "11", "14", "8", "11", "8", "17", "0", "0", "0", "0", "0", "0", "0", "0", "17", "14", "11", "20", "6", "10", "6", "12", "15", "0", "0", "0", "0", "0", "0", "0", "0", "0", "0", "0", "0", "0", "0", "0", "0", "0", "0", "0", "0", "0", "0", "0", "0", "0", "6", "14", "15", "10", "10", "8", "24", "10", "9", "0", "0", "0", "0", "0", "0", "0", "0", "8", "11", "15", "16", "14", "16", "18", "19", "6", "0", "0", "0", "0", "0", "0", "0", "0", "16", "12", "15", "12", "6", "22", "14", "11", "9", "0", "0", "0", "0", "0", "0", "0", "0", "0", "0", "0", "0", "0", "0", "0", "0", "0", "0", "0", "0", "0", "0", "0", "0", "0", "0", "0", "0", "0", "0", "0", "0", "0", "0", "0", "0", "0", "0", "0", "0", "0", "0", "14", "9", "14", "20", "6", "12", "6", "9", "15", "0", "0", "0", "0", "0", "0", "0", "0", "0", "0", "0", "0", "0", "0", "0", "0", "0", "0", "0", "0", "0", "0", "0", "0", "0", "8", "18", "8", "11", "7", "15", "4", "10", "13", "0", "0", "0", "0", "0", "0", "0", "0", "0", "0", "0", "0", "0", "0", "0", "0", "0", "0", "0", "0", "0", "0", "0", "0", "0", "0", "0", "0", "0", "0", "0", "0", "0", "0", "0", "0", "0", "0", "0", "0", "0", "0", "0", "0", "0", "0", "0", "0", "0", "0", "0", "0", "0", "0", "0", "0", "0", "0", "0", "9", "8", "16", "9", "9", "11", "12", "7", "18", "0", "0", "0", "0", "0", "0", "0", "0", "12", "14", "15", "16", "17", "7", "11", "14", "28", "0", "0", "0", "0", "0", "0", "0", "0", "0", "0", "0", "0", "0", "0", "0", "0", "0", "0", "0", "0", "0", "0", "0", "0", "0"], ["13", "10", "11", "8", "14", "9", "0", "7", "11", "0", "0", "0", "0", "0", "16", "0", "0", "15", "11", "20", "9", "6", "9", "0", "6", "10", "0", "0", "0", "0", "0", "10", "0", "0", "13", "8", "13", "12", "13", "8", "0", "10", "14", "0", "0", "0", "0", "0", "10", "0", "0", "9", "17", "20", "10", "7", "16", "0", "18", "16", "0", "0", "0", "0", "0", "17", "0", "0", "11", "12", "11", "14", "17", "8", "0", "13", "7", "0", "0", "0", "0", "0", "14", "0", "0", "7", "14", "24", "25", "8", "12", "0", "12", "19", "0", "0", "0", "0", "0", "7", "0", "0", "10", "10", "19", "9", "9", "6", "0", "15", "10", "0", "0", "0", "0", "0", "8", "0", "0", "17", "12", "12", "8", "13", "22", "0", "10", "23", "0", "0", "0", "0", "0", "14", "0", "0", "15", "12", "15", "9", "13", "14", "0", "7", "11", "0", "0", "0", "0", "0", "16", "0", "0", "0", "0", "0", "0", "0", "0", "0", "0", "0", "0", "0", "0", "0", "0", "0", "0", "0", "0", "0", "0", "0", "0", "0", "0", "0", "0", "0", "0", "0", "0", "0", "0", "0", "0", "0", "0", "0", "0", "0", "0", "0", "0", "0", "0", "0", "0", "0", "0", "0", "0", "0", "0", "0", "0", "0", "0", "0", "0", "0", "0", "0", "0", "0", "0", "0", "0", "0", "0", "0", "0", "0", "0", "0", "0", "0", "0", "0", "0", "0", "0", "0", "0", "0", "0", "0", "0", "0", "0", "0", "0", "0", "0", "0", "0", "0", "0", "0", "0", "0", "0", "0", "0", "0", "0", "0", "0", "0", "0", "0", "0", "0", "0", "0", "0", "0", "0", "0", "0", "0", "0", "0", "0", "0", "0", "0", "0", "0", "0", "0", "0", "0", "0", "0", "0", "0", "0"]]}