{"state": {"resTurn": "48", "h": "10", "w": "11", "score": [["7", "4", "5", "3", "1", "0", "1", "8", "5", "2", "0"], ["1", "2", "4", "2", "1", "-2", "4", "1", "8", "7", "-2"], ["1", "3", "6", "4", "4", "4", "0", "4", "6", "7", "6"], ["5", "-4", "5", "5", "2", "3", "3", "6", "4", "6", "1"], ["5", "3", "6", "0", "6", "2", "8", "4", "-2", "5", "4"], ["5", "3", "6", "0", "6", "2", "8", "4", "-2", "5", "4"], ["5", "-4", "5", "5", "2", "3", "3", "6", "4", "6", "1"], ["1", "3", "6", "4", "4", "4", "0", "4", "6", "7", "6"], ["1", "2", "4", "2", "1", "-2", "4", "1", "8", "7", "-2"], ["7", "4", "5", "3", "1", "0", "1", "8", "5", "2", "0"]], "color": [["1", "1", "0", "2", "1", "1", "0", "0", "0", "0", "0"], ["1", "1", "2", "0", "2", "1", "1", "0", "0", "0", "0"], ["1", "1", "1", "2", "2", "0", "1", "1", "0", "0", "0"], ["1", "1", "1", "2", "2", "0", "1", "0", "0", "0", "0"], ["1", "1", "1", "0", "2", "0", "0", "0", "0", "0", "0"], ["1", "1", "1", "2", "2", "0", "0", "0", "0", "0", "0"], ["0", "0", "0", "1", "2", "2", "2", "0", "0", "0", "0"], ["0", "0", "0", "0", "2", "2", "0", "0", "0", "0", "0"], ["0", "0", "2", "2", "2", "0", "0", "0", "0", "0", "0"], ["0", "0", "2", "2", "2", "0", "0", "0", "0", "0", "0"]], "pos": [{"x": "0", "y": "5"}, {"x": "0", "y": "1"}, {"x": "4", "y": "1"}, {"x": "2", "y": "8"}]}, "q": "0.003944079880220625", "z": "-1", "visitCount": [["36", "34", "14", "0", "0", "0", "17", "10", "38", "0", "0", "0", "0", "0", "0", "0", "0", "17", "20", "40", "0", "0", "0", "24", "28", "28", "0", "0", "0", "0", "0", "0", "0", "0", "141", "17", "10", "0", "0", "0", "42", "77", "11", "0", "0", "0", "0", "0", "0", "0", "0", "0", "0", "0", "0", "0", "0", "0", "0", "0", "0", "0", "0", "0", "0", "0", "0", "0", "0", "0", "0", "0", "0", "0", "0", "0", "0", "0", "0", "0", "0", "0", "0", "0", "0", "0", "0", "0", "0", "0", "0", "0", "0", "0", "0", "0", "0", "0", "0", "0", "0", "0", "18", "10", "22", "0", "0", "0", "20", "47", "55", "0", "0", "0", "0", "0", "0", "0", "0", "8", "12", "23", "0", "0", "0", "12", "14", "23", "0", "0", "0", "0", "0", "0", "0", "0", "24", "14", "11", "0", "0", "0", "21", "55", "8", "0", "0", "0", "0", "0", "0", "0", "0", "0", "0", "0", "0", "0", "0", "0", "0", "0", "0", "0", "0", "0", "0", "0", "0", "0", "0", "0", "0", "0", "0", "0", "0", "0", "0", "0", "0", "0", "0", "0", "0", "0", "0", "0", "0", "0", "0", "0", "0", "0", "0", "0", "0", "0", "0", "0", "0", "0", "0", "0", "0", "0", "0", "0", "0", "0", "0", "0", "0", "0", "0", "0", "0", "0", "0", "0", "0", "0", "0", "0", "0", "0", "0", "0", "0", "0", "0", "0", "0", "0", "0", "0", "0", "0", "0", "0", "0", "0", "0", "0", "0", "0", "0", "0", "0", "0", "0", "0", "0", "0", "0", "0", "0", "0", "0", "0", "0", "0", "0", "0", "0", "0", "0", "0", "0", "0", "0", "0", "0", "0", "0", "0", "0", "0", "0", "0", "0", "0", "0", "0", "0", "0", "0", "0", "0"], ["14", "5", "7", "6", "7", "14", "14", "11", "9", "0", "0", "0", "0", "0", "0", "0", "0", "17", "11", "14", "18", "21", "22", "9", "16", "8", "0", "0", "0", "0", "0", "0", "0", "0", "20", "15", "14", "16", "8", "16", "20", "10", "18", "0", "0", "0", "0", "0", "0", "0", "0", "14", "12", "9", "15", "14", "7", "7", "10", "17", "0", "0", "0", "0", "0", "0", "0", "0", "10", "9", "13", "9", "10", "7", "13", "25", "9", "0", "0", "0", "0", "0", "0", "0", "0", "6", "18", "6", "13", "15", "19", "6", "15", "11", "0", "0", "0", "0", "0", "0", "0", "0", "0", "0", "0", "0", "0", "0", "0", "0", "0", "0", "0", "0", "0", "0", "0", "0", "0", "0", "0", "0", "0", "0", "0", "0", "0", "0", "0", "0", "0", "0", "0", "0", "0", "0", "0", "0", "0", "0", "0", "0", "0", "0", "0", "0", "0", "0", "0", "0", "0", "0", "0", "0", "0", "0", "0", "0", "0", "0", "0", "0", "0", "0", "0", "0", "0", "0", "0", "0", "0", "0", "0", "0", "0", "0", "0", "0", "0", "0", "0", "0", "0", "0", "0", "0", "0", "0", "0", "0", "0", "0", "0", "0", "0", "0", "0", "0", "0", "0", "0", "0", "0", "0", "0", "0", "0", "0", "0", "0", "0", "0", "0", "0", "0", "0", "0", "0", "0", "0", "0", "0", "0", "0", "0", "0", "0", "0", "0", "0", "0", "0", "0", "0", "0", "0", "0", "0", "13", "6", "8", "10", "13", "5", "11", "18", "11", "0", "0", "0", "0", "0", "0", "0", "0", "8", "5", "8", "5", "25", "17", "11", "14", "11", "0", "0", "0", "0", "0", "0", "0", "0", "15", "17", "10", "6", "11", "32", "11", "12", "9", "0", "0", "0", "0", "0", "0", "0", "0"]]}