{"state": {"resTurn": "47", "h": "10", "w": "11", "score": [["7", "4", "5", "3", "1", "0", "1", "8", "5", "2", "0"], ["1", "2", "4", "2", "1", "-2", "4", "1", "8", "7", "-2"], ["1", "3", "6", "4", "4", "4", "0", "4", "6", "7", "6"], ["5", "-4", "5", "5", "2", "3", "3", "6", "4", "6", "1"], ["5", "3", "6", "0", "6", "2", "8", "4", "-2", "5", "4"], ["5", "3", "6", "0", "6", "2", "8", "4", "-2", "5", "4"], ["5", "-4", "5", "5", "2", "3", "3", "6", "4", "6", "1"], ["1", "3", "6", "4", "4", "4", "0", "4", "6", "7", "6"], ["1", "2", "4", "2", "1", "-2", "4", "1", "8", "7", "-2"], ["7", "4", "5", "3", "1", "0", "1", "8", "5", "2", "0"]], "color": [["1", "1", "0", "2", "1", "1", "0", "0", "0", "0", "0"], ["1", "1", "2", "0", "2", "0", "1", "0", "0", "0", "0"], ["1", "1", "1", "2", "2", "0", "1", "1", "0", "0", "0"], ["1", "1", "1", "2", "2", "0", "1", "0", "0", "0", "0"], ["1", "1", "1", "0", "2", "0", "0", "0", "0", "0", "0"], ["1", "1", "1", "2", "2", "0", "0", "0", "0", "0", "0"], ["1", "0", "0", "1", "2", "2", "2", "0", "0", "0", "0"], ["0", "2", "0", "0", "2", "2", "0", "0", "0", "0", "0"], ["0", "0", "2", "2", "2", "0", "0", "0", "0", "0", "0"], ["0", "0", "2", "2", "2", "0", "0", "0", "0", "0", "0"]], "pos": [{"x": "0", "y": "6"}, {"x": "0", "y": "1"}, {"x": "4", "y": "1"}, {"x": "1", "y": "7"}]}, "q": "0.00470828187735545", "z": "-1", "visitCount": [["24", "22", "13", "0", "0", "0", "12", "44", "39", "0", "0", "0", "0", "0", "0", "0", "0", "0", "0", "0", "0", "0", "0", "0", "0", "0", "0", "0", "0", "0", "0", "0", "0", "0", "25", "43", "45", "0", "0", "0", "19", "20", "21", "0", "0", "0", "0", "0", "0", "0", "0", "0", "0", "0", "0", "0", "0", "0", "0", "0", "0", "0", "0", "0", "0", "0", "0", "0", "0", "0", "0", "0", "0", "0", "0", "0", "0", "0", "0", "0", "0", "0", "0", "0", "0", "0", "0", "0", "0", "0", "0", "0", "0", "0", "0", "0", "0", "0", "0", "0", "0", "0", "14", "30", "29", "0", "0", "0", "17", "24", "30", "0", "0", "0", "0", "0", "0", "0", "0", "71", "35", "24", "0", "0", "0", "37", "38", "25", "0", "0", "0", "0", "0", "0", "0", "0", "16", "10", "29", "0", "0", "0", "24", "27", "26", "0", "0", "0", "0", "0", "0", "0", "0", "40", "28", "44", "0", "0", "0", "30", "8", "18", "0", "0", "0", "0", "0", "0", "0", "0", "0", "0", "0", "0", "0", "0", "0", "0", "0", "0", "0", "0", "0", "0", "0", "0", "0", "0", "0", "0", "0", "0", "0", "0", "0", "0", "0", "0", "0", "0", "0", "0", "0", "0", "0", "0", "0", "0", "0", "0", "0", "0", "0", "0", "0", "0", "0", "0", "0", "0", "0", "0", "0", "0", "0", "0", "0", "0", "0", "0", "0", "0", "0", "0", "0", "0", "0", "0", "0", "0", "0", "0", "0", "0", "0", "0", "0", "0", "0", "0", "0", "0", "0", "0", "0", "0", "0", "0", "0", "0", "0", "0", "0", "0", "0", "0", "0", "0", "0", "0", "0", "0", "0", "0", "0", "0", "0", "0", "0", "0", "0", "0", "0", "0", "0", "0", "0", "0", "0"], ["9", "14", "5", "9", "8", "0", "6", "9", "15", "0", "0", "0", "0", "6", "0", "0", "0", "16", "14", "9", "15", "19", "0", "10", "10", "5", "0", "0", "0", "0", "6", "0", "0", "0", "16", "5", "15", "11", "26", "0", "6", "13", "9", "0", "0", "0", "0", "13", "0", "0", "0", "8", "10", "17", "5", "14", "0", "19", "13", "12", "0", "0", "0", "0", "11", "0", "0", "0", "13", "17", "17", "10", "6", "0", "10", "6", "11", "0", "0", "0", "0", "14", "0", "0", "0", "17", "16", "16", "11", "17", "0", "10", "19", "15", "0", "0", "0", "0", "27", "0", "0", "0", "0", "0", "0", "0", "0", "0", "0", "0", "0", "0", "0", "0", "0", "0", "0", "0", "0", "0", "0", "0", "0", "0", "0", "0", "0", "0", "0", "0", "0", "0", "0", "0", "0", "0", "17", "4", "14", "8", "21", "0", "9", "14", "7", "0", "0", "0", "0", "14", "0", "0", "0", "0", "0", "0", "0", "0", "0", "0", "0", "0", "0", "0", "0", "0", "0", "0", "0", "0", "0", "0", "0", "0", "0", "0", "0", "0", "0", "0", "0", "0", "0", "0", "0", "0", "0", "0", "0", "0", "0", "0", "0", "0", "0", "0", "0", "0", "0", "0", "0", "0", "0", "0", "0", "0", "0", "0", "0", "0", "0", "0", "0", "0", "0", "0", "0", "0", "0", "0", "0", "0", "0", "0", "0", "0", "0", "0", "0", "0", "0", "0", "0", "0", "0", "0", "0", "0", "31", "14", "5", "13", "8", "0", "13", "6", "11", "0", "0", "0", "0", "10", "0", "0", "0", "6", "22", "9", "11", "8", "0", "34", "8", "5", "0", "0", "0", "0", "19", "0", "0", "0", "0", "0", "0", "0", "0", "0", "0", "0", "0", "0", "0", "0", "0", "0", "0", "0", "0"]]}