{"state": {"resTurn": "46", "h": "10", "w": "11", "score": [["7", "4", "5", "3", "1", "0", "1", "8", "5", "2", "0"], ["1", "2", "4", "2", "1", "-2", "4", "1", "8", "7", "-2"], ["1", "3", "6", "4", "4", "4", "0", "4", "6", "7", "6"], ["5", "-4", "5", "5", "2", "3", "3", "6", "4", "6", "1"], ["5", "3", "6", "0", "6", "2", "8", "4", "-2", "5", "4"], ["5", "3", "6", "0", "6", "2", "8", "4", "-2", "5", "4"], ["5", "-4", "5", "5", "2", "3", "3", "6", "4", "6", "1"], ["1", "3", "6", "4", "4", "4", "0", "4", "6", "7", "6"], ["1", "2", "4", "2", "1", "-2", "4", "1", "8", "7", "-2"], ["7", "4", "5", "3", "1", "0", "1", "8", "5", "2", "0"]], "color": [["1", "1", "0", "2", "1", "0", "0", "0", "0", "0", "0"], ["1", "1", "2", "0", "2", "0", "1", "0", "0", "0", "0"], ["1", "1", "1", "2", "2", "0", "1", "1", "0", "0", "0"], ["1", "1", "1", "2", "2", "0", "1", "0", "0", "0", "0"], ["1", "1", "1", "0", "2", "0", "0", "0", "0", "0", "0"], ["1", "1", "1", "2", "2", "0", "0", "0", "0", "0", "0"], ["1", "2", "0", "1", "2", "2", "2", "0", "0", "0", "0"], ["0", "2", "0", "0", "2", "2", "0", "0", "0", "0", "0"], ["0", "0", "2", "2", "2", "0", "0", "0", "0", "0", "0"], ["0", "0", "2", "2", "2", "0", "0", "0", "0", "0", "0"]], "pos": [{"x": "1", "y": "5"}, {"x": "0", "y": "1"}, {"x": "4", "y": "1"}, {"x": "1", "y": "6"}]}, "q": "0.004997942440335836", "z": "-1", "visitCount": [["17", "22", "11", "0", "0", "0", "16", "6", "12", "0", "0", "0", "0", "0", "0", "0", "0", "20", "17", "14", "0", "0", "0", "23", "28", "15", "0", "0", "0", "0", "0", "0", "0", "0", "0", "0", "0", "0", "0", "0", "0", "0", "0", "0", "0", "0", "0", "0", "0", "0", "0", "23", "25", "14", "0", "0", "0", "10", "15", "27", "0", "0", "0", "0", "0", "0", "0", "0", "20", "12", "10", "0", "0", "0", "18", "9", "40", "0", "0", "0", "0", "0", "0", "0", "0", "11", "13", "15", "0", "0", "0", "28", "21", "16", "0", "0", "0", "0", "0", "0", "0", "0", "13", "9", "15", "0", "0", "0", "21", "17", "46", "0", "0", "0", "0", "0", "0", "0", "0", "10", "27", "22", "0", "0", "0", "14", "16", "26", "0", "0", "0", "0", "0", "0", "0", "0", "10", "8", "29", "0", "0", "0", "9", "10", "11", "0", "0", "0", "0", "0", "0", "0", "0", "0", "0", "0", "0", "0", "0", "0", "0", "0", "0", "0", "0", "0", "0", "0", "0", "0", "15", "30", "17", "0", "0", "0", "23", "44", "33", "0", "0", "0", "0", "0", "0", "0", "0", "0", "0", "0", "0", "0", "0", "0", "0", "0", "0", "0", "0", "0", "0", "0", "0", "0", "0", "0", "0", "0", "0", "0", "0", "0", "0", "0", "0", "0", "0", "0", "0", "0", "0", "0", "0", "0", "0", "0", "0", "0", "0", "0", "0", "0", "0", "0", "0", "0", "0", "0", "0", "0", "0", "0", "0", "0", "0", "0", "0", "0", "0", "0", "0", "0", "0", "0", "0", "0", "0", "0", "0", "0", "0", "0", "0", "0", "0", "0", "0", "0", "0", "0", "0", "0", "0", "0", "0", "0", "0", "0", "0", "0", "0", "0", "0", "0", "0", "0", "0", "0", "0"], ["8", "10", "8", "24", "0", "0", "0", "0", "5", "0", "0", "0", "19", "18", "6", "14", "0", "13", "12", "12", "10", "0", "0", "0", "0", "14", "0", "0", "0", "9", "11", "4", "28", "0", "22", "11", "10", "26", "0", "0", "0", "0", "7", "0", "0", "0", "19", "13", "6", "10", "0", "7", "15", "17", "9", "0", "0", "0", "0", "10", "0", "0", "0", "10", "9", "24", "19", "0", "15", "11", "18", "32", "0", "0", "0", "0", "11", "0", "0", "0", "11", "19", "15", "12", "0", "5", "17", "6", "11", "0", "0", "0", "0", "23", "0", "0", "0", "9", "13", "15", "11", "0", "0", "0", "0", "0", "0", "0", "0", "0", "0", "0", "0", "0", "0", "0", "0", "0", "0", "12", "5", "6", "19", "0", "0", "0", "0", "4", "0", "0", "0", "15", "13", "8", "16", "0", "11", "7", "11", "13", "0", "0", "0", "0", "13", "0", "0", "0", "7", "10", "4", "12", "0", "0", "0", "0", "0", "0", "0", "0", "0", "0", "0", "0", "0", "0", "0", "0", "0", "0", "0", "0", "0", "0", "0", "0", "0", "0", "0", "0", "0", "0", "0", "0", "0", "0", "0", "0", "0", "0", "0", "0", "0", "0", "0", "0", "0", "0", "0", "0", "0", "0", "0", "0", "0", "0", "0", "0", "0", "0", "0", "0", "0", "0", "0", "0", "0", "0", "0", "0", "0", "0", "0", "0", "0", "0", "0", "0", "0", "0", "0", "0", "0", "0", "0", "0", "0", "0", "6", "6", "16", "10", "0", "0", "0", "0", "5", "0", "0", "0", "7", "8", "20", "16", "0", "0", "0", "0", "0", "0", "0", "0", "0", "0", "0", "0", "0", "0", "0", "0", "0", "0", "0", "0", "0", "0", "0", "0", "0", "0", "0", "0", "0", "0", "0", "0", "0", "0", "0"]]}