{"state": {"resTurn": "45", "h": "10", "w": "11", "score": [["7", "4", "5", "3", "1", "0", "1", "8", "5", "2", "0"], ["1", "2", "4", "2", "1", "-2", "4", "1", "8", "7", "-2"], ["1", "3", "6", "4", "4", "4", "0", "4", "6", "7", "6"], ["5", "-4", "5", "5", "2", "3", "3", "6", "4", "6", "1"], ["5", "3", "6", "0", "6", "2", "8", "4", "-2", "5", "4"], ["5", "3", "6", "0", "6", "2", "8", "4", "-2", "5", "4"], ["5", "-4", "5", "5", "2", "3", "3", "6", "4", "6", "1"], ["1", "3", "6", "4", "4", "4", "0", "4", "6", "7", "6"], ["1", "2", "4", "2", "1", "-2", "4", "1", "8", "7", "-2"], ["7", "4", "5", "3", "1", "0", "1", "8", "5", "2", "0"]], "color": [["1", "1", "0", "2", "1", "0", "0", "0", "0", "0", "0"], ["1", "1", "2", "2", "2", "0", "1", "0", "0", "0", "0"], ["1", "1", "1", "2", "2", "0", "1", "1", "0", "0", "0"], ["1", "1", "1", "2", "2", "0", "1", "0", "0", "0", "0"], ["1", "1", "1", "0", "2", "0", "0", "0", "0", "0", "0"], ["1", "1", "1", "2", "2", "0", "0", "0", "0", "0", "0"], ["1", "2", "0", "1", "2", "2", "2", "0", "0", "0", "0"], ["2", "2", "0", "0", "2", "2", "0", "0", "0", "0", "0"], ["0", "0", "2", "2", "2", "0", "0", "0", "0", "0", "0"], ["0", "0", "2", "2", "2", "0", "0", "0", "0", "0", "0"]], "pos": [{"x": "1", "y": "4"}, {"x": "1", "y": "1"}, {"x": "3", "y": "1"}, {"x": "0", "y": "7"}]}, "q": "0.005174582661313238", "z": "-1", "visitCount": [["8", "5", "17", "10", "15", "16", "22", "4", "0", "0", "0", "0", "0", "0", "0", "0", "24", "12", "19", "7", "6", "11", "10", "4", "6", "0", "0", "0", "0", "0", "0", "0", "0", "4", "8", "9", "6", "12", "15", "23", "8", "11", "0", "0", "0", "0", "0", "0", "0", "0", "19", "15", "13", "14", "12", "13", "16", "11", "15", "0", "0", "0", "0", "0", "0", "0", "0", "6", "9", "6", "19", "14", "7", "13", "16", "19", "0", "0", "0", "0", "0", "0", "0", "0", "9", "5", "12", "11", "7", "18", "6", "10", "21", "0", "0", "0", "0", "0", "0", "0", "0", "23", "12", "12", "10", "21", "16", "12", "6", "10", "0", "0", "0", "0", "0", "0", "0", "0", "12", "4", "14", "25", "5", "22", "10", "9", "21", "0", "0", "0", "0", "0", "0", "0", "0", "8", "20", "13", "12", "16", "12", "5", "22", "15", "0", "0", "0", "0", "0", "0", "0", "0", "5", "0", "0", "0", "0", "0", "0", "0", "0", "0", "0", "0", "0", "0", "0", "0", "0", "0", "0", "0", "0", "0", "0", "0", "0", "0", "0", "0", "0", "0", "0", "0", "0", "0", "0", "0", "0", "0", "0", "0", "0", "0", "0", "0", "0", "0", "0", "0", "0", "0", "0", "0", "0", "0", "0", "0", "0", "0", "0", "0", "0", "0", "0", "0", "0", "0", "0", "0", "0", "0", "0", "0", "0", "0", "0", "0", "0", "0", "0", "0", "0", "0", "0", "0", "0", "0", "0", "0", "0", "0", "0", "0", "0", "0", "0", "0", "0", "0", "0", "0", "0", "0", "0", "0", "0", "0", "0", "0", "0", "0", "0", "0", "0", "0", "0", "0", "0", "0", "0", "0", "0", "0", "0", "0", "0", "0", "0", "0", "0", "0", "0", "0", "0", "0", "0", "0", "0"], ["10", "18", "27", "0", "0", "0", "0", "27", "7", "0", "0", "0", "0", "0", "21", "0", "0", "17", "12", "18", "0", "0", "0", "0", "18", "31", "0", "0", "0", "0", "0", "9", "0", "0", "25", "6", "28", "0", "0", "0", "0", "19", "13", "0", "0", "0", "0", "0", "5", "0", "0", "0", "0", "0", "0", "0", "0", "0", "0", "0", "0", "0", "0", "0", "0", "0", "0", "0", "4", "9", "11", "0", "0", "0", "0", "15", "17", "0", "0", "0", "0", "0", "21", "0", "0", "25", "10", "23", "0", "0", "0", "0", "9", "8", "0", "0", "0", "0", "0", "22", "0", "0", "30", "5", "11", "0", "0", "0", "0", "16", "11", "0", "0", "0", "0", "0", "31", "0", "0", "0", "0", "0", "0", "0", "0", "0", "0", "0", "0", "0", "0", "0", "0", "0", "0", "0", "36", "36", "10", "0", "0", "0", "0", "52", "21", "0", "0", "0", "0", "0", "17", "0", "0", "0", "0", "0", "0", "0", "0", "0", "0", "0", "0", "0", "0", "0", "0", "0", "0", "0", "0", "0", "0", "0", "0", "0", "0", "0", "0", "0", "0", "0", "0", "0", "0", "0", "0", "11", "10", "26", "0", "0", "0", "0", "17", "16", "0", "0", "0", "0", "0", "24", "0", "0", "0", "0", "0", "0", "0", "0", "0", "0", "0", "0", "0", "0", "0", "0", "0", "0", "0", "0", "0", "0", "0", "0", "0", "0", "0", "0", "0", "0", "0", "0", "0", "0", "0", "0", "0", "0", "0", "0", "0", "0", "0", "0", "0", "0", "0", "0", "0", "0", "0", "0", "0", "28", "30", "23", "0", "0", "0", "0", "17", "17", "0", "0", "0", "0", "0", "20", "0", "0", "0", "0", "0", "0", "0", "0", "0", "0", "0", "0", "0", "0", "0", "0", "0", "0", "0"]]}