{"state": {"resTurn": "44", "h": "10", "w": "11", "score": [["7", "4", "5", "3", "1", "0", "1", "8", "5", "2", "0"], ["1", "2", "4", "2", "1", "-2", "4", "1", "8", "7", "-2"], ["1", "3", "6", "4", "4", "4", "0", "4", "6", "7", "6"], ["5", "-4", "5", "5", "2", "3", "3", "6", "4", "6", "1"], ["5", "3", "6", "0", "6", "2", "8", "4", "-2", "5", "4"], ["5", "3", "6", "0", "6", "2", "8", "4", "-2", "5", "4"], ["5", "-4", "5", "5", "2", "3", "3", "6", "4", "6", "1"], ["1", "3", "6", "4", "4", "4", "0", "4", "6", "7", "6"], ["1", "2", "4", "2", "1", "-2", "4", "1", "8", "7", "-2"], ["7", "4", "5", "3", "1", "0", "1", "8", "5", "2", "0"]], "color": [["1", "1", "0", "2", "1", "0", "0", "0", "0", "0", "0"], ["1", "1", "2", "2", "2", "0", "1", "0", "0", "0", "0"], ["1", "1", "1", "2", "2", "0", "1", "1", "0", "0", "0"], ["1", "1", "1", "2", "2", "0", "1", "0", "0", "0", "0"], ["1", "1", "1", "0", "2", "0", "0", "0", "0", "0", "0"], ["1", "1", "1", "2", "2", "0", "0", "0", "0", "0", "0"], ["1", "2", "0", "1", "2", "2", "2", "0", "0", "0", "0"], ["2", "2", "0", "0", "2", "2", "0", "0", "0", "0", "0"], ["0", "0", "2", "2", "2", "0", "0", "0", "0", "0", "0"], ["0", "0", "2", "2", "2", "0", "0", "0", "0", "0", "0"]], "pos": [{"x": "2", "y": "3"}, {"x": "1", "y": "2"}, {"x": "4", "y": "1"}, {"x": "1", "y": "6"}]}, "q": "0.005841522193126291", "z": "-1", "visitCount": [["11", "15", "7", "14", "5", "12", "12", "0", "6", "0", "0", "0", "0", "0", "0", "9", "0", "6", "8", "12", "6", "17", "15", "7", "0", "16", "0", "0", "0", "0", "0", "0", "11", "0", "6", "31", "10", "11", "10", "14", "10", "0", "18", "0", "0", "0", "0", "0", "0", "9", "0", "3", "27", "13", "5", "19", "34", "9", "0", "9", "0", "0", "0", "0", "0", "0", "12", "0", "12", "9", "5", "18", "4", "12", "9", "0", "14", "0", "0", "0", "0", "0", "0", "4", "0", "23", "17", "5", "18", "14", "6", "6", "0", "7", "0", "0", "0", "0", "0", "0", "11", "0", "10", "11", "9", "9", "30", "10", "21", "0", "23", "0", "0", "0", "0", "0", "0", "14", "0", "0", "0", "0", "0", "0", "0", "0", "0", "0", "0", "0", "0", "0", "0", "0", "0", "0", "0", "0", "0", "0", "0", "0", "0", "0", "0", "0", "0", "0", "0", "0", "0", "0", "0", "0", "0", "0", "0", "0", "0", "0", "0", "0", "0", "0", "0", "0", "0", "0", "0", "0", "0", "0", "0", "0", "0", "0", "0", "0", "0", "0", "0", "0", "0", "0", "0", "0", "0", "0", "0", "0", "0", "0", "0", "0", "0", "0", "0", "0", "0", "0", "0", "0", "0", "0", "0", "0", "0", "0", "0", "0", "0", "0", "0", "0", "0", "0", "0", "0", "0", "0", "0", "0", "0", "0", "0", "0", "0", "0", "0", "0", "0", "0", "0", "0", "0", "0", "0", "0", "0", "0", "0", "0", "0", "0", "0", "0", "0", "0", "0", "0", "0", "0", "0", "0", "0", "10", "8", "20", "10", "16", "14", "22", "0", "8", "0", "0", "0", "0", "0", "0", "8", "0", "4", "4", "14", "11", "24", "5", "13", "0", "13", "0", "0", "0", "0", "0", "0", "26", "0"], ["10", "20", "9", "16", "0", "0", "0", "0", "11", "0", "0", "0", "9", "27", "17", "10", "0", "12", "10", "8", "13", "0", "0", "0", "0", "11", "0", "0", "0", "15", "13", "10", "9", "0", "21", "6", "11", "17", "0", "0", "0", "0", "15", "0", "0", "0", "9", "22", "10", "15", "0", "7", "7", "7", "23", "0", "0", "0", "0", "10", "0", "0", "0", "15", "14", "7", "12", "0", "19", "12", "10", "10", "0", "0", "0", "0", "8", "0", "0", "0", "20", "9", "7", "10", "0", "3", "10", "15", "18", "0", "0", "0", "0", "13", "0", "0", "0", "38", "7", "13", "13", "0", "0", "0", "0", "0", "0", "0", "0", "0", "0", "0", "0", "0", "0", "0", "0", "0", "0", "16", "10", "8", "9", "0", "0", "0", "0", "12", "0", "0", "0", "6", "12", "22", "21", "0", "7", "15", "10", "3", "0", "0", "0", "0", "8", "0", "0", "0", "16", "7", "5", "11", "0", "0", "0", "0", "0", "0", "0", "0", "0", "0", "0", "0", "0", "0", "0", "0", "0", "0", "0", "0", "0", "0", "0", "0", "0", "0", "0", "0", "0", "0", "0", "0", "0", "0", "0", "0", "0", "0", "0", "0", "0", "0", "0", "0", "0", "0", "0", "0", "0", "0", "0", "0", "0", "0", "0", "0", "0", "0", "0", "0", "0", "0", "0", "0", "0", "0", "0", "0", "0", "0", "0", "0", "0", "0", "0", "0", "0", "0", "0", "0", "0", "0", "0", "0", "0", "0", "13", "20", "7", "9", "0", "0", "0", "0", "13", "0", "0", "0", "7", "22", "7", "11", "0", "0", "0", "0", "0", "0", "0", "0", "0", "0", "0", "0", "0", "0", "0", "0", "0", "0", "0", "0", "0", "0", "0", "0", "0", "0", "0", "0", "0", "0", "0", "0", "0", "0", "0"]]}