{"state": {"resTurn": "43", "h": "10", "w": "11", "score": [["7", "4", "5", "3", "1", "0", "1", "8", "5", "2", "0"], ["1", "2", "4", "2", "1", "-2", "4", "1", "8", "7", "-2"], ["1", "3", "6", "4", "4", "4", "0", "4", "6", "7", "6"], ["5", "-4", "5", "5", "2", "3", "3", "6", "4", "6", "1"], ["5", "3", "6", "0", "6", "2", "8", "4", "-2", "5", "4"], ["5", "3", "6", "0", "6", "2", "8", "4", "-2", "5", "4"], ["5", "-4", "5", "5", "2", "3", "3", "6", "4", "6", "1"], ["1", "3", "6", "4", "4", "4", "0", "4", "6", "7", "6"], ["1", "2", "4", "2", "1", "-2", "4", "1", "8", "7", "-2"], ["7", "4", "5", "3", "1", "0", "1", "8", "5", "2", "0"]], "color": [["1", "1", "0", "2", "1", "0", "0", "0", "0", "0", "0"], ["1", "1", "2", "2", "2", "0", "1", "0", "0", "0", "0"], ["1", "1", "1", "2", "2", "0", "1", "1", "0", "0", "0"], ["1", "1", "1", "2", "2", "0", "1", "0", "0", "0", "0"], ["1", "1", "1", "0", "2", "0", "0", "0", "0", "0", "0"], ["1", "1", "1", "2", "2", "0", "0", "0", "0", "0", "0"], ["0", "2", "0", "1", "2", "2", "2", "0", "0", "0", "0"], ["2", "2", "0", "0", "2", "2", "0", "0", "0", "0", "0"], ["0", "0", "2", "2", "2", "0", "0", "0", "0", "0", "0"], ["0", "0", "2", "2", "2", "0", "0", "0", "0", "0", "0"]], "pos": [{"x": "1", "y": "4"}, {"x": "0", "y": "1"}, {"x": "3", "y": "0"}, {"x": "1", "y": "6"}]}, "q": "0.005222665304711088", "z": "-1", "visitCount": [["14", "11", "21", "0", "0", "0", "25", "13", "35", "0", "0", "0", "0", "0", "0", "0", "0", "24", "11", "7", "0", "0", "0", "30", "16", "11", "0", "0", "0", "0", "0", "0", "0", "0", "27", "27", "7", "0", "0", "0", "23", "18", "22", "0", "0", "0", "0", "0", "0", "0", "0", "13", "17", "23", "0", "0", "0", "10", "10", "15", "0", "0", "0", "0", "0", "0", "0", "0", "7", "12", "16", "0", "0", "0", "26", "38", "21", "0", "0", "0", "0", "0", "0", "0", "0", "8", "6", "16", "0", "0", "0", "9", "21", "11", "0", "0", "0", "0", "0", "0", "0", "0", "23", "10", "16", "0", "0", "0", "17", "18", "7", "0", "0", "0", "0", "0", "0", "0", "0", "24", "9", "46", "0", "0", "0", "20", "25", "18", "0", "0", "0", "0", "0", "0", "0", "0", "28", "15", "7", "0", "0", "0", "34", "39", "23", "0", "0", "0", "0", "0", "0", "0", "0", "0", "0", "0", "0", "0", "0", "0", "0", "0", "0", "0", "0", "0", "0", "0", "0", "0", "0", "0", "0", "0", "0", "0", "0", "0", "0", "0", "0", "0", "0", "0", "0", "0", "0", "0", "0", "0", "0", "0", "0", "0", "0", "0", "0", "0", "0", "0", "0", "0", "0", "0", "0", "0", "0", "0", "0", "0", "0", "0", "0", "0", "0", "0", "0", "0", "0", "0", "0", "0", "0", "0", "0", "0", "0", "0", "0", "0", "0", "0", "0", "0", "0", "0", "0", "0", "0", "0", "0", "0", "0", "0", "0", "0", "0", "0", "0", "0", "0", "0", "0", "0", "0", "0", "0", "0", "0", "0", "0", "0", "0", "0", "0", "0", "0", "0", "0", "0", "0", "0", "0", "0", "0", "0", "0", "0", "0", "0", "0", "0", "0", "0", "0", "0", "0", "0", "0"], ["20", "16", "8", "14", "12", "0", "0", "0", "14", "0", "0", "0", "0", "28", "15", "22", "0", "10", "10", "17", "18", "43", "0", "0", "0", "19", "0", "0", "0", "0", "24", "15", "13", "0", "13", "20", "18", "16", "25", "0", "0", "0", "17", "0", "0", "0", "0", "10", "16", "10", "0", "13", "28", "20", "16", "21", "0", "0", "0", "10", "0", "0", "0", "0", "20", "9", "14", "0", "25", "34", "29", "18", "30", "0", "0", "0", "13", "0", "0", "0", "0", "25", "15", "20", "0", "0", "0", "0", "0", "0", "0", "0", "0", "0", "0", "0", "0", "0", "0", "0", "0", "0", "0", "0", "0", "0", "0", "0", "0", "0", "0", "0", "0", "0", "0", "0", "0", "0", "0", "0", "0", "0", "0", "0", "0", "0", "0", "0", "0", "0", "0", "0", "0", "0", "0", "0", "0", "0", "0", "0", "0", "0", "0", "0", "0", "0", "0", "0", "0", "0", "0", "0", "0", "0", "0", "0", "0", "0", "0", "0", "0", "0", "0", "0", "0", "0", "0", "0", "0", "0", "0", "0", "0", "0", "0", "0", "0", "0", "0", "0", "0", "0", "0", "0", "0", "0", "0", "0", "0", "0", "0", "0", "0", "0", "0", "0", "0", "0", "0", "0", "0", "0", "0", "0", "0", "0", "0", "0", "0", "0", "0", "0", "0", "0", "0", "0", "0", "0", "0", "0", "0", "0", "0", "0", "0", "0", "0", "0", "0", "0", "0", "0", "0", "0", "0", "0", "0", "0", "0", "0", "0", "0", "0", "0", "0", "0", "0", "0", "0", "0", "0", "0", "0", "0", "0", "0", "0", "0", "0", "0", "0", "0", "0", "0", "0", "0", "0", "0", "0", "0", "0", "0", "28", "24", "34", "13", "17", "0", "0", "0", "18", "0", "0", "0", "0", "11", "15", "17", "0"]]}