{"state": {"resTurn": "42", "h": "10", "w": "11", "score": [["7", "4", "5", "3", "1", "0", "1", "8", "5", "2", "0"], ["1", "2", "4", "2", "1", "-2", "4", "1", "8", "7", "-2"], ["1", "3", "6", "4", "4", "4", "0", "4", "6", "7", "6"], ["5", "-4", "5", "5", "2", "3", "3", "6", "4", "6", "1"], ["5", "3", "6", "0", "6", "2", "8", "4", "-2", "5", "4"], ["5", "3", "6", "0", "6", "2", "8", "4", "-2", "5", "4"], ["5", "-4", "5", "5", "2", "3", "3", "6", "4", "6", "1"], ["1", "3", "6", "4", "4", "4", "0", "4", "6", "7", "6"], ["1", "2", "4", "2", "1", "-2", "4", "1", "8", "7", "-2"], ["7", "4", "5", "3", "1", "0", "1", "8", "5", "2", "0"]], "color": [["1", "1", "0", "2", "1", "0", "0", "0", "0", "0", "0"], ["1", "1", "2", "2", "2", "0", "1", "0", "0", "0", "0"], ["1", "1", "1", "2", "2", "0", "1", "1", "0", "0", "0"], ["1", "1", "1", "2", "2", "0", "1", "0", "0", "0", "0"], ["1", "1", "1", "0", "2", "0", "0", "0", "0", "0", "0"], ["1", "1", "1", "2", "2", "0", "0", "0", "0", "0", "0"], ["2", "2", "0", "1", "2", "2", "2", "0", "0", "0", "0"], ["2", "2", "0", "0", "2", "2", "0", "0", "0", "0", "0"], ["0", "0", "2", "2", "2", "0", "0", "0", "0", "0", "0"], ["0", "0", "2", "2", "2", "0", "0", "0", "0", "0", "0"]], "pos": [{"x": "2", "y": "3"}, {"x": "0", "y": "2"}, {"x": "4", "y": "1"}, {"x": "0", "y": "6"}]}, "q": "0.005593560611632375", "z": "-1", "visitCount": [["12", "35", "15", "0", "0", "0", "18", "17", "13", "0", "0", "0", "0", "0", "0", "0", "0", "8", "26", "12", "0", "0", "0", "12", "25", "14", "0", "0", "0", "0", "0", "0", "0", "0", "14", "18", "19", "0", "0", "0", "36", "16", "40", "0", "0", "0", "0", "0", "0", "0", "0", "14", "30", "11", "0", "0", "0", "15", "25", "15", "0", "0", "0", "0", "0", "0", "0", "0", "20", "5", "9", "0", "0", "0", "43", "18", "22", "0", "0", "0", "0", "0", "0", "0", "0", "12", "20", "29", "0", "0", "0", "12", "14", "11", "0", "0", "0", "0", "0", "0", "0", "0", "14", "10", "28", "0", "0", "0", "15", "24", "11", "0", "0", "0", "0", "0", "0", "0", "0", "0", "0", "0", "0", "0", "0", "0", "0", "0", "0", "0", "0", "0", "0", "0", "0", "0", "0", "0", "0", "0", "0", "0", "0", "0", "0", "0", "0", "0", "0", "0", "0", "0", "0", "0", "0", "0", "0", "0", "0", "0", "0", "0", "0", "0", "0", "0", "0", "0", "0", "0", "0", "0", "0", "0", "0", "0", "0", "0", "0", "0", "0", "0", "0", "0", "0", "0", "0", "0", "0", "0", "0", "0", "0", "0", "0", "0", "0", "0", "0", "0", "0", "0", "0", "0", "0", "0", "0", "0", "0", "0", "0", "0", "0", "0", "0", "0", "0", "0", "0", "0", "0", "0", "0", "0", "0", "0", "0", "0", "0", "0", "0", "0", "0", "0", "0", "0", "0", "0", "0", "0", "0", "0", "0", "0", "0", "0", "0", "0", "0", "0", "0", "0", "0", "0", "0", "39", "14", "27", "0", "0", "0", "14", "30", "19", "0", "0", "0", "0", "0", "0", "0", "0", "19", "21", "14", "0", "0", "0", "5", "14", "9", "0", "0", "0", "0", "0", "0", "0", "0"], ["8", "19", "9", "0", "0", "0", "0", "0", "13", "0", "0", "0", "0", "0", "49", "15", "0", "13", "17", "14", "0", "0", "0", "0", "0", "17", "0", "0", "0", "0", "0", "21", "14", "0", "21", "19", "8", "0", "0", "0", "0", "0", "19", "0", "0", "0", "0", "0", "15", "24", "0", "14", "26", "7", "0", "0", "0", "0", "0", "21", "0", "0", "0", "0", "0", "31", "7", "0", "12", "13", "28", "0", "0", "0", "0", "0", "22", "0", "0", "0", "0", "0", "22", "19", "0", "13", "17", "21", "0", "0", "0", "0", "0", "30", "0", "0", "0", "0", "0", "13", "20", "0", "0", "0", "0", "0", "0", "0", "0", "0", "0", "0", "0", "0", "0", "0", "0", "0", "0", "17", "14", "14", "0", "0", "0", "0", "0", "18", "0", "0", "0", "0", "0", "17", "15", "0", "74", "12", "5", "0", "0", "0", "0", "0", "10", "0", "0", "0", "0", "0", "47", "8", "0", "0", "0", "0", "0", "0", "0", "0", "0", "0", "0", "0", "0", "0", "0", "0", "0", "0", "0", "0", "0", "0", "0", "0", "0", "0", "0", "0", "0", "0", "0", "0", "0", "0", "0", "0", "0", "0", "0", "0", "0", "0", "0", "0", "0", "0", "0", "0", "0", "0", "0", "0", "0", "0", "0", "0", "0", "0", "0", "0", "0", "0", "0", "0", "0", "0", "0", "0", "0", "0", "0", "0", "0", "0", "0", "0", "0", "0", "0", "0", "0", "0", "0", "0", "0", "0", "18", "29", "6", "0", "0", "0", "0", "0", "13", "0", "0", "0", "0", "0", "20", "14", "0", "0", "0", "0", "0", "0", "0", "0", "0", "0", "0", "0", "0", "0", "0", "0", "0", "0", "0", "0", "0", "0", "0", "0", "0", "0", "0", "0", "0", "0", "0", "0", "0", "0", "0"]]}