{"state": {"resTurn": "41", "h": "10", "w": "11", "score": [["7", "4", "5", "3", "1", "0", "1", "8", "5", "2", "0"], ["1", "2", "4", "2", "1", "-2", "4", "1", "8", "7", "-2"], ["1", "3", "6", "4", "4", "4", "0", "4", "6", "7", "6"], ["5", "-4", "5", "5", "2", "3", "3", "6", "4", "6", "1"], ["5", "3", "6", "0", "6", "2", "8", "4", "-2", "5", "4"], ["5", "3", "6", "0", "6", "2", "8", "4", "-2", "5", "4"], ["5", "-4", "5", "5", "2", "3", "3", "6", "4", "6", "1"], ["1", "3", "6", "4", "4", "4", "0", "4", "6", "7", "6"], ["1", "2", "4", "2", "1", "-2", "4", "1", "8", "7", "-2"], ["7", "4", "5", "3", "1", "0", "1", "8", "5", "2", "0"]], "color": [["1", "1", "0", "2", "1", "0", "0", "0", "0", "0", "0"], ["1", "1", "2", "2", "2", "2", "1", "0", "0", "0", "0"], ["1", "1", "1", "2", "2", "0", "1", "1", "0", "0", "0"], ["1", "1", "1", "2", "2", "0", "1", "0", "0", "0", "0"], ["1", "1", "1", "0", "2", "0", "0", "0", "0", "0", "0"], ["1", "1", "1", "2", "2", "0", "0", "0", "0", "0", "0"], ["2", "2", "0", "1", "2", "2", "2", "0", "0", "0", "0"], ["2", "2", "0", "0", "2", "2", "0", "0", "0", "0", "0"], ["0", "0", "2", "2", "2", "0", "0", "0", "0", "0", "0"], ["0", "0", "2", "2", "2", "0", "0", "0", "0", "0", "0"]], "pos": [{"x": "1", "y": "3"}, {"x": "0", "y": "1"}, {"x": "5", "y": "1"}, {"x": "0", "y": "6"}]}, "q": "0.006059934946548427", "z": "-1", "visitCount": [["9", "15", "34", "0", "0", "0", "25", "14", "16", "0", "0", "0", "0", "0", "0", "0", "0", "13", "26", "31", "0", "0", "0", "17", "20", "16", "0", "0", "0", "0", "0", "0", "0", "0", "11", "7", "15", "0", "0", "0", "17", "14", "18", "0", "0", "0", "0", "0", "0", "0", "0", "33", "16", "33", "0", "0", "0", "15", "18", "10", "0", "0", "0", "0", "0", "0", "0", "0", "6", "12", "25", "0", "0", "0", "18", "32", "24", "0", "0", "0", "0", "0", "0", "0", "0", "6", "15", "21", "0", "0", "0", "18", "15", "16", "0", "0", "0", "0", "0", "0", "0", "0", "26", "16", "19", "0", "0", "0", "18", "19", "10", "0", "0", "0", "0", "0", "0", "0", "0", "24", "29", "24", "0", "0", "0", "14", "20", "9", "0", "0", "0", "0", "0", "0", "0", "0", "15", "15", "6", "0", "0", "0", "19", "25", "41", "0", "0", "0", "0", "0", "0", "0", "0", "0", "0", "0", "0", "0", "0", "0", "0", "0", "0", "0", "0", "0", "0", "0", "0", "0", "0", "0", "0", "0", "0", "0", "0", "0", "0", "0", "0", "0", "0", "0", "0", "0", "0", "0", "0", "0", "0", "0", "0", "0", "0", "0", "0", "0", "0", "0", "0", "0", "0", "0", "0", "0", "0", "0", "0", "0", "0", "0", "0", "0", "0", "0", "0", "0", "0", "0", "0", "0", "0", "0", "0", "0", "0", "0", "0", "0", "0", "0", "0", "0", "0", "0", "0", "0", "0", "0", "0", "0", "0", "0", "0", "0", "0", "0", "0", "0", "0", "0", "0", "0", "0", "0", "0", "0", "0", "0", "0", "0", "0", "0", "0", "0", "0", "0", "0", "0", "0", "0", "0", "0", "0", "0", "0", "0", "0", "0", "0", "0", "0", "0", "0", "0", "0", "0", "0"], ["18", "9", "12", "0", "0", "0", "0", "0", "18", "0", "0", "0", "0", "0", "19", "12", "0", "0", "0", "0", "0", "0", "0", "0", "0", "0", "0", "0", "0", "0", "0", "0", "0", "0", "5", "20", "16", "0", "0", "0", "0", "0", "12", "0", "0", "0", "0", "0", "27", "8", "0", "43", "11", "20", "0", "0", "0", "0", "0", "15", "0", "0", "0", "0", "0", "22", "16", "0", "16", "9", "7", "0", "0", "0", "0", "0", "19", "0", "0", "0", "0", "0", "36", "12", "0", "0", "0", "0", "0", "0", "0", "0", "0", "0", "0", "0", "0", "0", "0", "0", "0", "0", "10", "13", "50", "0", "0", "0", "0", "0", "36", "0", "0", "0", "0", "0", "19", "19", "0", "17", "31", "5", "0", "0", "0", "0", "0", "18", "0", "0", "0", "0", "0", "19", "32", "0", "0", "0", "0", "0", "0", "0", "0", "0", "0", "0", "0", "0", "0", "0", "0", "0", "0", "20", "6", "16", "0", "0", "0", "0", "0", "15", "0", "0", "0", "0", "0", "15", "34", "0", "0", "0", "0", "0", "0", "0", "0", "0", "0", "0", "0", "0", "0", "0", "0", "0", "0", "0", "0", "0", "0", "0", "0", "0", "0", "0", "0", "0", "0", "0", "0", "0", "0", "0", "0", "0", "0", "0", "0", "0", "0", "0", "0", "0", "0", "0", "0", "0", "0", "0", "0", "31", "11", "22", "0", "0", "0", "0", "0", "37", "0", "0", "0", "0", "0", "12", "18", "0", "0", "0", "0", "0", "0", "0", "0", "0", "0", "0", "0", "0", "0", "0", "0", "0", "0", "0", "0", "0", "0", "0", "0", "0", "0", "0", "0", "0", "0", "0", "0", "0", "0", "0", "9", "39", "9", "0", "0", "0", "0", "0", "13", "0", "0", "0", "0", "0", "14", "8", "0"]]}