{"state": {"resTurn": "39", "h": "10", "w": "11", "score": [["7", "4", "5", "3", "1", "0", "1", "8", "5", "2", "0"], ["1", "2", "4", "2", "1", "-2", "4", "1", "8", "7", "-2"], ["1", "3", "6", "4", "4", "4", "0", "4", "6", "7", "6"], ["5", "-4", "5", "5", "2", "3", "3", "6", "4", "6", "1"], ["5", "3", "6", "0", "6", "2", "8", "4", "-2", "5", "4"], ["5", "3", "6", "0", "6", "2", "8", "4", "-2", "5", "4"], ["5", "-4", "5", "5", "2", "3", "3", "6", "4", "6", "1"], ["1", "3", "6", "4", "4", "4", "0", "4", "6", "7", "6"], ["1", "2", "4", "2", "1", "-2", "4", "1", "8", "7", "-2"], ["7", "4", "5", "3", "1", "0", "1", "8", "5", "2", "0"]], "color": [["1", "1", "0", "2", "1", "2", "0", "0", "0", "0", "0"], ["1", "1", "2", "2", "2", "2", "1", "0", "0", "0", "0"], ["1", "1", "1", "2", "2", "0", "1", "1", "0", "0", "0"], ["1", "1", "1", "2", "2", "0", "1", "0", "0", "0", "0"], ["1", "1", "1", "0", "2", "0", "0", "0", "0", "0", "0"], ["1", "1", "1", "2", "2", "0", "0", "0", "0", "0", "0"], ["2", "2", "0", "1", "2", "2", "2", "0", "0", "0", "0"], ["2", "2", "0", "0", "2", "2", "0", "0", "0", "0", "0"], ["0", "0", "2", "2", "2", "0", "0", "0", "0", "0", "0"], ["0", "0", "2", "2", "2", "0", "0", "0", "0", "0", "0"]], "pos": [{"x": "1", "y": "3"}, {"x": "1", "y": "1"}, {"x": "4", "y": "1"}, {"x": "0", "y": "7"}]}, "q": "0.005181220606600288", "z": "-1", "visitCount": [["8", "13", "12", "19", "9", "23", "10", "18", "0", "0", "0", "0", "0", "0", "0", "0", "22", "10", "13", "16", "6", "16", "6", "9", "5", "0", "0", "0", "0", "0", "0", "0", "0", "13", "4", "8", "13", "9", "26", "8", "7", "14", "0", "0", "0", "0", "0", "0", "0", "0", "10", "10", "12", "13", "7", "8", "15", "6", "15", "0", "0", "0", "0", "0", "0", "0", "0", "7", "8", "16", "10", "13", "22", "8", "27", "14", "0", "0", "0", "0", "0", "0", "0", "0", "14", "21", "13", "8", "13", "11", "20", "7", "8", "0", "0", "0", "0", "0", "0", "0", "0", "11", "9", "22", "11", "16", "17", "9", "8", "12", "0", "0", "0", "0", "0", "0", "0", "0", "17", "4", "7", "19", "8", "14", "5", "12", "19", "0", "0", "0", "0", "0", "0", "0", "0", "15", "13", "17", "16", "11", "9", "16", "9", "15", "0", "0", "0", "0", "0", "0", "0", "0", "7", "0", "0", "0", "0", "0", "0", "0", "0", "0", "0", "0", "0", "0", "0", "0", "0", "0", "0", "0", "0", "0", "0", "0", "0", "0", "0", "0", "0", "0", "0", "0", "0", "0", "0", "0", "0", "0", "0", "0", "0", "0", "0", "0", "0", "0", "0", "0", "0", "0", "0", "0", "0", "0", "0", "0", "0", "0", "0", "0", "0", "0", "0", "0", "0", "0", "0", "0", "0", "0", "0", "0", "0", "0", "0", "0", "0", "0", "0", "0", "0", "0", "0", "0", "0", "0", "0", "0", "0", "0", "0", "0", "0", "0", "0", "0", "0", "0", "0", "0", "0", "0", "0", "0", "0", "0", "0", "0", "0", "0", "0", "0", "0", "0", "0", "0", "0", "0", "0", "0", "0", "0", "0", "0", "0", "0", "0", "0", "0", "0", "0", "0", "0", "0", "0", "0", "0"], ["20", "19", "14", "0", "0", "0", "9", "28", "23", "0", "0", "0", "0", "0", "0", "0", "0", "21", "39", "16", "0", "0", "0", "35", "17", "15", "0", "0", "0", "0", "0", "0", "0", "0", "31", "8", "23", "0", "0", "0", "74", "24", "48", "0", "0", "0", "0", "0", "0", "0", "0", "13", "10", "31", "0", "0", "0", "14", "4", "24", "0", "0", "0", "0", "0", "0", "0", "0", "11", "17", "9", "0", "0", "0", "6", "14", "17", "0", "0", "0", "0", "0", "0", "0", "0", "8", "14", "10", "0", "0", "0", "16", "28", "36", "0", "0", "0", "0", "0", "0", "0", "0", "0", "0", "0", "0", "0", "0", "0", "0", "0", "0", "0", "0", "0", "0", "0", "0", "0", "17", "11", "12", "0", "0", "0", "16", "14", "13", "0", "0", "0", "0", "0", "0", "0", "0", "7", "13", "12", "0", "0", "0", "15", "12", "18", "0", "0", "0", "0", "0", "0", "0", "0", "0", "0", "0", "0", "0", "0", "0", "0", "0", "0", "0", "0", "0", "0", "0", "0", "0", "0", "0", "0", "0", "0", "0", "0", "0", "0", "0", "0", "0", "0", "0", "0", "0", "0", "0", "0", "0", "0", "0", "0", "0", "0", "0", "0", "0", "0", "0", "0", "0", "0", "0", "0", "0", "0", "0", "0", "0", "0", "0", "0", "0", "0", "0", "0", "0", "0", "0", "0", "0", "0", "0", "0", "0", "0", "0", "0", "0", "0", "0", "0", "0", "0", "0", "0", "0", "11", "7", "18", "0", "0", "0", "27", "18", "14", "0", "0", "0", "0", "0", "0", "0", "0", "0", "0", "0", "0", "0", "0", "0", "0", "0", "0", "0", "0", "0", "0", "0", "0", "0", "0", "0", "0", "0", "0", "0", "0", "0", "0", "0", "0", "0", "0", "0", "0", "0", "0"]]}