{"state": {"resTurn": "74", "h": "10", "w": "11", "score": [["7", "4", "5", "3", "1", "0", "1", "8", "5", "2", "0"], ["1", "2", "4", "2", "1", "-2", "4", "1", "8", "7", "-2"], ["1", "3", "6", "4", "4", "4", "0", "4", "6", "7", "6"], ["5", "-4", "5", "5", "2", "3", "3", "6", "4", "6", "1"], ["5", "3", "6", "0", "6", "2", "8", "4", "-2", "5", "4"], ["5", "3", "6", "0", "6", "2", "8", "4", "-2", "5", "4"], ["5", "-4", "5", "5", "2", "3", "3", "6", "4", "6", "1"], ["1", "3", "6", "4", "4", "4", "0", "4", "6", "7", "6"], ["1", "2", "4", "2", "1", "-2", "4", "1", "8", "7", "-2"], ["7", "4", "5", "3", "1", "0", "1", "8", "5", "2", "0"]], "color": [["0", "0", "0", "0", "0", "0", "0", "0", "0", "0", "0"], ["0", "0", "0", "1", "1", "1", "0", "0", "0", "0", "0"], ["0", "0", "1", "2", "0", "0", "0", "0", "0", "0", "0"], ["0", "0", "0", "0", "2", "2", "0", "0", "0", "0", "0"], ["0", "0", "0", "0", "2", "0", "0", "0", "0", "0", "0"], ["0", "0", "0", "0", "1", "0", "0", "0", "0", "0", "0"], ["0", "0", "0", "0", "2", "0", "0", "0", "0", "0", "0"], ["0", "0", "2", "2", "0", "0", "0", "0", "0", "0", "0"], ["0", "0", "0", "0", "0", "0", "0", "0", "0", "0", "0"], ["0", "0", "0", "0", "0", "0", "0", "0", "0", "0", "0"]], "pos": [{"x": "4", "y": "5"}, {"x": "5", "y": "1"}, {"x": "3", "y": "2"}, {"x": "3", "y": "7"}]}, "q": "0.003466273580363311", "z": "-1", "visitCount": [["16", "18", "9", "14", "21", "7", "11", "8", "9", "0", "0", "0", "0", "0", "0", "0", "0", "14", "20", "9", "23", "14", "9", "7", "14", "25", "0", "0", "0", "0", "0", "0", "0", "0", "0", "0", "0", "0", "0", "0", "0", "0", "0", "0", "0", "0", "0", "0", "0", "0", "0", "11", "8", "11", "9", "17", "7", "9", "12", "6", "0", "0", "0", "0", "0", "0", "0", "0", "8", "18", "11", "16", "15", "24", "11", "10", "10", "0", "0", "0", "0", "0", "0", "0", "0", "10", "15", "9", "9", "7", "13", "13", "12", "6", "0", "0", "0", "0", "0", "0", "0", "0", "0", "0", "0", "0", "0", "0", "0", "0", "0", "0", "0", "0", "0", "0", "0", "0", "0", "18", "11", "18", "7", "9", "15", "19", "10", "11", "0", "0", "0", "0", "0", "0", "0", "0", "9", "9", "16", "9", "16", "10", "11", "6", "8", "0", "0", "0", "0", "0", "0", "0", "0", "0", "0", "0", "0", "0", "0", "0", "0", "0", "0", "0", "0", "0", "0", "0", "0", "0", "23", "15", "11", "5", "11", "17", "22", "10", "6", "0", "0", "0", "0", "0", "0", "0", "0", "0", "0", "0", "0", "0", "0", "0", "0", "0", "0", "0", "0", "0", "0", "0", "0", "0", "0", "0", "0", "0", "0", "0", "0", "0", "0", "0", "0", "0", "0", "0", "0", "0", "0", "0", "0", "0", "0", "0", "0", "0", "0", "0", "0", "0", "0", "0", "0", "0", "0", "0", "10", "10", "17", "12", "17", "9", "8", "12", "18", "0", "0", "0", "0", "0", "0", "0", "0", "0", "0", "0", "0", "0", "0", "0", "0", "0", "0", "0", "0", "0", "0", "0", "0", "0", "0", "0", "0", "0", "0", "0", "0", "0", "0", "0", "0", "0", "0", "0", "0", "0", "0"], ["21", "6", "13", "13", "10", "10", "15", "10", "9", "0", "0", "0", "0", "0", "0", "0", "0", "10", "17", "7", "18", "16", "19", "12", "11", "16", "0", "0", "0", "0", "0", "0", "0", "0", "16", "3", "12", "14", "17", "5", "18", "17", "10", "0", "0", "0", "0", "0", "0", "0", "0", "9", "10", "7", "15", "5", "9", "12", "14", "3", "0", "0", "0", "0", "0", "0", "0", "0", "0", "0", "0", "0", "0", "0", "0", "0", "0", "0", "0", "0", "0", "0", "0", "0", "0", "17", "14", "22", "11", "19", "9", "11", "10", "14", "0", "0", "0", "0", "0", "0", "0", "0", "0", "0", "0", "0", "0", "0", "0", "0", "0", "0", "0", "0", "0", "0", "0", "0", "0", "0", "0", "0", "0", "0", "0", "0", "0", "0", "0", "0", "0", "0", "0", "0", "0", "0", "11", "13", "9", "25", "24", "20", "15", "15", "6", "0", "0", "0", "0", "0", "0", "0", "0", "0", "0", "0", "0", "0", "0", "0", "0", "0", "0", "0", "0", "0", "0", "0", "0", "0", "0", "0", "0", "0", "0", "0", "0", "0", "0", "0", "0", "0", "0", "0", "0", "0", "0", "0", "0", "0", "0", "0", "0", "0", "0", "0", "0", "0", "0", "0", "0", "0", "0", "0", "11", "13", "13", "14", "5", "12", "12", "10", "10", "0", "0", "0", "0", "0", "0", "0", "0", "0", "0", "0", "0", "0", "0", "0", "0", "0", "0", "0", "0", "0", "0", "0", "0", "0", "14", "11", "11", "9", "6", "22", "12", "10", "13", "0", "0", "0", "0", "0", "0", "0", "0", "11", "7", "10", "13", "10", "15", "14", "11", "7", "0", "0", "0", "0", "0", "0", "0", "0", "0", "0", "0", "0", "0", "0", "0", "0", "0", "0", "0", "0", "0", "0", "0", "0", "0"]]}