{"state": {"resTurn": "38", "h": "10", "w": "11", "score": [["7", "4", "5", "3", "1", "0", "1", "8", "5", "2", "0"], ["1", "2", "4", "2", "1", "-2", "4", "1", "8", "7", "-2"], ["1", "3", "6", "4", "4", "4", "0", "4", "6", "7", "6"], ["5", "-4", "5", "5", "2", "3", "3", "6", "4", "6", "1"], ["5", "3", "6", "0", "6", "2", "8", "4", "-2", "5", "4"], ["5", "3", "6", "0", "6", "2", "8", "4", "-2", "5", "4"], ["5", "-4", "5", "5", "2", "3", "3", "6", "4", "6", "1"], ["1", "3", "6", "4", "4", "4", "0", "4", "6", "7", "6"], ["1", "2", "4", "2", "1", "-2", "4", "1", "8", "7", "-2"], ["7", "4", "5", "3", "1", "0", "1", "8", "5", "2", "0"]], "color": [["1", "1", "0", "2", "1", "2", "0", "0", "0", "0", "0"], ["1", "1", "2", "2", "2", "2", "1", "0", "0", "0", "0"], ["1", "1", "1", "2", "2", "0", "1", "1", "0", "0", "0"], ["1", "1", "1", "2", "2", "0", "1", "0", "0", "0", "0"], ["1", "1", "1", "0", "2", "0", "0", "0", "0", "0", "0"], ["1", "1", "1", "2", "2", "0", "0", "0", "0", "0", "0"], ["2", "2", "0", "1", "2", "2", "2", "0", "0", "0", "0"], ["2", "2", "0", "0", "2", "2", "0", "0", "0", "0", "0"], ["0", "0", "2", "2", "2", "0", "0", "0", "0", "0", "0"], ["0", "0", "2", "2", "2", "0", "0", "0", "0", "0", "0"]], "pos": [{"x": "0", "y": "3"}, {"x": "1", "y": "0"}, {"x": "4", "y": "2"}, {"x": "0", "y": "6"}]}, "q": "0.005638512773804599", "z": "-1", "visitCount": [["77", "0", "20", "9", "15", "0", "0", "0", "25", "16", "0", "0", "0", "0", "0", "0", "0", "33", "0", "12", "34", "46", "0", "0", "0", "41", "38", "0", "0", "0", "0", "0", "0", "0", "26", "0", "39", "71", "20", "0", "0", "0", "26", "29", "0", "0", "0", "0", "0", "0", "0", "0", "0", "0", "0", "0", "0", "0", "0", "0", "0", "0", "0", "0", "0", "0", "0", "0", "0", "0", "0", "0", "0", "0", "0", "0", "0", "0", "0", "0", "0", "0", "0", "0", "0", "0", "0", "0", "0", "0", "0", "0", "0", "0", "0", "0", "0", "0", "0", "0", "0", "0", "32", "0", "23", "15", "17", "0", "0", "0", "15", "19", "0", "0", "0", "0", "0", "0", "0", "19", "0", "6", "15", "14", "0", "0", "0", "14", "18", "0", "0", "0", "0", "0", "0", "0", "28", "0", "30", "37", "37", "0", "0", "0", "71", "13", "0", "0", "0", "0", "0", "0", "0", "0", "0", "0", "0", "0", "0", "0", "0", "0", "0", "0", "0", "0", "0", "0", "0", "0", "0", "0", "0", "0", "0", "0", "0", "0", "0", "0", "0", "0", "0", "0", "0", "0", "0", "0", "0", "0", "0", "0", "0", "0", "0", "0", "0", "0", "0", "0", "0", "0", "0", "0", "0", "0", "0", "0", "0", "0", "0", "0", "0", "0", "0", "0", "0", "0", "0", "0", "0", "0", "0", "0", "0", "0", "0", "0", "0", "0", "0", "0", "0", "0", "0", "0", "0", "0", "0", "0", "0", "0", "0", "0", "0", "0", "0", "0", "0", "0", "0", "0", "0", "0", "0", "0", "0", "0", "0", "0", "0", "0", "0", "0", "0", "0", "0", "0", "0", "0", "0", "0", "0", "0", "0", "0", "0", "0", "0", "0", "0", "0", "0", "0", "0", "0", "0", "0", "0"], ["21", "9", "10", "0", "0", "0", "0", "0", "10", "0", "0", "0", "0", "0", "30", "15", "0", "10", "20", "16", "0", "0", "0", "0", "0", "27", "0", "0", "0", "0", "0", "18", "6", "0", "12", "30", "12", "0", "0", "0", "0", "0", "27", "0", "0", "0", "0", "0", "20", "15", "0", "19", "16", "22", "0", "0", "0", "0", "0", "18", "0", "0", "0", "0", "0", "6", "14", "0", "23", "23", "19", "0", "0", "0", "0", "0", "13", "0", "0", "0", "0", "0", "12", "14", "0", "18", "14", "21", "0", "0", "0", "0", "0", "12", "0", "0", "0", "0", "0", "18", "34", "0", "42", "19", "27", "0", "0", "0", "0", "0", "20", "0", "0", "0", "0", "0", "47", "9", "0", "24", "16", "14", "0", "0", "0", "0", "0", "18", "0", "0", "0", "0", "0", "32", "11", "0", "7", "13", "24", "0", "0", "0", "0", "0", "13", "0", "0", "0", "0", "0", "15", "25", "0", "0", "0", "0", "0", "0", "0", "0", "0", "0", "0", "0", "0", "0", "0", "0", "0", "0", "0", "0", "0", "0", "0", "0", "0", "0", "0", "0", "0", "0", "0", "0", "0", "0", "0", "0", "0", "0", "0", "0", "0", "0", "0", "0", "0", "0", "0", "0", "0", "0", "0", "0", "0", "0", "0", "0", "0", "0", "0", "0", "0", "0", "0", "0", "0", "0", "0", "0", "0", "0", "0", "0", "0", "0", "0", "0", "0", "0", "0", "0", "0", "0", "0", "0", "0", "0", "0", "0", "0", "0", "0", "0", "0", "0", "0", "0", "0", "0", "0", "0", "0", "0", "0", "0", "0", "0", "0", "0", "0", "0", "0", "0", "0", "0", "0", "0", "0", "0", "0", "0", "0", "0", "0", "0", "0", "0", "0", "0", "0", "0", "0", "0", "0", "0", "0", "0", "0"]]}