{"state": {"resTurn": "36", "h": "10", "w": "11", "score": [["7", "4", "5", "3", "1", "0", "1", "8", "5", "2", "0"], ["1", "2", "4", "2", "1", "-2", "4", "1", "8", "7", "-2"], ["1", "3", "6", "4", "4", "4", "0", "4", "6", "7", "6"], ["5", "-4", "5", "5", "2", "3", "3", "6", "4", "6", "1"], ["5", "3", "6", "0", "6", "2", "8", "4", "-2", "5", "4"], ["5", "3", "6", "0", "6", "2", "8", "4", "-2", "5", "4"], ["5", "-4", "5", "5", "2", "3", "3", "6", "4", "6", "1"], ["1", "3", "6", "4", "4", "4", "0", "4", "6", "7", "6"], ["1", "2", "4", "2", "1", "-2", "4", "1", "8", "7", "-2"], ["7", "4", "5", "3", "1", "0", "1", "8", "5", "2", "0"]], "color": [["1", "1", "1", "2", "1", "2", "0", "0", "0", "0", "0"], ["1", "1", "2", "2", "2", "2", "1", "0", "0", "0", "0"], ["1", "1", "1", "2", "2", "0", "1", "1", "0", "0", "0"], ["1", "1", "1", "2", "2", "0", "1", "0", "0", "0", "0"], ["1", "1", "1", "0", "2", "0", "0", "0", "0", "0", "0"], ["0", "0", "1", "2", "2", "0", "0", "0", "0", "0", "0"], ["2", "2", "0", "1", "2", "2", "2", "0", "0", "0", "0"], ["2", "2", "0", "0", "2", "2", "0", "0", "0", "0", "0"], ["0", "0", "2", "2", "2", "0", "0", "0", "0", "0", "0"], ["0", "0", "2", "2", "2", "0", "0", "0", "0", "0", "0"]], "pos": [{"x": "0", "y": "3"}, {"x": "2", "y": "0"}, {"x": "4", "y": "2"}, {"x": "0", "y": "6"}]}, "q": "0.005920592877242213", "z": "-1", "visitCount": [["43", "0", "0", "42", "83", "0", "0", "0", "0", "19", "44", "0", "0", "0", "0", "0", "24", "24", "0", "0", "11", "12", "0", "0", "0", "0", "76", "21", "0", "0", "0", "0", "0", "21", "14", "0", "0", "9", "10", "0", "0", "0", "0", "50", "9", "0", "0", "0", "0", "0", "26", "0", "0", "0", "0", "0", "0", "0", "0", "0", "0", "0", "0", "0", "0", "0", "0", "0", "0", "0", "0", "0", "0", "0", "0", "0", "0", "0", "0", "0", "0", "0", "0", "0", "0", "0", "0", "0", "0", "0", "0", "0", "0", "0", "0", "0", "0", "0", "0", "0", "0", "0", "11", "0", "0", "40", "11", "0", "0", "0", "0", "28", "15", "0", "0", "0", "0", "0", "37", "46", "0", "0", "28", "14", "0", "0", "0", "0", "51", "9", "0", "0", "0", "0", "0", "13", "32", "0", "0", "32", "34", "0", "0", "0", "0", "26", "15", "0", "0", "0", "0", "0", "21", "0", "0", "0", "0", "0", "0", "0", "0", "0", "0", "0", "0", "0", "0", "0", "0", "0", "0", "0", "0", "0", "0", "0", "0", "0", "0", "0", "0", "0", "0", "0", "0", "0", "0", "0", "0", "0", "0", "0", "0", "0", "0", "0", "0", "0", "0", "0", "0", "0", "0", "0", "0", "0", "0", "0", "0", "0", "0", "0", "0", "0", "0", "0", "0", "0", "0", "0", "0", "0", "0", "0", "0", "0", "0", "0", "0", "0", "0", "0", "0", "0", "0", "0", "0", "0", "0", "0", "0", "0", "0", "0", "0", "0", "0", "0", "0", "0", "0", "0", "0", "0", "0", "0", "0", "0", "0", "0", "0", "0", "0", "0", "0", "0", "0", "0", "0", "0", "0", "0", "0", "0", "0", "0", "0", "0", "0", "0", "0", "0", "0", "0", "0", "0", "0", "0", "0"], ["18", "8", "15", "0", "0", "0", "9", "22", "11", "0", "0", "0", "0", "0", "0", "0", "0", "17", "21", "15", "0", "0", "0", "23", "9", "19", "0", "0", "0", "0", "0", "0", "0", "0", "14", "25", "15", "0", "0", "0", "6", "6", "15", "0", "0", "0", "0", "0", "0", "0", "0", "32", "20", "10", "0", "0", "0", "13", "42", "23", "0", "0", "0", "0", "0", "0", "0", "0", "16", "21", "19", "0", "0", "0", "21", "18", "12", "0", "0", "0", "0", "0", "0", "0", "0", "22", "19", "46", "0", "0", "0", "25", "12", "43", "0", "0", "0", "0", "0", "0", "0", "0", "11", "9", "10", "0", "0", "0", "11", "34", "14", "0", "0", "0", "0", "0", "0", "0", "0", "11", "5", "24", "0", "0", "0", "16", "15", "29", "0", "0", "0", "0", "0", "0", "0", "0", "30", "16", "16", "0", "0", "0", "32", "24", "12", "0", "0", "0", "0", "0", "0", "0", "0", "0", "0", "0", "0", "0", "0", "0", "0", "0", "0", "0", "0", "0", "0", "0", "0", "0", "0", "0", "0", "0", "0", "0", "0", "0", "0", "0", "0", "0", "0", "0", "0", "0", "0", "0", "0", "0", "0", "0", "0", "0", "0", "0", "0", "0", "0", "0", "0", "0", "0", "0", "0", "0", "0", "0", "0", "0", "0", "0", "0", "0", "0", "0", "0", "0", "0", "0", "0", "0", "0", "0", "0", "0", "0", "0", "0", "0", "0", "0", "0", "0", "0", "0", "0", "0", "0", "0", "0", "0", "0", "0", "0", "0", "0", "0", "0", "0", "0", "0", "0", "0", "0", "0", "0", "0", "0", "0", "0", "0", "0", "0", "0", "0", "0", "0", "0", "0", "0", "0", "0", "0", "0", "0", "0", "0", "0", "0", "0", "0", "0", "0", "0", "0", "0", "0", "0"]]}