{"state": {"resTurn": "34", "h": "10", "w": "11", "score": [["7", "4", "5", "3", "1", "0", "1", "8", "5", "2", "0"], ["1", "2", "4", "2", "1", "-2", "4", "1", "8", "7", "-2"], ["1", "3", "6", "4", "4", "4", "0", "4", "6", "7", "6"], ["5", "-4", "5", "5", "2", "3", "3", "6", "4", "6", "1"], ["5", "3", "6", "0", "6", "2", "8", "4", "-2", "5", "4"], ["5", "3", "6", "0", "6", "2", "8", "4", "-2", "5", "4"], ["5", "-4", "5", "5", "2", "3", "3", "6", "4", "6", "1"], ["1", "3", "6", "4", "4", "4", "0", "4", "6", "7", "6"], ["1", "2", "4", "2", "1", "-2", "4", "1", "8", "7", "-2"], ["7", "4", "5", "3", "1", "0", "1", "8", "5", "2", "0"]], "color": [["1", "1", "1", "2", "0", "2", "0", "0", "0", "0", "0"], ["1", "1", "0", "2", "2", "2", "1", "0", "0", "0", "0"], ["1", "1", "1", "2", "2", "0", "1", "1", "0", "0", "0"], ["1", "1", "1", "2", "2", "0", "1", "0", "0", "0", "0"], ["1", "1", "1", "0", "2", "0", "0", "0", "0", "0", "0"], ["0", "0", "1", "2", "2", "0", "0", "0", "0", "0", "0"], ["2", "2", "0", "1", "2", "2", "2", "0", "0", "0", "0"], ["2", "2", "0", "0", "2", "2", "0", "0", "0", "0", "0"], ["0", "0", "2", "2", "2", "0", "0", "0", "0", "0", "0"], ["0", "0", "2", "2", "2", "0", "0", "0", "0", "0", "0"]], "pos": [{"x": "1", "y": "4"}, {"x": "1", "y": "0"}, {"x": "3", "y": "1"}, {"x": "1", "y": "6"}]}, "q": "0.005213179785801781", "z": "-1", "visitCount": [["13", "18", "14", "10", "10", "0", "0", "0", "11", "0", "0", "0", "0", "0", "0", "0", "0", "23", "10", "33", "18", "12", "0", "0", "0", "23", "0", "0", "0", "0", "0", "0", "0", "0", "58", "23", "30", "37", "14", "0", "0", "0", "39", "0", "0", "0", "0", "0", "0", "0", "0", "8", "8", "12", "23", "8", "0", "0", "0", "7", "0", "0", "0", "0", "0", "0", "0", "0", "12", "23", "17", "16", "12", "0", "0", "0", "10", "0", "0", "0", "0", "0", "0", "0", "0", "9", "22", "10", "32", "10", "0", "0", "0", "25", "0", "0", "0", "0", "0", "0", "0", "0", "13", "36", "11", "10", "22", "0", "0", "0", "29", "0", "0", "0", "0", "0", "0", "0", "0", "51", "12", "13", "7", "26", "0", "0", "0", "12", "0", "0", "0", "0", "0", "0", "0", "0", "22", "31", "12", "11", "13", "0", "0", "0", "10", "0", "0", "0", "0", "0", "0", "0", "0", "0", "0", "0", "0", "0", "0", "0", "0", "0", "0", "0", "0", "0", "0", "0", "0", "0", "0", "0", "0", "0", "0", "0", "0", "0", "0", "0", "0", "0", "0", "0", "0", "0", "0", "0", "0", "0", "0", "0", "0", "0", "0", "0", "0", "0", "0", "0", "0", "0", "0", "0", "0", "0", "0", "0", "0", "0", "0", "0", "0", "0", "0", "0", "0", "0", "0", "0", "0", "0", "0", "0", "0", "0", "0", "0", "0", "0", "0", "0", "0", "0", "0", "0", "0", "0", "0", "0", "0", "0", "0", "0", "0", "0", "0", "0", "0", "0", "0", "0", "0", "0", "0", "0", "0", "0", "0", "0", "0", "0", "0", "0", "0", "0", "0", "0", "0", "0", "0", "0", "0", "0", "0", "0", "0", "0", "0", "0", "0", "0", "0", "0", "0", "0", "0", "0", "0"], ["13", "7", "8", "22", "12", "3", "5", "0", "10", "0", "0", "0", "0", "0", "0", "5", "0", "21", "13", "10", "8", "9", "12", "18", "0", "11", "0", "0", "0", "0", "0", "0", "20", "0", "14", "17", "6", "15", "4", "10", "9", "0", "19", "0", "0", "0", "0", "0", "0", "17", "0", "0", "0", "0", "0", "0", "0", "0", "0", "0", "0", "0", "0", "0", "0", "0", "0", "0", "17", "13", "9", "10", "11", "13", "14", "0", "7", "0", "0", "0", "0", "0", "0", "25", "0", "0", "0", "0", "0", "0", "0", "0", "0", "0", "0", "0", "0", "0", "0", "0", "0", "0", "11", "11", "12", "21", "10", "10", "7", "0", "7", "0", "0", "0", "0", "0", "0", "6", "0", "7", "11", "9", "24", "9", "12", "16", "0", "12", "0", "0", "0", "0", "0", "0", "13", "0", "9", "13", "8", "9", "26", "9", "11", "0", "9", "0", "0", "0", "0", "0", "0", "7", "0", "0", "0", "0", "0", "0", "0", "0", "0", "0", "0", "0", "0", "0", "0", "0", "0", "0", "0", "0", "0", "0", "0", "0", "0", "0", "0", "0", "0", "0", "0", "0", "0", "0", "0", "16", "17", "8", "22", "14", "9", "14", "0", "6", "0", "0", "0", "0", "0", "0", "4", "0", "0", "0", "0", "0", "0", "0", "0", "0", "0", "0", "0", "0", "0", "0", "0", "0", "0", "21", "14", "12", "7", "18", "5", "28", "0", "31", "0", "0", "0", "0", "0", "0", "9", "0", "0", "0", "0", "0", "0", "0", "0", "0", "0", "0", "0", "0", "0", "0", "0", "0", "0", "0", "0", "0", "0", "0", "0", "0", "0", "0", "0", "0", "0", "0", "0", "0", "0", "0", "0", "0", "0", "0", "0", "0", "0", "0", "0", "0", "0", "0", "0", "0", "0", "0", "0"]]}