{"state": {"resTurn": "33", "h": "10", "w": "11", "score": [["7", "4", "5", "3", "1", "0", "1", "8", "5", "2", "0"], ["1", "2", "4", "2", "1", "-2", "4", "1", "8", "7", "-2"], ["1", "3", "6", "4", "4", "4", "0", "4", "6", "7", "6"], ["5", "-4", "5", "5", "2", "3", "3", "6", "4", "6", "1"], ["5", "3", "6", "0", "6", "2", "8", "4", "-2", "5", "4"], ["5", "3", "6", "0", "6", "2", "8", "4", "-2", "5", "4"], ["5", "-4", "5", "5", "2", "3", "3", "6", "4", "6", "1"], ["1", "3", "6", "4", "4", "4", "0", "4", "6", "7", "6"], ["1", "2", "4", "2", "1", "-2", "4", "1", "8", "7", "-2"], ["7", "4", "5", "3", "1", "0", "1", "8", "5", "2", "0"]], "color": [["1", "1", "0", "2", "0", "2", "0", "0", "0", "0", "0"], ["1", "1", "0", "2", "2", "2", "1", "0", "0", "0", "0"], ["1", "1", "1", "2", "2", "0", "1", "1", "0", "0", "0"], ["1", "1", "1", "2", "2", "0", "1", "0", "0", "0", "0"], ["1", "1", "1", "0", "2", "0", "0", "0", "0", "0", "0"], ["0", "1", "1", "2", "2", "0", "0", "0", "0", "0", "0"], ["2", "2", "2", "1", "2", "2", "2", "0", "0", "0", "0"], ["2", "2", "0", "0", "2", "2", "0", "0", "0", "0", "0"], ["0", "0", "2", "2", "2", "0", "0", "0", "0", "0", "0"], ["0", "0", "2", "2", "2", "0", "0", "0", "0", "0", "0"]], "pos": [{"x": "1", "y": "5"}, {"x": "1", "y": "0"}, {"x": "3", "y": "1"}, {"x": "2", "y": "6"}]}, "q": "0.005017870453848156", "z": "-1", "visitCount": [["19", "10", "20", "27", "15", "0", "0", "0", "12", "0", "0", "0", "0", "0", "0", "0", "0", "0", "0", "0", "0", "0", "0", "0", "0", "0", "0", "0", "0", "0", "0", "0", "0", "0", "0", "0", "0", "0", "0", "0", "0", "0", "0", "0", "0", "0", "0", "0", "0", "0", "0", "0", "0", "0", "0", "0", "0", "0", "0", "0", "0", "0", "0", "0", "0", "0", "0", "0", "16", "31", "9", "23", "17", "0", "0", "0", "5", "0", "0", "0", "0", "0", "0", "0", "0", "23", "18", "14", "12", "22", "0", "0", "0", "9", "0", "0", "0", "0", "0", "0", "0", "0", "17", "26", "26", "8", "14", "0", "0", "0", "18", "0", "0", "0", "0", "0", "0", "0", "0", "14", "12", "15", "15", "14", "0", "0", "0", "8", "0", "0", "0", "0", "0", "0", "0", "0", "16", "13", "9", "17", "38", "0", "0", "0", "6", "0", "0", "0", "0", "0", "0", "0", "0", "25", "25", "7", "27", "11", "0", "0", "0", "22", "0", "0", "0", "0", "0", "0", "0", "0", "9", "51", "24", "17", "12", "0", "0", "0", "18", "0", "0", "0", "0", "0", "0", "0", "0", "17", "36", "35", "8", "26", "0", "0", "0", "42", "0", "0", "0", "0", "0", "0", "0", "0", "0", "0", "0", "0", "0", "0", "0", "0", "0", "0", "0", "0", "0", "0", "0", "0", "0", "0", "0", "0", "0", "0", "0", "0", "0", "0", "0", "0", "0", "0", "0", "0", "0", "0", "0", "0", "0", "0", "0", "0", "0", "0", "0", "0", "0", "0", "0", "0", "0", "0", "0", "0", "0", "0", "0", "0", "0", "0", "0", "0", "0", "0", "0", "0", "0", "0", "0", "0", "0", "0", "0", "0", "0", "0", "0", "0", "0", "0", "0", "0", "0", "0", "0", "0", "0"], ["11", "15", "5", "12", "20", "0", "0", "29", "0", "0", "0", "0", "0", "18", "16", "0", "6", "12", "11", "9", "23", "12", "0", "0", "10", "0", "0", "0", "0", "0", "13", "11", "0", "10", "11", "5", "21", "10", "14", "0", "0", "12", "0", "0", "0", "0", "0", "12", "7", "0", "21", "0", "0", "0", "0", "0", "0", "0", "0", "0", "0", "0", "0", "0", "0", "0", "0", "0", "28", "11", "13", "15", "4", "0", "0", "8", "0", "0", "0", "0", "0", "6", "17", "0", "10", "12", "15", "15", "10", "3", "0", "0", "12", "0", "0", "0", "0", "0", "7", "12", "0", "9", "10", "11", "11", "8", "11", "0", "0", "10", "0", "0", "0", "0", "0", "5", "5", "0", "6", "8", "8", "7", "6", "15", "0", "0", "31", "0", "0", "0", "0", "0", "15", "18", "0", "19", "10", "15", "8", "13", "21", "0", "0", "16", "0", "0", "0", "0", "0", "7", "7", "0", "9", "0", "0", "0", "0", "0", "0", "0", "0", "0", "0", "0", "0", "0", "0", "0", "0", "0", "0", "0", "0", "0", "0", "0", "0", "0", "0", "0", "0", "0", "0", "0", "0", "0", "0", "23", "9", "13", "17", "10", "0", "0", "11", "0", "0", "0", "0", "0", "17", "19", "0", "8", "0", "0", "0", "0", "0", "0", "0", "0", "0", "0", "0", "0", "0", "0", "0", "0", "0", "0", "0", "0", "0", "0", "0", "0", "0", "0", "0", "0", "0", "0", "0", "0", "0", "0", "0", "0", "0", "0", "0", "0", "0", "0", "0", "0", "0", "0", "0", "0", "0", "0", "0", "0", "0", "0", "0", "0", "0", "0", "0", "0", "0", "0", "0", "0", "0", "0", "0", "0", "0", "0", "0", "0", "0", "0", "0", "0", "0", "0", "0", "0", "0", "0", "0", "0", "0"]]}