{"state": {"resTurn": "32", "h": "10", "w": "11", "score": [["7", "4", "5", "3", "1", "0", "1", "8", "5", "2", "0"], ["1", "2", "4", "2", "1", "-2", "4", "1", "8", "7", "-2"], ["1", "3", "6", "4", "4", "4", "0", "4", "6", "7", "6"], ["5", "-4", "5", "5", "2", "3", "3", "6", "4", "6", "1"], ["5", "3", "6", "0", "6", "2", "8", "4", "-2", "5", "4"], ["5", "3", "6", "0", "6", "2", "8", "4", "-2", "5", "4"], ["5", "-4", "5", "5", "2", "3", "3", "6", "4", "6", "1"], ["1", "3", "6", "4", "4", "4", "0", "4", "6", "7", "6"], ["1", "2", "4", "2", "1", "-2", "4", "1", "8", "7", "-2"], ["7", "4", "5", "3", "1", "0", "1", "8", "5", "2", "0"]], "color": [["1", "1", "0", "2", "2", "2", "0", "0", "0", "0", "0"], ["1", "1", "1", "2", "2", "2", "1", "0", "0", "0", "0"], ["1", "1", "1", "2", "2", "0", "1", "1", "0", "0", "0"], ["1", "1", "1", "2", "2", "0", "1", "0", "0", "0", "0"], ["1", "1", "1", "0", "2", "0", "0", "0", "0", "0", "0"], ["0", "1", "1", "2", "2", "0", "0", "0", "0", "0", "0"], ["2", "0", "2", "1", "2", "2", "2", "0", "0", "0", "0"], ["2", "2", "0", "0", "2", "2", "0", "0", "0", "0", "0"], ["0", "0", "2", "2", "2", "0", "0", "0", "0", "0", "0"], ["0", "0", "2", "2", "2", "0", "0", "0", "0", "0", "0"]], "pos": [{"x": "1", "y": "5"}, {"x": "2", "y": "1"}, {"x": "4", "y": "0"}, {"x": "3", "y": "5"}]}, "q": "0.00387741680654569", "z": "-1", "visitCount": [["11", "0", "16", "6", "4", "7", "7", "0", "0", "15", "0", "0", "0", "0", "0", "11", "14", "0", "0", "0", "0", "0", "0", "0", "0", "0", "0", "0", "0", "0", "0", "0", "0", "0", "8", "0", "16", "13", "11", "12", "16", "0", "0", "23", "0", "0", "0", "0", "0", "10", "19", "0", "0", "0", "0", "0", "0", "0", "0", "0", "0", "0", "0", "0", "0", "0", "0", "0", "13", "0", "12", "9", "7", "13", "16", "0", "0", "17", "0", "0", "0", "0", "0", "23", "13", "14", "0", "14", "12", "9", "10", "9", "0", "0", "13", "0", "0", "0", "0", "0", "12", "11", "14", "0", "9", "26", "10", "16", "8", "0", "0", "14", "0", "0", "0", "0", "0", "14", "11", "10", "0", "9", "13", "5", "14", "12", "0", "0", "17", "0", "0", "0", "0", "0", "29", "21", "12", "0", "7", "14", "20", "5", "10", "0", "0", "14", "0", "0", "0", "0", "0", "7", "6", "5", "0", "17", "6", "5", "6", "11", "0", "0", "30", "0", "0", "0", "0", "0", "21", "11", "0", "0", "0", "0", "0", "0", "0", "0", "0", "0", "0", "0", "0", "0", "0", "0", "0", "9", "0", "10", "13", "9", "9", "20", "0", "0", "5", "0", "0", "0", "0", "0", "11", "9", "0", "0", "0", "0", "0", "0", "0", "0", "0", "0", "0", "0", "0", "0", "0", "0", "0", "0", "0", "0", "0", "0", "0", "0", "0", "0", "0", "0", "0", "0", "0", "0", "0", "0", "0", "0", "0", "0", "0", "0", "0", "0", "0", "0", "0", "0", "0", "0", "0", "0", "0", "0", "0", "0", "0", "0", "0", "0", "0", "0", "0", "0", "0", "0", "0", "0", "0", "0", "0", "0", "0", "0", "0", "0", "0", "0", "0", "0", "0", "0", "0", "0", "0", "0", "0"], ["24", "11", "0", "12", "0", "0", "15", "15", "12", "0", "9", "0", "22", "5", "0", "0", "0", "7", "28", "0", "17", "0", "0", "22", "12", "11", "0", "12", "0", "33", "32", "0", "0", "0", "10", "36", "0", "34", "0", "0", "19", "39", "27", "0", "14", "0", "15", "22", "0", "0", "0", "13", "14", "0", "31", "0", "0", "20", "14", "37", "0", "16", "0", "7", "7", "0", "0", "0", "26", "42", "0", "22", "0", "0", "26", "19", "8", "0", "13", "0", "14", "5", "0", "0", "0", "0", "0", "0", "0", "0", "0", "0", "0", "0", "0", "0", "0", "0", "0", "0", "0", "0", "0", "0", "0", "0", "0", "0", "0", "0", "0", "0", "0", "0", "0", "0", "0", "0", "0", "0", "0", "0", "0", "0", "0", "0", "0", "0", "0", "0", "0", "0", "0", "0", "0", "0", "16", "7", "0", "19", "0", "0", "8", "15", "19", "0", "27", "0", "20", "20", "0", "0", "0", "0", "0", "0", "0", "0", "0", "0", "0", "0", "0", "0", "0", "0", "0", "0", "0", "0", "0", "0", "0", "0", "0", "0", "0", "0", "0", "0", "0", "0", "0", "0", "0", "0", "0", "0", "0", "0", "0", "0", "0", "0", "0", "0", "0", "0", "0", "0", "0", "0", "0", "0", "0", "0", "0", "0", "0", "0", "0", "0", "0", "0", "0", "0", "0", "0", "0", "0", "0", "0", "0", "0", "0", "0", "0", "0", "0", "0", "0", "0", "0", "0", "0", "0", "0", "0", "0", "0", "0", "0", "0", "0", "0", "0", "0", "0", "0", "0", "0", "0", "0", "0", "0", "0", "0", "0", "0", "0", "0", "0", "0", "0", "0", "0", "0", "0", "0", "0", "0", "0", "0", "0", "0", "0", "0", "0", "0", "0", "0", "0", "0", "0", "0", "0", "0", "0", "0"]]}