{"state": {"resTurn": "31", "h": "10", "w": "11", "score": [["7", "4", "5", "3", "1", "0", "1", "8", "5", "2", "0"], ["1", "2", "4", "2", "1", "-2", "4", "1", "8", "7", "-2"], ["1", "3", "6", "4", "4", "4", "0", "4", "6", "7", "6"], ["5", "-4", "5", "5", "2", "3", "3", "6", "4", "6", "1"], ["5", "3", "6", "0", "6", "2", "8", "4", "-2", "5", "4"], ["5", "3", "6", "0", "6", "2", "8", "4", "-2", "5", "4"], ["5", "-4", "5", "5", "2", "3", "3", "6", "4", "6", "1"], ["1", "3", "6", "4", "4", "4", "0", "4", "6", "7", "6"], ["1", "2", "4", "2", "1", "-2", "4", "1", "8", "7", "-2"], ["7", "4", "5", "3", "1", "0", "1", "8", "5", "2", "0"]], "color": [["1", "1", "0", "2", "2", "2", "0", "0", "0", "0", "0"], ["1", "1", "1", "2", "2", "2", "1", "0", "0", "0", "0"], ["1", "1", "1", "0", "2", "0", "1", "1", "0", "0", "0"], ["1", "1", "1", "2", "2", "0", "1", "0", "0", "0", "0"], ["1", "1", "1", "0", "2", "0", "0", "0", "0", "0", "0"], ["0", "1", "1", "2", "2", "0", "0", "0", "0", "0", "0"], ["2", "0", "0", "1", "2", "2", "2", "0", "0", "0", "0"], ["2", "2", "0", "0", "2", "2", "0", "0", "0", "0", "0"], ["0", "0", "2", "2", "2", "0", "0", "0", "0", "0", "0"], ["0", "0", "2", "2", "2", "0", "0", "0", "0", "0", "0"]], "pos": [{"x": "1", "y": "5"}, {"x": "2", "y": "1"}, {"x": "3", "y": "0"}, {"x": "4", "y": "6"}]}, "q": "0.004424730290429201", "z": "-1", "visitCount": [["9", "8", "12", "16", "12", "6", "14", "0", "0", "0", "0", "0", "0", "0", "0", "13", "7", "10", "14", "6", "6", "17", "22", "6", "0", "0", "0", "0", "0", "0", "0", "0", "14", "5", "9", "16", "15", "14", "9", "13", "8", "0", "0", "0", "0", "0", "0", "0", "0", "10", "7", "0", "0", "0", "0", "0", "0", "0", "0", "0", "0", "0", "0", "0", "0", "0", "0", "0", "11", "8", "6", "9", "10", "13", "31", "0", "0", "0", "0", "0", "0", "0", "0", "21", "8", "19", "10", "19", "17", "16", "23", "14", "0", "0", "0", "0", "0", "0", "0", "0", "17", "12", "5", "9", "15", "9", "17", "32", "9", "0", "0", "0", "0", "0", "0", "0", "0", "12", "5", "17", "6", "12", "13", "6", "14", "9", "0", "0", "0", "0", "0", "0", "0", "0", "24", "8", "7", "6", "17", "10", "7", "5", "20", "0", "0", "0", "0", "0", "0", "0", "0", "12", "11", "0", "0", "0", "0", "0", "0", "0", "0", "0", "0", "0", "0", "0", "0", "0", "0", "0", "0", "0", "0", "0", "0", "0", "0", "0", "0", "0", "0", "0", "0", "0", "0", "0", "0", "17", "32", "18", "6", "13", "5", "4", "0", "0", "0", "0", "0", "0", "0", "0", "17", "9", "0", "0", "0", "0", "0", "0", "0", "0", "0", "0", "0", "0", "0", "0", "0", "0", "0", "0", "0", "0", "0", "0", "0", "0", "0", "0", "0", "0", "0", "0", "0", "0", "0", "0", "0", "0", "0", "0", "0", "0", "0", "0", "0", "0", "0", "0", "0", "0", "0", "0", "0", "0", "0", "0", "0", "0", "0", "0", "0", "0", "0", "0", "0", "0", "0", "0", "0", "0", "0", "0", "0", "0", "0", "0", "0", "0", "0", "0", "0", "0", "0", "0", "0", "0", "0"], ["14", "13", "39", "20", "0", "16", "14", "17", "9", "0", "0", "0", "13", "0", "0", "0", "0", "16", "12", "15", "22", "0", "26", "10", "14", "13", "0", "0", "0", "16", "0", "0", "0", "0", "19", "17", "13", "15", "0", "15", "32", "15", "23", "0", "0", "0", "9", "0", "0", "0", "0", "0", "0", "0", "0", "0", "0", "0", "0", "0", "0", "0", "0", "0", "0", "0", "0", "0", "24", "30", "17", "28", "0", "28", "36", "16", "8", "0", "0", "0", "28", "0", "0", "0", "0", "0", "0", "0", "0", "0", "0", "0", "0", "0", "0", "0", "0", "0", "0", "0", "0", "0", "0", "0", "0", "0", "0", "0", "0", "0", "0", "0", "0", "0", "0", "0", "0", "0", "0", "0", "0", "0", "0", "0", "0", "0", "0", "0", "0", "0", "0", "0", "0", "0", "0", "0", "22", "19", "26", "19", "0", "19", "18", "10", "9", "0", "0", "0", "14", "0", "0", "0", "0", "0", "0", "0", "0", "0", "0", "0", "0", "0", "0", "0", "0", "0", "0", "0", "0", "0", "0", "0", "0", "0", "0", "0", "0", "0", "0", "0", "0", "0", "0", "0", "0", "0", "0", "15", "31", "21", "28", "0", "19", "9", "13", "11", "0", "0", "0", "25", "0", "0", "0", "0", "0", "0", "0", "0", "0", "0", "0", "0", "0", "0", "0", "0", "0", "0", "0", "0", "0", "0", "0", "0", "0", "0", "0", "0", "0", "0", "0", "0", "0", "0", "0", "0", "0", "0", "0", "0", "0", "0", "0", "0", "0", "0", "0", "0", "0", "0", "0", "0", "0", "0", "0", "0", "0", "0", "0", "0", "0", "0", "0", "0", "0", "0", "0", "0", "0", "0", "0", "0", "0", "0", "0", "0", "0", "0", "0", "0", "0", "0", "0", "0", "0", "0", "0", "0", "0"]]}