{"state": {"resTurn": "30", "h": "10", "w": "11", "score": [["7", "4", "5", "3", "1", "0", "1", "8", "5", "2", "0"], ["1", "2", "4", "2", "1", "-2", "4", "1", "8", "7", "-2"], ["1", "3", "6", "4", "4", "4", "0", "4", "6", "7", "6"], ["5", "-4", "5", "5", "2", "3", "3", "6", "4", "6", "1"], ["5", "3", "6", "0", "6", "2", "8", "4", "-2", "5", "4"], ["5", "3", "6", "0", "6", "2", "8", "4", "-2", "5", "4"], ["5", "-4", "5", "5", "2", "3", "3", "6", "4", "6", "1"], ["1", "3", "6", "4", "4", "4", "0", "4", "6", "7", "6"], ["1", "2", "4", "2", "1", "-2", "4", "1", "8", "7", "-2"], ["7", "4", "5", "3", "1", "0", "1", "8", "5", "2", "0"]], "color": [["1", "1", "0", "2", "2", "2", "0", "0", "0", "0", "0"], ["1", "1", "1", "2", "2", "2", "1", "0", "0", "0", "0"], ["1", "1", "1", "0", "2", "0", "1", "1", "0", "0", "0"], ["1", "1", "1", "2", "2", "0", "1", "0", "0", "0", "0"], ["1", "1", "1", "0", "2", "0", "0", "0", "0", "0", "0"], ["0", "1", "1", "2", "2", "0", "0", "0", "0", "0", "0"], ["2", "0", "0", "1", "2", "2", "2", "0", "0", "0", "0"], ["2", "2", "0", "0", "2", "2", "0", "0", "0", "0", "0"], ["0", "0", "2", "2", "2", "0", "0", "0", "0", "0", "0"], ["0", "0", "2", "2", "2", "0", "0", "0", "0", "0", "0"]], "pos": [{"x": "1", "y": "4"}, {"x": "1", "y": "0"}, {"x": "3", "y": "0"}, {"x": "4", "y": "7"}]}, "q": "0.004511443676671945", "z": "-1", "visitCount": [["20", "15", "18", "32", "21", "0", "0", "0", "8", "0", "0", "0", "0", "0", "0", "0", "0", "16", "13", "33", "19", "14", "0", "0", "0", "32", "0", "0", "0", "0", "0", "0", "0", "0", "27", "11", "37", "20", "24", "0", "0", "0", "21", "0", "0", "0", "0", "0", "0", "0", "0", "36", "19", "19", "28", "10", "0", "0", "0", "13", "0", "0", "0", "0", "0", "0", "0", "0", "10", "22", "45", "21", "18", "0", "0", "0", "13", "0", "0", "0", "0", "0", "0", "0", "0", "14", "6", "20", "12", "20", "0", "0", "0", "30", "0", "0", "0", "0", "0", "0", "0", "0", "13", "13", "8", "14", "7", "0", "0", "0", "21", "0", "0", "0", "0", "0", "0", "0", "0", "23", "15", "8", "13", "14", "0", "0", "0", "19", "0", "0", "0", "0", "0", "0", "0", "0", "15", "7", "11", "24", "27", "0", "0", "0", "11", "0", "0", "0", "0", "0", "0", "0", "0", "0", "0", "0", "0", "0", "0", "0", "0", "0", "0", "0", "0", "0", "0", "0", "0", "0", "0", "0", "0", "0", "0", "0", "0", "0", "0", "0", "0", "0", "0", "0", "0", "0", "0", "0", "0", "0", "0", "0", "0", "0", "0", "0", "0", "0", "0", "0", "0", "0", "0", "0", "0", "0", "0", "0", "0", "0", "0", "0", "0", "0", "0", "0", "0", "0", "0", "0", "0", "0", "0", "0", "0", "0", "0", "0", "0", "0", "0", "0", "0", "0", "0", "0", "0", "0", "0", "0", "0", "0", "0", "0", "0", "0", "0", "0", "0", "0", "0", "0", "0", "0", "0", "0", "0", "0", "0", "0", "0", "0", "0", "0", "0", "0", "0", "0", "0", "0", "0", "0", "0", "0", "0", "0", "0", "0", "0", "0", "0", "0", "0", "0", "0", "0", "0", "0", "0"], ["11", "19", "29", "12", "20", "0", "15", "23", "39", "0", "0", "0", "0", "14", "0", "0", "0", "14", "21", "23", "29", "10", "0", "14", "12", "20", "0", "0", "0", "0", "30", "0", "0", "0", "10", "8", "19", "14", "27", "0", "21", "18", "30", "0", "0", "0", "0", "22", "0", "0", "0", "0", "0", "0", "0", "0", "0", "0", "0", "0", "0", "0", "0", "0", "0", "0", "0", "0", "12", "12", "13", "17", "18", "0", "15", "10", "27", "0", "0", "0", "0", "22", "0", "0", "0", "0", "0", "0", "0", "0", "0", "0", "0", "0", "0", "0", "0", "0", "0", "0", "0", "0", "0", "0", "0", "0", "0", "0", "0", "0", "0", "0", "0", "0", "0", "0", "0", "0", "0", "0", "0", "0", "0", "0", "0", "0", "0", "0", "0", "0", "0", "0", "0", "0", "0", "0", "17", "20", "10", "19", "28", "0", "20", "16", "39", "0", "0", "0", "0", "17", "0", "0", "0", "0", "0", "0", "0", "0", "0", "0", "0", "0", "0", "0", "0", "0", "0", "0", "0", "0", "0", "0", "0", "0", "0", "0", "0", "0", "0", "0", "0", "0", "0", "0", "0", "0", "0", "22", "25", "13", "9", "9", "0", "25", "22", "10", "0", "0", "0", "0", "9", "0", "0", "0", "0", "0", "0", "0", "0", "0", "0", "0", "0", "0", "0", "0", "0", "0", "0", "0", "0", "0", "0", "0", "0", "0", "0", "0", "0", "0", "0", "0", "0", "0", "0", "0", "0", "0", "0", "0", "0", "0", "0", "0", "0", "0", "0", "0", "0", "0", "0", "0", "0", "0", "0", "0", "0", "0", "0", "0", "0", "0", "0", "0", "0", "0", "0", "0", "0", "0", "0", "0", "0", "0", "0", "0", "0", "0", "0", "0", "0", "0", "0", "0", "0", "0", "0", "0", "0"]]}