{"state": {"resTurn": "29", "h": "10", "w": "11", "score": [["7", "4", "5", "3", "1", "0", "1", "8", "5", "2", "0"], ["1", "2", "4", "2", "1", "-2", "4", "1", "8", "7", "-2"], ["1", "3", "6", "4", "4", "4", "0", "4", "6", "7", "6"], ["5", "-4", "5", "5", "2", "3", "3", "6", "4", "6", "1"], ["5", "3", "6", "0", "6", "2", "8", "4", "-2", "5", "4"], ["5", "3", "6", "0", "6", "2", "8", "4", "-2", "5", "4"], ["5", "-4", "5", "5", "2", "3", "3", "6", "4", "6", "1"], ["1", "3", "6", "4", "4", "4", "0", "4", "6", "7", "6"], ["1", "2", "4", "2", "1", "-2", "4", "1", "8", "7", "-2"], ["7", "4", "5", "3", "1", "0", "1", "8", "5", "2", "0"]], "color": [["1", "1", "0", "2", "2", "2", "0", "0", "0", "0", "0"], ["1", "1", "1", "2", "2", "2", "1", "0", "0", "0", "0"], ["1", "1", "1", "0", "2", "0", "1", "1", "0", "0", "0"], ["1", "1", "1", "2", "2", "0", "1", "0", "0", "0", "0"], ["1", "1", "1", "0", "2", "0", "0", "0", "0", "0", "0"], ["0", "1", "1", "2", "2", "0", "0", "0", "0", "0", "0"], ["2", "0", "0", "1", "2", "2", "2", "0", "0", "0", "0"], ["2", "2", "0", "0", "2", "2", "0", "0", "0", "0", "0"], ["0", "0", "2", "2", "2", "0", "0", "0", "0", "0", "0"], ["0", "0", "2", "2", "2", "0", "0", "0", "0", "0", "0"]], "pos": [{"x": "0", "y": "4"}, {"x": "1", "y": "1"}, {"x": "3", "y": "0"}, {"x": "5", "y": "7"}]}, "q": "0.004793245079334415", "z": "-1", "visitCount": [["19", "11", "10", "15", "13", "19", "16", "12", "15", "0", "0", "0", "0", "0", "0", "0", "0", "7", "24", "23", "10", "12", "16", "28", "9", "32", "0", "0", "0", "0", "0", "0", "0", "0", "14", "22", "15", "38", "40", "18", "20", "7", "19", "0", "0", "0", "0", "0", "0", "0", "0", "0", "0", "0", "0", "0", "0", "0", "0", "0", "0", "0", "0", "0", "0", "0", "0", "0", "0", "0", "0", "0", "0", "0", "0", "0", "0", "0", "0", "0", "0", "0", "0", "0", "0", "0", "0", "0", "0", "0", "0", "0", "0", "0", "0", "0", "0", "0", "0", "0", "0", "0", "16", "23", "22", "16", "19", "15", "20", "23", "12", "0", "0", "0", "0", "0", "0", "0", "0", "49", "21", "14", "17", "17", "10", "19", "23", "15", "0", "0", "0", "0", "0", "0", "0", "0", "25", "42", "8", "21", "16", "11", "10", "6", "27", "0", "0", "0", "0", "0", "0", "0", "0", "0", "0", "0", "0", "0", "0", "0", "0", "0", "0", "0", "0", "0", "0", "0", "0", "0", "0", "0", "0", "0", "0", "0", "0", "0", "0", "0", "0", "0", "0", "0", "0", "0", "0", "0", "0", "0", "0", "0", "0", "0", "0", "0", "0", "0", "0", "0", "0", "0", "0", "0", "0", "0", "0", "0", "0", "0", "0", "0", "0", "0", "0", "0", "0", "0", "0", "0", "0", "0", "0", "0", "0", "0", "0", "0", "0", "0", "0", "0", "0", "0", "0", "0", "0", "0", "0", "0", "0", "0", "0", "0", "0", "0", "0", "0", "0", "0", "0", "0", "0", "0", "0", "0", "0", "0", "0", "0", "0", "0", "0", "0", "0", "0", "0", "0", "0", "0", "0", "0", "0", "0", "0", "0", "0", "0", "0", "0", "0", "0", "0", "0", "0", "0", "0", "0", "0"], ["16", "31", "25", "4", "26", "12", "14", "26", "27", "0", "0", "0", "0", "0", "0", "0", "0", "9", "14", "9", "51", "23", "49", "33", "39", "29", "0", "0", "0", "0", "0", "0", "0", "0", "20", "16", "12", "12", "22", "14", "6", "13", "13", "0", "0", "0", "0", "0", "0", "0", "0", "0", "0", "0", "0", "0", "0", "0", "0", "0", "0", "0", "0", "0", "0", "0", "0", "0", "20", "16", "13", "24", "15", "23", "18", "7", "13", "0", "0", "0", "0", "0", "0", "0", "0", "0", "0", "0", "0", "0", "0", "0", "0", "0", "0", "0", "0", "0", "0", "0", "0", "0", "0", "0", "0", "0", "0", "0", "0", "0", "0", "0", "0", "0", "0", "0", "0", "0", "0", "0", "0", "0", "0", "0", "0", "0", "0", "0", "0", "0", "0", "0", "0", "0", "0", "0", "24", "18", "7", "9", "11", "18", "26", "11", "14", "0", "0", "0", "0", "0", "0", "0", "0", "0", "0", "0", "0", "0", "0", "0", "0", "0", "0", "0", "0", "0", "0", "0", "0", "0", "0", "0", "0", "0", "0", "0", "0", "0", "0", "0", "0", "0", "0", "0", "0", "0", "0", "9", "32", "17", "14", "12", "10", "12", "38", "5", "0", "0", "0", "0", "0", "0", "0", "0", "0", "0", "0", "0", "0", "0", "0", "0", "0", "0", "0", "0", "0", "0", "0", "0", "0", "0", "0", "0", "0", "0", "0", "0", "0", "0", "0", "0", "0", "0", "0", "0", "0", "0", "0", "0", "0", "0", "0", "0", "0", "0", "0", "0", "0", "0", "0", "0", "0", "0", "0", "0", "0", "0", "0", "0", "0", "0", "0", "0", "0", "0", "0", "0", "0", "0", "0", "0", "0", "0", "0", "0", "0", "0", "0", "0", "0", "0", "0", "0", "0", "0", "0", "0", "0"]]}