{"state": {"resTurn": "73", "h": "10", "w": "11", "score": [["7", "4", "5", "3", "1", "0", "1", "8", "5", "2", "0"], ["1", "2", "4", "2", "1", "-2", "4", "1", "8", "7", "-2"], ["1", "3", "6", "4", "4", "4", "0", "4", "6", "7", "6"], ["5", "-4", "5", "5", "2", "3", "3", "6", "4", "6", "1"], ["5", "3", "6", "0", "6", "2", "8", "4", "-2", "5", "4"], ["5", "3", "6", "0", "6", "2", "8", "4", "-2", "5", "4"], ["5", "-4", "5", "5", "2", "3", "3", "6", "4", "6", "1"], ["1", "3", "6", "4", "4", "4", "0", "4", "6", "7", "6"], ["1", "2", "4", "2", "1", "-2", "4", "1", "8", "7", "-2"], ["7", "4", "5", "3", "1", "0", "1", "8", "5", "2", "0"]], "color": [["0", "0", "0", "0", "0", "0", "0", "0", "0", "0", "0"], ["0", "0", "0", "1", "1", "1", "1", "0", "0", "0", "0"], ["0", "0", "1", "2", "2", "0", "0", "0", "0", "0", "0"], ["0", "0", "0", "0", "2", "2", "0", "0", "0", "0", "0"], ["0", "0", "0", "0", "2", "0", "0", "0", "0", "0", "0"], ["0", "0", "0", "0", "1", "0", "0", "0", "0", "0", "0"], ["0", "0", "0", "0", "2", "1", "0", "0", "0", "0", "0"], ["0", "0", "2", "2", "0", "0", "0", "0", "0", "0", "0"], ["0", "0", "2", "0", "0", "0", "0", "0", "0", "0", "0"], ["0", "0", "0", "0", "0", "0", "0", "0", "0", "0", "0"]], "pos": [{"x": "5", "y": "6"}, {"x": "6", "y": "1"}, {"x": "4", "y": "2"}, {"x": "2", "y": "8"}]}, "q": "0.003772262399323839", "z": "-1", "visitCount": [["21", "14", "9", "18", "11", "19", "12", "8", "10", "0", "0", "0", "0", "0", "0", "0", "0", "8", "12", "10", "11", "18", "20", "9", "24", "9", "0", "0", "0", "0", "0", "0", "0", "0", "13", "8", "7", "10", "13", "8", "6", "17", "13", "0", "0", "0", "0", "0", "0", "0", "0", "18", "21", "10", "10", "12", "13", "19", "16", "22", "0", "0", "0", "0", "0", "0", "0", "0", "0", "0", "0", "0", "0", "0", "0", "0", "0", "0", "0", "0", "0", "0", "0", "0", "0", "6", "20", "31", "6", "16", "9", "4", "12", "14", "0", "0", "0", "0", "0", "0", "0", "0", "9", "12", "10", "9", "12", "11", "5", "9", "9", "0", "0", "0", "0", "0", "0", "0", "0", "12", "11", "6", "14", "8", "13", "19", "8", "7", "0", "0", "0", "0", "0", "0", "0", "0", "16", "8", "12", "19", "4", "14", "10", "23", "18", "0", "0", "0", "0", "0", "0", "0", "0", "0", "0", "0", "0", "0", "0", "0", "0", "0", "0", "0", "0", "0", "0", "0", "0", "0", "0", "0", "0", "0", "0", "0", "0", "0", "0", "0", "0", "0", "0", "0", "0", "0", "0", "0", "0", "0", "0", "0", "0", "0", "0", "0", "0", "0", "0", "0", "0", "0", "0", "0", "10", "14", "15", "9", "7", "11", "6", "13", "10", "0", "0", "0", "0", "0", "0", "0", "0", "0", "0", "0", "0", "0", "0", "0", "0", "0", "0", "0", "0", "0", "0", "0", "0", "0", "0", "0", "0", "0", "0", "0", "0", "0", "0", "0", "0", "0", "0", "0", "0", "0", "0", "0", "0", "0", "0", "0", "0", "0", "0", "0", "0", "0", "0", "0", "0", "0", "0", "0", "0", "0", "0", "0", "0", "0", "0", "0", "0", "0", "0", "0", "0", "0", "0", "0", "0"], ["10", "15", "11", "12", "12", "11", "13", "14", "11", "0", "0", "0", "0", "0", "0", "0", "0", "7", "13", "7", "10", "7", "10", "11", "9", "12", "0", "0", "0", "0", "0", "0", "0", "0", "16", "11", "3", "11", "18", "17", "13", "16", "11", "0", "0", "0", "0", "0", "0", "0", "0", "7", "14", "9", "11", "13", "9", "9", "12", "6", "0", "0", "0", "0", "0", "0", "0", "0", "7", "8", "21", "12", "11", "8", "4", "13", "24", "0", "0", "0", "0", "0", "0", "0", "0", "0", "0", "0", "0", "0", "0", "0", "0", "0", "0", "0", "0", "0", "0", "0", "0", "0", "0", "0", "0", "0", "0", "0", "0", "0", "0", "0", "0", "0", "0", "0", "0", "0", "0", "0", "0", "0", "0", "0", "0", "0", "0", "0", "0", "0", "0", "0", "0", "0", "0", "0", "13", "9", "9", "12", "22", "20", "16", "11", "11", "0", "0", "0", "0", "0", "0", "0", "0", "0", "0", "0", "0", "0", "0", "0", "0", "0", "0", "0", "0", "0", "0", "0", "0", "0", "0", "0", "0", "0", "0", "0", "0", "0", "0", "0", "0", "0", "0", "0", "0", "0", "0", "0", "0", "0", "0", "0", "0", "0", "0", "0", "0", "0", "0", "0", "0", "0", "0", "0", "0", "0", "0", "0", "0", "0", "0", "0", "0", "0", "0", "0", "0", "0", "0", "0", "0", "11", "8", "9", "10", "25", "16", "13", "15", "18", "0", "0", "0", "0", "0", "0", "0", "0", "13", "9", "28", "14", "9", "10", "16", "5", "11", "0", "0", "0", "0", "0", "0", "0", "0", "18", "11", "14", "6", "15", "23", "20", "10", "11", "0", "0", "0", "0", "0", "0", "0", "0", "0", "0", "0", "0", "0", "0", "0", "0", "0", "0", "0", "0", "0", "0", "0", "0", "0"]]}