{"state": {"resTurn": "28", "h": "10", "w": "11", "score": [["7", "4", "5", "3", "1", "0", "1", "8", "5", "2", "0"], ["1", "2", "4", "2", "1", "-2", "4", "1", "8", "7", "-2"], ["1", "3", "6", "4", "4", "4", "0", "4", "6", "7", "6"], ["5", "-4", "5", "5", "2", "3", "3", "6", "4", "6", "1"], ["5", "3", "6", "0", "6", "2", "8", "4", "-2", "5", "4"], ["5", "3", "6", "0", "6", "2", "8", "4", "-2", "5", "4"], ["5", "-4", "5", "5", "2", "3", "3", "6", "4", "6", "1"], ["1", "3", "6", "4", "4", "4", "0", "4", "6", "7", "6"], ["1", "2", "4", "2", "1", "-2", "4", "1", "8", "7", "-2"], ["7", "4", "5", "3", "1", "0", "1", "8", "5", "2", "0"]], "color": [["1", "1", "0", "2", "2", "2", "0", "0", "0", "0", "0"], ["1", "1", "1", "2", "2", "2", "1", "0", "0", "0", "0"], ["1", "1", "1", "0", "2", "0", "1", "1", "0", "0", "0"], ["1", "1", "1", "2", "2", "0", "1", "0", "0", "0", "0"], ["1", "1", "1", "0", "2", "0", "0", "0", "0", "0", "0"], ["0", "1", "1", "2", "2", "0", "0", "0", "0", "0", "0"], ["2", "0", "0", "1", "2", "2", "2", "0", "0", "0", "0"], ["2", "2", "0", "0", "2", "2", "0", "0", "0", "0", "0"], ["0", "0", "2", "2", "2", "0", "0", "0", "0", "0", "0"], ["0", "0", "2", "2", "2", "0", "0", "0", "0", "0", "0"]], "pos": [{"x": "1", "y": "3"}, {"x": "1", "y": "1"}, {"x": "4", "y": "1"}, {"x": "4", "y": "8"}]}, "q": "0.005624365546803225", "z": "-1", "visitCount": [["7", "12", "10", "11", "16", "15", "24", "32", "17", "0", "0", "0", "0", "0", "0", "0", "0", "10", "11", "9", "19", "17", "11", "12", "22", "11", "0", "0", "0", "0", "0", "0", "0", "0", "9", "8", "14", "22", "17", "5", "23", "19", "9", "0", "0", "0", "0", "0", "0", "0", "0", "8", "7", "13", "13", "9", "10", "16", "21", "9", "0", "0", "0", "0", "0", "0", "0", "0", "14", "12", "10", "13", "8", "7", "11", "14", "13", "0", "0", "0", "0", "0", "0", "0", "0", "18", "12", "18", "10", "21", "6", "5", "8", "10", "0", "0", "0", "0", "0", "0", "0", "0", "12", "5", "12", "6", "10", "16", "9", "19", "12", "0", "0", "0", "0", "0", "0", "0", "0", "10", "18", "7", "15", "14", "8", "12", "5", "11", "0", "0", "0", "0", "0", "0", "0", "0", "10", "13", "20", "8", "8", "11", "9", "7", "5", "0", "0", "0", "0", "0", "0", "0", "0", "0", "0", "0", "0", "0", "0", "0", "0", "0", "0", "0", "0", "0", "0", "0", "0", "0", "0", "0", "0", "0", "0", "0", "0", "0", "0", "0", "0", "0", "0", "0", "0", "0", "0", "0", "0", "0", "0", "0", "0", "0", "0", "0", "0", "0", "0", "0", "0", "0", "0", "0", "0", "0", "0", "0", "0", "0", "0", "0", "0", "0", "0", "0", "0", "0", "0", "0", "0", "0", "0", "0", "0", "0", "0", "0", "0", "0", "0", "0", "0", "0", "0", "0", "0", "0", "0", "0", "0", "0", "0", "0", "0", "0", "0", "0", "0", "0", "0", "0", "0", "0", "0", "0", "0", "0", "0", "0", "0", "0", "0", "0", "0", "0", "0", "0", "0", "0", "0", "0", "0", "0", "0", "0", "0", "0", "0", "0", "0", "0", "0", "0", "0", "0", "0", "0", "0"], ["16", "10", "13", "15", "14", "10", "11", "10", "16", "0", "0", "0", "0", "0", "0", "0", "0", "23", "13", "9", "13", "14", "18", "14", "26", "18", "0", "0", "0", "0", "0", "0", "0", "0", "19", "8", "10", "4", "7", "10", "19", "6", "18", "0", "0", "0", "0", "0", "0", "0", "0", "12", "12", "5", "11", "23", "7", "14", "10", "14", "0", "0", "0", "0", "0", "0", "0", "0", "11", "14", "5", "10", "17", "18", "11", "19", "7", "0", "0", "0", "0", "0", "0", "0", "0", "9", "5", "8", "7", "13", "20", "12", "10", "5", "0", "0", "0", "0", "0", "0", "0", "0", "28", "5", "12", "27", "10", "18", "10", "11", "14", "0", "0", "0", "0", "0", "0", "0", "0", "12", "17", "15", "12", "9", "9", "7", "9", "12", "0", "0", "0", "0", "0", "0", "0", "0", "11", "6", "11", "9", "10", "11", "12", "11", "9", "0", "0", "0", "0", "0", "0", "0", "0", "0", "0", "0", "0", "0", "0", "0", "0", "0", "0", "0", "0", "0", "0", "0", "0", "0", "0", "0", "0", "0", "0", "0", "0", "0", "0", "0", "0", "0", "0", "0", "0", "0", "0", "0", "0", "0", "0", "0", "0", "0", "0", "0", "0", "0", "0", "0", "0", "0", "0", "0", "0", "0", "0", "0", "0", "0", "0", "0", "0", "0", "0", "0", "0", "0", "0", "0", "0", "0", "0", "0", "0", "0", "0", "0", "0", "0", "0", "0", "0", "0", "0", "0", "0", "0", "0", "0", "0", "0", "0", "0", "0", "0", "0", "0", "0", "0", "0", "0", "0", "0", "0", "0", "0", "0", "0", "0", "0", "0", "0", "0", "0", "0", "0", "0", "0", "0", "0", "0", "0", "0", "0", "0", "0", "0", "0", "0", "0", "0", "0", "0", "0", "0", "0", "0", "0"]]}