{"state": {"resTurn": "27", "h": "10", "w": "11", "score": [["7", "4", "5", "3", "1", "0", "1", "8", "5", "2", "0"], ["1", "2", "4", "2", "1", "-2", "4", "1", "8", "7", "-2"], ["1", "3", "6", "4", "4", "4", "0", "4", "6", "7", "6"], ["5", "-4", "5", "5", "2", "3", "3", "6", "4", "6", "1"], ["5", "3", "6", "0", "6", "2", "8", "4", "-2", "5", "4"], ["5", "3", "6", "0", "6", "2", "8", "4", "-2", "5", "4"], ["5", "-4", "5", "5", "2", "3", "3", "6", "4", "6", "1"], ["1", "3", "6", "4", "4", "4", "0", "4", "6", "7", "6"], ["1", "2", "4", "2", "1", "-2", "4", "1", "8", "7", "-2"], ["7", "4", "5", "3", "1", "0", "1", "8", "5", "2", "0"]], "color": [["1", "1", "1", "2", "2", "2", "0", "0", "0", "0", "0"], ["1", "1", "1", "2", "2", "2", "1", "0", "0", "0", "0"], ["1", "1", "1", "0", "2", "0", "1", "1", "0", "0", "0"], ["1", "1", "1", "2", "2", "0", "1", "0", "0", "0", "0"], ["1", "1", "1", "0", "2", "0", "0", "0", "0", "0", "0"], ["0", "1", "1", "2", "2", "0", "0", "0", "0", "0", "0"], ["2", "0", "0", "1", "2", "2", "2", "0", "0", "0", "0"], ["2", "2", "0", "0", "2", "2", "0", "0", "0", "0", "0"], ["0", "0", "2", "2", "2", "0", "0", "0", "0", "0", "0"], ["0", "0", "2", "2", "2", "0", "0", "0", "0", "0", "0"]], "pos": [{"x": "1", "y": "3"}, {"x": "2", "y": "0"}, {"x": "4", "y": "0"}, {"x": "4", "y": "8"}]}, "q": "0.00486123706505948", "z": "-1", "visitCount": [["11", "0", "30", "19", "16", "0", "0", "0", "0", "8", "0", "0", "0", "0", "0", "0", "16", "8", "0", "23", "13", "20", "0", "0", "0", "0", "17", "0", "0", "0", "0", "0", "0", "11", "16", "0", "29", "15", "20", "0", "0", "0", "0", "17", "0", "0", "0", "0", "0", "0", "13", "7", "0", "8", "52", "19", "0", "0", "0", "0", "4", "0", "0", "0", "0", "0", "0", "13", "12", "0", "24", "14", "10", "0", "0", "0", "0", "11", "0", "0", "0", "0", "0", "0", "43", "9", "0", "15", "13", "31", "0", "0", "0", "0", "52", "0", "0", "0", "0", "0", "0", "14", "17", "0", "19", "18", "13", "0", "0", "0", "0", "29", "0", "0", "0", "0", "0", "0", "9", "42", "0", "11", "26", "16", "0", "0", "0", "0", "17", "0", "0", "0", "0", "0", "0", "13", "22", "0", "19", "14", "25", "0", "0", "0", "0", "18", "0", "0", "0", "0", "0", "0", "19", "0", "0", "0", "0", "0", "0", "0", "0", "0", "0", "0", "0", "0", "0", "0", "0", "0", "0", "0", "0", "0", "0", "0", "0", "0", "0", "0", "0", "0", "0", "0", "0", "0", "0", "0", "0", "0", "0", "0", "0", "0", "0", "0", "0", "0", "0", "0", "0", "0", "0", "0", "0", "0", "0", "0", "0", "0", "0", "0", "0", "0", "0", "0", "0", "0", "0", "0", "0", "0", "0", "0", "0", "0", "0", "0", "0", "0", "0", "0", "0", "0", "0", "0", "0", "0", "0", "0", "0", "0", "0", "0", "0", "0", "0", "0", "0", "0", "0", "0", "0", "0", "0", "0", "0", "0", "0", "0", "0", "0", "0", "0", "0", "0", "0", "0", "0", "0", "0", "0", "0", "0", "0", "0", "0", "0", "0", "0", "0", "0", "0", "0", "0", "0", "0", "0", "0"], ["6", "42", "14", "3", "11", "6", "9", "10", "16", "0", "0", "0", "0", "0", "0", "0", "0", "4", "8", "16", "7", "16", "38", "7", "23", "20", "0", "0", "0", "0", "0", "0", "0", "0", "28", "25", "54", "16", "18", "18", "21", "8", "29", "0", "0", "0", "0", "0", "0", "0", "0", "11", "32", "11", "9", "45", "12", "13", "21", "26", "0", "0", "0", "0", "0", "0", "0", "0", "29", "39", "13", "26", "16", "9", "29", "6", "16", "0", "0", "0", "0", "0", "0", "0", "0", "0", "0", "0", "0", "0", "0", "0", "0", "0", "0", "0", "0", "0", "0", "0", "0", "0", "0", "0", "0", "0", "0", "0", "0", "0", "0", "0", "0", "0", "0", "0", "0", "0", "0", "0", "0", "0", "0", "0", "0", "0", "0", "0", "0", "0", "0", "0", "0", "0", "0", "0", "11", "19", "18", "19", "44", "18", "9", "14", "12", "0", "0", "0", "0", "0", "0", "0", "0", "0", "0", "0", "0", "0", "0", "0", "0", "0", "0", "0", "0", "0", "0", "0", "0", "0", "0", "0", "0", "0", "0", "0", "0", "0", "0", "0", "0", "0", "0", "0", "0", "0", "0", "0", "0", "0", "0", "0", "0", "0", "0", "0", "0", "0", "0", "0", "0", "0", "0", "0", "0", "0", "0", "0", "0", "0", "0", "0", "0", "0", "0", "0", "0", "0", "0", "0", "0", "0", "0", "0", "0", "0", "0", "0", "0", "0", "0", "0", "0", "0", "0", "0", "0", "0", "0", "0", "0", "0", "0", "0", "0", "0", "0", "0", "0", "0", "0", "0", "0", "0", "0", "0", "0", "0", "0", "0", "0", "0", "0", "0", "0", "0", "0", "0", "0", "0", "0", "0", "0", "0", "0", "0", "0", "0", "0", "0", "0", "0", "0", "0", "0", "0", "0", "0", "0"]]}