{"state": {"resTurn": "81", "h": "7", "w": "12", "score": [["1", "0", "1", "0", "2", "1", "1", "2", "0", "1", "0", "1"], ["1", "0", "0", "0", "0", "0", "0", "0", "0", "0", "0", "1"], ["1", "2", "0", "0", "1", "0", "0", "1", "0", "0", "2", "1"], ["1", "-1", "0", "1", "0", "0", "0", "0", "1", "0", "-1", "1"], ["0", "0", "0", "0", "1", "0", "0", "1", "0", "0", "0", "0"], ["0", "0", "0", "0", "0", "1", "1", "0", "0", "0", "0", "0"], ["1", "1", "1", "-1", "0", "0", "0", "0", "-1", "1", "1", "1"]], "color": [["0", "0", "0", "0", "0", "0", "0", "0", "0", "0", "0", "0"], ["0", "0", "0", "0", "0", "0", "0", "0", "0", "0", "0", "0"], ["0", "0", "0", "1", "0", "0", "0", "0", "2", "0", "0", "0"], ["0", "0", "0", "0", "0", "0", "0", "0", "0", "0", "0", "0"], ["0", "0", "0", "0", "0", "0", "0", "0", "0", "0", "0", "0"], ["0", "0", "0", "2", "0", "0", "0", "0", "1", "0", "0", "0"], ["0", "0", "0", "0", "0", "0", "0", "0", "0", "0", "0", "0"]], "pos": [{"x": "8", "y": "5"}, {"x": "3", "y": "2"}, {"x": "3", "y": "5"}, {"x": "8", "y": "2"}]}, "q": "-0.001245933271041985", "z": "1", "visitCount": [["14", "14", "13", "11", "14", "9", "13", "12", "13", "0", "0", "0", "0", "0", "0", "0", "0", "13", "11", "12", "14", "14", "8", "12", "11", "12", "0", "0", "0", "0", "0", "0", "0", "0", "13", "11", "10", "12", "12", "12", "13", "11", "13", "0", "0", "0", "0", "0", "0", "0", "0", "11", "12", "13", "14", "17", "10", "11", "14", "13", "0", "0", "0", "0", "0", "0", "0", "0", "11", "13", "12", "11", "12", "12", "11", "13", "12", "0", "0", "0", "0", "0", "0", "0", "0", "13", "12", "12", "15", "14", "13", "14", "13", "13", "0", "0", "0", "0", "0", "0", "0", "0", "16", "9", "10", "12", "10", "13", "12", "14", "15", "0", "0", "0", "0", "0", "0", "0", "0", "14", "11", "12", "12", "11", "12", "14", "13", "14", "0", "0", "0", "0", "0", "0", "0", "0", "13", "13", "11", "13", "10", "12", "14", "10", "12", "0", "0", "0", "0", "0", "0", "0", "0", "0", "0", "0", "0", "0", "0", "0", "0", "0", "0", "0", "0", "0", "0", "0", "0", "0", "0", "0", "0", "0", "0", "0", "0", "0", "0", "0", "0", "0", "0", "0", "0", "0", "0", "0", "0", "0", "0", "0", "0", "0", "0", "0", "0", "0", "0", "0", "0", "0", "0", "0", "0", "0", "0", "0", "0", "0", "0", "0", "0", "0", "0", "0", "0", "0", "0", "0", "0", "0", "0", "0", "0", "0", "0", "0", "0", "0", "0", "0", "0", "0", "0", "0", "0", "0", "0", "0", "0", "0", "0", "0", "0", "0", "0", "0", "0", "0", "0", "0", "0", "0", "0", "0", "0", "0", "0", "0", "0", "0", "0", "0", "0", "0", "0", "0", "0", "0", "0", "0", "0", "0", "0", "0", "0", "0", "0", "0", "0", "0", "0", "0", "0", "0", "0", "0", "0"], ["12", "11", "11", "10", "13", "13", "12", "11", "11", "0", "0", "0", "0", "0", "0", "0", "0", "12", "12", "12", "13", "12", "14", "13", "14", "12", "0", "0", "0", "0", "0", "0", "0", "0", "13", "14", "12", "14", "13", "11", "15", "11", "13", "0", "0", "0", "0", "0", "0", "0", "0", "11", "12", "12", "10", "14", "11", "15", "11", "13", "0", "0", "0", "0", "0", "0", "0", "0", "13", "13", "12", "13", "12", "11", "12", "11", "13", "0", "0", "0", "0", "0", "0", "0", "0", "12", "10", "11", "10", "15", "14", "15", "10", "11", "0", "0", "0", "0", "0", "0", "0", "0", "13", "12", "14", "14", "12", "14", "10", "14", "11", "0", "0", "0", "0", "0", "0", "0", "0", "16", "11", "12", "12", "12", "11", "14", "14", "12", "0", "0", "0", "0", "0", "0", "0", "0", "14", "9", "11", "13", "13", "14", "15", "13", "9", "0", "0", "0", "0", "0", "0", "0", "0", "0", "0", "0", "0", "0", "0", "0", "0", "0", "0", "0", "0", "0", "0", "0", "0", "0", "0", "0", "0", "0", "0", "0", "0", "0", "0", "0", "0", "0", "0", "0", "0", "0", "0", "0", "0", "0", "0", "0", "0", "0", "0", "0", "0", "0", "0", "0", "0", "0", "0", "0", "0", "0", "0", "0", "0", "0", "0", "0", "0", "0", "0", "0", "0", "0", "0", "0", "0", "0", "0", "0", "0", "0", "0", "0", "0", "0", "0", "0", "0", "0", "0", "0", "0", "0", "0", "0", "0", "0", "0", "0", "0", "0", "0", "0", "0", "0", "0", "0", "0", "0", "0", "0", "0", "0", "0", "0", "0", "0", "0", "0", "0", "0", "0", "0", "0", "0", "0", "0", "0", "0", "0", "0", "0", "0", "0", "0", "0", "0", "0", "0", "0", "0", "0", "0", "0"]]}