{"state": {"resTurn": "80", "h": "7", "w": "12", "score": [["1", "0", "1", "0", "2", "1", "1", "2", "0", "1", "0", "1"], ["1", "0", "0", "0", "0", "0", "0", "0", "0", "0", "0", "1"], ["1", "2", "0", "0", "1", "0", "0", "1", "0", "0", "2", "1"], ["1", "-1", "0", "1", "0", "0", "0", "0", "1", "0", "-1", "1"], ["0", "0", "0", "0", "1", "0", "0", "1", "0", "0", "0", "0"], ["0", "0", "0", "0", "0", "1", "1", "0", "0", "0", "0", "0"], ["1", "1", "1", "-1", "0", "0", "0", "0", "-1", "1", "1", "1"]], "color": [["0", "0", "0", "0", "0", "0", "0", "0", "0", "0", "0", "0"], ["0", "0", "0", "0", "0", "0", "0", "0", "0", "0", "0", "0"], ["0", "0", "1", "1", "0", "0", "0", "0", "2", "0", "0", "0"], ["0", "0", "0", "0", "0", "0", "0", "0", "0", "0", "0", "0"], ["0", "0", "0", "0", "2", "0", "0", "0", "0", "0", "0", "0"], ["0", "0", "0", "2", "0", "0", "0", "0", "1", "0", "0", "0"], ["0", "0", "0", "0", "0", "0", "0", "1", "0", "0", "0", "0"]], "pos": [{"x": "7", "y": "6"}, {"x": "2", "y": "2"}, {"x": "4", "y": "4"}, {"x": "8", "y": "2"}]}, "q": "-0.001122595777359355", "z": "1", "visitCount": [["19", "18", "20", "15", "15", "15", "22", "15", "19", "0", "0", "0", "0", "0", "0", "0", "0", "0", "0", "0", "0", "0", "0", "0", "0", "0", "0", "0", "0", "0", "0", "0", "0", "0", "0", "0", "0", "0", "0", "0", "0", "0", "0", "0", "0", "0", "0", "0", "0", "0", "0", "0", "0", "0", "0", "0", "0", "0", "0", "0", "0", "0", "0", "0", "0", "0", "0", "0", "21", "16", "26", "20", "20", "19", "19", "21", "15", "0", "0", "0", "0", "0", "0", "0", "0", "17", "20", "22", "17", "17", "18", "18", "25", "18", "0", "0", "0", "0", "0", "0", "0", "0", "17", "21", "19", "20", "19", "16", "17", "24", "16", "0", "0", "0", "0", "0", "0", "0", "0", "19", "17", "19", "22", "18", "13", "14", "16", "19", "0", "0", "0", "0", "0", "0", "0", "0", "21", "18", "19", "19", "23", "18", "16", "16", "17", "0", "0", "0", "0", "0", "0", "0", "0", "0", "0", "0", "0", "0", "0", "0", "0", "0", "0", "0", "0", "0", "0", "0", "0", "0", "0", "0", "0", "0", "0", "0", "0", "0", "0", "0", "0", "0", "0", "0", "0", "0", "0", "0", "0", "0", "0", "0", "0", "0", "0", "0", "0", "0", "0", "0", "0", "0", "0", "0", "0", "0", "0", "0", "0", "0", "0", "0", "0", "0", "0", "0", "0", "0", "0", "0", "0", "0", "0", "0", "0", "0", "0", "0", "0", "0", "0", "0", "0", "0", "0", "0", "0", "0", "0", "0", "0", "0", "0", "0", "0", "0", "0", "0", "0", "0", "0", "0", "0", "0", "0", "0", "0", "0", "0", "0", "0", "0", "0", "0", "0", "0", "0", "0", "0", "0", "0", "0", "0", "0", "0", "0", "0", "0", "0", "0", "0", "0", "0", "0", "0", "0", "0", "0", "0"], ["14", "11", "15", "15", "9", "12", "10", "14", "12", "0", "0", "0", "0", "0", "0", "0", "0", "11", "10", "12", "11", "13", "9", "12", "12", "11", "0", "0", "0", "0", "0", "0", "0", "0", "12", "14", "15", "13", "12", "12", "16", "14", "12", "0", "0", "0", "0", "0", "0", "0", "0", "14", "11", "11", "15", "14", "10", "12", "11", "10", "0", "0", "0", "0", "0", "0", "0", "0", "13", "15", "11", "11", "12", "15", "10", "13", "13", "0", "0", "0", "0", "0", "0", "0", "0", "14", "11", "15", "12", "14", "14", "14", "11", "15", "0", "0", "0", "0", "0", "0", "0", "0", "14", "12", "12", "11", "11", "13", "10", "12", "13", "0", "0", "0", "0", "0", "0", "0", "0", "12", "11", "12", "10", "11", "10", "11", "16", "11", "0", "0", "0", "0", "0", "0", "0", "0", "13", "11", "13", "12", "13", "11", "12", "13", "16", "0", "0", "0", "0", "0", "0", "0", "0", "0", "0", "0", "0", "0", "0", "0", "0", "0", "0", "0", "0", "0", "0", "0", "0", "0", "0", "0", "0", "0", "0", "0", "0", "0", "0", "0", "0", "0", "0", "0", "0", "0", "0", "0", "0", "0", "0", "0", "0", "0", "0", "0", "0", "0", "0", "0", "0", "0", "0", "0", "0", "0", "0", "0", "0", "0", "0", "0", "0", "0", "0", "0", "0", "0", "0", "0", "0", "0", "0", "0", "0", "0", "0", "0", "0", "0", "0", "0", "0", "0", "0", "0", "0", "0", "0", "0", "0", "0", "0", "0", "0", "0", "0", "0", "0", "0", "0", "0", "0", "0", "0", "0", "0", "0", "0", "0", "0", "0", "0", "0", "0", "0", "0", "0", "0", "0", "0", "0", "0", "0", "0", "0", "0", "0", "0", "0", "0", "0", "0", "0", "0", "0", "0", "0", "0"]]}