{"state": {"resTurn": "71", "h": "7", "w": "12", "score": [["1", "0", "1", "0", "2", "1", "1", "2", "0", "1", "0", "1"], ["1", "0", "0", "0", "0", "0", "0", "0", "0", "0", "0", "1"], ["1", "2", "0", "0", "1", "0", "0", "1", "0", "0", "2", "1"], ["1", "-1", "0", "1", "0", "0", "0", "0", "1", "0", "-1", "1"], ["0", "0", "0", "0", "1", "0", "0", "1", "0", "0", "0", "0"], ["0", "0", "0", "0", "0", "1", "1", "0", "0", "0", "0", "0"], ["1", "1", "1", "-1", "0", "0", "0", "0", "-1", "1", "1", "1"]], "color": [["0", "0", "0", "0", "0", "0", "0", "2", "2", "2", "0", "0"], ["0", "0", "0", "0", "0", "0", "0", "2", "2", "2", "0", "0"], ["1", "0", "1", "1", "0", "0", "0", "0", "2", "0", "2", "0"], ["1", "1", "1", "1", "2", "2", "0", "0", "0", "0", "0", "0"], ["2", "1", "1", "2", "2", "0", "0", "1", "0", "0", "0", "0"], ["0", "2", "2", "2", "2", "1", "1", "0", "1", "0", "0", "0"], ["0", "0", "0", "0", "0", "0", "1", "1", "0", "0", "0", "0"]], "pos": [{"x": "8", "y": "5"}, {"x": "1", "y": "4"}, {"x": "1", "y": "5"}, {"x": "9", "y": "1"}]}, "q": "-0.001559824885690001", "z": "1", "visitCount": [["12", "0", "0", "14", "0", "15", "12", "13", "12", "12", "11", "0", "15", "0", "0", "0", "0", "9", "0", "0", "10", "0", "12", "13", "13", "12", "11", "14", "0", "11", "0", "0", "0", "0", "12", "0", "0", "11", "0", "12", "12", "12", "11", "11", "14", "0", "15", "0", "0", "0", "0", "12", "0", "0", "13", "0", "12", "12", "11", "12", "11", "14", "0", "12", "0", "0", "0", "0", "13", "0", "0", "11", "0", "9", "11", "15", "12", "15", "10", "0", "16", "0", "0", "0", "0", "16", "0", "0", "13", "0", "15", "12", "13", "13", "14", "13", "0", "14", "0", "0", "0", "0", "11", "0", "0", "11", "0", "12", "11", "12", "12", "12", "10", "0", "12", "0", "0", "0", "0", "11", "0", "0", "15", "0", "13", "12", "12", "13", "13", "9", "0", "12", "0", "0", "0", "0", "12", "0", "0", "10", "0", "12", "14", "11", "12", "13", "13", "0", "15", "0", "0", "0", "0", "0", "0", "0", "0", "0", "0", "0", "0", "0", "0", "0", "0", "0", "0", "0", "0", "0", "0", "0", "0", "0", "0", "0", "0", "0", "0", "0", "0", "0", "0", "0", "0", "0", "0", "0", "0", "0", "0", "0", "0", "0", "0", "0", "0", "0", "0", "0", "0", "0", "0", "0", "0", "0", "0", "0", "0", "0", "0", "0", "0", "0", "0", "0", "0", "0", "0", "0", "0", "0", "0", "0", "0", "0", "0", "0", "0", "0", "0", "0", "0", "0", "0", "0", "0", "0", "0", "0", "0", "0", "0", "0", "0", "0", "0", "0", "0", "0", "0", "0", "0", "0", "0", "0", "0", "0", "0", "0", "0", "0", "0", "0", "0", "0", "0", "0", "0", "0", "0", "0", "0", "0", "0", "0", "0", "0", "0", "0", "0", "0", "0", "0", "0", "0", "0", "0", "0"], ["13", "13", "13", "12", "11", "11", "13", "12", "14", "0", "0", "0", "0", "0", "0", "0", "0", "11", "13", "16", "13", "12", "12", "12", "12", "12", "0", "0", "0", "0", "0", "0", "0", "0", "12", "10", "11", "12", "13", "12", "12", "12", "10", "0", "0", "0", "0", "0", "0", "0", "0", "15", "12", "13", "11", "15", "14", "11", "13", "13", "0", "0", "0", "0", "0", "0", "0", "0", "10", "12", "12", "13", "12", "12", "10", "13", "12", "0", "0", "0", "0", "0", "0", "0", "0", "10", "12", "14", "13", "12", "11", "11", "12", "12", "0", "0", "0", "0", "0", "0", "0", "0", "0", "0", "0", "0", "0", "0", "0", "0", "0", "0", "0", "0", "0", "0", "0", "0", "0", "0", "0", "0", "0", "0", "0", "0", "0", "0", "0", "0", "0", "0", "0", "0", "0", "0", "15", "11", "12", "13", "14", "12", "11", "12", "13", "0", "0", "0", "0", "0", "0", "0", "0", "0", "0", "0", "0", "0", "0", "0", "0", "0", "0", "0", "0", "0", "0", "0", "0", "0", "0", "0", "0", "0", "0", "0", "0", "0", "0", "0", "0", "0", "0", "0", "0", "0", "0", "0", "0", "0", "0", "0", "0", "0", "0", "0", "0", "0", "0", "0", "0", "0", "0", "0", "0", "0", "0", "0", "0", "0", "0", "0", "0", "0", "0", "0", "0", "0", "0", "0", "0", "0", "0", "0", "0", "0", "0", "0", "0", "0", "0", "0", "0", "0", "0", "0", "0", "0", "13", "13", "15", "12", "13", "11", "13", "11", "13", "0", "0", "0", "0", "0", "0", "0", "0", "12", "14", "12", "13", "15", "11", "12", "12", "13", "0", "0", "0", "0", "0", "0", "0", "0", "0", "0", "0", "0", "0", "0", "0", "0", "0", "0", "0", "0", "0", "0", "0", "0", "0"]]}