{"state": {"resTurn": "70", "h": "7", "w": "12", "score": [["1", "0", "1", "0", "2", "1", "1", "2", "0", "1", "0", "1"], ["1", "0", "0", "0", "0", "0", "0", "0", "0", "0", "0", "1"], ["1", "2", "0", "0", "1", "0", "0", "1", "0", "0", "2", "1"], ["1", "-1", "0", "1", "0", "0", "0", "0", "1", "0", "-1", "1"], ["0", "0", "0", "0", "1", "0", "0", "1", "0", "0", "0", "0"], ["0", "0", "0", "0", "0", "1", "1", "0", "0", "0", "0", "0"], ["1", "1", "1", "-1", "0", "0", "0", "0", "-1", "1", "1", "1"]], "color": [["0", "0", "0", "0", "0", "0", "0", "2", "2", "2", "0", "0"], ["0", "0", "0", "0", "0", "0", "0", "2", "2", "2", "0", "0"], ["1", "0", "1", "1", "0", "0", "0", "0", "2", "2", "2", "0"], ["1", "1", "1", "1", "2", "2", "0", "0", "0", "0", "0", "0"], ["0", "1", "1", "2", "2", "0", "0", "1", "0", "0", "0", "0"], ["0", "2", "2", "2", "2", "1", "1", "1", "1", "0", "0", "0"], ["0", "0", "2", "0", "0", "0", "1", "1", "0", "0", "0", "0"]], "pos": [{"x": "7", "y": "5"}, {"x": "1", "y": "4"}, {"x": "2", "y": "6"}, {"x": "9", "y": "2"}]}, "q": "-0.001725628587554473", "z": "1", "visitCount": [["12", "0", "0", "14", "12", "11", "16", "10", "14", "11", "15", "0", "0", "0", "0", "0", "0", "13", "0", "0", "13", "11", "14", "13", "13", "10", "11", "14", "0", "0", "0", "0", "0", "0", "11", "0", "0", "10", "10", "11", "13", "12", "10", "11", "14", "0", "0", "0", "0", "0", "0", "12", "0", "0", "13", "10", "11", "13", "13", "13", "13", "13", "0", "0", "0", "0", "0", "0", "12", "0", "0", "14", "13", "11", "10", "11", "11", "14", "11", "0", "0", "0", "0", "0", "0", "11", "0", "0", "14", "12", "14", "15", "15", "11", "11", "11", "0", "0", "0", "0", "0", "0", "14", "0", "0", "13", "12", "13", "14", "13", "12", "14", "12", "0", "0", "0", "0", "0", "0", "14", "0", "0", "14", "12", "11", "13", "11", "12", "11", "12", "0", "0", "0", "0", "0", "0", "14", "0", "0", "12", "12", "10", "12", "13", "14", "15", "10", "0", "0", "0", "0", "0", "0", "0", "0", "0", "0", "0", "0", "0", "0", "0", "0", "0", "0", "0", "0", "0", "0", "0", "0", "0", "0", "0", "0", "0", "0", "0", "0", "0", "0", "0", "0", "0", "0", "0", "0", "0", "0", "0", "0", "0", "0", "0", "0", "0", "0", "0", "0", "0", "0", "0", "0", "0", "0", "0", "0", "0", "0", "0", "0", "0", "0", "0", "0", "0", "0", "0", "0", "0", "0", "0", "0", "0", "0", "0", "0", "0", "0", "0", "0", "0", "0", "0", "0", "0", "0", "0", "0", "0", "0", "0", "0", "0", "0", "0", "0", "0", "0", "0", "0", "0", "0", "0", "0", "0", "0", "0", "0", "0", "0", "0", "0", "0", "0", "0", "0", "0", "0", "0", "0", "0", "0", "0", "0", "0", "0", "0", "0", "0", "0", "0", "0", "0", "0", "0", "0", "0", "0"], ["20", "18", "17", "18", "17", "23", "16", "12", "18", "0", "0", "0", "0", "0", "0", "0", "0", "0", "0", "0", "0", "0", "0", "0", "0", "0", "0", "0", "0", "0", "0", "0", "0", "0", "0", "0", "0", "0", "0", "0", "0", "0", "0", "0", "0", "0", "0", "0", "0", "0", "0", "0", "0", "0", "0", "0", "0", "0", "0", "0", "0", "0", "0", "0", "0", "0", "0", "0", "21", "22", "19", "16", "14", "17", "21", "24", "18", "0", "0", "0", "0", "0", "0", "0", "0", "18", "19", "18", "22", "21", "15", "21", "20", "21", "0", "0", "0", "0", "0", "0", "0", "0", "20", "20", "20", "20", "21", "18", "18", "20", "16", "0", "0", "0", "0", "0", "0", "0", "0", "19", "20", "21", "17", "16", "19", "19", "12", "18", "0", "0", "0", "0", "0", "0", "0", "0", "22", "18", "15", "13", "21", "15", "21", "18", "17", "0", "0", "0", "0", "0", "0", "0", "0", "0", "0", "0", "0", "0", "0", "0", "0", "0", "0", "0", "0", "0", "0", "0", "0", "0", "0", "0", "0", "0", "0", "0", "0", "0", "0", "0", "0", "0", "0", "0", "0", "0", "0", "0", "0", "0", "0", "0", "0", "0", "0", "0", "0", "0", "0", "0", "0", "0", "0", "0", "0", "0", "0", "0", "0", "0", "0", "0", "0", "0", "0", "0", "0", "0", "0", "0", "0", "0", "0", "0", "0", "0", "0", "0", "0", "0", "0", "0", "0", "0", "0", "0", "0", "0", "0", "0", "0", "0", "0", "0", "0", "0", "0", "0", "0", "0", "0", "0", "0", "0", "0", "0", "0", "0", "0", "0", "0", "0", "0", "0", "0", "0", "0", "0", "0", "0", "0", "0", "0", "0", "0", "0", "0", "0", "0", "0", "0", "0", "0", "0", "0", "0", "0", "0", "0"]]}