{"state": {"resTurn": "69", "h": "7", "w": "12", "score": [["1", "0", "1", "0", "2", "1", "1", "2", "0", "1", "0", "1"], ["1", "0", "0", "0", "0", "0", "0", "0", "0", "0", "0", "1"], ["1", "2", "0", "0", "1", "0", "0", "1", "0", "0", "2", "1"], ["1", "-1", "0", "1", "0", "0", "0", "0", "1", "0", "-1", "1"], ["0", "0", "0", "0", "1", "0", "0", "1", "0", "0", "0", "0"], ["0", "0", "0", "0", "0", "1", "1", "0", "0", "0", "0", "0"], ["1", "1", "1", "-1", "0", "0", "0", "0", "-1", "1", "1", "1"]], "color": [["0", "0", "0", "0", "0", "0", "0", "2", "2", "2", "0", "0"], ["0", "0", "0", "0", "0", "0", "0", "2", "2", "2", "2", "0"], ["1", "0", "1", "1", "0", "0", "0", "0", "2", "2", "2", "0"], ["1", "1", "1", "1", "2", "2", "0", "0", "0", "0", "0", "0"], ["0", "1", "1", "2", "2", "0", "0", "1", "0", "0", "0", "0"], ["0", "2", "2", "2", "2", "1", "1", "1", "1", "0", "0", "0"], ["0", "2", "2", "0", "0", "0", "1", "1", "0", "0", "0", "0"]], "pos": [{"x": "7", "y": "5"}, {"x": "1", "y": "3"}, {"x": "1", "y": "6"}, {"x": "10", "y": "1"}]}, "q": "-0.001662371816854749", "z": "1", "visitCount": [["15", "13", "15", "13", "12", "12", "14", "12", "11", "0", "0", "0", "0", "0", "0", "0", "0", "10", "14", "12", "12", "10", "11", "10", "10", "12", "0", "0", "0", "0", "0", "0", "0", "0", "13", "10", "11", "11", "11", "12", "11", "15", "12", "0", "0", "0", "0", "0", "0", "0", "0", "14", "12", "11", "12", "12", "13", "14", "12", "12", "0", "0", "0", "0", "0", "0", "0", "0", "16", "13", "14", "17", "12", "12", "13", "13", "11", "0", "0", "0", "0", "0", "0", "0", "0", "13", "11", "11", "11", "11", "15", "13", "14", "13", "0", "0", "0", "0", "0", "0", "0", "0", "13", "14", "14", "13", "10", "11", "16", "12", "12", "0", "0", "0", "0", "0", "0", "0", "0", "12", "13", "14", "13", "10", "13", "11", "11", "11", "0", "0", "0", "0", "0", "0", "0", "0", "14", "9", "14", "11", "11", "14", "12", "10", "13", "0", "0", "0", "0", "0", "0", "0", "0", "0", "0", "0", "0", "0", "0", "0", "0", "0", "0", "0", "0", "0", "0", "0", "0", "0", "0", "0", "0", "0", "0", "0", "0", "0", "0", "0", "0", "0", "0", "0", "0", "0", "0", "0", "0", "0", "0", "0", "0", "0", "0", "0", "0", "0", "0", "0", "0", "0", "0", "0", "0", "0", "0", "0", "0", "0", "0", "0", "0", "0", "0", "0", "0", "0", "0", "0", "0", "0", "0", "0", "0", "0", "0", "0", "0", "0", "0", "0", "0", "0", "0", "0", "0", "0", "0", "0", "0", "0", "0", "0", "0", "0", "0", "0", "0", "0", "0", "0", "0", "0", "0", "0", "0", "0", "0", "0", "0", "0", "0", "0", "0", "0", "0", "0", "0", "0", "0", "0", "0", "0", "0", "0", "0", "0", "0", "0", "0", "0", "0", "0", "0", "0", "0", "0", "0"], ["17", "15", "15", "16", "23", "17", "17", "18", "17", "0", "0", "0", "0", "0", "0", "0", "0", "0", "0", "0", "0", "0", "0", "0", "0", "0", "0", "0", "0", "0", "0", "0", "0", "0", "0", "0", "0", "0", "0", "0", "0", "0", "0", "0", "0", "0", "0", "0", "0", "0", "0", "0", "0", "0", "0", "0", "0", "0", "0", "0", "0", "0", "0", "0", "0", "0", "0", "0", "17", "19", "17", "18", "24", "20", "18", "14", "20", "0", "0", "0", "0", "0", "0", "0", "0", "19", "14", "18", "25", "13", "18", "18", "21", "16", "0", "0", "0", "0", "0", "0", "0", "0", "19", "22", "27", "17", "20", "17", "15", "18", "21", "0", "0", "0", "0", "0", "0", "0", "0", "24", "17", "22", "16", "26", "23", "21", "15", "22", "0", "0", "0", "0", "0", "0", "0", "0", "20", "11", "16", "18", "16", "18", "17", "16", "22", "0", "0", "0", "0", "0", "0", "0", "0", "0", "0", "0", "0", "0", "0", "0", "0", "0", "0", "0", "0", "0", "0", "0", "0", "0", "0", "0", "0", "0", "0", "0", "0", "0", "0", "0", "0", "0", "0", "0", "0", "0", "0", "0", "0", "0", "0", "0", "0", "0", "0", "0", "0", "0", "0", "0", "0", "0", "0", "0", "0", "0", "0", "0", "0", "0", "0", "0", "0", "0", "0", "0", "0", "0", "0", "0", "0", "0", "0", "0", "0", "0", "0", "0", "0", "0", "0", "0", "0", "0", "0", "0", "0", "0", "0", "0", "0", "0", "0", "0", "0", "0", "0", "0", "0", "0", "0", "0", "0", "0", "0", "0", "0", "0", "0", "0", "0", "0", "0", "0", "0", "0", "0", "0", "0", "0", "0", "0", "0", "0", "0", "0", "0", "0", "0", "0", "0", "0", "0", "0", "0", "0", "0", "0", "0"]]}