{"state": {"resTurn": "68", "h": "7", "w": "12", "score": [["1", "0", "1", "0", "2", "1", "1", "2", "0", "1", "0", "1"], ["1", "0", "0", "0", "0", "0", "0", "0", "0", "0", "0", "1"], ["1", "2", "0", "0", "1", "0", "0", "1", "0", "0", "2", "1"], ["1", "-1", "0", "1", "0", "0", "0", "0", "1", "0", "-1", "1"], ["0", "0", "0", "0", "1", "0", "0", "1", "0", "0", "0", "0"], ["0", "0", "0", "0", "0", "1", "1", "0", "0", "0", "0", "0"], ["1", "1", "1", "-1", "0", "0", "0", "0", "-1", "1", "1", "1"]], "color": [["0", "0", "0", "0", "0", "0", "0", "2", "2", "2", "0", "0"], ["0", "0", "0", "0", "0", "0", "0", "2", "2", "2", "2", "0"], ["1", "0", "1", "1", "0", "0", "0", "0", "2", "2", "2", "0"], ["1", "1", "1", "1", "2", "2", "0", "0", "0", "0", "0", "0"], ["1", "1", "1", "2", "2", "0", "0", "1", "0", "0", "0", "0"], ["0", "2", "2", "2", "2", "1", "1", "1", "1", "0", "0", "0"], ["0", "2", "2", "0", "0", "0", "1", "1", "0", "0", "0", "0"]], "pos": [{"x": "6", "y": "5"}, {"x": "0", "y": "4"}, {"x": "1", "y": "5"}, {"x": "10", "y": "2"}]}, "q": "-0.001613382906057958", "z": "1", "visitCount": [["18", "0", "19", "0", "0", "0", "16", "16", "14", "16", "0", "0", "0", "0", "0", "0", "0", "17", "0", "19", "0", "0", "0", "19", "23", "17", "21", "0", "0", "0", "0", "0", "0", "0", "16", "0", "20", "0", "0", "0", "21", "17", "21", "17", "0", "0", "0", "0", "0", "0", "0", "16", "0", "18", "0", "0", "0", "18", "21", "18", "23", "0", "0", "0", "0", "0", "0", "0", "18", "0", "21", "0", "0", "0", "15", "23", "19", "22", "0", "0", "0", "0", "0", "0", "0", "21", "0", "18", "0", "0", "0", "20", "17", "17", "18", "0", "0", "0", "0", "0", "0", "0", "20", "0", "16", "0", "0", "0", "14", "18", "17", "14", "0", "0", "0", "0", "0", "0", "0", "14", "0", "24", "0", "0", "0", "16", "21", "19", "23", "0", "0", "0", "0", "0", "0", "0", "19", "0", "21", "0", "0", "0", "19", "14", "18", "23", "0", "0", "0", "0", "0", "0", "0", "0", "0", "0", "0", "0", "0", "0", "0", "0", "0", "0", "0", "0", "0", "0", "0", "0", "0", "0", "0", "0", "0", "0", "0", "0", "0", "0", "0", "0", "0", "0", "0", "0", "0", "0", "0", "0", "0", "0", "0", "0", "0", "0", "0", "0", "0", "0", "0", "0", "0", "0", "0", "0", "0", "0", "0", "0", "0", "0", "0", "0", "0", "0", "0", "0", "0", "0", "0", "0", "0", "0", "0", "0", "0", "0", "0", "0", "0", "0", "0", "0", "0", "0", "0", "0", "0", "0", "0", "0", "0", "0", "0", "0", "0", "0", "0", "0", "0", "0", "0", "0", "0", "0", "0", "0", "0", "0", "0", "0", "0", "0", "0", "0", "0", "0", "0", "0", "0", "0", "0", "0", "0", "0", "0", "0", "0", "0", "0", "0", "0", "0", "0", "0", "0", "0", "0"], ["9", "10", "13", "13", "10", "14", "14", "11", "15", "0", "0", "0", "0", "0", "0", "0", "0", "11", "11", "12", "10", "13", "11", "13", "10", "12", "0", "0", "0", "0", "0", "0", "0", "0", "10", "10", "11", "14", "11", "14", "10", "12", "12", "0", "0", "0", "0", "0", "0", "0", "0", "10", "10", "13", "10", "14", "14", "12", "13", "11", "0", "0", "0", "0", "0", "0", "0", "0", "12", "11", "11", "13", "15", "15", "11", "11", "9", "0", "0", "0", "0", "0", "0", "0", "0", "0", "0", "0", "0", "0", "0", "0", "0", "0", "0", "0", "0", "0", "0", "0", "0", "0", "0", "0", "0", "0", "0", "0", "0", "0", "0", "0", "0", "0", "0", "0", "0", "0", "0", "0", "0", "0", "0", "0", "0", "0", "0", "0", "0", "0", "0", "0", "0", "0", "0", "0", "11", "14", "12", "14", "14", "10", "12", "12", "12", "0", "0", "0", "0", "0", "0", "0", "0", "0", "0", "0", "0", "0", "0", "0", "0", "0", "0", "0", "0", "0", "0", "0", "0", "0", "0", "0", "0", "0", "0", "0", "0", "0", "0", "0", "0", "0", "0", "0", "0", "0", "0", "0", "0", "0", "0", "0", "0", "0", "0", "0", "0", "0", "0", "0", "0", "0", "0", "0", "0", "0", "0", "0", "0", "0", "0", "0", "0", "0", "0", "0", "0", "0", "0", "0", "0", "13", "14", "15", "11", "11", "16", "15", "15", "13", "0", "0", "0", "0", "0", "0", "0", "0", "13", "12", "14", "11", "11", "13", "15", "14", "13", "0", "0", "0", "0", "0", "0", "0", "0", "15", "10", "11", "14", "14", "19", "12", "13", "11", "0", "0", "0", "0", "0", "0", "0", "0", "0", "0", "0", "0", "0", "0", "0", "0", "0", "0", "0", "0", "0", "0", "0", "0", "0"]]}