{"state": {"resTurn": "67", "h": "7", "w": "12", "score": [["1", "0", "1", "0", "2", "1", "1", "2", "0", "1", "0", "1"], ["1", "0", "0", "0", "0", "0", "0", "0", "0", "0", "0", "1"], ["1", "2", "0", "0", "1", "0", "0", "1", "0", "0", "2", "1"], ["1", "-1", "0", "1", "0", "0", "0", "0", "1", "0", "-1", "1"], ["0", "0", "0", "0", "1", "0", "0", "1", "0", "0", "0", "0"], ["0", "0", "0", "0", "0", "1", "1", "0", "0", "0", "0", "0"], ["1", "1", "1", "-1", "0", "0", "0", "0", "-1", "1", "1", "1"]], "color": [["0", "0", "0", "0", "0", "0", "0", "2", "2", "2", "0", "0"], ["0", "0", "0", "0", "0", "0", "0", "2", "2", "2", "2", "0"], ["1", "0", "1", "1", "0", "0", "0", "0", "2", "2", "2", "0"], ["1", "1", "1", "1", "2", "2", "0", "0", "0", "0", "0", "0"], ["1", "1", "0", "2", "2", "0", "0", "1", "0", "0", "0", "0"], ["1", "2", "2", "2", "2", "1", "1", "1", "1", "0", "0", "0"], ["0", "2", "2", "0", "0", "0", "1", "1", "0", "0", "0", "0"]], "pos": [{"x": "7", "y": "4"}, {"x": "0", "y": "5"}, {"x": "1", "y": "5"}, {"x": "9", "y": "1"}]}, "q": "-0.001220792210281477", "z": "1", "visitCount": [["25", "0", "18", "0", "0", "0", "14", "17", "0", "22", "0", "0", "0", "0", "0", "0", "17", "16", "0", "16", "0", "0", "0", "15", "16", "0", "18", "0", "0", "0", "0", "0", "0", "16", "13", "0", "16", "0", "0", "0", "20", "25", "0", "16", "0", "0", "0", "0", "0", "0", "21", "23", "0", "15", "0", "0", "0", "21", "15", "0", "17", "0", "0", "0", "0", "0", "0", "16", "18", "0", "17", "0", "0", "0", "15", "15", "0", "21", "0", "0", "0", "0", "0", "0", "18", "18", "0", "18", "0", "0", "0", "20", "18", "0", "20", "0", "0", "0", "0", "0", "0", "20", "19", "0", "16", "0", "0", "0", "18", "21", "0", "21", "0", "0", "0", "0", "0", "0", "21", "23", "0", "18", "0", "0", "0", "18", "17", "0", "19", "0", "0", "0", "0", "0", "0", "23", "21", "0", "19", "0", "0", "0", "23", "21", "0", "16", "0", "0", "0", "0", "0", "0", "20", "0", "0", "0", "0", "0", "0", "0", "0", "0", "0", "0", "0", "0", "0", "0", "0", "0", "0", "0", "0", "0", "0", "0", "0", "0", "0", "0", "0", "0", "0", "0", "0", "0", "0", "0", "0", "0", "0", "0", "0", "0", "0", "0", "0", "0", "0", "0", "0", "0", "0", "0", "0", "0", "0", "0", "0", "0", "0", "0", "0", "0", "0", "0", "0", "0", "0", "0", "0", "0", "0", "0", "0", "0", "0", "0", "0", "0", "0", "0", "0", "0", "0", "0", "0", "0", "0", "0", "0", "0", "0", "0", "0", "0", "0", "0", "0", "0", "0", "0", "0", "0", "0", "0", "0", "0", "0", "0", "0", "0", "0", "0", "0", "0", "0", "0", "0", "0", "0", "0", "0", "0", "0", "0", "0", "0", "0", "0", "0", "0", "0", "0", "0", "0", "0", "0", "0"], ["10", "13", "11", "14", "15", "9", "11", "16", "11", "0", "0", "0", "0", "0", "0", "0", "0", "15", "10", "11", "12", "12", "13", "12", "12", "10", "0", "0", "0", "0", "0", "0", "0", "0", "12", "14", "11", "13", "14", "12", "12", "10", "11", "0", "0", "0", "0", "0", "0", "0", "0", "15", "12", "12", "13", "14", "12", "11", "9", "12", "0", "0", "0", "0", "0", "0", "0", "0", "0", "0", "0", "0", "0", "0", "0", "0", "0", "0", "0", "0", "0", "0", "0", "0", "0", "0", "0", "0", "0", "0", "0", "0", "0", "0", "0", "0", "0", "0", "0", "0", "0", "0", "0", "0", "0", "0", "0", "0", "0", "0", "0", "0", "0", "0", "0", "0", "0", "0", "0", "12", "13", "13", "13", "13", "11", "11", "11", "10", "0", "0", "0", "0", "0", "0", "0", "0", "14", "12", "13", "12", "12", "10", "13", "11", "12", "0", "0", "0", "0", "0", "0", "0", "0", "0", "0", "0", "0", "0", "0", "0", "0", "0", "0", "0", "0", "0", "0", "0", "0", "0", "0", "0", "0", "0", "0", "0", "0", "0", "0", "0", "0", "0", "0", "0", "0", "0", "0", "0", "0", "0", "0", "0", "0", "0", "0", "0", "0", "0", "0", "0", "0", "0", "0", "0", "10", "15", "11", "14", "12", "12", "12", "12", "13", "0", "0", "0", "0", "0", "0", "0", "0", "14", "13", "14", "12", "15", "16", "10", "14", "11", "0", "0", "0", "0", "0", "0", "0", "0", "11", "14", "15", "16", "14", "15", "11", "11", "11", "0", "0", "0", "0", "0", "0", "0", "0", "0", "0", "0", "0", "0", "0", "0", "0", "0", "0", "0", "0", "0", "0", "0", "0", "0", "0", "0", "0", "0", "0", "0", "0", "0", "0", "0", "0", "0", "0", "0", "0", "0", "0"]]}