{"state": {"resTurn": "66", "h": "7", "w": "12", "score": [["1", "0", "1", "0", "2", "1", "1", "2", "0", "1", "0", "1"], ["1", "0", "0", "0", "0", "0", "0", "0", "0", "0", "0", "1"], ["1", "2", "0", "0", "1", "0", "0", "1", "0", "0", "2", "1"], ["1", "-1", "0", "1", "0", "0", "0", "0", "1", "0", "-1", "1"], ["0", "0", "0", "0", "1", "0", "0", "1", "0", "0", "0", "0"], ["0", "0", "0", "0", "0", "1", "1", "0", "0", "0", "0", "0"], ["1", "1", "1", "-1", "0", "0", "0", "0", "-1", "1", "1", "1"]], "color": [["0", "0", "0", "0", "0", "0", "0", "2", "2", "2", "2", "0"], ["0", "0", "0", "0", "0", "0", "0", "2", "2", "2", "2", "0"], ["1", "0", "1", "1", "0", "0", "0", "0", "2", "2", "2", "0"], ["1", "1", "1", "1", "2", "2", "0", "0", "0", "0", "0", "0"], ["1", "1", "0", "2", "2", "0", "0", "1", "0", "0", "0", "0"], ["1", "2", "2", "2", "2", "1", "1", "1", "1", "0", "0", "0"], ["0", "2", "2", "0", "0", "0", "1", "1", "0", "0", "0", "0"]], "pos": [{"x": "7", "y": "4"}, {"x": "0", "y": "5"}, {"x": "1", "y": "5"}, {"x": "10", "y": "0"}]}, "q": "-0.001186710877717472", "z": "1", "visitCount": [["20", "0", "20", "0", "0", "0", "18", "16", "0", "22", "0", "0", "0", "0", "0", "0", "22", "20", "0", "19", "0", "0", "0", "19", "18", "0", "19", "0", "0", "0", "0", "0", "0", "20", "14", "0", "19", "0", "0", "0", "19", "17", "0", "18", "0", "0", "0", "0", "0", "0", "21", "19", "0", "19", "0", "0", "0", "15", "21", "0", "21", "0", "0", "0", "0", "0", "0", "19", "17", "0", "17", "0", "0", "0", "17", "21", "0", "17", "0", "0", "0", "0", "0", "0", "23", "21", "0", "19", "0", "0", "0", "15", "19", "0", "14", "0", "0", "0", "0", "0", "0", "17", "20", "0", "22", "0", "0", "0", "13", "15", "0", "18", "0", "0", "0", "0", "0", "0", "16", "20", "0", "18", "0", "0", "0", "18", "18", "0", "19", "0", "0", "0", "0", "0", "0", "21", "16", "0", "17", "0", "0", "0", "23", "18", "0", "18", "0", "0", "0", "0", "0", "0", "18", "0", "0", "0", "0", "0", "0", "0", "0", "0", "0", "0", "0", "0", "0", "0", "0", "0", "0", "0", "0", "0", "0", "0", "0", "0", "0", "0", "0", "0", "0", "0", "0", "0", "0", "0", "0", "0", "0", "0", "0", "0", "0", "0", "0", "0", "0", "0", "0", "0", "0", "0", "0", "0", "0", "0", "0", "0", "0", "0", "0", "0", "0", "0", "0", "0", "0", "0", "0", "0", "0", "0", "0", "0", "0", "0", "0", "0", "0", "0", "0", "0", "0", "0", "0", "0", "0", "0", "0", "0", "0", "0", "0", "0", "0", "0", "0", "0", "0", "0", "0", "0", "0", "0", "0", "0", "0", "0", "0", "0", "0", "0", "0", "0", "0", "0", "0", "0", "0", "0", "0", "0", "0", "0", "0", "0", "0", "0", "0", "0", "0", "0", "0", "0", "0", "0", "0"], ["20", "14", "22", "20", "21", "0", "0", "0", "17", "0", "0", "0", "0", "0", "0", "0", "0", "17", "15", "17", "21", "11", "0", "0", "0", "17", "0", "0", "0", "0", "0", "0", "0", "0", "19", "20", "18", "20", "19", "0", "0", "0", "17", "0", "0", "0", "0", "0", "0", "0", "0", "14", "13", "21", "21", "21", "0", "0", "0", "18", "0", "0", "0", "0", "0", "0", "0", "0", "0", "0", "0", "0", "0", "0", "0", "0", "0", "0", "0", "0", "0", "0", "0", "0", "0", "0", "0", "0", "0", "0", "0", "0", "0", "0", "0", "0", "0", "0", "0", "0", "0", "0", "0", "0", "0", "0", "0", "0", "0", "0", "0", "0", "0", "0", "0", "0", "0", "0", "0", "14", "18", "13", "19", "15", "0", "0", "0", "16", "0", "0", "0", "0", "0", "0", "0", "0", "21", "16", "21", "22", "22", "0", "0", "0", "23", "0", "0", "0", "0", "0", "0", "0", "0", "0", "0", "0", "0", "0", "0", "0", "0", "0", "0", "0", "0", "0", "0", "0", "0", "0", "0", "0", "0", "0", "0", "0", "0", "0", "0", "0", "0", "0", "0", "0", "0", "0", "0", "0", "0", "0", "0", "0", "0", "0", "0", "0", "0", "0", "0", "0", "0", "0", "0", "0", "20", "19", "14", "16", "16", "0", "0", "0", "19", "0", "0", "0", "0", "0", "0", "0", "0", "20", "22", "22", "18", "22", "0", "0", "0", "22", "0", "0", "0", "0", "0", "0", "0", "0", "18", "22", "19", "17", "19", "0", "0", "0", "22", "0", "0", "0", "0", "0", "0", "0", "0", "0", "0", "0", "0", "0", "0", "0", "0", "0", "0", "0", "0", "0", "0", "0", "0", "0", "0", "0", "0", "0", "0", "0", "0", "0", "0", "0", "0", "0", "0", "0", "0", "0", "0"]]}