{"state": {"resTurn": "65", "h": "7", "w": "12", "score": [["1", "0", "1", "0", "2", "1", "1", "2", "0", "1", "0", "1"], ["1", "0", "0", "0", "0", "0", "0", "0", "0", "0", "0", "1"], ["1", "2", "0", "0", "1", "0", "0", "1", "0", "0", "2", "1"], ["1", "-1", "0", "1", "0", "0", "0", "0", "1", "0", "-1", "1"], ["0", "0", "0", "0", "1", "0", "0", "1", "0", "0", "0", "0"], ["0", "0", "0", "0", "0", "1", "1", "0", "0", "0", "0", "0"], ["1", "1", "1", "-1", "0", "0", "0", "0", "-1", "1", "1", "1"]], "color": [["0", "0", "0", "0", "0", "0", "0", "2", "2", "2", "2", "2"], ["0", "0", "0", "0", "0", "0", "0", "2", "2", "2", "2", "0"], ["1", "0", "1", "1", "0", "0", "0", "0", "2", "2", "2", "0"], ["1", "1", "1", "1", "2", "2", "0", "0", "0", "0", "0", "0"], ["1", "1", "0", "2", "2", "0", "1", "1", "0", "0", "0", "0"], ["1", "0", "2", "2", "2", "1", "1", "1", "1", "0", "0", "0"], ["0", "2", "2", "0", "0", "0", "1", "1", "0", "0", "0", "0"]], "pos": [{"x": "6", "y": "4"}, {"x": "0", "y": "5"}, {"x": "2", "y": "5"}, {"x": "11", "y": "0"}]}, "q": "-0.001381398775105274", "z": "1", "visitCount": [["16", "0", "14", "0", "0", "0", "18", "21", "17", "16", "0", "0", "0", "0", "0", "0", "0", "24", "0", "16", "0", "0", "0", "20", "19", "17", "25", "0", "0", "0", "0", "0", "0", "0", "16", "0", "16", "0", "0", "0", "18", "21", "20", "13", "0", "0", "0", "0", "0", "0", "0", "28", "0", "19", "0", "0", "0", "15", "17", "15", "22", "0", "0", "0", "0", "0", "0", "0", "18", "0", "16", "0", "0", "0", "14", "17", "16", "17", "0", "0", "0", "0", "0", "0", "0", "0", "0", "0", "0", "0", "0", "0", "0", "0", "0", "0", "0", "0", "0", "0", "0", "0", "20", "0", "13", "0", "0", "0", "15", "16", "17", "18", "0", "0", "0", "0", "0", "0", "0", "22", "0", "18", "0", "0", "0", "19", "27", "23", "16", "0", "0", "0", "0", "0", "0", "0", "24", "0", "26", "0", "0", "0", "18", "22", "22", "14", "0", "0", "0", "0", "0", "0", "0", "0", "0", "0", "0", "0", "0", "0", "0", "0", "0", "0", "0", "0", "0", "0", "0", "0", "0", "0", "0", "0", "0", "0", "0", "0", "0", "0", "0", "0", "0", "0", "0", "0", "0", "0", "0", "0", "0", "0", "0", "0", "0", "0", "0", "0", "0", "0", "0", "0", "0", "0", "0", "0", "0", "0", "0", "0", "0", "0", "0", "0", "0", "0", "0", "0", "0", "0", "0", "20", "0", "19", "0", "0", "0", "17", "18", "15", "20", "0", "0", "0", "0", "0", "0", "0", "0", "0", "0", "0", "0", "0", "0", "0", "0", "0", "0", "0", "0", "0", "0", "0", "0", "0", "0", "0", "0", "0", "0", "0", "0", "0", "0", "0", "0", "0", "0", "0", "0", "0", "0", "0", "0", "0", "0", "0", "0", "0", "0", "0", "0", "0", "0", "0", "0", "0", "0"], ["22", "0", "29", "21", "30", "0", "0", "0", "0", "0", "0", "0", "0", "0", "0", "0", "0", "28", "0", "25", "29", "18", "0", "0", "0", "0", "0", "0", "0", "0", "0", "0", "0", "0", "29", "0", "30", "31", "34", "0", "0", "0", "0", "0", "0", "0", "0", "0", "0", "0", "0", "28", "0", "29", "36", "18", "0", "0", "0", "0", "0", "0", "0", "0", "0", "0", "0", "0", "29", "0", "39", "23", "33", "0", "0", "0", "0", "0", "0", "0", "0", "0", "0", "0", "0", "0", "0", "0", "0", "0", "0", "0", "0", "0", "0", "0", "0", "0", "0", "0", "0", "0", "29", "0", "27", "25", "22", "0", "0", "0", "0", "0", "0", "0", "0", "0", "0", "0", "0", "30", "0", "27", "29", "29", "0", "0", "0", "0", "0", "0", "0", "0", "0", "0", "0", "0", "35", "0", "32", "24", "23", "0", "0", "0", "0", "0", "0", "0", "0", "0", "0", "0", "0", "0", "0", "0", "0", "0", "0", "0", "0", "0", "0", "0", "0", "0", "0", "0", "0", "0", "0", "0", "0", "0", "0", "0", "0", "0", "0", "0", "0", "0", "0", "0", "0", "0", "0", "0", "0", "0", "0", "0", "0", "0", "0", "0", "0", "0", "0", "0", "0", "0", "0", "0", "0", "0", "0", "0", "0", "0", "0", "0", "0", "0", "0", "0", "0", "0", "0", "0", "0", "28", "0", "25", "30", "24", "0", "0", "0", "0", "0", "0", "0", "0", "0", "0", "0", "0", "0", "0", "0", "0", "0", "0", "0", "0", "0", "0", "0", "0", "0", "0", "0", "0", "0", "0", "0", "0", "0", "0", "0", "0", "0", "0", "0", "0", "0", "0", "0", "0", "0", "0", "0", "0", "0", "0", "0", "0", "0", "0", "0", "0", "0", "0", "0", "0", "0", "0", "0"]]}