{"state": {"resTurn": "64", "h": "7", "w": "12", "score": [["1", "0", "1", "0", "2", "1", "1", "2", "0", "1", "0", "1"], ["1", "0", "0", "0", "0", "0", "0", "0", "0", "0", "0", "1"], ["1", "2", "0", "0", "1", "0", "0", "1", "0", "0", "2", "1"], ["1", "-1", "0", "1", "0", "0", "0", "0", "1", "0", "-1", "1"], ["0", "0", "0", "0", "1", "0", "0", "1", "0", "0", "0", "0"], ["0", "0", "0", "0", "0", "1", "1", "0", "0", "0", "0", "0"], ["1", "1", "1", "-1", "0", "0", "0", "0", "-1", "1", "1", "1"]], "color": [["0", "0", "0", "0", "0", "0", "0", "2", "2", "2", "2", "2"], ["0", "0", "0", "0", "0", "0", "0", "2", "2", "2", "2", "2"], ["1", "0", "1", "1", "0", "0", "0", "0", "2", "2", "2", "0"], ["1", "1", "1", "1", "2", "2", "0", "0", "0", "0", "0", "0"], ["1", "1", "0", "2", "2", "0", "1", "1", "0", "0", "0", "0"], ["1", "2", "2", "2", "2", "1", "1", "1", "1", "0", "0", "0"], ["0", "2", "2", "0", "0", "0", "1", "1", "0", "0", "0", "0"]], "pos": [{"x": "5", "y": "5"}, {"x": "0", "y": "5"}, {"x": "1", "y": "5"}, {"x": "11", "y": "1"}]}, "q": "-0.001261940481940526", "z": "1", "visitCount": [["24", "0", "20", "0", "0", "0", "16", "15", "0", "15", "0", "0", "0", "0", "0", "0", "17", "18", "0", "19", "0", "0", "0", "26", "20", "0", "21", "0", "0", "0", "0", "0", "0", "16", "17", "0", "17", "0", "0", "0", "23", "19", "0", "13", "0", "0", "0", "0", "0", "0", "16", "16", "0", "20", "0", "0", "0", "18", "17", "0", "15", "0", "0", "0", "0", "0", "0", "16", "0", "0", "0", "0", "0", "0", "0", "0", "0", "0", "0", "0", "0", "0", "0", "0", "0", "0", "0", "0", "0", "0", "0", "0", "0", "0", "0", "0", "0", "0", "0", "0", "0", "0", "18", "0", "14", "0", "0", "0", "15", "16", "0", "18", "0", "0", "0", "0", "0", "0", "15", "15", "0", "19", "0", "0", "0", "19", "21", "0", "28", "0", "0", "0", "0", "0", "0", "20", "17", "0", "21", "0", "0", "0", "23", "22", "0", "15", "0", "0", "0", "0", "0", "0", "31", "0", "0", "0", "0", "0", "0", "0", "0", "0", "0", "0", "0", "0", "0", "0", "0", "0", "0", "0", "0", "0", "0", "0", "0", "0", "0", "0", "0", "0", "0", "0", "0", "0", "0", "0", "0", "0", "0", "0", "0", "0", "0", "0", "0", "0", "0", "0", "0", "0", "0", "0", "15", "0", "15", "0", "0", "0", "18", "27", "0", "22", "0", "0", "0", "0", "0", "0", "22", "16", "0", "14", "0", "0", "0", "19", "15", "0", "17", "0", "0", "0", "0", "0", "0", "20", "0", "0", "0", "0", "0", "0", "0", "0", "0", "0", "0", "0", "0", "0", "0", "0", "0", "0", "0", "0", "0", "0", "0", "0", "0", "0", "0", "0", "0", "0", "0", "0", "0", "0", "0", "0", "0", "0", "0", "0", "0", "0", "0", "0", "0", "0", "0", "0", "0", "0", "0"], ["20", "0", "16", "23", "19", "17", "23", "0", "0", "0", "0", "0", "0", "0", "0", "0", "0", "19", "0", "21", "19", "12", "17", "18", "0", "0", "0", "0", "0", "0", "0", "0", "0", "0", "19", "0", "18", "20", "12", "18", "16", "0", "0", "0", "0", "0", "0", "0", "0", "0", "0", "16", "0", "16", "16", "14", "21", "18", "0", "0", "0", "0", "0", "0", "0", "0", "0", "0", "0", "0", "0", "0", "0", "0", "0", "0", "0", "0", "0", "0", "0", "0", "0", "0", "0", "0", "0", "0", "0", "0", "0", "0", "0", "0", "0", "0", "0", "0", "0", "0", "0", "0", "0", "0", "0", "0", "0", "0", "0", "0", "0", "0", "0", "0", "0", "0", "0", "0", "0", "19", "0", "15", "19", "18", "16", "19", "0", "0", "0", "0", "0", "0", "0", "0", "0", "0", "18", "0", "22", "21", "14", "16", "14", "0", "0", "0", "0", "0", "0", "0", "0", "0", "0", "0", "0", "0", "0", "0", "0", "0", "0", "0", "0", "0", "0", "0", "0", "0", "0", "0", "0", "0", "0", "0", "0", "0", "0", "0", "0", "0", "0", "0", "0", "0", "0", "0", "0", "0", "0", "0", "0", "0", "0", "0", "0", "0", "0", "0", "0", "0", "0", "0", "0", "0", "16", "0", "24", "23", "18", "19", "17", "0", "0", "0", "0", "0", "0", "0", "0", "0", "0", "26", "0", "21", "22", "17", "17", "23", "0", "0", "0", "0", "0", "0", "0", "0", "0", "0", "22", "0", "21", "20", "18", "18", "20", "0", "0", "0", "0", "0", "0", "0", "0", "0", "0", "0", "0", "0", "0", "0", "0", "0", "0", "0", "0", "0", "0", "0", "0", "0", "0", "0", "0", "0", "0", "0", "0", "0", "0", "0", "0", "0", "0", "0", "0", "0", "0", "0", "0"]]}