{"state": {"resTurn": "63", "h": "7", "w": "12", "score": [["1", "0", "1", "0", "2", "1", "1", "2", "0", "1", "0", "1"], ["1", "0", "0", "0", "0", "0", "0", "0", "0", "0", "0", "1"], ["1", "2", "0", "0", "1", "0", "0", "1", "0", "0", "2", "1"], ["1", "-1", "0", "1", "0", "0", "0", "0", "1", "0", "-1", "1"], ["0", "0", "0", "0", "1", "0", "0", "1", "0", "0", "0", "0"], ["0", "0", "0", "0", "0", "1", "1", "0", "0", "0", "0", "0"], ["1", "1", "1", "-1", "0", "0", "0", "0", "-1", "1", "1", "1"]], "color": [["0", "0", "0", "0", "0", "0", "0", "2", "2", "2", "2", "2"], ["0", "0", "0", "0", "0", "0", "0", "2", "2", "2", "2", "2"], ["1", "0", "1", "1", "0", "0", "0", "0", "2", "2", "2", "0"], ["1", "1", "1", "1", "2", "2", "0", "0", "0", "0", "0", "0"], ["0", "1", "0", "2", "2", "0", "1", "1", "0", "0", "0", "0"], ["1", "2", "2", "2", "2", "1", "1", "1", "1", "0", "0", "0"], ["0", "2", "2", "0", "0", "0", "1", "1", "0", "0", "0", "0"]], "pos": [{"x": "6", "y": "5"}, {"x": "0", "y": "5"}, {"x": "1", "y": "5"}, {"x": "11", "y": "1"}]}, "q": "-0.001072060271921772", "z": "1", "visitCount": [["22", "0", "14", "0", "0", "0", "15", "16", "0", "22", "0", "0", "0", "0", "0", "0", "17", "16", "0", "23", "0", "0", "0", "22", "21", "0", "20", "0", "0", "0", "0", "0", "0", "21", "19", "0", "15", "0", "0", "0", "16", "21", "0", "20", "0", "0", "0", "0", "0", "0", "20", "15", "0", "15", "0", "0", "0", "16", "20", "0", "15", "0", "0", "0", "0", "0", "0", "18", "16", "0", "12", "0", "0", "0", "16", "17", "0", "18", "0", "0", "0", "0", "0", "0", "20", "19", "0", "17", "0", "0", "0", "19", "18", "0", "17", "0", "0", "0", "0", "0", "0", "17", "18", "0", "15", "0", "0", "0", "19", "17", "0", "18", "0", "0", "0", "0", "0", "0", "19", "25", "0", "17", "0", "0", "0", "25", "19", "0", "18", "0", "0", "0", "0", "0", "0", "18", "19", "0", "25", "0", "0", "0", "23", "20", "0", "16", "0", "0", "0", "0", "0", "0", "24", "0", "0", "0", "0", "0", "0", "0", "0", "0", "0", "0", "0", "0", "0", "0", "0", "0", "0", "0", "0", "0", "0", "0", "0", "0", "0", "0", "0", "0", "0", "0", "0", "0", "0", "0", "0", "0", "0", "0", "0", "0", "0", "0", "0", "0", "0", "0", "0", "0", "0", "0", "0", "0", "0", "0", "0", "0", "0", "0", "0", "0", "0", "0", "0", "0", "0", "0", "0", "0", "0", "0", "0", "0", "0", "0", "0", "0", "0", "0", "0", "0", "0", "0", "0", "0", "0", "0", "0", "0", "0", "0", "0", "0", "0", "0", "0", "0", "0", "0", "0", "0", "0", "0", "0", "0", "0", "0", "0", "0", "0", "0", "0", "0", "0", "0", "0", "0", "0", "0", "0", "0", "0", "0", "0", "0", "0", "0", "0", "0", "0", "0", "0", "0", "0", "0", "0"], ["23", "0", "22", "18", "23", "14", "16", "0", "0", "0", "0", "0", "0", "0", "0", "0", "0", "14", "0", "15", "19", "14", "17", "19", "0", "0", "0", "0", "0", "0", "0", "0", "0", "0", "12", "0", "17", "22", "19", "16", "21", "0", "0", "0", "0", "0", "0", "0", "0", "0", "0", "19", "0", "21", "19", "19", "15", "19", "0", "0", "0", "0", "0", "0", "0", "0", "0", "0", "0", "0", "0", "0", "0", "0", "0", "0", "0", "0", "0", "0", "0", "0", "0", "0", "0", "20", "0", "22", "16", "20", "20", "15", "0", "0", "0", "0", "0", "0", "0", "0", "0", "0", "0", "0", "0", "0", "0", "0", "0", "0", "0", "0", "0", "0", "0", "0", "0", "0", "0", "22", "0", "21", "26", "17", "15", "24", "0", "0", "0", "0", "0", "0", "0", "0", "0", "0", "22", "0", "19", "14", "18", "12", "15", "0", "0", "0", "0", "0", "0", "0", "0", "0", "0", "0", "0", "0", "0", "0", "0", "0", "0", "0", "0", "0", "0", "0", "0", "0", "0", "0", "0", "0", "0", "0", "0", "0", "0", "0", "0", "0", "0", "0", "0", "0", "0", "0", "0", "0", "0", "0", "0", "0", "0", "0", "0", "0", "0", "0", "0", "0", "0", "0", "0", "0", "19", "0", "28", "17", "14", "16", "18", "0", "0", "0", "0", "0", "0", "0", "0", "0", "0", "0", "0", "0", "0", "0", "0", "0", "0", "0", "0", "0", "0", "0", "0", "0", "0", "0", "21", "0", "20", "20", "16", "25", "15", "0", "0", "0", "0", "0", "0", "0", "0", "0", "0", "0", "0", "0", "0", "0", "0", "0", "0", "0", "0", "0", "0", "0", "0", "0", "0", "0", "0", "0", "0", "0", "0", "0", "0", "0", "0", "0", "0", "0", "0", "0", "0", "0", "0"]]}