{"state": {"resTurn": "62", "h": "7", "w": "12", "score": [["1", "0", "1", "0", "2", "1", "1", "2", "0", "1", "0", "1"], ["1", "0", "0", "0", "0", "0", "0", "0", "0", "0", "0", "1"], ["1", "2", "0", "0", "1", "0", "0", "1", "0", "0", "2", "1"], ["1", "-1", "0", "1", "0", "0", "0", "0", "1", "0", "-1", "1"], ["0", "0", "0", "0", "1", "0", "0", "1", "0", "0", "0", "0"], ["0", "0", "0", "0", "0", "1", "1", "0", "0", "0", "0", "0"], ["1", "1", "1", "-1", "0", "0", "0", "0", "-1", "1", "1", "1"]], "color": [["0", "0", "0", "0", "0", "0", "0", "2", "2", "2", "2", "2"], ["0", "0", "0", "0", "0", "0", "0", "2", "2", "2", "2", "2"], ["1", "0", "1", "1", "0", "0", "0", "0", "2", "2", "2", "2"], ["1", "1", "1", "1", "2", "2", "0", "0", "0", "0", "0", "0"], ["0", "1", "0", "2", "2", "0", "1", "1", "0", "0", "0", "0"], ["1", "2", "2", "2", "2", "1", "1", "1", "1", "0", "0", "0"], ["0", "2", "2", "0", "0", "0", "1", "1", "0", "0", "0", "0"]], "pos": [{"x": "7", "y": "4"}, {"x": "0", "y": "5"}, {"x": "1", "y": "5"}, {"x": "11", "y": "2"}]}, "q": "-0.001106294135546123", "z": "1", "visitCount": [["19", "0", "17", "0", "0", "0", "22", "16", "0", "18", "0", "0", "0", "0", "0", "0", "23", "15", "0", "15", "0", "0", "0", "25", "16", "0", "23", "0", "0", "0", "0", "0", "0", "20", "22", "0", "16", "0", "0", "0", "14", "19", "0", "14", "0", "0", "0", "0", "0", "0", "17", "19", "0", "24", "0", "0", "0", "22", "19", "0", "19", "0", "0", "0", "0", "0", "0", "24", "16", "0", "18", "0", "0", "0", "19", "19", "0", "20", "0", "0", "0", "0", "0", "0", "16", "21", "0", "16", "0", "0", "0", "16", "18", "0", "17", "0", "0", "0", "0", "0", "0", "17", "20", "0", "20", "0", "0", "0", "21", "16", "0", "19", "0", "0", "0", "0", "0", "0", "20", "17", "0", "18", "0", "0", "0", "21", "20", "0", "20", "0", "0", "0", "0", "0", "0", "15", "18", "0", "17", "0", "0", "0", "17", "19", "0", "15", "0", "0", "0", "0", "0", "0", "16", "0", "0", "0", "0", "0", "0", "0", "0", "0", "0", "0", "0", "0", "0", "0", "0", "0", "0", "0", "0", "0", "0", "0", "0", "0", "0", "0", "0", "0", "0", "0", "0", "0", "0", "0", "0", "0", "0", "0", "0", "0", "0", "0", "0", "0", "0", "0", "0", "0", "0", "0", "0", "0", "0", "0", "0", "0", "0", "0", "0", "0", "0", "0", "0", "0", "0", "0", "0", "0", "0", "0", "0", "0", "0", "0", "0", "0", "0", "0", "0", "0", "0", "0", "0", "0", "0", "0", "0", "0", "0", "0", "0", "0", "0", "0", "0", "0", "0", "0", "0", "0", "0", "0", "0", "0", "0", "0", "0", "0", "0", "0", "0", "0", "0", "0", "0", "0", "0", "0", "0", "0", "0", "0", "0", "0", "0", "0", "0", "0", "0", "0", "0", "0", "0", "0", "0"], ["19", "0", "17", "18", "22", "25", "19", "0", "0", "0", "0", "0", "0", "0", "0", "0", "0", "20", "0", "20", "18", "20", "16", "19", "0", "0", "0", "0", "0", "0", "0", "0", "0", "0", "18", "0", "17", "17", "14", "16", "19", "0", "0", "0", "0", "0", "0", "0", "0", "0", "0", "20", "0", "18", "20", "22", "14", "20", "0", "0", "0", "0", "0", "0", "0", "0", "0", "0", "0", "0", "0", "0", "0", "0", "0", "0", "0", "0", "0", "0", "0", "0", "0", "0", "0", "16", "0", "13", "16", "18", "21", "14", "0", "0", "0", "0", "0", "0", "0", "0", "0", "0", "0", "0", "0", "0", "0", "0", "0", "0", "0", "0", "0", "0", "0", "0", "0", "0", "0", "19", "0", "19", "21", "21", "15", "24", "0", "0", "0", "0", "0", "0", "0", "0", "0", "0", "20", "0", "17", "18", "22", "19", "15", "0", "0", "0", "0", "0", "0", "0", "0", "0", "0", "0", "0", "0", "0", "0", "0", "0", "0", "0", "0", "0", "0", "0", "0", "0", "0", "0", "0", "0", "0", "0", "0", "0", "0", "0", "0", "0", "0", "0", "0", "0", "0", "0", "0", "0", "0", "0", "0", "0", "0", "0", "0", "0", "0", "0", "0", "0", "0", "0", "0", "0", "19", "0", "18", "20", "18", "19", "17", "0", "0", "0", "0", "0", "0", "0", "0", "0", "0", "0", "0", "0", "0", "0", "0", "0", "0", "0", "0", "0", "0", "0", "0", "0", "0", "0", "18", "0", "20", "21", "20", "17", "17", "0", "0", "0", "0", "0", "0", "0", "0", "0", "0", "0", "0", "0", "0", "0", "0", "0", "0", "0", "0", "0", "0", "0", "0", "0", "0", "0", "0", "0", "0", "0", "0", "0", "0", "0", "0", "0", "0", "0", "0", "0", "0", "0", "0"]]}