{"state": {"resTurn": "79", "h": "7", "w": "12", "score": [["1", "0", "1", "0", "2", "1", "1", "2", "0", "1", "0", "1"], ["1", "0", "0", "0", "0", "0", "0", "0", "0", "0", "0", "1"], ["1", "2", "0", "0", "1", "0", "0", "1", "0", "0", "2", "1"], ["1", "-1", "0", "1", "0", "0", "0", "0", "1", "0", "-1", "1"], ["0", "0", "0", "0", "1", "0", "0", "1", "0", "0", "0", "0"], ["0", "0", "0", "0", "0", "1", "1", "0", "0", "0", "0", "0"], ["1", "1", "1", "-1", "0", "0", "0", "0", "-1", "1", "1", "1"]], "color": [["0", "0", "0", "0", "0", "0", "0", "0", "0", "0", "0", "0"], ["0", "0", "0", "0", "0", "0", "0", "0", "2", "0", "0", "0"], ["0", "0", "1", "1", "0", "0", "0", "0", "2", "0", "0", "0"], ["0", "0", "1", "0", "0", "0", "0", "0", "0", "0", "0", "0"], ["0", "0", "0", "0", "2", "0", "0", "0", "0", "0", "0", "0"], ["0", "0", "0", "2", "2", "0", "0", "0", "1", "0", "0", "0"], ["0", "0", "0", "0", "0", "0", "1", "1", "0", "0", "0", "0"]], "pos": [{"x": "6", "y": "6"}, {"x": "2", "y": "3"}, {"x": "4", "y": "5"}, {"x": "8", "y": "1"}]}, "q": "-0.001172875857747334", "z": "1", "visitCount": [["19", "16", "20", "20", "18", "16", "15", "19", "20", "0", "0", "0", "0", "0", "0", "0", "0", "0", "0", "0", "0", "0", "0", "0", "0", "0", "0", "0", "0", "0", "0", "0", "0", "0", "0", "0", "0", "0", "0", "0", "0", "0", "0", "0", "0", "0", "0", "0", "0", "0", "0", "0", "0", "0", "0", "0", "0", "0", "0", "0", "0", "0", "0", "0", "0", "0", "0", "0", "26", "17", "21", "21", "16", "13", "16", "20", "20", "0", "0", "0", "0", "0", "0", "0", "0", "18", "18", "17", "16", "14", "13", "19", "26", "15", "0", "0", "0", "0", "0", "0", "0", "0", "19", "14", "26", "17", "22", "19", "20", "25", "28", "0", "0", "0", "0", "0", "0", "0", "0", "17", "18", "17", "19", "19", "22", "14", "16", "14", "0", "0", "0", "0", "0", "0", "0", "0", "12", "19", "18", "16", "19", "24", "11", "27", "19", "0", "0", "0", "0", "0", "0", "0", "0", "0", "0", "0", "0", "0", "0", "0", "0", "0", "0", "0", "0", "0", "0", "0", "0", "0", "0", "0", "0", "0", "0", "0", "0", "0", "0", "0", "0", "0", "0", "0", "0", "0", "0", "0", "0", "0", "0", "0", "0", "0", "0", "0", "0", "0", "0", "0", "0", "0", "0", "0", "0", "0", "0", "0", "0", "0", "0", "0", "0", "0", "0", "0", "0", "0", "0", "0", "0", "0", "0", "0", "0", "0", "0", "0", "0", "0", "0", "0", "0", "0", "0", "0", "0", "0", "0", "0", "0", "0", "0", "0", "0", "0", "0", "0", "0", "0", "0", "0", "0", "0", "0", "0", "0", "0", "0", "0", "0", "0", "0", "0", "0", "0", "0", "0", "0", "0", "0", "0", "0", "0", "0", "0", "0", "0", "0", "0", "0", "0", "0", "0", "0", "0", "0", "0", "0"], ["9", "12", "11", "13", "8", "10", "11", "10", "13", "0", "0", "0", "0", "0", "0", "0", "0", "13", "13", "11", "11", "11", "13", "14", "14", "11", "0", "0", "0", "0", "0", "0", "0", "0", "13", "13", "13", "14", "16", "14", "15", "13", "15", "0", "0", "0", "0", "0", "0", "0", "0", "12", "14", "14", "12", "11", "13", "13", "11", "10", "0", "0", "0", "0", "0", "0", "0", "0", "15", "13", "14", "14", "11", "12", "13", "11", "14", "0", "0", "0", "0", "0", "0", "0", "0", "12", "13", "13", "12", "11", "12", "13", "11", "12", "0", "0", "0", "0", "0", "0", "0", "0", "13", "11", "14", "15", "18", "12", "11", "11", "11", "0", "0", "0", "0", "0", "0", "0", "0", "12", "13", "12", "12", "13", "12", "14", "12", "11", "0", "0", "0", "0", "0", "0", "0", "0", "15", "13", "11", "13", "11", "10", "10", "10", "10", "0", "0", "0", "0", "0", "0", "0", "0", "0", "0", "0", "0", "0", "0", "0", "0", "0", "0", "0", "0", "0", "0", "0", "0", "0", "0", "0", "0", "0", "0", "0", "0", "0", "0", "0", "0", "0", "0", "0", "0", "0", "0", "0", "0", "0", "0", "0", "0", "0", "0", "0", "0", "0", "0", "0", "0", "0", "0", "0", "0", "0", "0", "0", "0", "0", "0", "0", "0", "0", "0", "0", "0", "0", "0", "0", "0", "0", "0", "0", "0", "0", "0", "0", "0", "0", "0", "0", "0", "0", "0", "0", "0", "0", "0", "0", "0", "0", "0", "0", "0", "0", "0", "0", "0", "0", "0", "0", "0", "0", "0", "0", "0", "0", "0", "0", "0", "0", "0", "0", "0", "0", "0", "0", "0", "0", "0", "0", "0", "0", "0", "0", "0", "0", "0", "0", "0", "0", "0", "0", "0", "0", "0", "0", "0"]]}