{"state": {"resTurn": "61", "h": "7", "w": "12", "score": [["1", "0", "1", "0", "2", "1", "1", "2", "0", "1", "0", "1"], ["1", "0", "0", "0", "0", "0", "0", "0", "0", "0", "0", "1"], ["1", "2", "0", "0", "1", "0", "0", "1", "0", "0", "2", "1"], ["1", "-1", "0", "1", "0", "0", "0", "0", "1", "0", "-1", "1"], ["0", "0", "0", "0", "1", "0", "0", "1", "0", "0", "0", "0"], ["0", "0", "0", "0", "0", "1", "1", "0", "0", "0", "0", "0"], ["1", "1", "1", "-1", "0", "0", "0", "0", "-1", "1", "1", "1"]], "color": [["0", "0", "0", "0", "0", "0", "0", "2", "2", "2", "2", "2"], ["0", "0", "0", "0", "0", "0", "0", "2", "2", "2", "2", "2"], ["1", "0", "1", "1", "0", "0", "0", "0", "2", "2", "2", "2"], ["1", "1", "1", "1", "2", "2", "0", "0", "0", "0", "0", "0"], ["1", "1", "0", "2", "2", "0", "1", "1", "0", "0", "0", "0"], ["1", "2", "2", "2", "2", "1", "1", "1", "1", "0", "0", "0"], ["0", "2", "2", "0", "0", "0", "1", "1", "0", "0", "0", "0"]], "pos": [{"x": "8", "y": "5"}, {"x": "0", "y": "4"}, {"x": "1", "y": "5"}, {"x": "10", "y": "1"}]}, "q": "-0.001105927555694171", "z": "1", "visitCount": [["17", "0", "15", "0", "0", "0", "16", "19", "19", "18", "0", "0", "0", "0", "0", "0", "0", "13", "0", "19", "0", "0", "0", "23", "16", "21", "20", "0", "0", "0", "0", "0", "0", "0", "20", "0", "19", "0", "0", "0", "19", "16", "16", "18", "0", "0", "0", "0", "0", "0", "0", "15", "0", "17", "0", "0", "0", "16", "15", "17", "18", "0", "0", "0", "0", "0", "0", "0", "16", "0", "26", "0", "0", "0", "14", "21", "20", "20", "0", "0", "0", "0", "0", "0", "0", "17", "0", "19", "0", "0", "0", "20", "20", "21", "21", "0", "0", "0", "0", "0", "0", "0", "20", "0", "16", "0", "0", "0", "25", "15", "20", "17", "0", "0", "0", "0", "0", "0", "0", "15", "0", "26", "0", "0", "0", "14", "17", "16", "17", "0", "0", "0", "0", "0", "0", "0", "15", "0", "18", "0", "0", "0", "19", "24", "28", "21", "0", "0", "0", "0", "0", "0", "0", "0", "0", "0", "0", "0", "0", "0", "0", "0", "0", "0", "0", "0", "0", "0", "0", "0", "0", "0", "0", "0", "0", "0", "0", "0", "0", "0", "0", "0", "0", "0", "0", "0", "0", "0", "0", "0", "0", "0", "0", "0", "0", "0", "0", "0", "0", "0", "0", "0", "0", "0", "0", "0", "0", "0", "0", "0", "0", "0", "0", "0", "0", "0", "0", "0", "0", "0", "0", "0", "0", "0", "0", "0", "0", "0", "0", "0", "0", "0", "0", "0", "0", "0", "0", "0", "0", "0", "0", "0", "0", "0", "0", "0", "0", "0", "0", "0", "0", "0", "0", "0", "0", "0", "0", "0", "0", "0", "0", "0", "0", "0", "0", "0", "0", "0", "0", "0", "0", "0", "0", "0", "0", "0", "0", "0", "0", "0", "0", "0", "0", "0", "0", "0", "0", "0", "0"], ["10", "17", "13", "8", "13", "14", "13", "10", "15", "0", "0", "0", "0", "0", "0", "0", "0", "10", "10", "13", "12", "15", "12", "14", "12", "11", "0", "0", "0", "0", "0", "0", "0", "0", "12", "12", "9", "8", "13", "12", "10", "14", "11", "0", "0", "0", "0", "0", "0", "0", "0", "10", "13", "13", "10", "11", "11", "11", "11", "16", "0", "0", "0", "0", "0", "0", "0", "0", "0", "0", "0", "0", "0", "0", "0", "0", "0", "0", "0", "0", "0", "0", "0", "0", "0", "0", "0", "0", "0", "0", "0", "0", "0", "0", "0", "0", "0", "0", "0", "0", "0", "0", "0", "0", "0", "0", "0", "0", "0", "0", "0", "0", "0", "0", "0", "0", "0", "0", "0", "15", "13", "11", "10", "12", "11", "10", "12", "9", "0", "0", "0", "0", "0", "0", "0", "0", "13", "14", "12", "15", "15", "13", "15", "11", "13", "0", "0", "0", "0", "0", "0", "0", "0", "0", "0", "0", "0", "0", "0", "0", "0", "0", "0", "0", "0", "0", "0", "0", "0", "0", "0", "0", "0", "0", "0", "0", "0", "0", "0", "0", "0", "0", "0", "0", "0", "0", "0", "0", "0", "0", "0", "0", "0", "0", "0", "0", "0", "0", "0", "0", "0", "0", "0", "0", "11", "15", "9", "12", "15", "12", "14", "15", "15", "0", "0", "0", "0", "0", "0", "0", "0", "13", "14", "13", "9", "12", "15", "13", "13", "13", "0", "0", "0", "0", "0", "0", "0", "0", "14", "12", "12", "11", "13", "13", "14", "12", "13", "0", "0", "0", "0", "0", "0", "0", "0", "0", "0", "0", "0", "0", "0", "0", "0", "0", "0", "0", "0", "0", "0", "0", "0", "0", "0", "0", "0", "0", "0", "0", "0", "0", "0", "0", "0", "0", "0", "0", "0", "0", "0"]]}