{"state": {"resTurn": "59", "h": "7", "w": "12", "score": [["1", "0", "1", "0", "2", "1", "1", "2", "0", "1", "0", "1"], ["1", "0", "0", "0", "0", "0", "0", "0", "0", "0", "0", "1"], ["1", "2", "0", "0", "1", "0", "0", "1", "0", "0", "2", "1"], ["1", "-1", "0", "1", "0", "0", "0", "0", "1", "0", "-1", "1"], ["0", "0", "0", "0", "1", "0", "0", "1", "0", "0", "0", "0"], ["0", "0", "0", "0", "0", "1", "1", "0", "0", "0", "0", "0"], ["1", "1", "1", "-1", "0", "0", "0", "0", "-1", "1", "1", "1"]], "color": [["0", "0", "0", "0", "0", "0", "0", "2", "2", "2", "2", "2"], ["0", "0", "0", "0", "0", "0", "0", "2", "2", "2", "2", "2"], ["1", "0", "1", "1", "0", "0", "0", "0", "2", "2", "2", "2"], ["1", "1", "1", "1", "2", "2", "0", "0", "0", "0", "0", "0"], ["1", "1", "0", "2", "2", "0", "1", "1", "0", "0", "0", "0"], ["1", "2", "2", "2", "2", "1", "1", "1", "1", "1", "0", "0"], ["0", "2", "2", "0", "0", "0", "1", "1", "0", "0", "0", "0"]], "pos": [{"x": "9", "y": "5"}, {"x": "1", "y": "4"}, {"x": "1", "y": "6"}, {"x": "10", "y": "2"}]}, "q": "-0.0009165472098397343", "z": "1", "visitCount": [["13", "0", "0", "13", "16", "9", "11", "10", "11", "12", "15", "0", "0", "0", "0", "0", "0", "13", "0", "0", "11", "12", "16", "11", "17", "15", "11", "11", "0", "0", "0", "0", "0", "0", "13", "0", "0", "14", "13", "14", "11", "11", "13", "14", "11", "0", "0", "0", "0", "0", "0", "18", "0", "0", "12", "11", "11", "14", "11", "13", "17", "12", "0", "0", "0", "0", "0", "0", "12", "0", "0", "15", "12", "13", "13", "12", "9", "10", "13", "0", "0", "0", "0", "0", "0", "11", "0", "0", "13", "11", "12", "10", "14", "13", "10", "13", "0", "0", "0", "0", "0", "0", "9", "0", "0", "14", "12", "13", "13", "14", "12", "11", "10", "0", "0", "0", "0", "0", "0", "13", "0", "0", "13", "12", "12", "14", "12", "12", "12", "13", "0", "0", "0", "0", "0", "0", "10", "0", "0", "11", "13", "11", "11", "12", "11", "13", "12", "0", "0", "0", "0", "0", "0", "0", "0", "0", "0", "0", "0", "0", "0", "0", "0", "0", "0", "0", "0", "0", "0", "0", "0", "0", "0", "0", "0", "0", "0", "0", "0", "0", "0", "0", "0", "0", "0", "0", "0", "0", "0", "0", "0", "0", "0", "0", "0", "0", "0", "0", "0", "0", "0", "0", "0", "0", "0", "0", "0", "0", "0", "0", "0", "0", "0", "0", "0", "0", "0", "0", "0", "0", "0", "0", "0", "0", "0", "0", "0", "0", "0", "0", "0", "0", "0", "0", "0", "0", "0", "0", "0", "0", "0", "0", "0", "0", "0", "0", "0", "0", "0", "0", "0", "0", "0", "0", "0", "0", "0", "0", "0", "0", "0", "0", "0", "0", "0", "0", "0", "0", "0", "0", "0", "0", "0", "0", "0", "0", "0", "0", "0", "0", "0", "0", "0", "0", "0", "0", "0", "0", "0"], ["19", "18", "16", "15", "18", "17", "18", "13", "15", "0", "0", "0", "0", "0", "0", "0", "0", "0", "0", "0", "0", "0", "0", "0", "0", "0", "0", "0", "0", "0", "0", "0", "0", "0", "0", "0", "0", "0", "0", "0", "0", "0", "0", "0", "0", "0", "0", "0", "0", "0", "0", "0", "0", "0", "0", "0", "0", "0", "0", "0", "0", "0", "0", "0", "0", "0", "0", "0", "19", "19", "22", "16", "19", "18", "16", "18", "13", "0", "0", "0", "0", "0", "0", "0", "0", "0", "0", "0", "0", "0", "0", "0", "0", "0", "0", "0", "0", "0", "0", "0", "0", "0", "20", "15", "17", "22", "19", "17", "22", "23", "21", "0", "0", "0", "0", "0", "0", "0", "0", "23", "22", "24", "19", "26", "23", "18", "22", "23", "0", "0", "0", "0", "0", "0", "0", "0", "17", "18", "17", "19", "17", "17", "18", "22", "16", "0", "0", "0", "0", "0", "0", "0", "0", "0", "0", "0", "0", "0", "0", "0", "0", "0", "0", "0", "0", "0", "0", "0", "0", "0", "0", "0", "0", "0", "0", "0", "0", "0", "0", "0", "0", "0", "0", "0", "0", "0", "0", "0", "0", "0", "0", "0", "0", "0", "0", "0", "0", "0", "0", "0", "0", "0", "0", "0", "0", "0", "0", "0", "0", "0", "0", "0", "0", "0", "0", "0", "0", "0", "0", "0", "0", "19", "18", "17", "13", "18", "23", "15", "16", "16", "0", "0", "0", "0", "0", "0", "0", "0", "0", "0", "0", "0", "0", "0", "0", "0", "0", "0", "0", "0", "0", "0", "0", "0", "0", "0", "0", "0", "0", "0", "0", "0", "0", "0", "0", "0", "0", "0", "0", "0", "0", "0", "0", "0", "0", "0", "0", "0", "0", "0", "0", "0", "0", "0", "0", "0", "0", "0", "0"]]}