{"state": {"resTurn": "58", "h": "7", "w": "12", "score": [["1", "0", "1", "0", "2", "1", "1", "2", "0", "1", "0", "1"], ["1", "0", "0", "0", "0", "0", "0", "0", "0", "0", "0", "1"], ["1", "2", "0", "0", "1", "0", "0", "1", "0", "0", "2", "1"], ["1", "-1", "0", "1", "0", "0", "0", "0", "1", "0", "-1", "1"], ["0", "0", "0", "0", "1", "0", "0", "1", "0", "0", "0", "0"], ["0", "0", "0", "0", "0", "1", "1", "0", "0", "0", "0", "0"], ["1", "1", "1", "-1", "0", "0", "0", "0", "-1", "1", "1", "1"]], "color": [["0", "0", "0", "0", "0", "0", "0", "2", "2", "2", "2", "2"], ["0", "0", "0", "0", "0", "0", "0", "2", "2", "2", "2", "2"], ["1", "0", "1", "1", "0", "0", "0", "0", "2", "2", "2", "2"], ["1", "1", "1", "1", "2", "2", "0", "0", "0", "0", "0", "0"], ["1", "1", "0", "2", "2", "0", "1", "1", "0", "0", "0", "0"], ["1", "2", "2", "2", "2", "1", "1", "1", "1", "1", "0", "0"], ["0", "2", "2", "0", "0", "0", "1", "1", "1", "0", "0", "0"]], "pos": [{"x": "8", "y": "6"}, {"x": "1", "y": "4"}, {"x": "2", "y": "5"}, {"x": "9", "y": "2"}]}, "q": "-0.0008510215131483274", "z": "1", "visitCount": [["15", "0", "0", "18", "14", "26", "20", "16", "14", "25", "18", "0", "0", "0", "0", "0", "0", "0", "0", "0", "0", "0", "0", "0", "0", "0", "0", "0", "0", "0", "0", "0", "0", "0", "0", "0", "0", "0", "0", "0", "0", "0", "0", "0", "0", "0", "0", "0", "0", "0", "0", "0", "0", "0", "0", "0", "0", "0", "0", "0", "0", "0", "0", "0", "0", "0", "0", "0", "16", "0", "0", "19", "16", "18", "15", "19", "25", "19", "16", "0", "0", "0", "0", "0", "0", "17", "0", "0", "15", "15", "16", "21", "20", "19", "18", "18", "0", "0", "0", "0", "0", "0", "21", "0", "0", "16", "25", "18", "23", "18", "18", "13", "17", "0", "0", "0", "0", "0", "0", "17", "0", "0", "18", "21", "21", "20", "15", "23", "21", "21", "0", "0", "0", "0", "0", "0", "20", "0", "0", "17", "19", "13", "17", "22", "20", "20", "18", "0", "0", "0", "0", "0", "0", "0", "0", "0", "0", "0", "0", "0", "0", "0", "0", "0", "0", "0", "0", "0", "0", "0", "0", "0", "0", "0", "0", "0", "0", "0", "0", "0", "0", "0", "0", "0", "0", "0", "0", "0", "0", "0", "0", "0", "0", "0", "0", "0", "0", "0", "0", "0", "0", "0", "0", "0", "0", "0", "0", "0", "0", "0", "0", "0", "0", "0", "0", "0", "0", "0", "0", "0", "0", "0", "0", "0", "0", "0", "0", "0", "0", "0", "0", "0", "0", "0", "0", "0", "0", "0", "0", "0", "0", "0", "0", "0", "0", "0", "0", "0", "0", "0", "0", "0", "0", "0", "0", "0", "0", "0", "0", "0", "0", "0", "0", "0", "0", "0", "0", "0", "0", "0", "0", "0", "0", "0", "0", "0", "0", "0", "0", "0", "0", "0", "0", "0", "0", "0", "0", "0", "0"], ["12", "12", "14", "11", "13", "17", "14", "13", "12", "0", "0", "0", "0", "0", "0", "0", "0", "11", "13", "12", "9", "11", "13", "14", "10", "13", "0", "0", "0", "0", "0", "0", "0", "0", "11", "12", "13", "10", "11", "12", "13", "11", "14", "0", "0", "0", "0", "0", "0", "0", "0", "7", "12", "11", "16", "8", "12", "18", "13", "13", "0", "0", "0", "0", "0", "0", "0", "0", "10", "10", "9", "9", "10", "11", "10", "12", "12", "0", "0", "0", "0", "0", "0", "0", "0", "0", "0", "0", "0", "0", "0", "0", "0", "0", "0", "0", "0", "0", "0", "0", "0", "0", "14", "14", "12", "15", "13", "13", "10", "13", "13", "0", "0", "0", "0", "0", "0", "0", "0", "13", "11", "13", "12", "13", "17", "15", "11", "12", "0", "0", "0", "0", "0", "0", "0", "0", "15", "13", "11", "12", "13", "9", "13", "12", "12", "0", "0", "0", "0", "0", "0", "0", "0", "0", "0", "0", "0", "0", "0", "0", "0", "0", "0", "0", "0", "0", "0", "0", "0", "0", "0", "0", "0", "0", "0", "0", "0", "0", "0", "0", "0", "0", "0", "0", "0", "0", "0", "0", "0", "0", "0", "0", "0", "0", "0", "0", "0", "0", "0", "0", "0", "0", "0", "0", "0", "0", "0", "0", "0", "0", "0", "0", "0", "0", "0", "0", "0", "0", "0", "0", "0", "11", "14", "12", "12", "14", "18", "16", "12", "13", "0", "0", "0", "0", "0", "0", "0", "0", "0", "0", "0", "0", "0", "0", "0", "0", "0", "0", "0", "0", "0", "0", "0", "0", "0", "0", "0", "0", "0", "0", "0", "0", "0", "0", "0", "0", "0", "0", "0", "0", "0", "0", "0", "0", "0", "0", "0", "0", "0", "0", "0", "0", "0", "0", "0", "0", "0", "0", "0"]]}