{"state": {"resTurn": "55", "h": "7", "w": "12", "score": [["1", "0", "1", "0", "2", "1", "1", "2", "0", "1", "0", "1"], ["1", "0", "0", "0", "0", "0", "0", "0", "0", "0", "0", "1"], ["1", "2", "0", "0", "1", "0", "0", "1", "0", "0", "2", "1"], ["1", "-1", "0", "1", "0", "0", "0", "0", "1", "0", "-1", "1"], ["0", "0", "0", "0", "1", "0", "0", "1", "0", "0", "0", "0"], ["0", "0", "0", "0", "0", "1", "1", "0", "0", "0", "0", "0"], ["1", "1", "1", "-1", "0", "0", "0", "0", "-1", "1", "1", "1"]], "color": [["0", "0", "0", "0", "0", "0", "0", "2", "2", "2", "2", "2"], ["0", "0", "0", "0", "0", "0", "0", "2", "2", "2", "2", "2"], ["1", "0", "1", "1", "0", "0", "0", "0", "2", "2", "2", "2"], ["1", "1", "1", "1", "2", "2", "0", "0", "0", "0", "0", "0"], ["1", "1", "0", "2", "2", "0", "1", "1", "0", "0", "0", "0"], ["1", "0", "2", "2", "2", "1", "1", "1", "1", "1", "0", "0"], ["2", "2", "2", "0", "0", "0", "1", "1", "1", "0", "0", "0"]], "pos": [{"x": "7", "y": "5"}, {"x": "1", "y": "4"}, {"x": "0", "y": "6"}, {"x": "8", "y": "1"}]}, "q": "-0.001131258509541651", "z": "1", "visitCount": [["13", "0", "10", "13", "11", "11", "14", "10", "12", "15", "0", "0", "0", "0", "0", "0", "0", "13", "0", "14", "10", "10", "12", "12", "12", "14", "12", "0", "0", "0", "0", "0", "0", "0", "14", "0", "10", "11", "12", "16", "15", "14", "11", "14", "0", "0", "0", "0", "0", "0", "0", "12", "0", "10", "14", "10", "13", "13", "12", "14", "12", "0", "0", "0", "0", "0", "0", "0", "14", "0", "15", "14", "12", "10", "10", "12", "14", "13", "0", "0", "0", "0", "0", "0", "0", "15", "0", "12", "13", "12", "11", "13", "11", "11", "12", "0", "0", "0", "0", "0", "0", "0", "13", "0", "11", "15", "11", "12", "12", "11", "13", "10", "0", "0", "0", "0", "0", "0", "0", "13", "0", "13", "13", "11", "14", "10", "13", "11", "10", "0", "0", "0", "0", "0", "0", "0", "15", "0", "12", "15", "12", "15", "13", "12", "11", "11", "0", "0", "0", "0", "0", "0", "0", "0", "0", "0", "0", "0", "0", "0", "0", "0", "0", "0", "0", "0", "0", "0", "0", "0", "0", "0", "0", "0", "0", "0", "0", "0", "0", "0", "0", "0", "0", "0", "0", "0", "0", "0", "0", "0", "0", "0", "0", "0", "0", "0", "0", "0", "0", "0", "0", "0", "0", "0", "0", "0", "0", "0", "0", "0", "0", "0", "0", "0", "0", "0", "0", "0", "0", "0", "0", "0", "0", "0", "0", "0", "0", "0", "0", "0", "0", "0", "0", "0", "0", "0", "0", "0", "0", "0", "0", "0", "0", "0", "0", "0", "0", "0", "0", "0", "0", "0", "0", "0", "0", "0", "0", "0", "0", "0", "0", "0", "0", "0", "0", "0", "0", "0", "0", "0", "0", "0", "0", "0", "0", "0", "0", "0", "0", "0", "0", "0", "0", "0", "0", "0", "0", "0", "0"], ["19", "30", "27", "30", "34", "25", "20", "32", "27", "0", "0", "0", "0", "0", "0", "0", "0", "0", "0", "0", "0", "0", "0", "0", "0", "0", "0", "0", "0", "0", "0", "0", "0", "0", "0", "0", "0", "0", "0", "0", "0", "0", "0", "0", "0", "0", "0", "0", "0", "0", "0", "0", "0", "0", "0", "0", "0", "0", "0", "0", "0", "0", "0", "0", "0", "0", "0", "0", "0", "0", "0", "0", "0", "0", "0", "0", "0", "0", "0", "0", "0", "0", "0", "0", "0", "0", "0", "0", "0", "0", "0", "0", "0", "0", "0", "0", "0", "0", "0", "0", "0", "0", "0", "0", "0", "0", "0", "0", "0", "0", "0", "0", "0", "0", "0", "0", "0", "0", "0", "32", "25", "29", "39", "21", "32", "28", "30", "41", "0", "0", "0", "0", "0", "0", "0", "0", "39", "31", "34", "23", "26", "18", "27", "33", "19", "0", "0", "0", "0", "0", "0", "0", "0", "0", "0", "0", "0", "0", "0", "0", "0", "0", "0", "0", "0", "0", "0", "0", "0", "0", "0", "0", "0", "0", "0", "0", "0", "0", "0", "0", "0", "0", "0", "0", "0", "0", "0", "0", "0", "0", "0", "0", "0", "0", "0", "0", "0", "0", "0", "0", "0", "0", "0", "0", "0", "0", "0", "0", "0", "0", "0", "0", "0", "0", "0", "0", "0", "0", "0", "0", "0", "0", "0", "0", "0", "0", "0", "0", "0", "0", "0", "0", "0", "0", "0", "0", "0", "0", "24", "26", "25", "28", "21", "23", "29", "27", "27", "0", "0", "0", "0", "0", "0", "0", "0", "0", "0", "0", "0", "0", "0", "0", "0", "0", "0", "0", "0", "0", "0", "0", "0", "0", "0", "0", "0", "0", "0", "0", "0", "0", "0", "0", "0", "0", "0", "0", "0", "0", "0"]]}