{"state": {"resTurn": "78", "h": "7", "w": "12", "score": [["1", "0", "1", "0", "2", "1", "1", "2", "0", "1", "0", "1"], ["1", "0", "0", "0", "0", "0", "0", "0", "0", "0", "0", "1"], ["1", "2", "0", "0", "1", "0", "0", "1", "0", "0", "2", "1"], ["1", "-1", "0", "1", "0", "0", "0", "0", "1", "0", "-1", "1"], ["0", "0", "0", "0", "1", "0", "0", "1", "0", "0", "0", "0"], ["0", "0", "0", "0", "0", "1", "1", "0", "0", "0", "0", "0"], ["1", "1", "1", "-1", "0", "0", "0", "0", "-1", "1", "1", "1"]], "color": [["0", "0", "0", "0", "0", "0", "0", "0", "0", "0", "0", "0"], ["0", "0", "0", "0", "0", "0", "0", "2", "2", "0", "0", "0"], ["0", "0", "1", "1", "0", "0", "0", "0", "2", "0", "0", "0"], ["0", "0", "1", "1", "0", "0", "0", "0", "0", "0", "0", "0"], ["0", "0", "0", "0", "2", "0", "0", "0", "0", "0", "0", "0"], ["0", "0", "0", "2", "2", "0", "1", "0", "1", "0", "0", "0"], ["0", "0", "0", "0", "0", "0", "1", "1", "0", "0", "0", "0"]], "pos": [{"x": "6", "y": "5"}, {"x": "3", "y": "3"}, {"x": "4", "y": "4"}, {"x": "7", "y": "1"}]}, "q": "-0.0007703909079728746", "z": "1", "visitCount": [["12", "0", "14", "11", "12", "14", "13", "11", "14", "12", "0", "0", "0", "0", "0", "0", "0", "11", "0", "8", "12", "10", "10", "14", "15", "14", "12", "0", "0", "0", "0", "0", "0", "0", "13", "0", "14", "17", "8", "12", "16", "13", "15", "13", "0", "0", "0", "0", "0", "0", "0", "12", "0", "13", "12", "14", "13", "11", "14", "13", "11", "0", "0", "0", "0", "0", "0", "0", "12", "0", "11", "11", "11", "11", "9", "11", "12", "9", "0", "0", "0", "0", "0", "0", "0", "10", "0", "11", "12", "12", "11", "11", "13", "11", "11", "0", "0", "0", "0", "0", "0", "0", "13", "0", "12", "11", "12", "12", "11", "13", "11", "12", "0", "0", "0", "0", "0", "0", "0", "12", "0", "11", "13", "13", "17", "13", "13", "15", "12", "0", "0", "0", "0", "0", "0", "0", "12", "0", "16", "11", "15", "9", "14", "17", "15", "13", "0", "0", "0", "0", "0", "0", "0", "0", "0", "0", "0", "0", "0", "0", "0", "0", "0", "0", "0", "0", "0", "0", "0", "0", "0", "0", "0", "0", "0", "0", "0", "0", "0", "0", "0", "0", "0", "0", "0", "0", "0", "0", "0", "0", "0", "0", "0", "0", "0", "0", "0", "0", "0", "0", "0", "0", "0", "0", "0", "0", "0", "0", "0", "0", "0", "0", "0", "0", "0", "0", "0", "0", "0", "0", "0", "0", "0", "0", "0", "0", "0", "0", "0", "0", "0", "0", "0", "0", "0", "0", "0", "0", "0", "0", "0", "0", "0", "0", "0", "0", "0", "0", "0", "0", "0", "0", "0", "0", "0", "0", "0", "0", "0", "0", "0", "0", "0", "0", "0", "0", "0", "0", "0", "0", "0", "0", "0", "0", "0", "0", "0", "0", "0", "0", "0", "0", "0", "0", "0", "0", "0", "0", "0"], ["12", "15", "10", "12", "13", "16", "14", "14", "11", "0", "0", "0", "0", "0", "0", "0", "0", "11", "12", "10", "11", "10", "12", "11", "15", "12", "0", "0", "0", "0", "0", "0", "0", "0", "14", "13", "13", "12", "15", "17", "13", "12", "14", "0", "0", "0", "0", "0", "0", "0", "0", "13", "10", "10", "11", "14", "10", "11", "13", "9", "0", "0", "0", "0", "0", "0", "0", "0", "14", "13", "15", "10", "13", "14", "11", "13", "10", "0", "0", "0", "0", "0", "0", "0", "0", "0", "0", "0", "0", "0", "0", "0", "0", "0", "0", "0", "0", "0", "0", "0", "0", "0", "12", "11", "15", "11", "15", "15", "10", "10", "11", "0", "0", "0", "0", "0", "0", "0", "0", "13", "13", "13", "12", "12", "13", "18", "11", "13", "0", "0", "0", "0", "0", "0", "0", "0", "10", "10", "11", "13", "13", "10", "13", "11", "12", "0", "0", "0", "0", "0", "0", "0", "0", "0", "0", "0", "0", "0", "0", "0", "0", "0", "0", "0", "0", "0", "0", "0", "0", "0", "0", "0", "0", "0", "0", "0", "0", "0", "0", "0", "0", "0", "0", "0", "0", "0", "0", "0", "0", "0", "0", "0", "0", "0", "0", "0", "0", "0", "0", "0", "0", "0", "0", "0", "0", "0", "0", "0", "0", "0", "0", "0", "0", "0", "0", "0", "0", "0", "0", "0", "0", "13", "12", "14", "12", "12", "11", "13", "11", "13", "0", "0", "0", "0", "0", "0", "0", "0", "0", "0", "0", "0", "0", "0", "0", "0", "0", "0", "0", "0", "0", "0", "0", "0", "0", "0", "0", "0", "0", "0", "0", "0", "0", "0", "0", "0", "0", "0", "0", "0", "0", "0", "0", "0", "0", "0", "0", "0", "0", "0", "0", "0", "0", "0", "0", "0", "0", "0", "0"]]}