{"state": {"resTurn": "51", "h": "7", "w": "12", "score": [["1", "0", "1", "0", "2", "1", "1", "2", "0", "1", "0", "1"], ["1", "0", "0", "0", "0", "0", "0", "0", "0", "0", "0", "1"], ["1", "2", "0", "0", "1", "0", "0", "1", "0", "0", "2", "1"], ["1", "-1", "0", "1", "0", "0", "0", "0", "1", "0", "-1", "1"], ["0", "0", "0", "0", "1", "0", "0", "1", "0", "0", "0", "0"], ["0", "0", "0", "0", "0", "1", "1", "0", "0", "0", "0", "0"], ["1", "1", "1", "-1", "0", "0", "0", "0", "-1", "1", "1", "1"]], "color": [["0", "0", "0", "0", "0", "0", "0", "2", "2", "2", "2", "2"], ["0", "0", "1", "0", "0", "0", "0", "2", "2", "2", "2", "2"], ["1", "1", "1", "1", "0", "0", "0", "0", "2", "2", "2", "2"], ["1", "1", "1", "1", "2", "2", "0", "0", "0", "0", "0", "0"], ["1", "1", "0", "2", "2", "0", "1", "1", "1", "0", "0", "0"], ["1", "2", "2", "2", "2", "1", "1", "1", "1", "1", "0", "0"], ["2", "2", "2", "0", "0", "0", "1", "1", "1", "0", "0", "0"]], "pos": [{"x": "8", "y": "4"}, {"x": "2", "y": "1"}, {"x": "1", "y": "6"}, {"x": "9", "y": "1"}]}, "q": "-0.001007198487619826", "z": "1", "visitCount": [["10", "11", "13", "13", "12", "15", "12", "12", "17", "0", "0", "0", "0", "0", "0", "0", "0", "13", "9", "13", "10", "10", "17", "14", "13", "10", "0", "0", "0", "0", "0", "0", "0", "0", "13", "16", "11", "13", "17", "15", "10", "12", "14", "0", "0", "0", "0", "0", "0", "0", "0", "10", "9", "13", "12", "11", "12", "10", "12", "12", "0", "0", "0", "0", "0", "0", "0", "0", "14", "11", "17", "11", "10", "11", "12", "12", "13", "0", "0", "0", "0", "0", "0", "0", "0", "11", "12", "12", "13", "13", "12", "11", "11", "9", "0", "0", "0", "0", "0", "0", "0", "0", "19", "12", "11", "12", "10", "12", "14", "11", "11", "0", "0", "0", "0", "0", "0", "0", "0", "9", "16", "12", "16", "11", "12", "13", "14", "15", "0", "0", "0", "0", "0", "0", "0", "0", "9", "11", "13", "12", "11", "13", "15", "12", "13", "0", "0", "0", "0", "0", "0", "0", "0", "0", "0", "0", "0", "0", "0", "0", "0", "0", "0", "0", "0", "0", "0", "0", "0", "0", "0", "0", "0", "0", "0", "0", "0", "0", "0", "0", "0", "0", "0", "0", "0", "0", "0", "0", "0", "0", "0", "0", "0", "0", "0", "0", "0", "0", "0", "0", "0", "0", "0", "0", "0", "0", "0", "0", "0", "0", "0", "0", "0", "0", "0", "0", "0", "0", "0", "0", "0", "0", "0", "0", "0", "0", "0", "0", "0", "0", "0", "0", "0", "0", "0", "0", "0", "0", "0", "0", "0", "0", "0", "0", "0", "0", "0", "0", "0", "0", "0", "0", "0", "0", "0", "0", "0", "0", "0", "0", "0", "0", "0", "0", "0", "0", "0", "0", "0", "0", "0", "0", "0", "0", "0", "0", "0", "0", "0", "0", "0", "0", "0", "0", "0", "0", "0", "0", "0"], ["23", "19", "22", "20", "12", "18", "20", "20", "18", "0", "0", "0", "0", "0", "0", "0", "0", "0", "0", "0", "0", "0", "0", "0", "0", "0", "0", "0", "0", "0", "0", "0", "0", "0", "0", "0", "0", "0", "0", "0", "0", "0", "0", "0", "0", "0", "0", "0", "0", "0", "0", "0", "0", "0", "0", "0", "0", "0", "0", "0", "0", "0", "0", "0", "0", "0", "0", "0", "19", "20", "21", "16", "15", "13", "22", "13", "18", "0", "0", "0", "0", "0", "0", "0", "0", "0", "0", "0", "0", "0", "0", "0", "0", "0", "0", "0", "0", "0", "0", "0", "0", "0", "29", "21", "19", "19", "19", "18", "24", "18", "22", "0", "0", "0", "0", "0", "0", "0", "0", "23", "23", "21", "27", "11", "19", "12", "14", "15", "0", "0", "0", "0", "0", "0", "0", "0", "20", "16", "20", "16", "17", "23", "21", "18", "14", "0", "0", "0", "0", "0", "0", "0", "0", "0", "0", "0", "0", "0", "0", "0", "0", "0", "0", "0", "0", "0", "0", "0", "0", "0", "0", "0", "0", "0", "0", "0", "0", "0", "0", "0", "0", "0", "0", "0", "0", "0", "0", "0", "0", "0", "0", "0", "0", "0", "0", "0", "0", "0", "0", "0", "0", "0", "0", "0", "0", "0", "0", "0", "0", "0", "0", "0", "0", "0", "0", "0", "0", "0", "0", "0", "0", "18", "15", "16", "22", "13", "14", "20", "22", "12", "0", "0", "0", "0", "0", "0", "0", "0", "0", "0", "0", "0", "0", "0", "0", "0", "0", "0", "0", "0", "0", "0", "0", "0", "0", "0", "0", "0", "0", "0", "0", "0", "0", "0", "0", "0", "0", "0", "0", "0", "0", "0", "0", "0", "0", "0", "0", "0", "0", "0", "0", "0", "0", "0", "0", "0", "0", "0", "0"]]}