{"state": {"resTurn": "50", "h": "7", "w": "12", "score": [["1", "0", "1", "0", "2", "1", "1", "2", "0", "1", "0", "1"], ["1", "0", "0", "0", "0", "0", "0", "0", "0", "0", "0", "1"], ["1", "2", "0", "0", "1", "0", "0", "1", "0", "0", "2", "1"], ["1", "-1", "0", "1", "0", "0", "0", "0", "1", "0", "-1", "1"], ["0", "0", "0", "0", "1", "0", "0", "1", "0", "0", "0", "0"], ["0", "0", "0", "0", "0", "1", "1", "0", "0", "0", "0", "0"], ["1", "1", "1", "-1", "0", "0", "0", "0", "-1", "1", "1", "1"]], "color": [["0", "0", "0", "0", "0", "0", "0", "2", "2", "2", "2", "2"], ["0", "0", "1", "0", "0", "0", "0", "2", "2", "2", "2", "2"], ["1", "1", "1", "1", "0", "0", "0", "0", "2", "2", "2", "2"], ["1", "1", "1", "1", "2", "2", "0", "0", "1", "0", "0", "0"], ["1", "1", "0", "2", "2", "0", "1", "1", "1", "0", "0", "0"], ["1", "2", "2", "2", "2", "1", "1", "1", "1", "1", "0", "0"], ["2", "2", "2", "0", "0", "0", "1", "1", "1", "0", "0", "0"]], "pos": [{"x": "8", "y": "3"}, {"x": "2", "y": "1"}, {"x": "1", "y": "5"}, {"x": "9", "y": "1"}]}, "q": "-0.0012024088730948", "z": "1", "visitCount": [["10", "17", "16", "9", "9", "11", "14", "11", "14", "0", "0", "0", "0", "0", "0", "0", "0", "14", "13", "12", "12", "11", "13", "16", "13", "14", "0", "0", "0", "0", "0", "0", "0", "0", "9", "10", "13", "14", "10", "11", "11", "14", "12", "0", "0", "0", "0", "0", "0", "0", "0", "12", "15", "13", "11", "11", "13", "10", "14", "10", "0", "0", "0", "0", "0", "0", "0", "0", "9", "15", "12", "9", "12", "11", "13", "12", "11", "0", "0", "0", "0", "0", "0", "0", "0", "10", "16", "22", "12", "14", "10", "13", "11", "12", "0", "0", "0", "0", "0", "0", "0", "0", "0", "0", "0", "0", "0", "0", "0", "0", "0", "0", "0", "0", "0", "0", "0", "0", "0", "0", "0", "0", "0", "0", "0", "0", "0", "0", "0", "0", "0", "0", "0", "0", "0", "0", "12", "12", "14", "9", "11", "11", "16", "11", "17", "0", "0", "0", "0", "0", "0", "0", "0", "0", "0", "0", "0", "0", "0", "0", "0", "0", "0", "0", "0", "0", "0", "0", "0", "0", "0", "0", "0", "0", "0", "0", "0", "0", "0", "0", "0", "0", "0", "0", "0", "0", "0", "0", "0", "0", "0", "0", "0", "0", "0", "0", "0", "0", "0", "0", "0", "0", "0", "0", "0", "0", "0", "0", "0", "0", "0", "0", "0", "0", "0", "0", "0", "0", "0", "0", "0", "0", "0", "0", "0", "0", "0", "0", "0", "0", "0", "0", "0", "0", "0", "0", "0", "0", "11", "11", "10", "13", "16", "14", "11", "13", "12", "0", "0", "0", "0", "0", "0", "0", "0", "14", "11", "13", "14", "12", "13", "11", "11", "11", "0", "0", "0", "0", "0", "0", "0", "0", "0", "0", "0", "0", "0", "0", "0", "0", "0", "0", "0", "0", "0", "0", "0", "0", "0"], ["13", "14", "12", "12", "15", "12", "16", "15", "12", "0", "0", "0", "0", "0", "0", "0", "0", "13", "11", "11", "15", "14", "12", "11", "13", "11", "0", "0", "0", "0", "0", "0", "0", "0", "14", "12", "12", "11", "13", "11", "13", "11", "12", "0", "0", "0", "0", "0", "0", "0", "0", "12", "13", "14", "10", "11", "11", "11", "10", "13", "0", "0", "0", "0", "0", "0", "0", "0", "0", "0", "0", "0", "0", "0", "0", "0", "0", "0", "0", "0", "0", "0", "0", "0", "0", "0", "0", "0", "0", "0", "0", "0", "0", "0", "0", "0", "0", "0", "0", "0", "0", "0", "0", "0", "0", "0", "0", "0", "0", "0", "0", "0", "0", "0", "0", "0", "0", "0", "0", "13", "12", "13", "12", "13", "12", "14", "14", "13", "0", "0", "0", "0", "0", "0", "0", "0", "12", "17", "11", "12", "14", "12", "11", "10", "11", "0", "0", "0", "0", "0", "0", "0", "0", "0", "0", "0", "0", "0", "0", "0", "0", "0", "0", "0", "0", "0", "0", "0", "0", "0", "0", "0", "0", "0", "0", "0", "0", "0", "0", "0", "0", "0", "0", "0", "0", "0", "0", "0", "0", "0", "0", "0", "0", "0", "0", "0", "0", "0", "0", "0", "0", "0", "0", "0", "13", "14", "9", "8", "11", "12", "11", "14", "8", "0", "0", "0", "0", "0", "0", "0", "0", "14", "11", "14", "14", "11", "11", "13", "12", "13", "0", "0", "0", "0", "0", "0", "0", "0", "14", "12", "13", "14", "14", "8", "13", "14", "13", "0", "0", "0", "0", "0", "0", "0", "0", "0", "0", "0", "0", "0", "0", "0", "0", "0", "0", "0", "0", "0", "0", "0", "0", "0", "0", "0", "0", "0", "0", "0", "0", "0", "0", "0", "0", "0", "0", "0", "0", "0", "0"]]}