{"state": {"resTurn": "49", "h": "7", "w": "12", "score": [["1", "0", "1", "0", "2", "1", "1", "2", "0", "1", "0", "1"], ["1", "0", "0", "0", "0", "0", "0", "0", "0", "0", "0", "1"], ["1", "2", "0", "0", "1", "0", "0", "1", "0", "0", "2", "1"], ["1", "-1", "0", "1", "0", "0", "0", "0", "1", "0", "-1", "1"], ["0", "0", "0", "0", "1", "0", "0", "1", "0", "0", "0", "0"], ["0", "0", "0", "0", "0", "1", "1", "0", "0", "0", "0", "0"], ["1", "1", "1", "-1", "0", "0", "0", "0", "-1", "1", "1", "1"]], "color": [["0", "0", "0", "0", "0", "0", "0", "2", "2", "2", "2", "2"], ["0", "0", "1", "0", "0", "0", "0", "2", "2", "2", "2", "2"], ["1", "1", "1", "1", "0", "0", "0", "1", "2", "2", "2", "2"], ["1", "1", "1", "1", "2", "2", "0", "0", "1", "0", "0", "0"], ["1", "1", "0", "2", "2", "0", "1", "1", "1", "0", "0", "0"], ["1", "2", "2", "2", "2", "1", "1", "1", "1", "1", "0", "0"], ["2", "2", "2", "0", "0", "0", "1", "1", "1", "0", "0", "0"]], "pos": [{"x": "7", "y": "2"}, {"x": "2", "y": "2"}, {"x": "2", "y": "5"}, {"x": "10", "y": "2"}]}, "q": "-0.001355772180017084", "z": "1", "visitCount": [["10", "13", "16", "10", "12", "12", "10", "9", "13", "0", "0", "0", "0", "0", "0", "0", "0", "12", "13", "13", "16", "11", "12", "12", "12", "12", "0", "0", "0", "0", "0", "0", "0", "0", "10", "12", "13", "14", "13", "10", "15", "13", "11", "0", "0", "0", "0", "0", "0", "0", "0", "15", "13", "15", "10", "13", "12", "11", "13", "14", "0", "0", "0", "0", "0", "0", "0", "0", "11", "12", "12", "13", "11", "10", "20", "11", "13", "0", "0", "0", "0", "0", "0", "0", "0", "11", "12", "11", "13", "11", "11", "12", "15", "9", "0", "0", "0", "0", "0", "0", "0", "0", "0", "0", "0", "0", "0", "0", "0", "0", "0", "0", "0", "0", "0", "0", "0", "0", "0", "0", "0", "0", "0", "0", "0", "0", "0", "0", "0", "0", "0", "0", "0", "0", "0", "0", "0", "0", "0", "0", "0", "0", "0", "0", "0", "0", "0", "0", "0", "0", "0", "0", "0", "0", "0", "0", "0", "0", "0", "0", "0", "0", "0", "0", "0", "0", "0", "0", "0", "0", "0", "0", "0", "0", "0", "0", "0", "0", "0", "0", "0", "0", "0", "0", "0", "0", "0", "0", "0", "0", "0", "0", "0", "0", "0", "0", "0", "0", "0", "0", "0", "0", "0", "0", "0", "0", "0", "0", "0", "0", "0", "0", "0", "0", "0", "0", "0", "0", "0", "0", "0", "0", "0", "0", "0", "0", "0", "0", "0", "0", "0", "0", "0", "0", "0", "0", "0", "0", "13", "11", "17", "11", "9", "15", "13", "13", "11", "0", "0", "0", "0", "0", "0", "0", "0", "11", "11", "13", "11", "12", "10", "12", "12", "12", "0", "0", "0", "0", "0", "0", "0", "0", "12", "9", "12", "14", "12", "14", "21", "12", "14", "0", "0", "0", "0", "0", "0", "0", "0"], ["13", "13", "15", "10", "11", "11", "11", "15", "13", "0", "0", "0", "0", "0", "0", "0", "0", "11", "10", "8", "12", "15", "12", "8", "16", "13", "0", "0", "0", "0", "0", "0", "0", "0", "13", "8", "14", "13", "11", "16", "10", "9", "15", "0", "0", "0", "0", "0", "0", "0", "0", "12", "13", "14", "10", "11", "13", "13", "9", "12", "0", "0", "0", "0", "0", "0", "0", "0", "10", "12", "16", "12", "11", "10", "15", "16", "13", "0", "0", "0", "0", "0", "0", "0", "0", "0", "0", "0", "0", "0", "0", "0", "0", "0", "0", "0", "0", "0", "0", "0", "0", "0", "11", "12", "16", "15", "8", "14", "10", "12", "15", "0", "0", "0", "0", "0", "0", "0", "0", "15", "16", "12", "10", "12", "15", "10", "15", "14", "0", "0", "0", "0", "0", "0", "0", "0", "11", "11", "11", "13", "11", "13", "13", "10", "12", "0", "0", "0", "0", "0", "0", "0", "0", "0", "0", "0", "0", "0", "0", "0", "0", "0", "0", "0", "0", "0", "0", "0", "0", "0", "0", "0", "0", "0", "0", "0", "0", "0", "0", "0", "0", "0", "0", "0", "0", "0", "0", "0", "0", "0", "0", "0", "0", "0", "0", "0", "0", "0", "0", "0", "0", "0", "0", "0", "0", "0", "0", "0", "0", "0", "0", "0", "0", "0", "0", "0", "0", "0", "0", "0", "0", "15", "11", "11", "9", "14", "13", "15", "13", "14", "0", "0", "0", "0", "0", "0", "0", "0", "0", "0", "0", "0", "0", "0", "0", "0", "0", "0", "0", "0", "0", "0", "0", "0", "0", "0", "0", "0", "0", "0", "0", "0", "0", "0", "0", "0", "0", "0", "0", "0", "0", "0", "0", "0", "0", "0", "0", "0", "0", "0", "0", "0", "0", "0", "0", "0", "0", "0", "0"]]}