{"state": {"resTurn": "48", "h": "7", "w": "12", "score": [["1", "0", "1", "0", "2", "1", "1", "2", "0", "1", "0", "1"], ["1", "0", "0", "0", "0", "0", "0", "0", "0", "0", "0", "1"], ["1", "2", "0", "0", "1", "0", "0", "1", "0", "0", "2", "1"], ["1", "-1", "0", "1", "0", "0", "0", "0", "1", "0", "-1", "1"], ["0", "0", "0", "0", "1", "0", "0", "1", "0", "0", "0", "0"], ["0", "0", "0", "0", "0", "1", "1", "0", "0", "0", "0", "0"], ["1", "1", "1", "-1", "0", "0", "0", "0", "-1", "1", "1", "1"]], "color": [["0", "0", "0", "0", "0", "0", "0", "2", "2", "2", "2", "2"], ["0", "0", "1", "0", "0", "0", "0", "2", "2", "2", "2", "2"], ["1", "1", "1", "1", "0", "0", "0", "1", "0", "2", "2", "2"], ["1", "1", "1", "1", "2", "2", "0", "0", "1", "0", "0", "0"], ["1", "1", "0", "2", "2", "0", "1", "1", "1", "0", "0", "0"], ["1", "2", "2", "2", "2", "1", "1", "1", "1", "1", "0", "0"], ["2", "2", "2", "2", "0", "0", "1", "1", "1", "0", "0", "0"]], "pos": [{"x": "7", "y": "2"}, {"x": "2", "y": "1"}, {"x": "3", "y": "6"}, {"x": "11", "y": "1"}]}, "q": "-0.001580511134136293", "z": "1", "visitCount": [["17", "13", "12", "14", "16", "11", "14", "9", "14", "0", "0", "0", "0", "0", "0", "0", "0", "15", "13", "13", "10", "12", "13", "12", "11", "12", "0", "0", "0", "0", "0", "0", "0", "0", "10", "12", "10", "10", "12", "10", "10", "12", "9", "0", "0", "0", "0", "0", "0", "0", "0", "15", "13", "12", "13", "11", "12", "13", "13", "9", "0", "0", "0", "0", "0", "0", "0", "0", "13", "12", "10", "11", "10", "12", "13", "13", "16", "0", "0", "0", "0", "0", "0", "0", "0", "11", "13", "11", "15", "11", "10", "11", "14", "13", "0", "0", "0", "0", "0", "0", "0", "0", "0", "0", "0", "0", "0", "0", "0", "0", "0", "0", "0", "0", "0", "0", "0", "0", "0", "0", "0", "0", "0", "0", "0", "0", "0", "0", "0", "0", "0", "0", "0", "0", "0", "0", "13", "10", "15", "12", "10", "15", "12", "11", "9", "0", "0", "0", "0", "0", "0", "0", "0", "0", "0", "0", "0", "0", "0", "0", "0", "0", "0", "0", "0", "0", "0", "0", "0", "0", "0", "0", "0", "0", "0", "0", "0", "0", "0", "0", "0", "0", "0", "0", "0", "0", "0", "0", "0", "0", "0", "0", "0", "0", "0", "0", "0", "0", "0", "0", "0", "0", "0", "0", "0", "0", "0", "0", "0", "0", "0", "0", "0", "0", "0", "0", "0", "0", "0", "0", "0", "0", "0", "0", "0", "0", "0", "0", "0", "0", "0", "0", "0", "0", "0", "0", "0", "0", "11", "10", "15", "15", "14", "14", "13", "16", "12", "0", "0", "0", "0", "0", "0", "0", "0", "12", "14", "13", "15", "11", "11", "11", "20", "10", "0", "0", "0", "0", "0", "0", "0", "0", "0", "0", "0", "0", "0", "0", "0", "0", "0", "0", "0", "0", "0", "0", "0", "0", "0"], ["22", "0", "18", "32", "19", "35", "19", "0", "0", "0", "0", "0", "0", "0", "0", "0", "0", "0", "0", "0", "0", "0", "0", "0", "0", "0", "0", "0", "0", "0", "0", "0", "0", "0", "0", "0", "0", "0", "0", "0", "0", "0", "0", "0", "0", "0", "0", "0", "0", "0", "0", "0", "0", "0", "0", "0", "0", "0", "0", "0", "0", "0", "0", "0", "0", "0", "0", "0", "34", "0", "19", "36", "26", "36", "23", "0", "0", "0", "0", "0", "0", "0", "0", "0", "0", "32", "0", "23", "30", "22", "19", "36", "0", "0", "0", "0", "0", "0", "0", "0", "0", "0", "33", "0", "36", "30", "26", "24", "25", "0", "0", "0", "0", "0", "0", "0", "0", "0", "0", "33", "0", "39", "31", "23", "18", "25", "0", "0", "0", "0", "0", "0", "0", "0", "0", "0", "31", "0", "33", "30", "28", "25", "29", "0", "0", "0", "0", "0", "0", "0", "0", "0", "0", "0", "0", "0", "0", "0", "0", "0", "0", "0", "0", "0", "0", "0", "0", "0", "0", "0", "0", "0", "0", "0", "0", "0", "0", "0", "0", "0", "0", "0", "0", "0", "0", "0", "0", "0", "0", "0", "0", "0", "0", "0", "0", "0", "0", "0", "0", "0", "0", "0", "0", "0", "0", "0", "0", "0", "0", "0", "0", "0", "0", "0", "0", "0", "0", "0", "0", "0", "0", "0", "0", "0", "0", "0", "0", "0", "0", "0", "0", "0", "0", "0", "0", "0", "0", "0", "0", "0", "0", "0", "0", "0", "0", "0", "0", "0", "0", "0", "0", "0", "0", "0", "0", "0", "0", "0", "0", "0", "0", "0", "0", "0", "0", "0", "0", "0", "0", "0", "0", "0", "0", "0", "0", "0", "0", "0", "0", "0", "0", "0", "0", "0", "0", "0", "0", "0", "0"]]}