{"state": {"resTurn": "47", "h": "7", "w": "12", "score": [["1", "0", "1", "0", "2", "1", "1", "2", "0", "1", "0", "1"], ["1", "0", "0", "0", "0", "0", "0", "0", "0", "0", "0", "1"], ["1", "2", "0", "0", "1", "0", "0", "1", "0", "0", "2", "1"], ["1", "-1", "0", "1", "0", "0", "0", "0", "1", "0", "-1", "1"], ["0", "0", "0", "0", "1", "0", "0", "1", "0", "0", "0", "0"], ["0", "0", "0", "0", "0", "1", "1", "0", "0", "0", "0", "0"], ["1", "1", "1", "-1", "0", "0", "0", "0", "-1", "1", "1", "1"]], "color": [["0", "0", "0", "1", "0", "0", "0", "2", "2", "2", "2", "2"], ["0", "0", "1", "0", "0", "0", "0", "2", "0", "2", "2", "2"], ["1", "1", "1", "1", "0", "0", "0", "1", "0", "2", "2", "2"], ["1", "1", "1", "1", "2", "2", "0", "0", "1", "0", "0", "0"], ["1", "1", "0", "2", "2", "0", "1", "1", "1", "0", "0", "0"], ["1", "2", "2", "2", "2", "1", "1", "1", "1", "1", "0", "0"], ["2", "2", "2", "2", "0", "0", "1", "1", "1", "0", "0", "0"]], "pos": [{"x": "7", "y": "2"}, {"x": "3", "y": "0"}, {"x": "4", "y": "5"}, {"x": "11", "y": "2"}]}, "q": "-0.001590685410606121", "z": "1", "visitCount": [["21", "15", "27", "20", "17", "0", "0", "0", "26", "0", "0", "0", "0", "0", "0", "0", "0", "15", "20", "14", "16", "23", "0", "0", "0", "17", "0", "0", "0", "0", "0", "0", "0", "0", "22", "16", "17", "20", "22", "0", "0", "0", "17", "0", "0", "0", "0", "0", "0", "0", "0", "18", "20", "16", "16", "16", "0", "0", "0", "24", "0", "0", "0", "0", "0", "0", "0", "0", "18", "20", "17", "17", "15", "0", "0", "0", "17", "0", "0", "0", "0", "0", "0", "0", "0", "20", "19", "19", "20", "18", "0", "0", "0", "17", "0", "0", "0", "0", "0", "0", "0", "0", "0", "0", "0", "0", "0", "0", "0", "0", "0", "0", "0", "0", "0", "0", "0", "0", "0", "19", "13", "21", "19", "19", "0", "0", "0", "22", "0", "0", "0", "0", "0", "0", "0", "0", "13", "19", "18", "17", "19", "0", "0", "0", "21", "0", "0", "0", "0", "0", "0", "0", "0", "0", "0", "0", "0", "0", "0", "0", "0", "0", "0", "0", "0", "0", "0", "0", "0", "0", "0", "0", "0", "0", "0", "0", "0", "0", "0", "0", "0", "0", "0", "0", "0", "0", "0", "0", "0", "0", "0", "0", "0", "0", "0", "0", "0", "0", "0", "0", "0", "0", "0", "0", "0", "0", "0", "0", "0", "0", "0", "0", "0", "0", "0", "0", "0", "0", "0", "0", "0", "0", "0", "0", "0", "0", "0", "0", "0", "0", "0", "0", "0", "0", "0", "0", "0", "0", "17", "21", "18", "21", "17", "0", "0", "0", "14", "0", "0", "0", "0", "0", "0", "0", "0", "0", "0", "0", "0", "0", "0", "0", "0", "0", "0", "0", "0", "0", "0", "0", "0", "0", "0", "0", "0", "0", "0", "0", "0", "0", "0", "0", "0", "0", "0", "0", "0", "0", "0"], ["18", "0", "20", "22", "17", "17", "18", "0", "0", "0", "0", "0", "0", "0", "0", "0", "0", "19", "0", "18", "16", "24", "18", "18", "0", "0", "0", "0", "0", "0", "0", "0", "0", "0", "20", "0", "19", "23", "18", "17", "19", "0", "0", "0", "0", "0", "0", "0", "0", "0", "0", "16", "0", "20", "20", "17", "18", "22", "0", "0", "0", "0", "0", "0", "0", "0", "0", "0", "13", "0", "19", "19", "13", "16", "19", "0", "0", "0", "0", "0", "0", "0", "0", "0", "0", "16", "0", "17", "21", "22", "15", "23", "0", "0", "0", "0", "0", "0", "0", "0", "0", "0", "16", "0", "15", "24", "21", "18", "20", "0", "0", "0", "0", "0", "0", "0", "0", "0", "0", "18", "0", "19", "17", "15", "17", "22", "0", "0", "0", "0", "0", "0", "0", "0", "0", "0", "0", "0", "0", "0", "0", "0", "0", "0", "0", "0", "0", "0", "0", "0", "0", "0", "0", "0", "0", "0", "0", "0", "0", "0", "0", "0", "0", "0", "0", "0", "0", "0", "0", "0", "0", "0", "0", "0", "0", "0", "0", "0", "0", "0", "0", "0", "0", "0", "0", "0", "0", "0", "0", "0", "0", "0", "0", "0", "0", "0", "0", "0", "0", "0", "0", "0", "0", "0", "0", "0", "0", "0", "0", "0", "0", "0", "0", "0", "0", "0", "0", "0", "0", "0", "0", "0", "0", "0", "0", "0", "0", "0", "0", "0", "0", "0", "0", "0", "0", "0", "0", "0", "0", "0", "0", "0", "0", "0", "0", "0", "0", "0", "0", "0", "0", "0", "0", "0", "0", "0", "0", "0", "0", "0", "0", "0", "0", "0", "0", "0", "0", "0", "0", "0", "0", "0", "23", "0", "17", "22", "21", "11", "17", "0", "0", "0", "0", "0", "0", "0", "0", "0", "0"]]}