{"state": {"resTurn": "46", "h": "7", "w": "12", "score": [["1", "0", "1", "0", "2", "1", "1", "2", "0", "1", "0", "1"], ["1", "0", "0", "0", "0", "0", "0", "0", "0", "0", "0", "1"], ["1", "2", "0", "0", "1", "0", "0", "1", "0", "0", "2", "1"], ["1", "-1", "0", "1", "0", "0", "0", "0", "1", "0", "-1", "1"], ["0", "0", "0", "0", "1", "0", "0", "1", "0", "0", "0", "0"], ["0", "0", "0", "0", "0", "1", "1", "0", "0", "0", "0", "0"], ["1", "1", "1", "-1", "0", "0", "0", "0", "-1", "1", "1", "1"]], "color": [["0", "0", "0", "1", "0", "0", "0", "2", "2", "2", "2", "2"], ["0", "0", "1", "1", "0", "0", "0", "2", "0", "2", "2", "2"], ["1", "1", "1", "1", "0", "0", "0", "1", "0", "2", "2", "2"], ["1", "1", "1", "1", "2", "2", "0", "0", "1", "0", "0", "0"], ["1", "1", "0", "2", "2", "0", "1", "1", "1", "0", "0", "0"], ["1", "2", "2", "2", "2", "1", "1", "1", "1", "1", "0", "0"], ["2", "2", "2", "2", "0", "2", "1", "1", "1", "0", "0", "0"]], "pos": [{"x": "7", "y": "2"}, {"x": "3", "y": "1"}, {"x": "5", "y": "6"}, {"x": "10", "y": "2"}]}, "q": "-0.001805545957761729", "z": "1", "visitCount": [["13", "16", "12", "12", "11", "13", "11", "14", "11", "0", "0", "0", "0", "0", "0", "0", "0", "12", "11", "11", "14", "13", "12", "11", "12", "12", "0", "0", "0", "0", "0", "0", "0", "0", "11", "11", "11", "12", "13", "16", "14", "13", "11", "0", "0", "0", "0", "0", "0", "0", "0", "11", "15", "11", "14", "15", "16", "11", "11", "12", "0", "0", "0", "0", "0", "0", "0", "0", "9", "12", "15", "11", "9", "12", "14", "11", "11", "0", "0", "0", "0", "0", "0", "0", "0", "13", "15", "12", "12", "13", "10", "12", "14", "15", "0", "0", "0", "0", "0", "0", "0", "0", "0", "0", "0", "0", "0", "0", "0", "0", "0", "0", "0", "0", "0", "0", "0", "0", "0", "10", "10", "11", "13", "11", "10", "11", "15", "13", "0", "0", "0", "0", "0", "0", "0", "0", "12", "10", "11", "13", "9", "13", "12", "13", "15", "0", "0", "0", "0", "0", "0", "0", "0", "0", "0", "0", "0", "0", "0", "0", "0", "0", "0", "0", "0", "0", "0", "0", "0", "0", "0", "0", "0", "0", "0", "0", "0", "0", "0", "0", "0", "0", "0", "0", "0", "0", "0", "0", "0", "0", "0", "0", "0", "0", "0", "0", "0", "0", "0", "0", "0", "0", "0", "0", "0", "0", "0", "0", "0", "0", "0", "0", "0", "0", "0", "0", "0", "0", "0", "0", "0", "0", "0", "0", "0", "0", "0", "0", "0", "0", "0", "0", "0", "0", "0", "0", "0", "0", "16", "11", "17", "11", "15", "15", "10", "13", "11", "0", "0", "0", "0", "0", "0", "0", "0", "0", "0", "0", "0", "0", "0", "0", "0", "0", "0", "0", "0", "0", "0", "0", "0", "0", "0", "0", "0", "0", "0", "0", "0", "0", "0", "0", "0", "0", "0", "0", "0", "0", "0"], ["19", "14", "12", "14", "22", "15", "17", "17", "23", "0", "0", "0", "0", "0", "0", "0", "0", "0", "0", "0", "0", "0", "0", "0", "0", "0", "0", "0", "0", "0", "0", "0", "0", "0", "0", "0", "0", "0", "0", "0", "0", "0", "0", "0", "0", "0", "0", "0", "0", "0", "0", "0", "0", "0", "0", "0", "0", "0", "0", "0", "0", "0", "0", "0", "0", "0", "0", "0", "12", "22", "27", "21", "22", "16", "19", "26", "21", "0", "0", "0", "0", "0", "0", "0", "0", "15", "18", "21", "17", "16", "15", "18", "17", "22", "0", "0", "0", "0", "0", "0", "0", "0", "0", "0", "0", "0", "0", "0", "0", "0", "0", "0", "0", "0", "0", "0", "0", "0", "0", "0", "0", "0", "0", "0", "0", "0", "0", "0", "0", "0", "0", "0", "0", "0", "0", "0", "0", "0", "0", "0", "0", "0", "0", "0", "0", "0", "0", "0", "0", "0", "0", "0", "0", "0", "0", "0", "0", "0", "0", "0", "0", "0", "0", "0", "0", "0", "0", "0", "0", "0", "0", "0", "0", "0", "0", "0", "0", "0", "0", "0", "0", "0", "0", "0", "0", "0", "0", "0", "0", "0", "0", "0", "0", "0", "0", "0", "0", "0", "0", "0", "0", "0", "0", "0", "0", "0", "0", "0", "0", "0", "0", "0", "0", "0", "0", "0", "0", "0", "0", "0", "0", "0", "0", "0", "0", "0", "0", "0", "0", "0", "0", "0", "0", "0", "0", "0", "0", "0", "16", "14", "19", "19", "22", "23", "16", "13", "19", "0", "0", "0", "0", "0", "0", "0", "0", "16", "17", "18", "21", "19", "21", "19", "23", "14", "0", "0", "0", "0", "0", "0", "0", "0", "18", "26", "23", "20", "17", "18", "18", "17", "16", "0", "0", "0", "0", "0", "0", "0", "0"]]}