{"state": {"resTurn": "45", "h": "7", "w": "12", "score": [["1", "0", "1", "0", "2", "1", "1", "2", "0", "1", "0", "1"], ["1", "0", "0", "0", "0", "0", "0", "0", "0", "0", "0", "1"], ["1", "2", "0", "0", "1", "0", "0", "1", "0", "0", "2", "1"], ["1", "-1", "0", "1", "0", "0", "0", "0", "1", "0", "-1", "1"], ["0", "0", "0", "0", "1", "0", "0", "1", "0", "0", "0", "0"], ["0", "0", "0", "0", "0", "1", "1", "0", "0", "0", "0", "0"], ["1", "1", "1", "-1", "0", "0", "0", "0", "-1", "1", "1", "1"]], "color": [["0", "0", "0", "1", "0", "0", "0", "2", "2", "2", "2", "2"], ["0", "0", "1", "1", "0", "0", "0", "0", "0", "2", "2", "2"], ["1", "1", "1", "1", "0", "0", "0", "1", "0", "2", "2", "2"], ["1", "1", "1", "1", "2", "2", "0", "0", "1", "0", "2", "0"], ["1", "1", "0", "2", "2", "0", "1", "1", "1", "0", "0", "0"], ["1", "2", "2", "2", "2", "1", "1", "1", "1", "1", "0", "0"], ["2", "2", "2", "2", "2", "2", "1", "1", "1", "0", "0", "0"]], "pos": [{"x": "7", "y": "2"}, {"x": "3", "y": "2"}, {"x": "4", "y": "6"}, {"x": "10", "y": "3"}]}, "q": "-0.001403242081488685", "z": "1", "visitCount": [["12", "0", "10", "13", "13", "14", "12", "12", "9", "11", "0", "0", "0", "0", "0", "0", "0", "10", "0", "13", "10", "16", "15", "12", "10", "13", "15", "0", "0", "0", "0", "0", "0", "0", "12", "0", "11", "12", "15", "15", "14", "10", "12", "14", "0", "0", "0", "0", "0", "0", "0", "11", "0", "9", "11", "14", "12", "13", "12", "13", "12", "0", "0", "0", "0", "0", "0", "0", "13", "0", "10", "10", "16", "11", "13", "9", "10", "11", "0", "0", "0", "0", "0", "0", "0", "11", "0", "11", "9", "14", "13", "11", "14", "13", "13", "0", "0", "0", "0", "0", "0", "0", "10", "0", "13", "15", "13", "10", "13", "18", "11", "14", "0", "0", "0", "0", "0", "0", "0", "13", "0", "15", "11", "10", "13", "18", "13", "11", "11", "0", "0", "0", "0", "0", "0", "0", "12", "0", "15", "13", "12", "11", "15", "10", "16", "10", "0", "0", "0", "0", "0", "0", "0", "0", "0", "0", "0", "0", "0", "0", "0", "0", "0", "0", "0", "0", "0", "0", "0", "0", "0", "0", "0", "0", "0", "0", "0", "0", "0", "0", "0", "0", "0", "0", "0", "0", "0", "0", "0", "0", "0", "0", "0", "0", "0", "0", "0", "0", "0", "0", "0", "0", "0", "0", "0", "0", "0", "0", "0", "0", "0", "0", "0", "0", "0", "0", "0", "0", "0", "0", "0", "0", "0", "0", "0", "0", "0", "0", "0", "0", "0", "0", "0", "0", "0", "0", "0", "0", "0", "0", "0", "0", "0", "0", "0", "0", "0", "0", "0", "0", "0", "0", "0", "0", "0", "0", "0", "0", "0", "0", "0", "0", "0", "0", "0", "0", "0", "0", "0", "0", "0", "0", "0", "0", "0", "0", "0", "0", "0", "0", "0", "0", "0", "0", "0", "0", "0", "0", "0"], ["21", "22", "18", "18", "18", "20", "15", "19", "20", "0", "0", "0", "0", "0", "0", "0", "0", "0", "0", "0", "0", "0", "0", "0", "0", "0", "0", "0", "0", "0", "0", "0", "0", "0", "0", "0", "0", "0", "0", "0", "0", "0", "0", "0", "0", "0", "0", "0", "0", "0", "0", "0", "0", "0", "0", "0", "0", "0", "0", "0", "0", "0", "0", "0", "0", "0", "0", "0", "18", "14", "20", "20", "18", "17", "18", "19", "15", "0", "0", "0", "0", "0", "0", "0", "0", "22", "15", "22", "17", "15", "17", "24", "14", "18", "0", "0", "0", "0", "0", "0", "0", "0", "23", "22", "21", "17", "18", "20", "22", "17", "25", "0", "0", "0", "0", "0", "0", "0", "0", "0", "0", "0", "0", "0", "0", "0", "0", "0", "0", "0", "0", "0", "0", "0", "0", "0", "21", "16", "19", "20", "16", "17", "16", "17", "13", "0", "0", "0", "0", "0", "0", "0", "0", "0", "0", "0", "0", "0", "0", "0", "0", "0", "0", "0", "0", "0", "0", "0", "0", "0", "0", "0", "0", "0", "0", "0", "0", "0", "0", "0", "0", "0", "0", "0", "0", "0", "0", "0", "0", "0", "0", "0", "0", "0", "0", "0", "0", "0", "0", "0", "0", "0", "0", "0", "0", "0", "0", "0", "0", "0", "0", "0", "0", "0", "0", "0", "0", "0", "0", "0", "0", "0", "0", "0", "0", "0", "0", "0", "0", "0", "0", "0", "0", "0", "0", "0", "0", "0", "0", "0", "0", "0", "0", "0", "0", "0", "0", "0", "0", "0", "0", "0", "0", "0", "0", "17", "15", "19", "21", "23", "17", "18", "17", "19", "0", "0", "0", "0", "0", "0", "0", "0", "0", "0", "0", "0", "0", "0", "0", "0", "0", "0", "0", "0", "0", "0", "0", "0", "0"]]}