{"state": {"resTurn": "44", "h": "7", "w": "12", "score": [["1", "0", "1", "0", "2", "1", "1", "2", "0", "1", "0", "1"], ["1", "0", "0", "0", "0", "0", "0", "0", "0", "0", "0", "1"], ["1", "2", "0", "0", "1", "0", "0", "1", "0", "0", "2", "1"], ["1", "-1", "0", "1", "0", "0", "0", "0", "1", "0", "-1", "1"], ["0", "0", "0", "0", "1", "0", "0", "1", "0", "0", "0", "0"], ["0", "0", "0", "0", "0", "1", "1", "0", "0", "0", "0", "0"], ["1", "1", "1", "-1", "0", "0", "0", "0", "-1", "1", "1", "1"]], "color": [["0", "0", "0", "1", "0", "0", "0", "2", "2", "2", "2", "2"], ["0", "0", "1", "1", "1", "0", "0", "1", "0", "2", "2", "2"], ["1", "1", "1", "1", "0", "0", "0", "1", "0", "2", "2", "2"], ["1", "1", "1", "1", "2", "2", "0", "0", "1", "0", "2", "2"], ["1", "1", "0", "2", "2", "0", "1", "1", "1", "0", "0", "0"], ["1", "2", "2", "2", "2", "1", "1", "1", "1", "1", "0", "0"], ["2", "2", "2", "2", "2", "2", "1", "1", "1", "0", "0", "0"]], "pos": [{"x": "7", "y": "1"}, {"x": "4", "y": "1"}, {"x": "4", "y": "5"}, {"x": "11", "y": "3"}]}, "q": "-0.001453515301055275", "z": "1", "visitCount": [["11", "13", "10", "12", "10", "13", "14", "14", "12", "0", "0", "0", "0", "0", "0", "0", "0", "14", "11", "12", "11", "10", "10", "15", "13", "14", "0", "0", "0", "0", "0", "0", "0", "0", "15", "14", "13", "11", "12", "12", "12", "13", "11", "0", "0", "0", "0", "0", "0", "0", "0", "14", "11", "14", "14", "12", "12", "13", "14", "11", "0", "0", "0", "0", "0", "0", "0", "0", "9", "16", "16", "11", "12", "13", "12", "10", "12", "0", "0", "0", "0", "0", "0", "0", "0", "13", "11", "12", "13", "12", "12", "15", "12", "14", "0", "0", "0", "0", "0", "0", "0", "0", "0", "0", "0", "0", "0", "0", "0", "0", "0", "0", "0", "0", "0", "0", "0", "0", "0", "0", "0", "0", "0", "0", "0", "0", "0", "0", "0", "0", "0", "0", "0", "0", "0", "0", "10", "10", "11", "12", "9", "12", "11", "11", "13", "0", "0", "0", "0", "0", "0", "0", "0", "0", "0", "0", "0", "0", "0", "0", "0", "0", "0", "0", "0", "0", "0", "0", "0", "0", "0", "0", "0", "0", "0", "0", "0", "0", "0", "0", "0", "0", "0", "0", "0", "0", "0", "0", "0", "0", "0", "0", "0", "0", "0", "0", "0", "0", "0", "0", "0", "0", "0", "0", "0", "0", "0", "0", "0", "0", "0", "0", "0", "0", "0", "0", "0", "0", "0", "0", "0", "0", "0", "0", "0", "0", "0", "0", "0", "0", "0", "0", "0", "0", "0", "0", "0", "0", "13", "11", "17", "15", "10", "13", "10", "13", "13", "0", "0", "0", "0", "0", "0", "0", "0", "12", "13", "13", "11", "14", "14", "12", "13", "12", "0", "0", "0", "0", "0", "0", "0", "0", "0", "0", "0", "0", "0", "0", "0", "0", "0", "0", "0", "0", "0", "0", "0", "0", "0"], ["20", "0", "21", "19", "18", "22", "15", "0", "0", "0", "0", "0", "0", "0", "0", "0", "0", "17", "0", "20", "22", "18", "21", "22", "0", "0", "0", "0", "0", "0", "0", "0", "0", "0", "18", "0", "16", "20", "20", "23", "20", "0", "0", "0", "0", "0", "0", "0", "0", "0", "0", "15", "0", "21", "21", "20", "24", "17", "0", "0", "0", "0", "0", "0", "0", "0", "0", "0", "14", "0", "16", "20", "17", "15", "17", "0", "0", "0", "0", "0", "0", "0", "0", "0", "0", "23", "0", "26", "19", "16", "25", "14", "0", "0", "0", "0", "0", "0", "0", "0", "0", "0", "12", "0", "17", "14", "20", "15", "13", "0", "0", "0", "0", "0", "0", "0", "0", "0", "0", "17", "0", "18", "13", "23", "15", "20", "0", "0", "0", "0", "0", "0", "0", "0", "0", "0", "0", "0", "0", "0", "0", "0", "0", "0", "0", "0", "0", "0", "0", "0", "0", "0", "0", "0", "0", "0", "0", "0", "0", "0", "0", "0", "0", "0", "0", "0", "0", "0", "0", "0", "0", "0", "0", "0", "0", "0", "0", "0", "0", "0", "0", "0", "0", "0", "0", "0", "0", "0", "0", "0", "0", "0", "0", "0", "0", "0", "0", "0", "0", "0", "0", "0", "0", "0", "0", "0", "0", "0", "0", "0", "0", "0", "0", "0", "0", "0", "0", "0", "0", "0", "0", "0", "0", "0", "0", "0", "0", "0", "0", "0", "0", "0", "0", "0", "0", "0", "0", "0", "0", "0", "0", "0", "0", "0", "0", "0", "0", "0", "0", "0", "0", "0", "0", "0", "0", "0", "0", "0", "0", "0", "0", "0", "0", "0", "0", "0", "0", "0", "0", "0", "0", "0", "16", "0", "20", "21", "16", "22", "16", "0", "0", "0", "0", "0", "0", "0", "0", "0", "0"]]}