{"state": {"resTurn": "43", "h": "7", "w": "12", "score": [["1", "0", "1", "0", "2", "1", "1", "2", "0", "1", "0", "1"], ["1", "0", "0", "0", "0", "0", "0", "0", "0", "0", "0", "1"], ["1", "2", "0", "0", "1", "0", "0", "1", "0", "0", "2", "1"], ["1", "-1", "0", "1", "0", "0", "0", "0", "1", "0", "-1", "1"], ["0", "0", "0", "0", "1", "0", "0", "1", "0", "0", "0", "0"], ["0", "0", "0", "0", "0", "1", "1", "0", "0", "0", "0", "0"], ["1", "1", "1", "-1", "0", "0", "0", "0", "-1", "1", "1", "1"]], "color": [["0", "0", "0", "1", "0", "0", "0", "0", "2", "2", "2", "2"], ["0", "0", "1", "1", "1", "0", "0", "1", "0", "2", "2", "2"], ["1", "1", "1", "1", "1", "0", "0", "1", "0", "2", "2", "2"], ["1", "1", "1", "1", "2", "2", "0", "0", "1", "0", "2", "2"], ["1", "1", "0", "2", "2", "0", "1", "1", "1", "0", "0", "2"], ["1", "2", "2", "2", "2", "1", "1", "1", "1", "1", "0", "0"], ["2", "2", "2", "2", "2", "2", "1", "1", "1", "0", "0", "0"]], "pos": [{"x": "7", "y": "1"}, {"x": "4", "y": "2"}, {"x": "3", "y": "4"}, {"x": "11", "y": "4"}]}, "q": "-0.001446603623460367", "z": "1", "visitCount": [["12", "0", "0", "12", "17", "11", "12", "14", "13", "11", "11", "0", "0", "0", "0", "0", "0", "10", "0", "0", "14", "14", "11", "12", "14", "10", "14", "11", "0", "0", "0", "0", "0", "0", "12", "0", "0", "14", "13", "12", "10", "13", "14", "15", "17", "0", "0", "0", "0", "0", "0", "11", "0", "0", "12", "15", "12", "13", "12", "13", "16", "15", "0", "0", "0", "0", "0", "0", "12", "0", "0", "12", "10", "13", "12", "12", "11", "10", "11", "0", "0", "0", "0", "0", "0", "11", "0", "0", "12", "11", "15", "11", "15", "12", "11", "13", "0", "0", "0", "0", "0", "0", "10", "0", "0", "14", "13", "14", "15", "10", "10", "11", "12", "0", "0", "0", "0", "0", "0", "0", "0", "0", "0", "0", "0", "0", "0", "0", "0", "0", "0", "0", "0", "0", "0", "0", "12", "0", "0", "10", "10", "11", "10", "13", "10", "13", "10", "0", "0", "0", "0", "0", "0", "0", "0", "0", "0", "0", "0", "0", "0", "0", "0", "0", "0", "0", "0", "0", "0", "0", "0", "0", "0", "0", "0", "0", "0", "0", "0", "0", "0", "0", "0", "0", "0", "0", "0", "0", "0", "0", "0", "0", "0", "0", "0", "0", "0", "0", "0", "0", "0", "0", "0", "0", "0", "0", "0", "0", "0", "0", "0", "0", "0", "0", "0", "0", "0", "0", "0", "0", "0", "0", "0", "0", "0", "0", "0", "0", "0", "0", "0", "0", "0", "0", "0", "0", "0", "0", "0", "0", "0", "0", "0", "0", "0", "0", "0", "0", "0", "0", "0", "0", "0", "0", "0", "12", "0", "0", "14", "12", "12", "11", "13", "13", "14", "15", "0", "0", "0", "0", "0", "0", "0", "0", "0", "0", "0", "0", "0", "0", "0", "0", "0", "0", "0", "0", "0", "0", "0"], ["16", "0", "19", "16", "25", "24", "15", "0", "0", "0", "0", "0", "0", "0", "0", "0", "0", "18", "0", "16", "19", "18", "15", "18", "0", "0", "0", "0", "0", "0", "0", "0", "0", "0", "20", "0", "15", "20", "22", "16", "23", "0", "0", "0", "0", "0", "0", "0", "0", "0", "0", "18", "0", "19", "15", "23", "20", "13", "0", "0", "0", "0", "0", "0", "0", "0", "0", "0", "17", "0", "15", "14", "20", "20", "26", "0", "0", "0", "0", "0", "0", "0", "0", "0", "0", "0", "0", "0", "0", "0", "0", "0", "0", "0", "0", "0", "0", "0", "0", "0", "0", "0", "0", "0", "0", "0", "0", "0", "0", "0", "0", "0", "0", "0", "0", "0", "0", "0", "0", "21", "0", "16", "24", "20", "19", "15", "0", "0", "0", "0", "0", "0", "0", "0", "0", "0", "16", "0", "17", "14", "17", "17", "25", "0", "0", "0", "0", "0", "0", "0", "0", "0", "0", "0", "0", "0", "0", "0", "0", "0", "0", "0", "0", "0", "0", "0", "0", "0", "0", "0", "0", "0", "0", "0", "0", "0", "0", "0", "0", "0", "0", "0", "0", "0", "0", "0", "0", "0", "0", "0", "0", "0", "0", "0", "0", "0", "0", "0", "0", "0", "0", "0", "0", "0", "0", "0", "0", "0", "0", "0", "0", "0", "0", "0", "0", "0", "0", "0", "0", "0", "0", "19", "0", "20", "15", "18", "17", "21", "0", "0", "0", "0", "0", "0", "0", "0", "0", "0", "19", "0", "17", "18", "17", "21", "22", "0", "0", "0", "0", "0", "0", "0", "0", "0", "0", "0", "0", "0", "0", "0", "0", "0", "0", "0", "0", "0", "0", "0", "0", "0", "0", "0", "0", "0", "0", "0", "0", "0", "0", "0", "0", "0", "0", "0", "0", "0", "0", "0", "0"]]}