{"state": {"resTurn": "42", "h": "7", "w": "12", "score": [["1", "0", "1", "0", "2", "1", "1", "2", "0", "1", "0", "1"], ["1", "0", "0", "0", "0", "0", "0", "0", "0", "0", "0", "1"], ["1", "2", "0", "0", "1", "0", "0", "1", "0", "0", "2", "1"], ["1", "-1", "0", "1", "0", "0", "0", "0", "1", "0", "-1", "1"], ["0", "0", "0", "0", "1", "0", "0", "1", "0", "0", "0", "0"], ["0", "0", "0", "0", "0", "1", "1", "0", "0", "0", "0", "0"], ["1", "1", "1", "-1", "0", "0", "0", "0", "-1", "1", "1", "1"]], "color": [["0", "0", "0", "1", "0", "0", "0", "0", "2", "2", "2", "2"], ["0", "0", "1", "1", "1", "0", "0", "1", "0", "2", "2", "2"], ["1", "1", "1", "1", "1", "0", "0", "1", "0", "2", "2", "2"], ["1", "1", "1", "1", "2", "2", "0", "0", "1", "0", "2", "2"], ["1", "1", "2", "2", "2", "0", "1", "1", "1", "0", "0", "2"], ["1", "2", "2", "2", "2", "1", "1", "1", "1", "1", "0", "0"], ["2", "2", "2", "2", "2", "2", "1", "1", "1", "0", "0", "0"]], "pos": [{"x": "7", "y": "1"}, {"x": "3", "y": "2"}, {"x": "2", "y": "4"}, {"x": "11", "y": "3"}]}, "q": "-0.001232573128247474", "z": "1", "visitCount": [["12", "0", "12", "11", "11", "14", "11", "12", "12", "12", "0", "0", "0", "0", "0", "0", "0", "11", "0", "12", "11", "11", "11", "11", "13", "11", "10", "0", "0", "0", "0", "0", "0", "0", "13", "0", "13", "12", "11", "10", "11", "15", "14", "11", "0", "0", "0", "0", "0", "0", "0", "14", "0", "13", "11", "15", "13", "14", "9", "12", "15", "0", "0", "0", "0", "0", "0", "0", "11", "0", "12", "12", "10", "13", "14", "11", "17", "12", "0", "0", "0", "0", "0", "0", "0", "11", "0", "12", "9", "13", "16", "18", "11", "16", "13", "0", "0", "0", "0", "0", "0", "0", "16", "0", "14", "14", "13", "13", "12", "9", "10", "13", "0", "0", "0", "0", "0", "0", "0", "0", "0", "0", "0", "0", "0", "0", "0", "0", "0", "0", "0", "0", "0", "0", "0", "0", "9", "0", "9", "11", "13", "8", "13", "12", "14", "15", "0", "0", "0", "0", "0", "0", "0", "0", "0", "0", "0", "0", "0", "0", "0", "0", "0", "0", "0", "0", "0", "0", "0", "0", "0", "0", "0", "0", "0", "0", "0", "0", "0", "0", "0", "0", "0", "0", "0", "0", "0", "0", "0", "0", "0", "0", "0", "0", "0", "0", "0", "0", "0", "0", "0", "0", "0", "0", "0", "0", "0", "0", "0", "0", "0", "0", "0", "0", "0", "0", "0", "0", "0", "0", "0", "0", "0", "0", "0", "0", "0", "0", "0", "0", "0", "0", "0", "0", "0", "0", "0", "0", "0", "0", "0", "0", "0", "0", "0", "0", "0", "0", "0", "0", "0", "0", "0", "0", "0", "14", "0", "12", "13", "11", "14", "16", "12", "12", "13", "0", "0", "0", "0", "0", "0", "0", "0", "0", "0", "0", "0", "0", "0", "0", "0", "0", "0", "0", "0", "0", "0", "0", "0"], ["20", "0", "21", "20", "20", "15", "22", "0", "0", "0", "0", "0", "0", "0", "0", "0", "0", "15", "0", "18", "17", "15", "16", "16", "0", "0", "0", "0", "0", "0", "0", "0", "0", "0", "22", "0", "17", "19", "17", "19", "16", "0", "0", "0", "0", "0", "0", "0", "0", "0", "0", "22", "0", "17", "14", "17", "18", "16", "0", "0", "0", "0", "0", "0", "0", "0", "0", "0", "0", "0", "0", "0", "0", "0", "0", "0", "0", "0", "0", "0", "0", "0", "0", "0", "0", "0", "0", "0", "0", "0", "0", "0", "0", "0", "0", "0", "0", "0", "0", "0", "0", "0", "0", "0", "0", "0", "0", "0", "0", "0", "0", "0", "0", "0", "0", "0", "0", "0", "0", "0", "0", "0", "0", "0", "0", "0", "0", "0", "0", "0", "0", "0", "0", "0", "0", "0", "18", "0", "25", "25", "22", "16", "13", "0", "0", "0", "0", "0", "0", "0", "0", "0", "0", "0", "0", "0", "0", "0", "0", "0", "0", "0", "0", "0", "0", "0", "0", "0", "0", "0", "0", "0", "0", "0", "0", "0", "0", "0", "0", "0", "0", "0", "0", "0", "0", "0", "0", "0", "0", "0", "0", "0", "0", "0", "0", "0", "0", "0", "0", "0", "0", "0", "0", "0", "17", "0", "16", "22", "20", "23", "25", "0", "0", "0", "0", "0", "0", "0", "0", "0", "0", "15", "0", "25", "17", "24", "15", "18", "0", "0", "0", "0", "0", "0", "0", "0", "0", "0", "26", "0", "26", "16", "18", "16", "14", "0", "0", "0", "0", "0", "0", "0", "0", "0", "0", "20", "0", "14", "16", "16", "19", "14", "0", "0", "0", "0", "0", "0", "0", "0", "0", "0", "0", "0", "0", "0", "0", "0", "0", "0", "0", "0", "0", "0", "0", "0", "0", "0", "0"]]}