{"state": {"resTurn": "77", "h": "7", "w": "12", "score": [["1", "0", "1", "0", "2", "1", "1", "2", "0", "1", "0", "1"], ["1", "0", "0", "0", "0", "0", "0", "0", "0", "0", "0", "1"], ["1", "2", "0", "0", "1", "0", "0", "1", "0", "0", "2", "1"], ["1", "-1", "0", "1", "0", "0", "0", "0", "1", "0", "-1", "1"], ["0", "0", "0", "0", "1", "0", "0", "1", "0", "0", "0", "0"], ["0", "0", "0", "0", "0", "1", "1", "0", "0", "0", "0", "0"], ["1", "1", "1", "-1", "0", "0", "0", "0", "-1", "1", "1", "1"]], "color": [["0", "0", "0", "0", "0", "0", "0", "2", "0", "0", "0", "0"], ["0", "0", "0", "0", "0", "0", "0", "2", "2", "0", "0", "0"], ["0", "0", "1", "1", "0", "0", "0", "0", "2", "0", "0", "0"], ["0", "0", "1", "1", "0", "2", "0", "0", "0", "0", "0", "0"], ["0", "0", "1", "0", "2", "0", "0", "0", "0", "0", "0", "0"], ["0", "0", "0", "2", "2", "0", "1", "0", "1", "0", "0", "0"], ["0", "0", "0", "0", "0", "0", "1", "1", "0", "0", "0", "0"]], "pos": [{"x": "6", "y": "6"}, {"x": "2", "y": "4"}, {"x": "5", "y": "3"}, {"x": "7", "y": "0"}]}, "q": "-0.001148189574382355", "z": "1", "visitCount": [["20", "0", "24", "13", "25", "17", "20", "15", "23", "20", "0", "0", "0", "0", "0", "0", "0", "0", "0", "0", "0", "0", "0", "0", "0", "0", "0", "0", "0", "0", "0", "0", "0", "0", "0", "0", "0", "0", "0", "0", "0", "0", "0", "0", "0", "0", "0", "0", "0", "0", "0", "0", "0", "0", "0", "0", "0", "0", "0", "0", "0", "0", "0", "0", "0", "0", "0", "0", "20", "0", "19", "19", "25", "16", "13", "13", "21", "21", "0", "0", "0", "0", "0", "0", "0", "24", "0", "15", "22", "21", "17", "16", "20", "13", "16", "0", "0", "0", "0", "0", "0", "0", "20", "0", "17", "16", "17", "21", "21", "18", "19", "18", "0", "0", "0", "0", "0", "0", "0", "17", "0", "19", "17", "23", "20", "19", "18", "19", "18", "0", "0", "0", "0", "0", "0", "0", "18", "0", "22", "15", "19", "15", "17", "17", "14", "18", "0", "0", "0", "0", "0", "0", "0", "0", "0", "0", "0", "0", "0", "0", "0", "0", "0", "0", "0", "0", "0", "0", "0", "0", "0", "0", "0", "0", "0", "0", "0", "0", "0", "0", "0", "0", "0", "0", "0", "0", "0", "0", "0", "0", "0", "0", "0", "0", "0", "0", "0", "0", "0", "0", "0", "0", "0", "0", "0", "0", "0", "0", "0", "0", "0", "0", "0", "0", "0", "0", "0", "0", "0", "0", "0", "0", "0", "0", "0", "0", "0", "0", "0", "0", "0", "0", "0", "0", "0", "0", "0", "0", "0", "0", "0", "0", "0", "0", "0", "0", "0", "0", "0", "0", "0", "0", "0", "0", "0", "0", "0", "0", "0", "0", "0", "0", "0", "0", "0", "0", "0", "0", "0", "0", "0", "0", "0", "0", "0", "0", "0", "0", "0", "0", "0", "0", "0", "0", "0", "0", "0", "0", "0"], ["19", "15", "19", "25", "14", "0", "0", "0", "12", "0", "0", "0", "0", "0", "0", "0", "0", "24", "20", "17", "18", "16", "0", "0", "0", "16", "0", "0", "0", "0", "0", "0", "0", "0", "14", "20", "20", "16", "14", "0", "0", "0", "14", "0", "0", "0", "0", "0", "0", "0", "0", "22", "19", "19", "19", "20", "0", "0", "0", "18", "0", "0", "0", "0", "0", "0", "0", "0", "22", "16", "19", "25", "17", "0", "0", "0", "26", "0", "0", "0", "0", "0", "0", "0", "0", "22", "17", "19", "17", "21", "0", "0", "0", "19", "0", "0", "0", "0", "0", "0", "0", "0", "15", "19", "16", "26", "22", "0", "0", "0", "14", "0", "0", "0", "0", "0", "0", "0", "0", "12", "16", "22", "19", "19", "0", "0", "0", "15", "0", "0", "0", "0", "0", "0", "0", "0", "18", "16", "19", "26", "19", "0", "0", "0", "17", "0", "0", "0", "0", "0", "0", "0", "0", "0", "0", "0", "0", "0", "0", "0", "0", "0", "0", "0", "0", "0", "0", "0", "0", "0", "0", "0", "0", "0", "0", "0", "0", "0", "0", "0", "0", "0", "0", "0", "0", "0", "0", "0", "0", "0", "0", "0", "0", "0", "0", "0", "0", "0", "0", "0", "0", "0", "0", "0", "0", "0", "0", "0", "0", "0", "0", "0", "0", "0", "0", "0", "0", "0", "0", "0", "0", "0", "0", "0", "0", "0", "0", "0", "0", "0", "0", "0", "0", "0", "0", "0", "0", "0", "0", "0", "0", "0", "0", "0", "0", "0", "0", "0", "0", "0", "0", "0", "0", "0", "0", "0", "0", "0", "0", "0", "0", "0", "0", "0", "0", "0", "0", "0", "0", "0", "0", "0", "0", "0", "0", "0", "0", "0", "0", "0", "0", "0", "0", "0", "0", "0", "0", "0", "0"]]}