{"state": {"resTurn": "41", "h": "7", "w": "12", "score": [["1", "0", "1", "0", "2", "1", "1", "2", "0", "1", "0", "1"], ["1", "0", "0", "0", "0", "0", "0", "0", "0", "0", "0", "1"], ["1", "2", "0", "0", "1", "0", "0", "1", "0", "0", "2", "1"], ["1", "-1", "0", "1", "0", "0", "0", "0", "1", "0", "-1", "1"], ["0", "0", "0", "0", "1", "0", "0", "1", "0", "0", "0", "0"], ["0", "0", "0", "0", "0", "1", "1", "0", "0", "0", "0", "0"], ["1", "1", "1", "-1", "0", "0", "0", "0", "-1", "1", "1", "1"]], "color": [["0", "0", "0", "1", "0", "0", "1", "0", "2", "2", "2", "2"], ["0", "0", "1", "1", "1", "0", "0", "1", "0", "2", "2", "2"], ["1", "1", "1", "1", "1", "0", "0", "1", "0", "2", "2", "2"], ["1", "1", "0", "1", "2", "2", "0", "0", "1", "0", "2", "2"], ["1", "1", "2", "2", "2", "0", "1", "1", "1", "0", "0", "2"], ["1", "2", "2", "2", "2", "1", "1", "1", "1", "1", "0", "0"], ["2", "2", "2", "2", "2", "2", "1", "1", "1", "0", "0", "0"]], "pos": [{"x": "6", "y": "0"}, {"x": "3", "y": "1"}, {"x": "2", "y": "4"}, {"x": "11", "y": "3"}]}, "q": "-0.001360874856869595", "z": "1", "visitCount": [["16", "17", "20", "21", "15", "19", "16", "15", "27", "0", "0", "0", "0", "0", "0", "0", "0", "21", "22", "16", "20", "17", "26", "17", "15", "14", "0", "0", "0", "0", "0", "0", "0", "0", "15", "17", "19", "19", "24", "18", "18", "18", "17", "0", "0", "0", "0", "0", "0", "0", "0", "17", "24", "21", "20", "13", "18", "19", "15", "20", "0", "0", "0", "0", "0", "0", "0", "0", "19", "16", "17", "19", "18", "23", "18", "23", "20", "0", "0", "0", "0", "0", "0", "0", "0", "0", "0", "0", "0", "0", "0", "0", "0", "0", "0", "0", "0", "0", "0", "0", "0", "0", "0", "0", "0", "0", "0", "0", "0", "0", "0", "0", "0", "0", "0", "0", "0", "0", "0", "0", "0", "0", "0", "0", "0", "0", "0", "0", "0", "0", "0", "0", "0", "0", "0", "0", "16", "17", "18", "18", "20", "20", "18", "16", "19", "0", "0", "0", "0", "0", "0", "0", "0", "0", "0", "0", "0", "0", "0", "0", "0", "0", "0", "0", "0", "0", "0", "0", "0", "0", "0", "0", "0", "0", "0", "0", "0", "0", "0", "0", "0", "0", "0", "0", "0", "0", "0", "0", "0", "0", "0", "0", "0", "0", "0", "0", "0", "0", "0", "0", "0", "0", "0", "0", "0", "0", "0", "0", "0", "0", "0", "0", "0", "0", "0", "0", "0", "0", "0", "0", "0", "0", "0", "0", "0", "0", "0", "0", "0", "0", "0", "0", "0", "0", "0", "0", "0", "0", "0", "0", "0", "0", "0", "0", "0", "0", "0", "0", "0", "0", "0", "0", "0", "0", "0", "0", "0", "0", "0", "0", "0", "0", "0", "0", "0", "0", "0", "0", "0", "0", "0", "0", "0", "0", "0", "0", "0", "0", "0", "0", "0", "0", "0", "0", "0", "0", "0", "0", "0"], ["17", "0", "14", "18", "18", "21", "17", "0", "0", "0", "0", "0", "0", "0", "0", "0", "0", "15", "0", "20", "16", "16", "19", "18", "0", "0", "0", "0", "0", "0", "0", "0", "0", "0", "17", "0", "21", "14", "22", "19", "22", "0", "0", "0", "0", "0", "0", "0", "0", "0", "0", "18", "0", "18", "20", "17", "28", "20", "0", "0", "0", "0", "0", "0", "0", "0", "0", "0", "0", "0", "0", "0", "0", "0", "0", "0", "0", "0", "0", "0", "0", "0", "0", "0", "0", "0", "0", "0", "0", "0", "0", "0", "0", "0", "0", "0", "0", "0", "0", "0", "0", "0", "18", "0", "18", "18", "19", "13", "15", "0", "0", "0", "0", "0", "0", "0", "0", "0", "0", "0", "0", "0", "0", "0", "0", "0", "0", "0", "0", "0", "0", "0", "0", "0", "0", "0", "15", "0", "24", "18", "19", "24", "19", "0", "0", "0", "0", "0", "0", "0", "0", "0", "0", "0", "0", "0", "0", "0", "0", "0", "0", "0", "0", "0", "0", "0", "0", "0", "0", "0", "0", "0", "0", "0", "0", "0", "0", "0", "0", "0", "0", "0", "0", "0", "0", "0", "0", "0", "0", "0", "0", "0", "0", "0", "0", "0", "0", "0", "0", "0", "0", "0", "0", "0", "21", "0", "15", "22", "17", "17", "19", "0", "0", "0", "0", "0", "0", "0", "0", "0", "0", "17", "0", "24", "23", "21", "19", "16", "0", "0", "0", "0", "0", "0", "0", "0", "0", "0", "0", "0", "0", "0", "0", "0", "0", "0", "0", "0", "0", "0", "0", "0", "0", "0", "0", "20", "0", "14", "13", "15", "19", "24", "0", "0", "0", "0", "0", "0", "0", "0", "0", "0", "0", "0", "0", "0", "0", "0", "0", "0", "0", "0", "0", "0", "0", "0", "0", "0", "0"]]}