{"state": {"resTurn": "40", "h": "7", "w": "12", "score": [["1", "0", "1", "0", "2", "1", "1", "2", "0", "1", "0", "1"], ["1", "0", "0", "0", "0", "0", "0", "0", "0", "0", "0", "1"], ["1", "2", "0", "0", "1", "0", "0", "1", "0", "0", "2", "1"], ["1", "-1", "0", "1", "0", "0", "0", "0", "1", "0", "-1", "1"], ["0", "0", "0", "0", "1", "0", "0", "1", "0", "0", "0", "0"], ["0", "0", "0", "0", "0", "1", "1", "0", "0", "0", "0", "0"], ["1", "1", "1", "-1", "0", "0", "0", "0", "-1", "1", "1", "1"]], "color": [["0", "0", "0", "1", "0", "0", "1", "0", "2", "2", "2", "2"], ["0", "0", "1", "1", "1", "0", "0", "1", "0", "2", "2", "2"], ["1", "1", "1", "1", "1", "0", "0", "1", "0", "2", "2", "2"], ["1", "1", "0", "1", "2", "2", "0", "0", "1", "0", "2", "2"], ["1", "1", "2", "2", "2", "0", "1", "1", "1", "0", "0", "2"], ["1", "2", "2", "2", "2", "1", "1", "1", "1", "1", "0", "0"], ["2", "2", "2", "2", "2", "2", "1", "1", "1", "0", "0", "0"]], "pos": [{"x": "6", "y": "0"}, {"x": "4", "y": "1"}, {"x": "1", "y": "5"}, {"x": "10", "y": "2"}]}, "q": "-0.0007866237339165362", "z": "1", "visitCount": [["14", "18", "21", "15", "20", "19", "20", "15", "17", "0", "0", "0", "0", "0", "0", "0", "0", "14", "23", "18", "23", "15", "18", "18", "17", "18", "0", "0", "0", "0", "0", "0", "0", "0", "19", "24", "21", "18", "24", "19", "20", "17", "20", "0", "0", "0", "0", "0", "0", "0", "0", "18", "16", "14", "18", "17", "16", "19", "15", "14", "0", "0", "0", "0", "0", "0", "0", "0", "18", "25", "21", "20", "24", "21", "22", "17", "19", "0", "0", "0", "0", "0", "0", "0", "0", "0", "0", "0", "0", "0", "0", "0", "0", "0", "0", "0", "0", "0", "0", "0", "0", "0", "0", "0", "0", "0", "0", "0", "0", "0", "0", "0", "0", "0", "0", "0", "0", "0", "0", "0", "0", "0", "0", "0", "0", "0", "0", "0", "0", "0", "0", "0", "0", "0", "0", "0", "21", "19", "19", "18", "14", "20", "19", "14", "18", "0", "0", "0", "0", "0", "0", "0", "0", "0", "0", "0", "0", "0", "0", "0", "0", "0", "0", "0", "0", "0", "0", "0", "0", "0", "0", "0", "0", "0", "0", "0", "0", "0", "0", "0", "0", "0", "0", "0", "0", "0", "0", "0", "0", "0", "0", "0", "0", "0", "0", "0", "0", "0", "0", "0", "0", "0", "0", "0", "0", "0", "0", "0", "0", "0", "0", "0", "0", "0", "0", "0", "0", "0", "0", "0", "0", "0", "0", "0", "0", "0", "0", "0", "0", "0", "0", "0", "0", "0", "0", "0", "0", "0", "0", "0", "0", "0", "0", "0", "0", "0", "0", "0", "0", "0", "0", "0", "0", "0", "0", "0", "0", "0", "0", "0", "0", "0", "0", "0", "0", "0", "0", "0", "0", "0", "0", "0", "0", "0", "0", "0", "0", "0", "0", "0", "0", "0", "0", "0", "0", "0", "0", "0", "0"], ["12", "7", "15", "16", "13", "14", "14", "12", "12", "0", "0", "0", "0", "0", "0", "0", "0", "13", "12", "9", "11", "14", "12", "9", "11", "13", "0", "0", "0", "0", "0", "0", "0", "0", "11", "11", "10", "13", "12", "17", "13", "14", "11", "0", "0", "0", "0", "0", "0", "0", "0", "13", "13", "13", "14", "15", "14", "12", "14", "11", "0", "0", "0", "0", "0", "0", "0", "0", "0", "0", "0", "0", "0", "0", "0", "0", "0", "0", "0", "0", "0", "0", "0", "0", "0", "0", "0", "0", "0", "0", "0", "0", "0", "0", "0", "0", "0", "0", "0", "0", "0", "0", "0", "0", "0", "0", "0", "0", "0", "0", "0", "0", "0", "0", "0", "0", "0", "0", "0", "10", "13", "11", "12", "10", "10", "13", "14", "13", "0", "0", "0", "0", "0", "0", "0", "0", "13", "14", "13", "13", "9", "14", "12", "11", "11", "0", "0", "0", "0", "0", "0", "0", "0", "0", "0", "0", "0", "0", "0", "0", "0", "0", "0", "0", "0", "0", "0", "0", "0", "0", "0", "0", "0", "0", "0", "0", "0", "0", "0", "0", "0", "0", "0", "0", "0", "0", "0", "0", "0", "0", "0", "0", "0", "0", "0", "0", "0", "0", "0", "0", "0", "0", "0", "0", "13", "15", "9", "12", "12", "13", "12", "13", "9", "0", "0", "0", "0", "0", "0", "0", "0", "11", "10", "15", "13", "13", "13", "12", "14", "15", "0", "0", "0", "0", "0", "0", "0", "0", "14", "13", "13", "10", "14", "14", "13", "9", "11", "0", "0", "0", "0", "0", "0", "0", "0", "0", "0", "0", "0", "0", "0", "0", "0", "0", "0", "0", "0", "0", "0", "0", "0", "0", "0", "0", "0", "0", "0", "0", "0", "0", "0", "0", "0", "0", "0", "0", "0", "0", "0"]]}