{"state": {"resTurn": "38", "h": "7", "w": "12", "score": [["1", "0", "1", "0", "2", "1", "1", "2", "0", "1", "0", "1"], ["1", "0", "0", "0", "0", "0", "0", "0", "0", "0", "0", "1"], ["1", "2", "0", "0", "1", "0", "0", "1", "0", "0", "2", "1"], ["1", "-1", "0", "1", "0", "0", "0", "0", "1", "0", "-1", "1"], ["0", "0", "0", "0", "1", "0", "0", "1", "0", "0", "0", "0"], ["0", "0", "0", "0", "0", "1", "1", "0", "0", "0", "0", "0"], ["1", "1", "1", "-1", "0", "0", "0", "0", "-1", "1", "1", "1"]], "color": [["0", "0", "0", "1", "0", "1", "1", "0", "2", "2", "2", "2"], ["0", "0", "1", "1", "1", "0", "1", "1", "0", "2", "2", "2"], ["1", "1", "1", "1", "1", "1", "0", "1", "2", "2", "2", "2"], ["1", "1", "0", "1", "2", "2", "0", "0", "1", "0", "2", "2"], ["1", "1", "2", "2", "2", "0", "1", "1", "1", "0", "0", "2"], ["1", "2", "2", "2", "2", "1", "1", "1", "1", "1", "0", "0"], ["2", "2", "2", "2", "2", "2", "1", "1", "1", "0", "0", "0"]], "pos": [{"x": "5", "y": "0"}, {"x": "6", "y": "1"}, {"x": "2", "y": "5"}, {"x": "8", "y": "2"}]}, "q": "-0.001207376806215295", "z": "1", "visitCount": [["15", "20", "20", "21", "23", "18", "24", "21", "17", "0", "0", "0", "0", "0", "0", "0", "0", "16", "22", "18", "18", "15", "19", "24", "16", "24", "0", "0", "0", "0", "0", "0", "0", "0", "16", "14", "20", "15", "18", "17", "22", "18", "20", "0", "0", "0", "0", "0", "0", "0", "0", "20", "23", "19", "18", "19", "13", "13", "18", "17", "0", "0", "0", "0", "0", "0", "0", "0", "20", "18", "16", "21", "21", "20", "14", "19", "30", "0", "0", "0", "0", "0", "0", "0", "0", "0", "0", "0", "0", "0", "0", "0", "0", "0", "0", "0", "0", "0", "0", "0", "0", "0", "0", "0", "0", "0", "0", "0", "0", "0", "0", "0", "0", "0", "0", "0", "0", "0", "0", "0", "0", "0", "0", "0", "0", "0", "0", "0", "0", "0", "0", "0", "0", "0", "0", "0", "15", "19", "17", "16", "17", "19", "17", "13", "17", "0", "0", "0", "0", "0", "0", "0", "0", "0", "0", "0", "0", "0", "0", "0", "0", "0", "0", "0", "0", "0", "0", "0", "0", "0", "0", "0", "0", "0", "0", "0", "0", "0", "0", "0", "0", "0", "0", "0", "0", "0", "0", "0", "0", "0", "0", "0", "0", "0", "0", "0", "0", "0", "0", "0", "0", "0", "0", "0", "0", "0", "0", "0", "0", "0", "0", "0", "0", "0", "0", "0", "0", "0", "0", "0", "0", "0", "0", "0", "0", "0", "0", "0", "0", "0", "0", "0", "0", "0", "0", "0", "0", "0", "0", "0", "0", "0", "0", "0", "0", "0", "0", "0", "0", "0", "0", "0", "0", "0", "0", "0", "0", "0", "0", "0", "0", "0", "0", "0", "0", "0", "0", "0", "0", "0", "0", "0", "0", "0", "0", "0", "0", "0", "0", "0", "0", "0", "0", "0", "0", "0", "0", "0", "0"], ["11", "12", "0", "12", "0", "0", "12", "18", "13", "0", "10", "0", "15", "14", "0", "0", "0", "13", "12", "0", "12", "0", "0", "14", "9", "10", "0", "15", "0", "13", "11", "0", "0", "0", "11", "15", "0", "12", "0", "0", "10", "14", "10", "0", "14", "0", "10", "12", "0", "0", "0", "10", "12", "0", "12", "0", "0", "11", "14", "11", "0", "13", "0", "15", "11", "0", "0", "0", "13", "11", "0", "14", "0", "0", "11", "12", "14", "0", "14", "0", "17", "15", "0", "0", "0", "0", "0", "0", "0", "0", "0", "0", "0", "0", "0", "0", "0", "0", "0", "0", "0", "0", "9", "15", "0", "13", "0", "0", "11", "10", "14", "0", "12", "0", "10", "11", "0", "0", "0", "10", "14", "0", "15", "0", "0", "11", "13", "14", "0", "12", "0", "10", "13", "0", "0", "0", "11", "10", "0", "13", "0", "0", "13", "15", "10", "0", "12", "0", "13", "13", "0", "0", "0", "0", "0", "0", "0", "0", "0", "0", "0", "0", "0", "0", "0", "0", "0", "0", "0", "0", "0", "0", "0", "0", "0", "0", "0", "0", "0", "0", "0", "0", "0", "0", "0", "0", "0", "0", "0", "0", "0", "0", "0", "0", "0", "0", "0", "0", "0", "0", "0", "0", "0", "0", "0", "0", "0", "0", "0", "0", "0", "0", "0", "0", "0", "0", "0", "0", "0", "0", "0", "9", "11", "0", "12", "0", "0", "10", "14", "15", "0", "11", "0", "16", "11", "0", "0", "0", "0", "0", "0", "0", "0", "0", "0", "0", "0", "0", "0", "0", "0", "0", "0", "0", "0", "0", "0", "0", "0", "0", "0", "0", "0", "0", "0", "0", "0", "0", "0", "0", "0", "0", "0", "0", "0", "0", "0", "0", "0", "0", "0", "0", "0", "0", "0", "0", "0", "0", "0"]]}