{"state": {"resTurn": "37", "h": "7", "w": "12", "score": [["1", "0", "1", "0", "2", "1", "1", "2", "0", "1", "0", "1"], ["1", "0", "0", "0", "0", "0", "0", "0", "0", "0", "0", "1"], ["1", "2", "0", "0", "1", "0", "0", "1", "0", "0", "2", "1"], ["1", "-1", "0", "1", "0", "0", "0", "0", "1", "0", "-1", "1"], ["0", "0", "0", "0", "1", "0", "0", "1", "0", "0", "0", "0"], ["0", "0", "0", "0", "0", "1", "1", "0", "0", "0", "0", "0"], ["1", "1", "1", "-1", "0", "0", "0", "0", "-1", "1", "1", "1"]], "color": [["0", "0", "0", "1", "1", "1", "1", "0", "2", "2", "2", "2"], ["0", "0", "1", "1", "1", "0", "1", "1", "0", "2", "2", "2"], ["1", "1", "1", "1", "1", "1", "0", "1", "2", "2", "2", "2"], ["1", "1", "0", "1", "2", "2", "0", "0", "1", "0", "2", "2"], ["1", "1", "2", "2", "2", "0", "1", "1", "1", "0", "0", "2"], ["1", "2", "2", "2", "2", "1", "1", "1", "1", "1", "0", "0"], ["2", "2", "2", "2", "2", "2", "1", "1", "1", "0", "0", "0"]], "pos": [{"x": "4", "y": "0"}, {"x": "7", "y": "1"}, {"x": "2", "y": "5"}, {"x": "9", "y": "1"}]}, "q": "-0.001164529526494588", "z": "1", "visitCount": [["18", "0", "19", "19", "24", "25", "16", "0", "19", "16", "0", "0", "0", "0", "0", "19", "0", "22", "0", "17", "20", "16", "18", "20", "0", "13", "16", "0", "0", "0", "0", "0", "21", "0", "20", "0", "20", "24", "21", "19", "16", "0", "20", "17", "0", "0", "0", "0", "0", "18", "0", "13", "0", "20", "20", "17", "17", "14", "0", "15", "17", "0", "0", "0", "0", "0", "24", "0", "19", "0", "20", "18", "15", "23", "14", "0", "18", "15", "0", "0", "0", "0", "0", "17", "0", "0", "0", "0", "0", "0", "0", "0", "0", "0", "0", "0", "0", "0", "0", "0", "0", "0", "0", "0", "0", "0", "0", "0", "0", "0", "0", "0", "0", "0", "0", "0", "0", "0", "0", "0", "0", "0", "0", "0", "0", "0", "0", "0", "0", "0", "0", "0", "0", "0", "0", "0", "16", "0", "18", "28", "16", "19", "17", "0", "18", "19", "0", "0", "0", "0", "0", "20", "0", "0", "0", "0", "0", "0", "0", "0", "0", "0", "0", "0", "0", "0", "0", "0", "0", "0", "0", "0", "0", "0", "0", "0", "0", "0", "0", "0", "0", "0", "0", "0", "0", "0", "0", "0", "0", "0", "0", "0", "0", "0", "0", "0", "0", "0", "0", "0", "0", "0", "0", "0", "0", "0", "0", "0", "0", "0", "0", "0", "0", "0", "0", "0", "0", "0", "0", "0", "0", "0", "0", "0", "0", "0", "0", "0", "0", "0", "0", "0", "0", "0", "0", "0", "0", "0", "0", "0", "0", "0", "0", "0", "0", "0", "0", "0", "0", "0", "0", "0", "0", "0", "0", "0", "0", "0", "0", "0", "0", "0", "0", "0", "0", "0", "0", "0", "0", "0", "0", "0", "0", "0", "0", "0", "0", "0", "0", "0", "0", "0", "0", "0", "0", "0", "0", "0", "0"], ["11", "12", "11", "13", "11", "9", "12", "8", "12", "0", "0", "0", "0", "0", "0", "0", "0", "13", "9", "14", "13", "16", "11", "12", "12", "13", "0", "0", "0", "0", "0", "0", "0", "0", "10", "10", "11", "12", "12", "12", "16", "12", "16", "0", "0", "0", "0", "0", "0", "0", "0", "16", "13", "10", "12", "14", "7", "9", "12", "12", "0", "0", "0", "0", "0", "0", "0", "0", "13", "16", "10", "11", "13", "14", "14", "16", "11", "0", "0", "0", "0", "0", "0", "0", "0", "0", "0", "0", "0", "0", "0", "0", "0", "0", "0", "0", "0", "0", "0", "0", "0", "0", "15", "11", "11", "11", "16", "14", "13", "13", "13", "0", "0", "0", "0", "0", "0", "0", "0", "13", "14", "14", "14", "11", "14", "11", "12", "14", "0", "0", "0", "0", "0", "0", "0", "0", "11", "10", "13", "13", "10", "14", "11", "9", "13", "0", "0", "0", "0", "0", "0", "0", "0", "0", "0", "0", "0", "0", "0", "0", "0", "0", "0", "0", "0", "0", "0", "0", "0", "0", "0", "0", "0", "0", "0", "0", "0", "0", "0", "0", "0", "0", "0", "0", "0", "0", "0", "0", "0", "0", "0", "0", "0", "0", "0", "0", "0", "0", "0", "0", "0", "0", "0", "0", "0", "0", "0", "0", "0", "0", "0", "0", "0", "0", "0", "0", "0", "0", "0", "0", "0", "13", "14", "13", "13", "15", "12", "11", "10", "15", "0", "0", "0", "0", "0", "0", "0", "0", "0", "0", "0", "0", "0", "0", "0", "0", "0", "0", "0", "0", "0", "0", "0", "0", "0", "0", "0", "0", "0", "0", "0", "0", "0", "0", "0", "0", "0", "0", "0", "0", "0", "0", "0", "0", "0", "0", "0", "0", "0", "0", "0", "0", "0", "0", "0", "0", "0", "0", "0"]]}