{"state": {"resTurn": "36", "h": "7", "w": "12", "score": [["1", "0", "1", "0", "2", "1", "1", "2", "0", "1", "0", "1"], ["1", "0", "0", "0", "0", "0", "0", "0", "0", "0", "0", "1"], ["1", "2", "0", "0", "1", "0", "0", "1", "0", "0", "2", "1"], ["1", "-1", "0", "1", "0", "0", "0", "0", "1", "0", "-1", "1"], ["0", "0", "0", "0", "1", "0", "0", "1", "0", "0", "0", "0"], ["0", "0", "0", "0", "0", "1", "1", "0", "0", "0", "0", "0"], ["1", "1", "1", "-1", "0", "0", "0", "0", "-1", "1", "1", "1"]], "color": [["0", "0", "0", "1", "1", "1", "1", "0", "2", "2", "2", "2"], ["0", "0", "1", "1", "1", "0", "1", "1", "2", "2", "2", "2"], ["1", "1", "1", "1", "1", "1", "1", "1", "2", "2", "2", "2"], ["1", "1", "0", "1", "2", "2", "0", "0", "1", "0", "2", "2"], ["1", "1", "2", "2", "2", "0", "1", "1", "1", "0", "0", "2"], ["1", "2", "2", "2", "2", "1", "1", "1", "1", "1", "0", "0"], ["2", "2", "2", "2", "2", "2", "1", "1", "1", "0", "0", "0"]], "pos": [{"x": "5", "y": "0"}, {"x": "6", "y": "2"}, {"x": "3", "y": "6"}, {"x": "8", "y": "1"}]}, "q": "-0.0008526896952139513", "z": "1", "visitCount": [["19", "21", "15", "0", "13", "25", "15", "13", "21", "0", "0", "17", "0", "0", "0", "0", "0", "19", "23", "17", "0", "13", "18", "16", "15", "16", "0", "0", "22", "0", "0", "0", "0", "0", "19", "14", "14", "0", "14", "28", "18", "24", "12", "0", "0", "22", "0", "0", "0", "0", "0", "17", "16", "17", "0", "19", "26", "14", "17", "16", "0", "0", "23", "0", "0", "0", "0", "0", "22", "19", "16", "0", "21", "24", "16", "17", "27", "0", "0", "20", "0", "0", "0", "0", "0", "0", "0", "0", "0", "0", "0", "0", "0", "0", "0", "0", "0", "0", "0", "0", "0", "0", "0", "0", "0", "0", "0", "0", "0", "0", "0", "0", "0", "0", "0", "0", "0", "0", "0", "0", "0", "0", "0", "0", "0", "0", "0", "0", "0", "0", "0", "0", "0", "0", "0", "0", "19", "21", "15", "0", "21", "26", "17", "18", "19", "0", "0", "14", "0", "0", "0", "0", "0", "0", "0", "0", "0", "0", "0", "0", "0", "0", "0", "0", "0", "0", "0", "0", "0", "0", "0", "0", "0", "0", "0", "0", "0", "0", "0", "0", "0", "0", "0", "0", "0", "0", "0", "0", "0", "0", "0", "0", "0", "0", "0", "0", "0", "0", "0", "0", "0", "0", "0", "0", "0", "0", "0", "0", "0", "0", "0", "0", "0", "0", "0", "0", "0", "0", "0", "0", "0", "0", "0", "0", "0", "0", "0", "0", "0", "0", "0", "0", "0", "0", "0", "0", "0", "0", "0", "0", "0", "0", "0", "0", "0", "0", "0", "0", "0", "0", "0", "0", "0", "0", "0", "0", "0", "0", "0", "0", "0", "0", "0", "0", "0", "0", "0", "0", "0", "0", "0", "0", "0", "0", "0", "0", "0", "0", "0", "0", "0", "0", "0", "0", "0", "0", "0", "0", "0"], ["22", "17", "17", "0", "0", "18", "17", "15", "20", "0", "0", "17", "10", "0", "0", "0", "0", "0", "0", "0", "0", "0", "0", "0", "0", "0", "0", "0", "0", "0", "0", "0", "0", "0", "0", "0", "0", "0", "0", "0", "0", "0", "0", "0", "0", "0", "0", "0", "0", "0", "0", "0", "0", "0", "0", "0", "0", "0", "0", "0", "0", "0", "0", "0", "0", "0", "0", "0", "19", "18", "13", "0", "0", "15", "18", "18", "16", "0", "0", "25", "24", "0", "0", "0", "0", "20", "19", "24", "0", "0", "19", "15", "17", "24", "0", "0", "17", "18", "0", "0", "0", "0", "17", "17", "11", "0", "0", "21", "15", "22", "13", "0", "0", "23", "16", "0", "0", "0", "0", "19", "19", "14", "0", "0", "15", "23", "23", "20", "0", "0", "21", "22", "0", "0", "0", "0", "23", "21", "18", "0", "0", "17", "18", "25", "19", "0", "0", "17", "19", "0", "0", "0", "0", "0", "0", "0", "0", "0", "0", "0", "0", "0", "0", "0", "0", "0", "0", "0", "0", "0", "0", "0", "0", "0", "0", "0", "0", "0", "0", "0", "0", "0", "0", "0", "0", "0", "0", "0", "0", "0", "0", "0", "0", "0", "0", "0", "0", "0", "0", "0", "0", "0", "0", "0", "0", "0", "0", "0", "0", "0", "0", "0", "0", "0", "0", "0", "0", "0", "0", "0", "0", "0", "0", "0", "0", "0", "0", "0", "0", "0", "0", "0", "0", "0", "0", "0", "0", "0", "0", "0", "0", "0", "0", "0", "0", "0", "0", "0", "0", "0", "0", "0", "0", "0", "0", "0", "0", "0", "0", "0", "0", "0", "0", "0", "0", "0", "0", "0", "0", "0", "0", "0", "0", "0", "0", "0", "0", "0", "0", "0", "0", "0", "0", "0", "0", "0", "0", "0", "0"]]}