{"state": {"resTurn": "35", "h": "7", "w": "12", "score": [["1", "0", "1", "0", "2", "1", "1", "2", "0", "1", "0", "1"], ["1", "0", "0", "0", "0", "0", "0", "0", "0", "0", "0", "1"], ["1", "2", "0", "0", "1", "0", "0", "1", "0", "0", "2", "1"], ["1", "-1", "0", "1", "0", "0", "0", "0", "1", "0", "-1", "1"], ["0", "0", "0", "0", "1", "0", "0", "1", "0", "0", "0", "0"], ["0", "0", "0", "0", "0", "1", "1", "0", "0", "0", "0", "0"], ["1", "1", "1", "-1", "0", "0", "0", "0", "-1", "1", "1", "1"]], "color": [["0", "0", "0", "1", "1", "1", "1", "0", "2", "2", "2", "2"], ["0", "0", "1", "1", "1", "0", "1", "1", "2", "2", "2", "2"], ["1", "1", "1", "1", "1", "1", "1", "0", "2", "2", "2", "2"], ["1", "1", "0", "1", "2", "2", "0", "0", "1", "0", "2", "2"], ["1", "1", "2", "2", "2", "0", "1", "1", "1", "0", "0", "2"], ["1", "2", "2", "2", "2", "1", "1", "1", "1", "1", "0", "0"], ["2", "2", "2", "2", "2", "2", "1", "1", "1", "0", "0", "0"]], "pos": [{"x": "5", "y": "0"}, {"x": "6", "y": "2"}, {"x": "2", "y": "6"}, {"x": "8", "y": "1"}]}, "q": "-0.001029419216038805", "z": "1", "visitCount": [["21", "15", "14", "0", "18", "19", "18", "13", "17", "0", "0", "13", "0", "0", "0", "0", "0", "14", "14", "18", "0", "27", "22", "14", "14", "15", "0", "0", "22", "0", "0", "0", "0", "0", "19", "15", "14", "0", "16", "20", "18", "14", "17", "0", "0", "22", "0", "0", "0", "0", "0", "19", "18", "16", "0", "21", "19", "19", "15", "21", "0", "0", "18", "0", "0", "0", "0", "0", "15", "20", "13", "0", "29", "16", "26", "16", "27", "0", "0", "21", "0", "0", "0", "0", "0", "0", "0", "0", "0", "0", "0", "0", "0", "0", "0", "0", "0", "0", "0", "0", "0", "0", "0", "0", "0", "0", "0", "0", "0", "0", "0", "0", "0", "0", "0", "0", "0", "0", "0", "0", "0", "0", "0", "0", "0", "0", "0", "0", "0", "0", "0", "0", "0", "0", "0", "0", "24", "28", "21", "0", "19", "22", "17", "23", "19", "0", "0", "15", "0", "0", "0", "0", "0", "0", "0", "0", "0", "0", "0", "0", "0", "0", "0", "0", "0", "0", "0", "0", "0", "0", "0", "0", "0", "0", "0", "0", "0", "0", "0", "0", "0", "0", "0", "0", "0", "0", "0", "0", "0", "0", "0", "0", "0", "0", "0", "0", "0", "0", "0", "0", "0", "0", "0", "0", "0", "0", "0", "0", "0", "0", "0", "0", "0", "0", "0", "0", "0", "0", "0", "0", "0", "0", "0", "0", "0", "0", "0", "0", "0", "0", "0", "0", "0", "0", "0", "0", "0", "0", "0", "0", "0", "0", "0", "0", "0", "0", "0", "0", "0", "0", "0", "0", "0", "0", "0", "0", "0", "0", "0", "0", "0", "0", "0", "0", "0", "0", "0", "0", "0", "0", "0", "0", "0", "0", "0", "0", "0", "0", "0", "0", "0", "0", "0", "0", "0", "0", "0", "0", "0"], ["17", "23", "19", "26", "0", "17", "10", "18", "24", "0", "0", "0", "19", "0", "0", "0", "0", "0", "0", "0", "0", "0", "0", "0", "0", "0", "0", "0", "0", "0", "0", "0", "0", "0", "0", "0", "0", "0", "0", "0", "0", "0", "0", "0", "0", "0", "0", "0", "0", "0", "0", "0", "0", "0", "0", "0", "0", "0", "0", "0", "0", "0", "0", "0", "0", "0", "0", "0", "25", "13", "24", "16", "0", "21", "21", "22", "17", "0", "0", "0", "25", "0", "0", "0", "0", "15", "17", "20", "18", "0", "21", "26", "16", "15", "0", "0", "0", "20", "0", "0", "0", "0", "20", "18", "15", "18", "0", "16", "20", "22", "22", "0", "0", "0", "17", "0", "0", "0", "0", "23", "19", "19", "18", "0", "16", "12", "17", "19", "0", "0", "0", "14", "0", "0", "0", "0", "14", "12", "17", "18", "0", "18", "22", "18", "14", "0", "0", "0", "17", "0", "0", "0", "0", "0", "0", "0", "0", "0", "0", "0", "0", "0", "0", "0", "0", "0", "0", "0", "0", "0", "0", "0", "0", "0", "0", "0", "0", "0", "0", "0", "0", "0", "0", "0", "0", "0", "0", "0", "0", "0", "0", "0", "0", "0", "0", "0", "0", "0", "0", "0", "0", "0", "0", "0", "0", "0", "0", "0", "0", "0", "0", "0", "0", "0", "0", "0", "0", "0", "0", "0", "0", "0", "0", "0", "0", "0", "0", "0", "0", "0", "0", "0", "0", "0", "0", "0", "0", "0", "0", "0", "0", "0", "0", "0", "0", "0", "0", "0", "0", "0", "0", "0", "0", "0", "0", "0", "0", "0", "0", "0", "0", "0", "0", "0", "0", "0", "0", "0", "0", "0", "0", "0", "0", "0", "0", "0", "0", "0", "0", "0", "0", "0", "0", "0", "0", "0", "0", "0", "0"]]}