{"state": {"resTurn": "33", "h": "7", "w": "12", "score": [["1", "0", "1", "0", "2", "1", "1", "2", "0", "1", "0", "1"], ["1", "0", "0", "0", "0", "0", "0", "0", "0", "0", "0", "1"], ["1", "2", "0", "0", "1", "0", "0", "1", "0", "0", "2", "1"], ["1", "-1", "0", "1", "0", "0", "0", "0", "1", "0", "-1", "1"], ["0", "0", "0", "0", "1", "0", "0", "1", "0", "0", "0", "0"], ["0", "0", "0", "0", "0", "1", "1", "0", "0", "0", "0", "0"], ["1", "1", "1", "-1", "0", "0", "0", "0", "-1", "1", "1", "1"]], "color": [["0", "0", "0", "1", "1", "1", "1", "0", "2", "2", "2", "2"], ["0", "0", "1", "1", "1", "0", "1", "1", "2", "2", "2", "2"], ["1", "1", "1", "1", "1", "1", "1", "2", "2", "2", "2", "2"], ["1", "1", "0", "1", "2", "2", "0", "0", "1", "0", "2", "2"], ["1", "1", "2", "2", "2", "0", "1", "1", "1", "0", "0", "2"], ["1", "2", "2", "2", "2", "1", "1", "1", "1", "1", "0", "0"], ["2", "2", "2", "2", "2", "2", "1", "1", "1", "0", "0", "0"]], "pos": [{"x": "3", "y": "0"}, {"x": "6", "y": "1"}, {"x": "1", "y": "5"}, {"x": "8", "y": "1"}]}, "q": "-0.0008896799603698323", "z": "1", "visitCount": [["14", "0", "20", "18", "24", "18", "14", "24", "22", "17", "0", "0", "0", "0", "0", "0", "0", "15", "0", "20", "17", "19", "12", "20", "21", "14", "18", "0", "0", "0", "0", "0", "0", "0", "15", "0", "21", "18", "19", "23", "19", "18", "13", "15", "0", "0", "0", "0", "0", "0", "0", "17", "0", "21", "13", "15", "23", "21", "17", "18", "15", "0", "0", "0", "0", "0", "0", "0", "23", "0", "24", "21", "20", "17", "26", "21", "17", "20", "0", "0", "0", "0", "0", "0", "0", "0", "0", "0", "0", "0", "0", "0", "0", "0", "0", "0", "0", "0", "0", "0", "0", "0", "0", "0", "0", "0", "0", "0", "0", "0", "0", "0", "0", "0", "0", "0", "0", "0", "0", "0", "0", "0", "0", "0", "0", "0", "0", "0", "0", "0", "0", "0", "0", "0", "0", "0", "24", "0", "19", "18", "13", "22", "17", "14", "15", "21", "0", "0", "0", "0", "0", "0", "0", "0", "0", "0", "0", "0", "0", "0", "0", "0", "0", "0", "0", "0", "0", "0", "0", "0", "0", "0", "0", "0", "0", "0", "0", "0", "0", "0", "0", "0", "0", "0", "0", "0", "0", "0", "0", "0", "0", "0", "0", "0", "0", "0", "0", "0", "0", "0", "0", "0", "0", "0", "0", "0", "0", "0", "0", "0", "0", "0", "0", "0", "0", "0", "0", "0", "0", "0", "0", "0", "0", "0", "0", "0", "0", "0", "0", "0", "0", "0", "0", "0", "0", "0", "0", "0", "0", "0", "0", "0", "0", "0", "0", "0", "0", "0", "0", "0", "0", "0", "0", "0", "0", "0", "0", "0", "0", "0", "0", "0", "0", "0", "0", "0", "0", "0", "0", "0", "0", "0", "0", "0", "0", "0", "0", "0", "0", "0", "0", "0", "0", "0", "0", "0", "0", "0", "0"], ["13", "11", "15", "10", "0", "10", "14", "17", "13", "0", "0", "0", "14", "0", "0", "0", "0", "13", "11", "14", "17", "0", "8", "14", "14", "16", "0", "0", "0", "12", "0", "0", "0", "0", "13", "13", "11", "13", "0", "12", "13", "13", "13", "0", "0", "0", "15", "0", "0", "0", "0", "11", "12", "12", "9", "0", "10", "9", "13", "12", "0", "0", "0", "10", "0", "0", "0", "0", "0", "0", "0", "0", "0", "0", "0", "0", "0", "0", "0", "0", "0", "0", "0", "0", "0", "0", "0", "0", "0", "0", "0", "0", "0", "0", "0", "0", "0", "0", "0", "0", "0", "0", "0", "0", "0", "0", "0", "0", "0", "0", "0", "0", "0", "0", "0", "0", "0", "0", "0", "9", "13", "12", "12", "0", "10", "12", "13", "16", "0", "0", "0", "7", "0", "0", "0", "0", "13", "12", "14", "12", "0", "8", "10", "10", "14", "0", "0", "0", "12", "0", "0", "0", "0", "0", "0", "0", "0", "0", "0", "0", "0", "0", "0", "0", "0", "0", "0", "0", "0", "0", "0", "0", "0", "0", "0", "0", "0", "0", "0", "0", "0", "0", "0", "0", "0", "0", "0", "0", "0", "0", "0", "0", "0", "0", "0", "0", "0", "0", "0", "0", "0", "0", "0", "0", "13", "14", "13", "12", "0", "14", "13", "14", "11", "0", "0", "0", "13", "0", "0", "0", "0", "15", "11", "16", "12", "0", "12", "16", "14", "13", "0", "0", "0", "12", "0", "0", "0", "0", "10", "11", "12", "10", "0", "10", "10", "12", "12", "0", "0", "0", "16", "0", "0", "0", "0", "0", "0", "0", "0", "0", "0", "0", "0", "0", "0", "0", "0", "0", "0", "0", "0", "0", "0", "0", "0", "0", "0", "0", "0", "0", "0", "0", "0", "0", "0", "0", "0", "0", "0"]]}