{"state": {"resTurn": "76", "h": "7", "w": "12", "score": [["1", "0", "1", "0", "2", "1", "1", "2", "0", "1", "0", "1"], ["1", "0", "0", "0", "0", "0", "0", "0", "0", "0", "0", "1"], ["1", "2", "0", "0", "1", "0", "0", "1", "0", "0", "2", "1"], ["1", "-1", "0", "1", "0", "0", "0", "0", "1", "0", "-1", "1"], ["0", "0", "0", "0", "1", "0", "0", "1", "0", "0", "0", "0"], ["0", "0", "0", "0", "0", "1", "1", "0", "0", "0", "0", "0"], ["1", "1", "1", "-1", "0", "0", "0", "0", "-1", "1", "1", "1"]], "color": [["0", "0", "0", "0", "0", "0", "0", "2", "2", "0", "0", "0"], ["0", "0", "0", "0", "0", "0", "0", "2", "2", "0", "0", "0"], ["0", "0", "1", "1", "0", "0", "0", "0", "2", "0", "0", "0"], ["0", "0", "1", "1", "2", "2", "0", "0", "0", "0", "0", "0"], ["0", "1", "1", "0", "2", "0", "0", "0", "0", "0", "0", "0"], ["0", "0", "0", "2", "2", "0", "1", "0", "1", "0", "0", "0"], ["0", "0", "0", "0", "0", "0", "1", "1", "0", "0", "0", "0"]], "pos": [{"x": "6", "y": "6"}, {"x": "1", "y": "4"}, {"x": "4", "y": "3"}, {"x": "8", "y": "0"}]}, "q": "-0.0004435735847321629", "z": "1", "visitCount": [["17", "18", "16", "21", "20", "20", "18", "22", "17", "0", "0", "0", "0", "0", "0", "0", "0", "0", "0", "0", "0", "0", "0", "0", "0", "0", "0", "0", "0", "0", "0", "0", "0", "0", "0", "0", "0", "0", "0", "0", "0", "0", "0", "0", "0", "0", "0", "0", "0", "0", "0", "0", "0", "0", "0", "0", "0", "0", "0", "0", "0", "0", "0", "0", "0", "0", "0", "0", "21", "17", "19", "19", "14", "17", "20", "18", "24", "0", "0", "0", "0", "0", "0", "0", "0", "25", "18", "19", "20", "13", "17", "17", "15", "19", "0", "0", "0", "0", "0", "0", "0", "0", "16", "16", "25", "21", "18", "21", "18", "15", "15", "0", "0", "0", "0", "0", "0", "0", "0", "24", "16", "15", "20", "18", "19", "19", "22", "19", "0", "0", "0", "0", "0", "0", "0", "0", "20", "20", "15", "18", "20", "17", "17", "18", "17", "0", "0", "0", "0", "0", "0", "0", "0", "0", "0", "0", "0", "0", "0", "0", "0", "0", "0", "0", "0", "0", "0", "0", "0", "0", "0", "0", "0", "0", "0", "0", "0", "0", "0", "0", "0", "0", "0", "0", "0", "0", "0", "0", "0", "0", "0", "0", "0", "0", "0", "0", "0", "0", "0", "0", "0", "0", "0", "0", "0", "0", "0", "0", "0", "0", "0", "0", "0", "0", "0", "0", "0", "0", "0", "0", "0", "0", "0", "0", "0", "0", "0", "0", "0", "0", "0", "0", "0", "0", "0", "0", "0", "0", "0", "0", "0", "0", "0", "0", "0", "0", "0", "0", "0", "0", "0", "0", "0", "0", "0", "0", "0", "0", "0", "0", "0", "0", "0", "0", "0", "0", "0", "0", "0", "0", "0", "0", "0", "0", "0", "0", "0", "0", "0", "0", "0", "0", "0", "0", "0", "0", "0", "0", "0"], ["22", "20", "21", "21", "20", "0", "0", "0", "21", "0", "0", "0", "0", "0", "0", "0", "0", "13", "18", "20", "17", "16", "0", "0", "0", "12", "0", "0", "0", "0", "0", "0", "0", "0", "17", "17", "20", "21", "22", "0", "0", "0", "19", "0", "0", "0", "0", "0", "0", "0", "0", "19", "21", "19", "23", "18", "0", "0", "0", "27", "0", "0", "0", "0", "0", "0", "0", "0", "0", "0", "0", "0", "0", "0", "0", "0", "0", "0", "0", "0", "0", "0", "0", "0", "0", "0", "0", "0", "0", "0", "0", "0", "0", "0", "0", "0", "0", "0", "0", "0", "0", "0", "15", "25", "22", "20", "17", "0", "0", "0", "18", "0", "0", "0", "0", "0", "0", "0", "0", "18", "16", "17", "17", "23", "0", "0", "0", "18", "0", "0", "0", "0", "0", "0", "0", "0", "19", "20", "18", "15", "15", "0", "0", "0", "15", "0", "0", "0", "0", "0", "0", "0", "0", "0", "0", "0", "0", "0", "0", "0", "0", "0", "0", "0", "0", "0", "0", "0", "0", "0", "0", "0", "0", "0", "0", "0", "0", "0", "0", "0", "0", "0", "0", "0", "0", "0", "0", "0", "0", "0", "0", "0", "0", "0", "0", "0", "0", "0", "0", "0", "0", "0", "0", "0", "17", "18", "16", "13", "16", "0", "0", "0", "21", "0", "0", "0", "0", "0", "0", "0", "0", "16", "16", "20", "17", "21", "0", "0", "0", "17", "0", "0", "0", "0", "0", "0", "0", "0", "0", "0", "0", "0", "0", "0", "0", "0", "0", "0", "0", "0", "0", "0", "0", "0", "0", "0", "0", "0", "0", "0", "0", "0", "0", "0", "0", "0", "0", "0", "0", "0", "0", "0", "0", "0", "0", "0", "0", "0", "0", "0", "0", "0", "0", "0", "0", "0", "0", "0", "0"]]}