{"state": {"resTurn": "31", "h": "7", "w": "12", "score": [["1", "0", "1", "0", "2", "1", "1", "2", "0", "1", "0", "1"], ["1", "0", "0", "0", "0", "0", "0", "0", "0", "0", "0", "1"], ["1", "2", "0", "0", "1", "0", "0", "1", "0", "0", "2", "1"], ["1", "-1", "0", "1", "0", "0", "0", "0", "1", "0", "-1", "1"], ["0", "0", "0", "0", "1", "0", "0", "1", "0", "0", "0", "0"], ["0", "0", "0", "0", "0", "1", "1", "0", "0", "0", "0", "0"], ["1", "1", "1", "-1", "0", "0", "0", "0", "-1", "1", "1", "1"]], "color": [["0", "0", "1", "1", "1", "1", "1", "0", "2", "2", "2", "2"], ["0", "1", "1", "1", "1", "0", "1", "1", "2", "2", "2", "2"], ["1", "1", "1", "1", "1", "1", "1", "2", "2", "2", "2", "2"], ["1", "1", "0", "1", "2", "2", "0", "0", "1", "0", "2", "2"], ["1", "1", "2", "2", "2", "0", "1", "1", "1", "0", "0", "2"], ["1", "2", "2", "2", "2", "1", "1", "1", "1", "1", "0", "0"], ["2", "2", "2", "2", "2", "2", "1", "1", "1", "0", "0", "0"]], "pos": [{"x": "1", "y": "1"}, {"x": "6", "y": "0"}, {"x": "2", "y": "6"}, {"x": "9", "y": "1"}]}, "q": "-0.0009364490488436201", "z": "1", "visitCount": [["21", "17", "17", "15", "16", "0", "0", "0", "15", "0", "0", "0", "0", "0", "0", "0", "0", "20", "21", "20", "18", "20", "0", "0", "0", "22", "0", "0", "0", "0", "0", "0", "0", "0", "16", "25", "34", "17", "20", "0", "0", "0", "17", "0", "0", "0", "0", "0", "0", "0", "0", "17", "21", "19", "17", "15", "0", "0", "0", "20", "0", "0", "0", "0", "0", "0", "0", "0", "18", "17", "15", "17", "19", "0", "0", "0", "18", "0", "0", "0", "0", "0", "0", "0", "0", "20", "15", "25", "14", "19", "0", "0", "0", "21", "0", "0", "0", "0", "0", "0", "0", "0", "20", "20", "18", "19", "16", "0", "0", "0", "16", "0", "0", "0", "0", "0", "0", "0", "0", "19", "14", "15", "17", "21", "0", "0", "0", "17", "0", "0", "0", "0", "0", "0", "0", "0", "21", "19", "13", "17", "18", "0", "0", "0", "23", "0", "0", "0", "0", "0", "0", "0", "0", "0", "0", "0", "0", "0", "0", "0", "0", "0", "0", "0", "0", "0", "0", "0", "0", "0", "0", "0", "0", "0", "0", "0", "0", "0", "0", "0", "0", "0", "0", "0", "0", "0", "0", "0", "0", "0", "0", "0", "0", "0", "0", "0", "0", "0", "0", "0", "0", "0", "0", "0", "0", "0", "0", "0", "0", "0", "0", "0", "0", "0", "0", "0", "0", "0", "0", "0", "0", "0", "0", "0", "0", "0", "0", "0", "0", "0", "0", "0", "0", "0", "0", "0", "0", "0", "0", "0", "0", "0", "0", "0", "0", "0", "0", "0", "0", "0", "0", "0", "0", "0", "0", "0", "0", "0", "0", "0", "0", "0", "0", "0", "0", "0", "0", "0", "0", "0", "0", "0", "0", "0", "0", "0", "0", "0", "0", "0", "0", "0", "0", "0", "0", "0", "0", "0", "0"], ["26", "18", "13", "15", "14", "15", "19", "19", "15", "0", "0", "0", "0", "0", "0", "0", "0", "0", "0", "0", "0", "0", "0", "0", "0", "0", "0", "0", "0", "0", "0", "0", "0", "0", "0", "0", "0", "0", "0", "0", "0", "0", "0", "0", "0", "0", "0", "0", "0", "0", "0", "0", "0", "0", "0", "0", "0", "0", "0", "0", "0", "0", "0", "0", "0", "0", "0", "0", "23", "17", "25", "22", "19", "17", "16", "22", "22", "0", "0", "0", "0", "0", "0", "0", "0", "21", "14", "25", "13", "19", "21", "22", "19", "17", "0", "0", "0", "0", "0", "0", "0", "0", "25", "20", "19", "22", "15", "14", "28", "24", "16", "0", "0", "0", "0", "0", "0", "0", "0", "19", "13", "14", "25", "16", "12", "19", "18", "15", "0", "0", "0", "0", "0", "0", "0", "0", "23", "16", "15", "16", "15", "13", "19", "24", "18", "0", "0", "0", "0", "0", "0", "0", "0", "0", "0", "0", "0", "0", "0", "0", "0", "0", "0", "0", "0", "0", "0", "0", "0", "0", "0", "0", "0", "0", "0", "0", "0", "0", "0", "0", "0", "0", "0", "0", "0", "0", "0", "0", "0", "0", "0", "0", "0", "0", "0", "0", "0", "0", "0", "0", "0", "0", "0", "0", "0", "0", "0", "0", "0", "0", "0", "0", "0", "0", "0", "0", "0", "0", "0", "0", "0", "0", "0", "0", "0", "0", "0", "0", "0", "0", "0", "0", "0", "0", "0", "0", "0", "0", "0", "0", "0", "0", "0", "0", "0", "0", "0", "0", "0", "0", "0", "0", "0", "0", "0", "0", "0", "0", "0", "0", "0", "0", "0", "0", "0", "0", "0", "0", "0", "0", "0", "0", "0", "0", "0", "0", "0", "0", "0", "0", "0", "0", "0", "0", "0", "0", "0", "0", "0"]]}