{"state": {"resTurn": "30", "h": "7", "w": "12", "score": [["1", "0", "1", "0", "2", "1", "1", "2", "0", "1", "0", "1"], ["1", "0", "0", "0", "0", "0", "0", "0", "0", "0", "0", "1"], ["1", "2", "0", "0", "1", "0", "0", "1", "0", "0", "2", "1"], ["1", "-1", "0", "1", "0", "0", "0", "0", "1", "0", "-1", "1"], ["0", "0", "0", "0", "1", "0", "0", "1", "0", "0", "0", "0"], ["0", "0", "0", "0", "0", "1", "1", "0", "0", "0", "0", "0"], ["1", "1", "1", "-1", "0", "0", "0", "0", "-1", "1", "1", "1"]], "color": [["0", "0", "1", "1", "1", "1", "1", "0", "2", "2", "2", "2"], ["0", "1", "1", "1", "1", "0", "1", "1", "2", "2", "2", "2"], ["1", "1", "1", "1", "1", "1", "1", "2", "2", "2", "2", "2"], ["1", "1", "0", "1", "2", "2", "0", "0", "1", "0", "2", "2"], ["1", "1", "2", "2", "2", "0", "1", "1", "1", "0", "0", "2"], ["1", "2", "2", "2", "2", "1", "1", "1", "1", "1", "0", "0"], ["2", "2", "2", "2", "2", "2", "1", "1", "1", "0", "0", "0"]], "pos": [{"x": "1", "y": "2"}, {"x": "6", "y": "1"}, {"x": "2", "y": "5"}, {"x": "9", "y": "0"}]}, "q": "-0.0008094361594552463", "z": "1", "visitCount": [["12", "0", "13", "10", "12", "12", "14", "13", "11", "14", "0", "0", "0", "0", "0", "0", "0", "15", "0", "11", "11", "12", "12", "12", "12", "12", "16", "0", "0", "0", "0", "0", "0", "0", "18", "0", "17", "10", "13", "12", "14", "10", "13", "15", "0", "0", "0", "0", "0", "0", "0", "12", "0", "13", "12", "11", "10", "13", "12", "13", "13", "0", "0", "0", "0", "0", "0", "0", "13", "0", "12", "12", "10", "13", "13", "13", "14", "14", "0", "0", "0", "0", "0", "0", "0", "10", "0", "10", "11", "14", "11", "10", "13", "13", "11", "0", "0", "0", "0", "0", "0", "0", "10", "0", "10", "11", "13", "12", "12", "11", "11", "11", "0", "0", "0", "0", "0", "0", "0", "11", "0", "13", "13", "15", "11", "15", "12", "13", "12", "0", "0", "0", "0", "0", "0", "0", "9", "0", "15", "10", "10", "11", "18", "16", "13", "10", "0", "0", "0", "0", "0", "0", "0", "0", "0", "0", "0", "0", "0", "0", "0", "0", "0", "0", "0", "0", "0", "0", "0", "0", "0", "0", "0", "0", "0", "0", "0", "0", "0", "0", "0", "0", "0", "0", "0", "0", "0", "0", "0", "0", "0", "0", "0", "0", "0", "0", "0", "0", "0", "0", "0", "0", "0", "0", "0", "0", "0", "0", "0", "0", "0", "0", "0", "0", "0", "0", "0", "0", "0", "0", "0", "0", "0", "0", "0", "0", "0", "0", "0", "0", "0", "0", "0", "0", "0", "0", "0", "0", "0", "0", "0", "0", "0", "0", "0", "0", "0", "0", "0", "0", "0", "0", "0", "0", "0", "0", "0", "0", "0", "0", "0", "0", "0", "0", "0", "0", "0", "0", "0", "0", "0", "0", "0", "0", "0", "0", "0", "0", "0", "0", "0", "0", "0", "0", "0", "0", "0", "0", "0"], ["23", "14", "21", "17", "20", "0", "0", "0", "16", "0", "0", "0", "0", "0", "0", "0", "0", "22", "20", "13", "13", "17", "0", "0", "0", "20", "0", "0", "0", "0", "0", "0", "0", "0", "23", "18", "19", "24", "15", "0", "0", "0", "21", "0", "0", "0", "0", "0", "0", "0", "0", "20", "18", "21", "26", "21", "0", "0", "0", "13", "0", "0", "0", "0", "0", "0", "0", "0", "23", "17", "14", "20", "13", "0", "0", "0", "24", "0", "0", "0", "0", "0", "0", "0", "0", "0", "0", "0", "0", "0", "0", "0", "0", "0", "0", "0", "0", "0", "0", "0", "0", "0", "14", "22", "24", "13", "15", "0", "0", "0", "15", "0", "0", "0", "0", "0", "0", "0", "0", "21", "19", "16", "23", "18", "0", "0", "0", "20", "0", "0", "0", "0", "0", "0", "0", "0", "15", "17", "15", "16", "16", "0", "0", "0", "17", "0", "0", "0", "0", "0", "0", "0", "0", "0", "0", "0", "0", "0", "0", "0", "0", "0", "0", "0", "0", "0", "0", "0", "0", "0", "0", "0", "0", "0", "0", "0", "0", "0", "0", "0", "0", "0", "0", "0", "0", "0", "0", "0", "0", "0", "0", "0", "0", "0", "0", "0", "0", "0", "0", "0", "0", "0", "0", "0", "0", "0", "0", "0", "0", "0", "0", "0", "0", "0", "0", "0", "0", "0", "0", "0", "0", "19", "18", "26", "17", "19", "0", "0", "0", "19", "0", "0", "0", "0", "0", "0", "0", "0", "0", "0", "0", "0", "0", "0", "0", "0", "0", "0", "0", "0", "0", "0", "0", "0", "0", "0", "0", "0", "0", "0", "0", "0", "0", "0", "0", "0", "0", "0", "0", "0", "0", "0", "0", "0", "0", "0", "0", "0", "0", "0", "0", "0", "0", "0", "0", "0", "0", "0", "0"]]}