{"state": {"resTurn": "29", "h": "7", "w": "12", "score": [["1", "0", "1", "0", "2", "1", "1", "2", "0", "1", "0", "1"], ["1", "0", "0", "0", "0", "0", "0", "0", "0", "0", "0", "1"], ["1", "2", "0", "0", "1", "0", "0", "1", "0", "0", "2", "1"], ["1", "-1", "0", "1", "0", "0", "0", "0", "1", "0", "-1", "1"], ["0", "0", "0", "0", "1", "0", "0", "1", "0", "0", "0", "0"], ["0", "0", "0", "0", "0", "1", "1", "0", "0", "0", "0", "0"], ["1", "1", "1", "-1", "0", "0", "0", "0", "-1", "1", "1", "1"]], "color": [["0", "0", "1", "1", "1", "1", "1", "0", "2", "2", "2", "2"], ["0", "1", "1", "1", "1", "0", "1", "1", "2", "2", "2", "2"], ["1", "1", "1", "1", "1", "1", "1", "2", "2", "2", "2", "2"], ["1", "1", "0", "1", "2", "2", "0", "0", "1", "0", "2", "2"], ["1", "1", "2", "2", "2", "0", "1", "1", "1", "0", "0", "2"], ["1", "2", "2", "2", "2", "1", "1", "1", "1", "1", "0", "0"], ["2", "2", "2", "2", "2", "2", "1", "1", "1", "0", "0", "0"]], "pos": [{"x": "1", "y": "3"}, {"x": "6", "y": "1"}, {"x": "1", "y": "6"}, {"x": "8", "y": "1"}]}, "q": "-0.001007810747443495", "z": "1", "visitCount": [["11", "0", "12", "16", "15", "11", "13", "11", "16", "12", "0", "0", "0", "0", "0", "0", "0", "0", "0", "0", "0", "0", "0", "0", "0", "0", "0", "0", "0", "0", "0", "0", "0", "0", "10", "0", "11", "10", "12", "12", "11", "13", "11", "14", "0", "0", "0", "0", "0", "0", "0", "12", "0", "10", "14", "10", "11", "13", "11", "14", "16", "0", "0", "0", "0", "0", "0", "0", "12", "0", "10", "12", "13", "14", "11", "15", "17", "11", "0", "0", "0", "0", "0", "0", "0", "13", "0", "12", "14", "10", "12", "13", "9", "14", "13", "0", "0", "0", "0", "0", "0", "0", "14", "0", "13", "12", "9", "12", "11", "12", "16", "12", "0", "0", "0", "0", "0", "0", "0", "13", "0", "12", "20", "13", "13", "11", "13", "9", "14", "0", "0", "0", "0", "0", "0", "0", "14", "0", "9", "14", "12", "10", "11", "13", "10", "12", "0", "0", "0", "0", "0", "0", "0", "16", "0", "15", "10", "8", "10", "11", "10", "14", "15", "0", "0", "0", "0", "0", "0", "0", "0", "0", "0", "0", "0", "0", "0", "0", "0", "0", "0", "0", "0", "0", "0", "0", "0", "0", "0", "0", "0", "0", "0", "0", "0", "0", "0", "0", "0", "0", "0", "0", "0", "0", "0", "0", "0", "0", "0", "0", "0", "0", "0", "0", "0", "0", "0", "0", "0", "0", "0", "0", "0", "0", "0", "0", "0", "0", "0", "0", "0", "0", "0", "0", "0", "0", "0", "0", "0", "0", "0", "0", "0", "0", "0", "0", "0", "0", "0", "0", "0", "0", "0", "0", "0", "0", "0", "0", "0", "0", "0", "0", "0", "0", "0", "0", "0", "0", "0", "0", "0", "0", "0", "0", "0", "0", "0", "0", "0", "0", "0", "0", "0", "0", "0", "0", "0", "0", "0"], ["18", "20", "19", "15", "0", "25", "20", "19", "16", "0", "0", "0", "19", "0", "0", "0", "0", "0", "0", "0", "0", "0", "0", "0", "0", "0", "0", "0", "0", "0", "0", "0", "0", "0", "0", "0", "0", "0", "0", "0", "0", "0", "0", "0", "0", "0", "0", "0", "0", "0", "0", "0", "0", "0", "0", "0", "0", "0", "0", "0", "0", "0", "0", "0", "0", "0", "0", "0", "20", "18", "21", "22", "0", "16", "17", "23", "22", "0", "0", "0", "20", "0", "0", "0", "0", "0", "0", "0", "0", "0", "0", "0", "0", "0", "0", "0", "0", "0", "0", "0", "0", "0", "21", "23", "25", "20", "0", "20", "14", "18", "18", "0", "0", "0", "14", "0", "0", "0", "0", "16", "14", "18", "17", "0", "21", "15", "15", "15", "0", "0", "0", "12", "0", "0", "0", "0", "25", "16", "16", "23", "0", "21", "17", "17", "18", "0", "0", "0", "16", "0", "0", "0", "0", "0", "0", "0", "0", "0", "0", "0", "0", "0", "0", "0", "0", "0", "0", "0", "0", "0", "0", "0", "0", "0", "0", "0", "0", "0", "0", "0", "0", "0", "0", "0", "0", "0", "0", "0", "0", "0", "0", "0", "0", "0", "0", "0", "0", "0", "0", "0", "0", "0", "0", "0", "0", "0", "0", "0", "0", "0", "0", "0", "0", "0", "0", "0", "0", "0", "0", "0", "0", "24", "16", "17", "17", "0", "22", "16", "17", "22", "0", "0", "0", "14", "0", "0", "0", "0", "0", "0", "0", "0", "0", "0", "0", "0", "0", "0", "0", "0", "0", "0", "0", "0", "0", "0", "0", "0", "0", "0", "0", "0", "0", "0", "0", "0", "0", "0", "0", "0", "0", "0", "0", "0", "0", "0", "0", "0", "0", "0", "0", "0", "0", "0", "0", "0", "0", "0", "0"]]}