{"state": {"resTurn": "28", "h": "7", "w": "12", "score": [["1", "0", "1", "0", "2", "1", "1", "2", "0", "1", "0", "1"], ["1", "0", "0", "0", "0", "0", "0", "0", "0", "0", "0", "1"], ["1", "2", "0", "0", "1", "0", "0", "1", "0", "0", "2", "1"], ["1", "-1", "0", "1", "0", "0", "0", "0", "1", "0", "-1", "1"], ["0", "0", "0", "0", "1", "0", "0", "1", "0", "0", "0", "0"], ["0", "0", "0", "0", "0", "1", "1", "0", "0", "0", "0", "0"], ["1", "1", "1", "-1", "0", "0", "0", "0", "-1", "1", "1", "1"]], "color": [["0", "0", "1", "1", "1", "1", "1", "2", "2", "2", "2", "2"], ["0", "1", "1", "1", "1", "0", "1", "1", "2", "2", "2", "2"], ["1", "1", "1", "1", "1", "1", "1", "2", "2", "2", "2", "2"], ["1", "1", "0", "1", "2", "2", "0", "0", "1", "0", "2", "2"], ["1", "1", "2", "2", "2", "0", "1", "1", "1", "0", "0", "2"], ["1", "2", "2", "2", "2", "1", "1", "1", "1", "1", "0", "0"], ["2", "2", "2", "2", "2", "2", "1", "1", "1", "0", "0", "0"]], "pos": [{"x": "2", "y": "2"}, {"x": "5", "y": "2"}, {"x": "1", "y": "6"}, {"x": "7", "y": "0"}]}, "q": "-0.001190467999139219", "z": "1", "visitCount": [["12", "10", "0", "0", "11", "14", "15", "12", "13", "0", "15", "14", "0", "0", "0", "0", "0", "12", "12", "0", "0", "12", "14", "10", "14", "12", "0", "11", "14", "0", "0", "0", "0", "0", "12", "13", "0", "0", "13", "13", "14", "9", "11", "0", "12", "20", "0", "0", "0", "0", "0", "10", "13", "0", "0", "12", "14", "9", "18", "11", "0", "11", "11", "0", "0", "0", "0", "0", "10", "10", "0", "0", "11", "11", "12", "11", "11", "0", "9", "10", "0", "0", "0", "0", "0", "15", "12", "0", "0", "12", "15", "11", "10", "12", "0", "10", "11", "0", "0", "0", "0", "0", "9", "11", "0", "0", "16", "11", "14", "12", "10", "0", "13", "16", "0", "0", "0", "0", "0", "15", "15", "0", "0", "11", "13", "12", "14", "12", "0", "16", "12", "0", "0", "0", "0", "0", "11", "14", "0", "0", "14", "11", "12", "10", "12", "0", "12", "16", "0", "0", "0", "0", "0", "0", "0", "0", "0", "0", "0", "0", "0", "0", "0", "0", "0", "0", "0", "0", "0", "0", "0", "0", "0", "0", "0", "0", "0", "0", "0", "0", "0", "0", "0", "0", "0", "0", "0", "0", "0", "0", "0", "0", "0", "0", "0", "0", "0", "0", "0", "0", "0", "0", "0", "0", "0", "0", "0", "0", "0", "0", "0", "0", "0", "0", "0", "0", "0", "0", "0", "0", "0", "0", "0", "0", "0", "0", "0", "0", "0", "0", "0", "0", "0", "0", "0", "0", "0", "0", "0", "0", "0", "0", "0", "0", "0", "0", "0", "0", "0", "0", "0", "0", "0", "0", "0", "0", "0", "0", "0", "0", "0", "0", "0", "0", "0", "0", "0", "0", "0", "0", "0", "0", "0", "0", "0", "0", "0", "0", "0", "0", "0", "0", "0", "0", "0", "0", "0", "0", "0"], ["34", "18", "0", "0", "0", "0", "0", "0", "19", "0", "38", "33", "16", "0", "0", "0", "0", "0", "0", "0", "0", "0", "0", "0", "0", "0", "0", "0", "0", "0", "0", "0", "0", "0", "0", "0", "0", "0", "0", "0", "0", "0", "0", "0", "0", "0", "0", "0", "0", "0", "0", "0", "0", "0", "0", "0", "0", "0", "0", "0", "0", "0", "0", "0", "0", "0", "0", "0", "21", "34", "0", "0", "0", "0", "0", "0", "28", "0", "25", "34", "26", "0", "0", "0", "0", "0", "0", "0", "0", "0", "0", "0", "0", "0", "0", "0", "0", "0", "0", "0", "0", "0", "28", "27", "0", "0", "0", "0", "0", "0", "26", "0", "41", "27", "29", "0", "0", "0", "0", "30", "12", "0", "0", "0", "0", "0", "0", "21", "0", "24", "25", "33", "0", "0", "0", "0", "34", "25", "0", "0", "0", "0", "0", "0", "27", "0", "31", "34", "28", "0", "0", "0", "0", "0", "0", "0", "0", "0", "0", "0", "0", "0", "0", "0", "0", "0", "0", "0", "0", "0", "0", "0", "0", "0", "0", "0", "0", "0", "0", "0", "0", "0", "0", "0", "0", "0", "0", "0", "0", "0", "0", "0", "0", "0", "0", "0", "0", "0", "0", "0", "0", "0", "0", "0", "0", "0", "0", "0", "0", "0", "0", "0", "0", "0", "0", "0", "0", "0", "0", "0", "0", "16", "30", "0", "0", "0", "0", "0", "0", "35", "0", "35", "25", "31", "0", "0", "0", "0", "0", "0", "0", "0", "0", "0", "0", "0", "0", "0", "0", "0", "0", "0", "0", "0", "0", "0", "0", "0", "0", "0", "0", "0", "0", "0", "0", "0", "0", "0", "0", "0", "0", "0", "0", "0", "0", "0", "0", "0", "0", "0", "0", "0", "0", "0", "0", "0", "0", "0", "0"]]}