{"state": {"resTurn": "27", "h": "7", "w": "12", "score": [["1", "0", "1", "0", "2", "1", "1", "2", "0", "1", "0", "1"], ["1", "0", "0", "0", "0", "0", "0", "0", "0", "0", "0", "1"], ["1", "2", "0", "0", "1", "0", "0", "1", "0", "0", "2", "1"], ["1", "-1", "0", "1", "0", "0", "0", "0", "1", "0", "-1", "1"], ["0", "0", "0", "0", "1", "0", "0", "1", "0", "0", "0", "0"], ["0", "0", "0", "0", "0", "1", "1", "0", "0", "0", "0", "0"], ["1", "1", "1", "-1", "0", "0", "0", "0", "-1", "1", "1", "1"]], "color": [["0", "0", "1", "1", "1", "1", "1", "2", "2", "2", "2", "2"], ["0", "1", "1", "1", "1", "0", "1", "0", "2", "2", "2", "2"], ["1", "1", "1", "1", "1", "1", "1", "2", "2", "2", "2", "2"], ["1", "1", "1", "1", "0", "2", "0", "0", "1", "0", "2", "2"], ["1", "1", "2", "2", "2", "0", "1", "1", "1", "0", "0", "2"], ["1", "2", "2", "2", "2", "1", "1", "1", "1", "1", "0", "0"], ["2", "2", "2", "2", "2", "2", "1", "1", "1", "0", "0", "0"]], "pos": [{"x": "2", "y": "3"}, {"x": "5", "y": "2"}, {"x": "1", "y": "5"}, {"x": "7", "y": "0"}]}, "q": "-0.001175934581266483", "z": "1", "visitCount": [["13", "12", "0", "15", "12", "14", "18", "15", "10", "0", "13", "0", "0", "0", "0", "0", "0", "0", "0", "0", "0", "0", "0", "0", "0", "0", "0", "0", "0", "0", "0", "0", "0", "0", "0", "0", "0", "0", "0", "0", "0", "0", "0", "0", "0", "0", "0", "0", "0", "0", "0", "14", "10", "0", "12", "10", "16", "13", "13", "15", "0", "10", "0", "0", "0", "0", "0", "0", "10", "11", "0", "12", "15", "12", "13", "12", "11", "0", "15", "0", "0", "0", "0", "0", "0", "12", "14", "0", "14", "13", "16", "9", "14", "11", "0", "13", "0", "0", "0", "0", "0", "0", "13", "12", "0", "10", "12", "12", "12", "11", "13", "0", "11", "0", "0", "0", "0", "0", "0", "12", "12", "0", "15", "14", "12", "14", "10", "13", "0", "11", "0", "0", "0", "0", "0", "0", "8", "10", "0", "9", "12", "14", "14", "13", "15", "0", "14", "0", "0", "0", "0", "0", "0", "10", "8", "0", "11", "12", "17", "12", "10", "11", "0", "13", "0", "0", "0", "0", "0", "0", "10", "11", "0", "10", "9", "14", "13", "11", "14", "0", "14", "0", "0", "0", "0", "0", "0", "0", "0", "0", "0", "0", "0", "0", "0", "0", "0", "0", "0", "0", "0", "0", "0", "0", "0", "0", "0", "0", "0", "0", "0", "0", "0", "0", "0", "0", "0", "0", "0", "0", "0", "0", "0", "0", "0", "0", "0", "0", "0", "0", "0", "0", "0", "0", "0", "0", "0", "0", "0", "0", "0", "0", "0", "0", "0", "0", "0", "0", "0", "0", "0", "0", "0", "0", "0", "0", "0", "0", "0", "0", "0", "0", "0", "0", "0", "0", "0", "0", "0", "0", "0", "0", "0", "0", "0", "0", "0", "0", "0", "0", "0", "0", "0", "0", "0", "0", "0", "0", "0"], ["17", "24", "19", "0", "0", "0", "0", "0", "16", "0", "0", "18", "22", "0", "0", "0", "0", "12", "24", "17", "0", "0", "0", "0", "0", "19", "0", "0", "19", "13", "0", "0", "0", "0", "16", "15", "14", "0", "0", "0", "0", "0", "18", "0", "0", "19", "14", "0", "0", "0", "0", "22", "16", "17", "0", "0", "0", "0", "0", "15", "0", "0", "16", "14", "0", "0", "0", "0", "0", "0", "0", "0", "0", "0", "0", "0", "0", "0", "0", "0", "0", "0", "0", "0", "0", "0", "0", "0", "0", "0", "0", "0", "0", "0", "0", "0", "0", "0", "0", "0", "0", "0", "0", "0", "0", "0", "0", "0", "0", "0", "0", "0", "0", "0", "0", "0", "0", "0", "0", "19", "16", "19", "0", "0", "0", "0", "0", "23", "0", "0", "23", "23", "0", "0", "0", "0", "23", "15", "17", "0", "0", "0", "0", "0", "22", "0", "0", "16", "18", "0", "0", "0", "0", "0", "0", "0", "0", "0", "0", "0", "0", "0", "0", "0", "0", "0", "0", "0", "0", "0", "0", "0", "0", "0", "0", "0", "0", "0", "0", "0", "0", "0", "0", "0", "0", "0", "0", "0", "0", "0", "0", "0", "0", "0", "0", "0", "0", "0", "0", "0", "0", "0", "0", "0", "19", "19", "18", "0", "0", "0", "0", "0", "19", "0", "0", "17", "19", "0", "0", "0", "0", "20", "25", "23", "0", "0", "0", "0", "0", "16", "0", "0", "20", "20", "0", "0", "0", "0", "26", "17", "20", "0", "0", "0", "0", "0", "12", "0", "0", "24", "16", "0", "0", "0", "0", "0", "0", "0", "0", "0", "0", "0", "0", "0", "0", "0", "0", "0", "0", "0", "0", "0", "0", "0", "0", "0", "0", "0", "0", "0", "0", "0", "0", "0", "0", "0", "0", "0", "0"]]}