{"state": {"resTurn": "26", "h": "7", "w": "12", "score": [["1", "0", "1", "0", "2", "1", "1", "2", "0", "1", "0", "1"], ["1", "0", "0", "0", "0", "0", "0", "0", "0", "0", "0", "1"], ["1", "2", "0", "0", "1", "0", "0", "1", "0", "0", "2", "1"], ["1", "-1", "0", "1", "0", "0", "0", "0", "1", "0", "-1", "1"], ["0", "0", "0", "0", "1", "0", "0", "1", "0", "0", "0", "0"], ["0", "0", "0", "0", "0", "1", "1", "0", "0", "0", "0", "0"], ["1", "1", "1", "-1", "0", "0", "0", "0", "-1", "1", "1", "1"]], "color": [["0", "0", "1", "1", "1", "1", "1", "2", "2", "2", "2", "2"], ["0", "1", "1", "1", "1", "1", "1", "0", "2", "2", "2", "2"], ["1", "1", "1", "1", "1", "1", "1", "2", "2", "2", "2", "2"], ["1", "1", "1", "1", "0", "2", "0", "0", "1", "0", "2", "2"], ["1", "0", "2", "2", "2", "0", "1", "1", "1", "0", "0", "2"], ["1", "2", "2", "2", "2", "1", "1", "1", "1", "1", "0", "0"], ["2", "2", "2", "2", "2", "2", "1", "1", "1", "0", "0", "0"]], "pos": [{"x": "2", "y": "3"}, {"x": "5", "y": "1"}, {"x": "1", "y": "5"}, {"x": "7", "y": "0"}]}, "q": "-0.001247209353931975", "z": "1", "visitCount": [["11", "11", "11", "12", "11", "12", "11", "9", "11", "0", "0", "0", "0", "0", "0", "0", "0", "0", "0", "0", "0", "0", "0", "0", "0", "0", "0", "0", "0", "0", "0", "0", "0", "0", "0", "0", "0", "0", "0", "0", "0", "0", "0", "0", "0", "0", "0", "0", "0", "0", "0", "14", "10", "17", "11", "12", "14", "12", "20", "10", "0", "0", "0", "0", "0", "0", "0", "0", "10", "12", "10", "10", "13", "12", "13", "15", "14", "0", "0", "0", "0", "0", "0", "0", "0", "12", "14", "13", "13", "16", "12", "15", "13", "9", "0", "0", "0", "0", "0", "0", "0", "0", "15", "12", "11", "11", "11", "11", "12", "10", "15", "0", "0", "0", "0", "0", "0", "0", "0", "14", "14", "10", "12", "11", "12", "16", "12", "11", "0", "0", "0", "0", "0", "0", "0", "0", "12", "11", "13", "12", "14", "11", "14", "13", "14", "0", "0", "0", "0", "0", "0", "0", "0", "14", "12", "13", "13", "11", "16", "12", "9", "11", "0", "0", "0", "0", "0", "0", "0", "0", "11", "12", "15", "11", "11", "11", "14", "13", "12", "0", "0", "0", "0", "0", "0", "0", "0", "0", "0", "0", "0", "0", "0", "0", "0", "0", "0", "0", "0", "0", "0", "0", "0", "0", "0", "0", "0", "0", "0", "0", "0", "0", "0", "0", "0", "0", "0", "0", "0", "0", "0", "0", "0", "0", "0", "0", "0", "0", "0", "0", "0", "0", "0", "0", "0", "0", "0", "0", "0", "0", "0", "0", "0", "0", "0", "0", "0", "0", "0", "0", "0", "0", "0", "0", "0", "0", "0", "0", "0", "0", "0", "0", "0", "0", "0", "0", "0", "0", "0", "0", "0", "0", "0", "0", "0", "0", "0", "0", "0", "0", "0", "0", "0", "0", "0", "0", "0", "0", "0"], ["23", "23", "16", "0", "0", "0", "0", "0", "16", "0", "0", "17", "17", "0", "0", "0", "0", "16", "16", "24", "0", "0", "0", "0", "0", "18", "0", "0", "23", "15", "0", "0", "0", "0", "10", "22", "19", "0", "0", "0", "0", "0", "18", "0", "0", "18", "16", "0", "0", "0", "0", "17", "21", "19", "0", "0", "0", "0", "0", "19", "0", "0", "10", "24", "0", "0", "0", "0", "0", "0", "0", "0", "0", "0", "0", "0", "0", "0", "0", "0", "0", "0", "0", "0", "0", "0", "0", "0", "0", "0", "0", "0", "0", "0", "0", "0", "0", "0", "0", "0", "0", "0", "15", "22", "20", "0", "0", "0", "0", "0", "22", "0", "0", "22", "17", "0", "0", "0", "0", "15", "17", "21", "0", "0", "0", "0", "0", "15", "0", "0", "17", "17", "0", "0", "0", "0", "17", "19", "27", "0", "0", "0", "0", "0", "14", "0", "0", "16", "24", "0", "0", "0", "0", "0", "0", "0", "0", "0", "0", "0", "0", "0", "0", "0", "0", "0", "0", "0", "0", "0", "0", "0", "0", "0", "0", "0", "0", "0", "0", "0", "0", "0", "0", "0", "0", "0", "0", "0", "0", "0", "0", "0", "0", "0", "0", "0", "0", "0", "0", "0", "0", "0", "0", "0", "23", "16", "18", "0", "0", "0", "0", "0", "23", "0", "0", "20", "21", "0", "0", "0", "0", "21", "17", "15", "0", "0", "0", "0", "0", "16", "0", "0", "22", "14", "0", "0", "0", "0", "0", "0", "0", "0", "0", "0", "0", "0", "0", "0", "0", "0", "0", "0", "0", "0", "0", "0", "0", "0", "0", "0", "0", "0", "0", "0", "0", "0", "0", "0", "0", "0", "0", "0", "0", "0", "0", "0", "0", "0", "0", "0", "0", "0", "0", "0", "0", "0", "0", "0", "0"]]}