{"state": {"resTurn": "25", "h": "7", "w": "12", "score": [["1", "0", "1", "0", "2", "1", "1", "2", "0", "1", "0", "1"], ["1", "0", "0", "0", "0", "0", "0", "0", "0", "0", "0", "1"], ["1", "2", "0", "0", "1", "0", "0", "1", "0", "0", "2", "1"], ["1", "-1", "0", "1", "0", "0", "0", "0", "1", "0", "-1", "1"], ["0", "0", "0", "0", "1", "0", "0", "1", "0", "0", "0", "0"], ["0", "0", "0", "0", "0", "1", "1", "0", "0", "0", "0", "0"], ["1", "1", "1", "-1", "0", "0", "0", "0", "-1", "1", "1", "1"]], "color": [["0", "0", "1", "1", "1", "1", "1", "2", "2", "2", "2", "2"], ["0", "1", "1", "1", "1", "1", "1", "2", "2", "2", "2", "2"], ["1", "1", "1", "1", "1", "1", "1", "2", "2", "2", "2", "2"], ["1", "1", "1", "1", "0", "2", "0", "0", "1", "0", "2", "2"], ["1", "1", "2", "2", "2", "0", "1", "1", "1", "0", "0", "2"], ["1", "2", "2", "2", "2", "1", "1", "1", "1", "1", "0", "0"], ["2", "2", "2", "2", "2", "2", "1", "1", "1", "0", "0", "0"]], "pos": [{"x": "1", "y": "4"}, {"x": "6", "y": "0"}, {"x": "2", "y": "5"}, {"x": "7", "y": "1"}]}, "q": "-0.001148977231243922", "z": "1", "visitCount": [["16", "0", "21", "23", "16", "0", "0", "0", "0", "17", "0", "0", "0", "0", "0", "0", "17", "0", "0", "0", "0", "0", "0", "0", "0", "0", "0", "0", "0", "0", "0", "0", "0", "0", "0", "0", "0", "0", "0", "0", "0", "0", "0", "0", "0", "0", "0", "0", "0", "0", "0", "17", "0", "17", "12", "17", "0", "0", "0", "0", "17", "0", "0", "0", "0", "0", "0", "20", "19", "0", "20", "19", "18", "0", "0", "0", "0", "16", "0", "0", "0", "0", "0", "0", "12", "18", "0", "26", "15", "16", "0", "0", "0", "0", "19", "0", "0", "0", "0", "0", "0", "18", "25", "0", "16", "13", "20", "0", "0", "0", "0", "16", "0", "0", "0", "0", "0", "0", "26", "17", "0", "18", "17", "21", "0", "0", "0", "0", "27", "0", "0", "0", "0", "0", "0", "17", "0", "0", "0", "0", "0", "0", "0", "0", "0", "0", "0", "0", "0", "0", "0", "0", "0", "28", "0", "16", "21", "20", "0", "0", "0", "0", "16", "0", "0", "0", "0", "0", "0", "17", "22", "0", "23", "16", "14", "0", "0", "0", "0", "18", "0", "0", "0", "0", "0", "0", "21", "0", "0", "0", "0", "0", "0", "0", "0", "0", "0", "0", "0", "0", "0", "0", "0", "0", "0", "0", "0", "0", "0", "0", "0", "0", "0", "0", "0", "0", "0", "0", "0", "0", "0", "0", "0", "0", "0", "0", "0", "0", "0", "0", "0", "0", "0", "0", "0", "0", "0", "0", "0", "0", "0", "0", "0", "0", "0", "0", "0", "0", "0", "0", "0", "0", "0", "0", "0", "0", "0", "0", "0", "0", "0", "0", "0", "0", "0", "0", "0", "0", "0", "0", "0", "0", "23", "0", "16", "22", "15", "0", "0", "0", "0", "17", "0", "0", "0", "0", "0", "0", "17"], ["14", "14", "12", "0", "0", "0", "13", "14", "13", "0", "0", "11", "11", "13", "0", "0", "0", "11", "12", "11", "0", "0", "0", "14", "10", "12", "0", "0", "11", "16", "13", "0", "0", "0", "14", "13", "11", "0", "0", "0", "11", "12", "12", "0", "0", "17", "9", "11", "0", "0", "0", "11", "11", "14", "0", "0", "0", "10", "11", "16", "0", "0", "12", "11", "13", "0", "0", "0", "14", "13", "11", "0", "0", "0", "13", "9", "14", "0", "0", "14", "13", "15", "0", "0", "0", "0", "0", "0", "0", "0", "0", "0", "0", "0", "0", "0", "0", "0", "0", "0", "0", "0", "11", "13", "12", "0", "0", "0", "13", "13", "12", "0", "0", "11", "11", "14", "0", "0", "0", "13", "10", "12", "0", "0", "0", "16", "15", "13", "0", "0", "11", "15", "12", "0", "0", "0", "14", "14", "12", "0", "0", "0", "14", "9", "13", "0", "0", "13", "13", "10", "0", "0", "0", "0", "0", "0", "0", "0", "0", "0", "0", "0", "0", "0", "0", "0", "0", "0", "0", "0", "0", "0", "0", "0", "0", "0", "0", "0", "0", "0", "0", "0", "0", "0", "0", "0", "0", "0", "0", "0", "0", "0", "0", "0", "0", "0", "0", "0", "0", "0", "0", "0", "0", "0", "0", "0", "0", "0", "0", "0", "0", "0", "0", "0", "0", "0", "0", "0", "0", "0", "0", "12", "12", "10", "0", "0", "0", "10", "11", "13", "0", "0", "11", "12", "11", "0", "0", "0", "0", "0", "0", "0", "0", "0", "0", "0", "0", "0", "0", "0", "0", "0", "0", "0", "0", "0", "0", "0", "0", "0", "0", "0", "0", "0", "0", "0", "0", "0", "0", "0", "0", "0", "0", "0", "0", "0", "0", "0", "0", "0", "0", "0", "0", "0", "0", "0", "0", "0", "0"]]}