{"state": {"resTurn": "24", "h": "7", "w": "12", "score": [["1", "0", "1", "0", "2", "1", "1", "2", "0", "1", "0", "1"], ["1", "0", "0", "0", "0", "0", "0", "0", "0", "0", "0", "1"], ["1", "2", "0", "0", "1", "0", "0", "1", "0", "0", "2", "1"], ["1", "-1", "0", "1", "0", "0", "0", "0", "1", "0", "-1", "1"], ["0", "0", "0", "0", "1", "0", "0", "1", "0", "0", "0", "0"], ["0", "0", "0", "0", "0", "1", "1", "0", "0", "0", "0", "0"], ["1", "1", "1", "-1", "0", "0", "0", "0", "-1", "1", "1", "1"]], "color": [["0", "0", "1", "1", "1", "1", "1", "2", "2", "2", "2", "2"], ["0", "1", "1", "1", "1", "1", "1", "2", "2", "2", "2", "2"], ["1", "1", "1", "1", "1", "1", "0", "2", "2", "2", "2", "2"], ["1", "1", "1", "1", "0", "2", "0", "0", "1", "0", "2", "2"], ["1", "1", "2", "2", "2", "0", "1", "1", "1", "0", "0", "2"], ["1", "2", "0", "2", "2", "1", "1", "1", "1", "1", "0", "0"], ["2", "2", "2", "2", "2", "2", "1", "1", "1", "0", "0", "0"]], "pos": [{"x": "1", "y": "4"}, {"x": "6", "y": "0"}, {"x": "2", "y": "6"}, {"x": "7", "y": "1"}]}, "q": "-0.001116643626741892", "z": "1", "visitCount": [["23", "0", "23", "14", "21", "0", "0", "0", "0", "24", "0", "0", "0", "0", "0", "0", "21", "14", "0", "16", "15", "23", "0", "0", "0", "0", "16", "0", "0", "0", "0", "0", "0", "18", "0", "0", "0", "0", "0", "0", "0", "0", "0", "0", "0", "0", "0", "0", "0", "0", "0", "19", "0", "16", "17", "17", "0", "0", "0", "0", "16", "0", "0", "0", "0", "0", "0", "16", "14", "0", "22", "19", "19", "0", "0", "0", "0", "19", "0", "0", "0", "0", "0", "0", "20", "24", "0", "17", "15", "16", "0", "0", "0", "0", "19", "0", "0", "0", "0", "0", "0", "17", "27", "0", "17", "20", "18", "0", "0", "0", "0", "18", "0", "0", "0", "0", "0", "0", "17", "15", "0", "18", "25", "21", "0", "0", "0", "0", "15", "0", "0", "0", "0", "0", "0", "22", "0", "0", "0", "0", "0", "0", "0", "0", "0", "0", "0", "0", "0", "0", "0", "0", "0", "0", "0", "0", "0", "0", "0", "0", "0", "0", "0", "0", "0", "0", "0", "0", "0", "0", "16", "0", "23", "17", "20", "0", "0", "0", "0", "16", "0", "0", "0", "0", "0", "0", "16", "0", "0", "0", "0", "0", "0", "0", "0", "0", "0", "0", "0", "0", "0", "0", "0", "0", "0", "0", "0", "0", "0", "0", "0", "0", "0", "0", "0", "0", "0", "0", "0", "0", "0", "0", "0", "0", "0", "0", "0", "0", "0", "0", "0", "0", "0", "0", "0", "0", "0", "0", "0", "0", "0", "0", "0", "0", "0", "0", "0", "0", "0", "0", "0", "0", "0", "0", "0", "0", "0", "0", "0", "0", "0", "0", "0", "0", "0", "0", "0", "0", "0", "0", "0", "0", "17", "0", "17", "17", "17", "0", "0", "0", "0", "16", "0", "0", "0", "0", "0", "0", "25"], ["17", "21", "18", "15", "0", "0", "22", "18", "18", "0", "0", "0", "18", "23", "0", "0", "0", "0", "0", "0", "0", "0", "0", "0", "0", "0", "0", "0", "0", "0", "0", "0", "0", "0", "0", "0", "0", "0", "0", "0", "0", "0", "0", "0", "0", "0", "0", "0", "0", "0", "0", "0", "0", "0", "0", "0", "0", "0", "0", "0", "0", "0", "0", "0", "0", "0", "0", "0", "15", "24", "13", "23", "0", "0", "15", "17", "18", "0", "0", "0", "20", "19", "0", "0", "0", "13", "20", "26", "19", "0", "0", "21", "20", "19", "0", "0", "0", "21", "22", "0", "0", "0", "16", "19", "12", "22", "0", "0", "21", "21", "16", "0", "0", "0", "17", "20", "0", "0", "0", "17", "18", "20", "20", "0", "0", "14", "18", "15", "0", "0", "0", "23", "18", "0", "0", "0", "22", "18", "15", "15", "0", "0", "15", "16", "22", "0", "0", "0", "21", "14", "0", "0", "0", "0", "0", "0", "0", "0", "0", "0", "0", "0", "0", "0", "0", "0", "0", "0", "0", "0", "0", "0", "0", "0", "0", "0", "0", "0", "0", "0", "0", "0", "0", "0", "0", "0", "0", "0", "0", "0", "0", "0", "0", "0", "0", "0", "0", "0", "0", "0", "0", "0", "0", "0", "0", "0", "0", "0", "0", "0", "0", "0", "0", "0", "0", "0", "0", "0", "0", "0", "0", "0", "0", "0", "0", "0", "0", "0", "0", "0", "0", "0", "0", "0", "0", "0", "0", "0", "0", "0", "0", "0", "0", "0", "0", "0", "0", "0", "0", "0", "0", "0", "0", "0", "0", "0", "0", "0", "0", "0", "0", "0", "0", "0", "0", "0", "0", "0", "0", "0", "0", "0", "0", "0", "0", "0", "0", "0", "0", "0", "0", "0", "0", "0", "0", "0", "0", "0", "0"]]}