{"state": {"resTurn": "23", "h": "7", "w": "12", "score": [["1", "0", "1", "0", "2", "1", "1", "2", "0", "1", "0", "1"], ["1", "0", "0", "0", "0", "0", "0", "0", "0", "0", "0", "1"], ["1", "2", "0", "0", "1", "0", "0", "1", "0", "0", "2", "1"], ["1", "-1", "0", "1", "0", "0", "0", "0", "1", "0", "-1", "1"], ["0", "0", "0", "0", "1", "0", "0", "1", "0", "0", "0", "0"], ["0", "0", "0", "0", "0", "1", "1", "0", "0", "0", "0", "0"], ["1", "1", "1", "-1", "0", "0", "0", "0", "-1", "1", "1", "1"]], "color": [["0", "0", "1", "1", "1", "1", "1", "2", "2", "2", "2", "2"], ["0", "1", "1", "1", "1", "1", "1", "2", "2", "2", "2", "2"], ["1", "1", "1", "1", "1", "1", "0", "2", "2", "2", "2", "2"], ["1", "1", "1", "1", "0", "2", "0", "0", "1", "0", "2", "2"], ["1", "1", "2", "2", "2", "0", "1", "1", "1", "0", "0", "2"], ["1", "2", "0", "2", "2", "1", "1", "1", "1", "1", "0", "0"], ["2", "2", "2", "2", "2", "2", "1", "1", "1", "0", "0", "0"]], "pos": [{"x": "1", "y": "3"}, {"x": "6", "y": "0"}, {"x": "1", "y": "5"}, {"x": "7", "y": "2"}]}, "q": "-0.00103057814880152", "z": "1", "visitCount": [["17", "0", "18", "18", "17", "0", "0", "0", "0", "18", "0", "0", "0", "0", "0", "0", "15", "0", "0", "0", "0", "0", "0", "0", "0", "0", "0", "0", "0", "0", "0", "0", "0", "0", "21", "0", "24", "21", "18", "0", "0", "0", "0", "15", "0", "0", "0", "0", "0", "0", "16", "18", "0", "16", "18", "18", "0", "0", "0", "0", "15", "0", "0", "0", "0", "0", "0", "14", "20", "0", "21", "24", "24", "0", "0", "0", "0", "22", "0", "0", "0", "0", "0", "0", "16", "18", "0", "17", "20", "15", "0", "0", "0", "0", "14", "0", "0", "0", "0", "0", "0", "22", "16", "0", "20", "22", "18", "0", "0", "0", "0", "19", "0", "0", "0", "0", "0", "0", "17", "17", "0", "21", "17", "17", "0", "0", "0", "0", "13", "0", "0", "0", "0", "0", "0", "16", "26", "0", "21", "20", "21", "0", "0", "0", "0", "14", "0", "0", "0", "0", "0", "0", "22", "16", "0", "19", "21", "24", "0", "0", "0", "0", "15", "0", "0", "0", "0", "0", "0", "18", "0", "0", "0", "0", "0", "0", "0", "0", "0", "0", "0", "0", "0", "0", "0", "0", "0", "0", "0", "0", "0", "0", "0", "0", "0", "0", "0", "0", "0", "0", "0", "0", "0", "0", "0", "0", "0", "0", "0", "0", "0", "0", "0", "0", "0", "0", "0", "0", "0", "0", "0", "0", "0", "0", "0", "0", "0", "0", "0", "0", "0", "0", "0", "0", "0", "0", "0", "0", "0", "0", "0", "0", "0", "0", "0", "0", "0", "0", "0", "0", "0", "0", "0", "0", "0", "0", "0", "0", "0", "0", "0", "0", "0", "0", "0", "0", "0", "0", "0", "0", "0", "0", "0", "0", "0", "0", "0", "0", "0", "0", "0", "0", "0", "0", "0", "0", "0", "0", "0"], ["14", "0", "12", "14", "13", "0", "12", "9", "12", "14", "0", "0", "0", "10", "0", "0", "0", "9", "0", "16", "12", "10", "0", "10", "12", "15", "12", "0", "0", "0", "13", "0", "0", "0", "10", "0", "12", "12", "13", "0", "10", "14", "14", "9", "0", "0", "0", "10", "0", "0", "0", "13", "0", "10", "10", "12", "0", "12", "11", "8", "11", "0", "0", "0", "16", "0", "0", "0", "0", "0", "0", "0", "0", "0", "0", "0", "0", "0", "0", "0", "0", "0", "0", "0", "0", "0", "0", "0", "0", "0", "0", "0", "0", "0", "0", "0", "0", "0", "0", "0", "0", "0", "0", "0", "0", "0", "0", "0", "0", "0", "0", "0", "0", "0", "0", "0", "0", "0", "0", "13", "0", "13", "14", "18", "0", "15", "15", "10", "12", "0", "0", "0", "12", "0", "0", "0", "11", "0", "12", "11", "15", "0", "15", "13", "14", "9", "0", "0", "0", "12", "0", "0", "0", "0", "0", "0", "0", "0", "0", "0", "0", "0", "0", "0", "0", "0", "0", "0", "0", "0", "0", "0", "0", "0", "0", "0", "0", "0", "0", "0", "0", "0", "0", "0", "0", "0", "0", "0", "0", "0", "0", "0", "0", "0", "0", "0", "0", "0", "0", "0", "0", "0", "0", "0", "12", "0", "8", "11", "14", "0", "12", "14", "12", "10", "0", "0", "0", "12", "0", "0", "0", "15", "0", "14", "13", "12", "0", "13", "10", "13", "15", "0", "0", "0", "15", "0", "0", "0", "11", "0", "14", "11", "12", "0", "11", "12", "14", "17", "0", "0", "0", "13", "0", "0", "0", "0", "0", "0", "0", "0", "0", "0", "0", "0", "0", "0", "0", "0", "0", "0", "0", "0", "0", "0", "0", "0", "0", "0", "0", "0", "0", "0", "0", "0", "0", "0", "0", "0", "0"]]}