{"state": {"resTurn": "22", "h": "7", "w": "12", "score": [["1", "0", "1", "0", "2", "1", "1", "2", "0", "1", "0", "1"], ["1", "0", "0", "0", "0", "0", "0", "0", "0", "0", "0", "1"], ["1", "2", "0", "0", "1", "0", "0", "1", "0", "0", "2", "1"], ["1", "-1", "0", "1", "0", "0", "0", "0", "1", "0", "-1", "1"], ["0", "0", "0", "0", "1", "0", "0", "1", "0", "0", "0", "0"], ["0", "0", "0", "0", "0", "1", "1", "0", "0", "0", "0", "0"], ["1", "1", "1", "-1", "0", "0", "0", "0", "-1", "1", "1", "1"]], "color": [["0", "0", "1", "1", "1", "1", "1", "2", "2", "2", "2", "2"], ["0", "1", "1", "1", "1", "1", "1", "2", "2", "2", "2", "2"], ["1", "1", "1", "1", "1", "1", "2", "2", "2", "2", "2", "2"], ["1", "1", "1", "1", "0", "2", "0", "0", "1", "0", "2", "2"], ["1", "1", "2", "2", "2", "0", "1", "1", "1", "0", "0", "2"], ["1", "2", "0", "2", "2", "1", "1", "1", "1", "1", "0", "0"], ["2", "2", "2", "2", "2", "2", "1", "1", "1", "0", "0", "0"]], "pos": [{"x": "2", "y": "3"}, {"x": "6", "y": "0"}, {"x": "2", "y": "4"}, {"x": "6", "y": "2"}]}, "q": "-0.001072978079661202", "z": "1", "visitCount": [["17", "0", "17", "16", "19", "0", "0", "0", "0", "21", "0", "0", "0", "0", "0", "0", "15", "0", "0", "0", "0", "0", "0", "0", "0", "0", "0", "0", "0", "0", "0", "0", "0", "0", "0", "0", "0", "0", "0", "0", "0", "0", "0", "0", "0", "0", "0", "0", "0", "0", "0", "17", "0", "21", "15", "17", "0", "0", "0", "0", "13", "0", "0", "0", "0", "0", "0", "24", "21", "0", "17", "22", "21", "0", "0", "0", "0", "22", "0", "0", "0", "0", "0", "0", "17", "14", "0", "17", "21", "19", "0", "0", "0", "0", "18", "0", "0", "0", "0", "0", "0", "21", "19", "0", "17", "13", "18", "0", "0", "0", "0", "23", "0", "0", "0", "0", "0", "0", "22", "20", "0", "17", "17", "22", "0", "0", "0", "0", "16", "0", "0", "0", "0", "0", "0", "24", "14", "0", "24", "20", "22", "0", "0", "0", "0", "14", "0", "0", "0", "0", "0", "0", "14", "17", "0", "18", "19", "21", "0", "0", "0", "0", "15", "0", "0", "0", "0", "0", "0", "18", "20", "0", "20", "18", "16", "0", "0", "0", "0", "23", "0", "0", "0", "0", "0", "0", "17", "0", "0", "0", "0", "0", "0", "0", "0", "0", "0", "0", "0", "0", "0", "0", "0", "0", "0", "0", "0", "0", "0", "0", "0", "0", "0", "0", "0", "0", "0", "0", "0", "0", "0", "0", "0", "0", "0", "0", "0", "0", "0", "0", "0", "0", "0", "0", "0", "0", "0", "0", "0", "0", "0", "0", "0", "0", "0", "0", "0", "0", "0", "0", "0", "0", "0", "0", "0", "0", "0", "0", "0", "0", "0", "0", "0", "0", "0", "0", "0", "0", "0", "0", "0", "0", "0", "0", "0", "0", "0", "0", "0", "0", "0", "0", "0", "0", "0", "0", "0", "0", "0"], ["12", "13", "10", "10", "0", "0", "0", "16", "15", "0", "0", "0", "12", "14", "12", "0", "0", "14", "13", "7", "11", "0", "0", "0", "10", "12", "0", "0", "0", "11", "14", "13", "0", "0", "14", "10", "12", "14", "0", "0", "0", "13", "13", "0", "0", "0", "10", "10", "12", "0", "0", "11", "16", "12", "11", "0", "0", "0", "14", "12", "0", "0", "0", "13", "15", "11", "0", "0", "0", "0", "0", "0", "0", "0", "0", "0", "0", "0", "0", "0", "0", "0", "0", "0", "0", "0", "0", "0", "0", "0", "0", "0", "0", "0", "0", "0", "0", "0", "0", "0", "0", "0", "0", "0", "0", "0", "0", "0", "0", "0", "0", "0", "0", "0", "0", "0", "0", "0", "0", "0", "0", "0", "0", "0", "0", "0", "0", "0", "0", "0", "0", "0", "0", "0", "0", "0", "10", "13", "13", "10", "0", "0", "0", "13", "13", "0", "0", "0", "10", "14", "12", "0", "0", "0", "0", "0", "0", "0", "0", "0", "0", "0", "0", "0", "0", "0", "0", "0", "0", "0", "0", "0", "0", "0", "0", "0", "0", "0", "0", "0", "0", "0", "0", "0", "0", "0", "0", "0", "0", "0", "0", "0", "0", "0", "0", "0", "0", "0", "0", "0", "0", "0", "0", "0", "10", "10", "13", "12", "0", "0", "0", "11", "13", "0", "0", "0", "13", "13", "15", "0", "0", "13", "13", "13", "13", "0", "0", "0", "9", "12", "0", "0", "0", "10", "14", "14", "0", "0", "13", "11", "14", "11", "0", "0", "0", "13", "13", "0", "0", "0", "12", "11", "13", "0", "0", "13", "16", "12", "12", "0", "0", "0", "10", "15", "0", "0", "0", "12", "15", "13", "0", "0", "0", "0", "0", "0", "0", "0", "0", "0", "0", "0", "0", "0", "0", "0", "0", "0", "0"]]}