{"state": {"resTurn": "75", "h": "7", "w": "12", "score": [["1", "0", "1", "0", "2", "1", "1", "2", "0", "1", "0", "1"], ["1", "0", "0", "0", "0", "0", "0", "0", "0", "0", "0", "1"], ["1", "2", "0", "0", "1", "0", "0", "1", "0", "0", "2", "1"], ["1", "-1", "0", "1", "0", "0", "0", "0", "1", "0", "-1", "1"], ["0", "0", "0", "0", "1", "0", "0", "1", "0", "0", "0", "0"], ["0", "0", "0", "0", "0", "1", "1", "0", "0", "0", "0", "0"], ["1", "1", "1", "-1", "0", "0", "0", "0", "-1", "1", "1", "1"]], "color": [["0", "0", "0", "0", "0", "0", "0", "2", "2", "2", "0", "0"], ["0", "0", "0", "0", "0", "0", "0", "2", "2", "0", "0", "0"], ["0", "0", "1", "1", "0", "0", "0", "0", "2", "0", "0", "0"], ["0", "0", "1", "1", "2", "2", "0", "0", "0", "0", "0", "0"], ["0", "1", "1", "2", "2", "0", "0", "0", "0", "0", "0", "0"], ["0", "0", "0", "2", "2", "1", "1", "0", "1", "0", "0", "0"], ["0", "0", "0", "0", "0", "0", "1", "1", "0", "0", "0", "0"]], "pos": [{"x": "5", "y": "5"}, {"x": "1", "y": "4"}, {"x": "3", "y": "4"}, {"x": "9", "y": "0"}]}, "q": "-0.0007913433235481062", "z": "1", "visitCount": [["12", "12", "14", "12", "12", "12", "12", "11", "11", "0", "0", "0", "0", "0", "0", "0", "0", "11", "11", "14", "14", "11", "12", "12", "12", "12", "0", "0", "0", "0", "0", "0", "0", "0", "12", "13", "11", "11", "13", "13", "13", "13", "12", "0", "0", "0", "0", "0", "0", "0", "0", "11", "12", "13", "15", "12", "12", "14", "12", "14", "0", "0", "0", "0", "0", "0", "0", "0", "0", "0", "0", "0", "0", "0", "0", "0", "0", "0", "0", "0", "0", "0", "0", "0", "0", "0", "0", "0", "0", "0", "0", "0", "0", "0", "0", "0", "0", "0", "0", "0", "0", "0", "14", "14", "11", "12", "13", "14", "12", "15", "12", "0", "0", "0", "0", "0", "0", "0", "0", "11", "13", "12", "11", "12", "11", "14", "11", "12", "0", "0", "0", "0", "0", "0", "0", "0", "11", "12", "11", "13", "14", "16", "12", "11", "12", "0", "0", "0", "0", "0", "0", "0", "0", "0", "0", "0", "0", "0", "0", "0", "0", "0", "0", "0", "0", "0", "0", "0", "0", "0", "0", "0", "0", "0", "0", "0", "0", "0", "0", "0", "0", "0", "0", "0", "0", "0", "0", "0", "0", "0", "0", "0", "0", "0", "0", "0", "0", "0", "0", "0", "0", "0", "0", "0", "13", "12", "10", "12", "10", "10", "14", "11", "13", "0", "0", "0", "0", "0", "0", "0", "0", "13", "14", "12", "14", "12", "14", "14", "11", "12", "0", "0", "0", "0", "0", "0", "0", "0", "0", "0", "0", "0", "0", "0", "0", "0", "0", "0", "0", "0", "0", "0", "0", "0", "0", "0", "0", "0", "0", "0", "0", "0", "0", "0", "0", "0", "0", "0", "0", "0", "0", "0", "0", "0", "0", "0", "0", "0", "0", "0", "0", "0", "0", "0", "0", "0", "0", "0", "0"], ["16", "17", "18", "16", "21", "0", "0", "0", "20", "0", "0", "0", "0", "0", "0", "0", "0", "19", "18", "17", "17", "20", "0", "0", "0", "21", "0", "0", "0", "0", "0", "0", "0", "0", "22", "22", "21", "15", "21", "0", "0", "0", "18", "0", "0", "0", "0", "0", "0", "0", "0", "21", "19", "28", "16", "18", "0", "0", "0", "16", "0", "0", "0", "0", "0", "0", "0", "0", "0", "0", "0", "0", "0", "0", "0", "0", "0", "0", "0", "0", "0", "0", "0", "0", "0", "0", "0", "0", "0", "0", "0", "0", "0", "0", "0", "0", "0", "0", "0", "0", "0", "0", "0", "0", "0", "0", "0", "0", "0", "0", "0", "0", "0", "0", "0", "0", "0", "0", "0", "20", "19", "15", "20", "16", "0", "0", "0", "17", "0", "0", "0", "0", "0", "0", "0", "0", "17", "19", "21", "15", "16", "0", "0", "0", "13", "0", "0", "0", "0", "0", "0", "0", "0", "0", "0", "0", "0", "0", "0", "0", "0", "0", "0", "0", "0", "0", "0", "0", "0", "0", "0", "0", "0", "0", "0", "0", "0", "0", "0", "0", "0", "0", "0", "0", "0", "0", "0", "0", "0", "0", "0", "0", "0", "0", "0", "0", "0", "0", "0", "0", "0", "0", "0", "0", "16", "19", "19", "21", "20", "0", "0", "0", "19", "0", "0", "0", "0", "0", "0", "0", "0", "18", "19", "15", "18", "18", "0", "0", "0", "22", "0", "0", "0", "0", "0", "0", "0", "0", "20", "21", "17", "17", "14", "0", "0", "0", "22", "0", "0", "0", "0", "0", "0", "0", "0", "0", "0", "0", "0", "0", "0", "0", "0", "0", "0", "0", "0", "0", "0", "0", "0", "0", "0", "0", "0", "0", "0", "0", "0", "0", "0", "0", "0", "0", "0", "0", "0", "0", "0"]]}