{"state": {"resTurn": "21", "h": "7", "w": "12", "score": [["1", "0", "1", "0", "2", "1", "1", "2", "0", "1", "0", "1"], ["1", "0", "0", "0", "0", "0", "0", "0", "0", "0", "0", "1"], ["1", "2", "0", "0", "1", "0", "0", "1", "0", "0", "2", "1"], ["1", "-1", "0", "1", "0", "0", "0", "0", "1", "0", "-1", "1"], ["0", "0", "0", "0", "1", "0", "0", "1", "0", "0", "0", "0"], ["0", "0", "0", "0", "0", "1", "1", "0", "0", "0", "0", "0"], ["1", "1", "1", "-1", "0", "0", "0", "0", "-1", "1", "1", "1"]], "color": [["0", "0", "1", "1", "1", "1", "1", "0", "2", "2", "2", "2"], ["0", "1", "1", "1", "1", "1", "1", "2", "2", "2", "2", "2"], ["1", "1", "1", "1", "1", "1", "2", "2", "2", "2", "2", "2"], ["1", "1", "1", "1", "0", "2", "0", "0", "1", "0", "2", "2"], ["1", "1", "2", "2", "2", "0", "1", "1", "1", "0", "0", "2"], ["1", "2", "0", "2", "2", "1", "1", "1", "1", "1", "0", "0"], ["2", "2", "2", "2", "2", "2", "1", "1", "1", "0", "0", "0"]], "pos": [{"x": "1", "y": "4"}, {"x": "6", "y": "0"}, {"x": "2", "y": "4"}, {"x": "7", "y": "1"}]}, "q": "-0.0008461872839960863", "z": "1", "visitCount": [["22", "0", "21", "14", "16", "0", "0", "0", "17", "14", "0", "0", "0", "0", "0", "0", "0", "20", "0", "18", "18", "16", "0", "0", "0", "15", "14", "0", "0", "0", "0", "0", "0", "0", "0", "0", "0", "0", "0", "0", "0", "0", "0", "0", "0", "0", "0", "0", "0", "0", "0", "13", "0", "19", "16", "22", "0", "0", "0", "17", "16", "0", "0", "0", "0", "0", "0", "0", "15", "0", "23", "23", "19", "0", "0", "0", "19", "15", "0", "0", "0", "0", "0", "0", "0", "15", "0", "22", "17", "18", "0", "0", "0", "14", "16", "0", "0", "0", "0", "0", "0", "0", "15", "0", "20", "18", "18", "0", "0", "0", "25", "20", "0", "0", "0", "0", "0", "0", "0", "24", "0", "14", "23", "20", "0", "0", "0", "17", "13", "0", "0", "0", "0", "0", "0", "0", "0", "0", "0", "0", "0", "0", "0", "0", "0", "0", "0", "0", "0", "0", "0", "0", "0", "0", "0", "0", "0", "0", "0", "0", "0", "0", "0", "0", "0", "0", "0", "0", "0", "0", "21", "0", "23", "20", "16", "0", "0", "0", "20", "20", "0", "0", "0", "0", "0", "0", "0", "0", "0", "0", "0", "0", "0", "0", "0", "0", "0", "0", "0", "0", "0", "0", "0", "0", "0", "0", "0", "0", "0", "0", "0", "0", "0", "0", "0", "0", "0", "0", "0", "0", "0", "0", "0", "0", "0", "0", "0", "0", "0", "0", "0", "0", "0", "0", "0", "0", "0", "0", "0", "0", "0", "0", "0", "0", "0", "0", "0", "0", "0", "0", "0", "0", "0", "0", "0", "0", "0", "0", "0", "0", "0", "0", "0", "0", "0", "0", "0", "0", "0", "0", "0", "0", "27", "0", "20", "15", "16", "0", "0", "0", "27", "24", "0", "0", "0", "0", "0", "0", "0"], ["14", "10", "10", "11", "0", "0", "14", "14", "15", "0", "0", "0", "15", "10", "0", "0", "0", "14", "13", "13", "12", "0", "0", "13", "10", "11", "0", "0", "0", "11", "15", "0", "0", "0", "12", "13", "13", "15", "0", "0", "14", "14", "11", "0", "0", "0", "12", "12", "0", "0", "0", "11", "14", "14", "11", "0", "0", "11", "13", "11", "0", "0", "0", "10", "15", "0", "0", "0", "0", "0", "0", "0", "0", "0", "0", "0", "0", "0", "0", "0", "0", "0", "0", "0", "0", "0", "0", "0", "0", "0", "0", "0", "0", "0", "0", "0", "0", "0", "0", "0", "0", "0", "0", "0", "0", "0", "0", "0", "0", "0", "0", "0", "0", "0", "0", "0", "0", "0", "0", "0", "0", "0", "0", "0", "0", "0", "0", "0", "0", "0", "0", "0", "0", "0", "0", "0", "13", "11", "14", "12", "0", "0", "11", "12", "15", "0", "0", "0", "12", "14", "0", "0", "0", "0", "0", "0", "0", "0", "0", "0", "0", "0", "0", "0", "0", "0", "0", "0", "0", "0", "0", "0", "0", "0", "0", "0", "0", "0", "0", "0", "0", "0", "0", "0", "0", "0", "0", "0", "0", "0", "0", "0", "0", "0", "0", "0", "0", "0", "0", "0", "0", "0", "0", "0", "17", "12", "10", "11", "0", "0", "12", "12", "11", "0", "0", "0", "11", "14", "0", "0", "0", "13", "15", "11", "11", "0", "0", "10", "8", "12", "0", "0", "0", "10", "14", "0", "0", "0", "11", "9", "10", "13", "0", "0", "14", "12", "12", "0", "0", "0", "8", "12", "0", "0", "0", "15", "14", "13", "13", "0", "0", "12", "13", "13", "0", "0", "0", "13", "14", "0", "0", "0", "0", "0", "0", "0", "0", "0", "0", "0", "0", "0", "0", "0", "0", "0", "0", "0", "0"]]}