{"state": {"resTurn": "20", "h": "7", "w": "12", "score": [["1", "0", "1", "0", "2", "1", "1", "2", "0", "1", "0", "1"], ["1", "0", "0", "0", "0", "0", "0", "0", "0", "0", "0", "1"], ["1", "2", "0", "0", "1", "0", "0", "1", "0", "0", "2", "1"], ["1", "-1", "0", "1", "0", "0", "0", "0", "1", "0", "-1", "1"], ["0", "0", "0", "0", "1", "0", "0", "1", "0", "0", "0", "0"], ["0", "0", "0", "0", "0", "1", "1", "0", "0", "0", "0", "0"], ["1", "1", "1", "-1", "0", "0", "0", "0", "-1", "1", "1", "1"]], "color": [["0", "0", "1", "1", "1", "1", "1", "0", "2", "2", "2", "2"], ["0", "1", "1", "1", "1", "1", "1", "2", "2", "2", "2", "2"], ["1", "1", "1", "1", "1", "1", "2", "2", "2", "2", "2", "2"], ["1", "1", "1", "1", "0", "2", "0", "0", "1", "0", "2", "2"], ["1", "1", "2", "2", "2", "0", "1", "1", "1", "0", "0", "2"], ["1", "2", "0", "2", "2", "1", "1", "1", "1", "1", "0", "0"], ["2", "2", "2", "2", "2", "2", "1", "1", "1", "0", "0", "0"]], "pos": [{"x": "1", "y": "4"}, {"x": "6", "y": "0"}, {"x": "2", "y": "4"}, {"x": "7", "y": "1"}]}, "q": "-0.0009595085112415544", "z": "1", "visitCount": [["14", "0", "19", "15", "22", "0", "0", "0", "15", "18", "0", "0", "0", "0", "0", "0", "0", "15", "0", "23", "18", "20", "0", "0", "0", "15", "16", "0", "0", "0", "0", "0", "0", "0", "0", "0", "0", "0", "0", "0", "0", "0", "0", "0", "0", "0", "0", "0", "0", "0", "0", "17", "0", "28", "16", "15", "0", "0", "0", "18", "21", "0", "0", "0", "0", "0", "0", "0", "18", "0", "20", "17", "18", "0", "0", "0", "12", "19", "0", "0", "0", "0", "0", "0", "0", "14", "0", "21", "15", "21", "0", "0", "0", "13", "18", "0", "0", "0", "0", "0", "0", "0", "18", "0", "16", "21", "17", "0", "0", "0", "22", "20", "0", "0", "0", "0", "0", "0", "0", "16", "0", "18", "16", "22", "0", "0", "0", "18", "26", "0", "0", "0", "0", "0", "0", "0", "0", "0", "0", "0", "0", "0", "0", "0", "0", "0", "0", "0", "0", "0", "0", "0", "0", "0", "0", "0", "0", "0", "0", "0", "0", "0", "0", "0", "0", "0", "0", "0", "0", "0", "23", "0", "16", "19", "18", "0", "0", "0", "15", "17", "0", "0", "0", "0", "0", "0", "0", "0", "0", "0", "0", "0", "0", "0", "0", "0", "0", "0", "0", "0", "0", "0", "0", "0", "0", "0", "0", "0", "0", "0", "0", "0", "0", "0", "0", "0", "0", "0", "0", "0", "0", "0", "0", "0", "0", "0", "0", "0", "0", "0", "0", "0", "0", "0", "0", "0", "0", "0", "0", "0", "0", "0", "0", "0", "0", "0", "0", "0", "0", "0", "0", "0", "0", "0", "0", "0", "0", "0", "0", "0", "0", "0", "0", "0", "0", "0", "0", "0", "0", "0", "0", "0", "25", "0", "16", "20", "22", "0", "0", "0", "29", "19", "0", "0", "0", "0", "0", "0", "0"], ["12", "8", "13", "10", "0", "0", "11", "11", "16", "0", "0", "0", "13", "13", "0", "0", "0", "12", "12", "15", "13", "0", "0", "12", "11", "10", "0", "0", "0", "10", "11", "0", "0", "0", "11", "11", "12", "13", "0", "0", "12", "13", "11", "0", "0", "0", "15", "10", "0", "0", "0", "11", "12", "15", "11", "0", "0", "11", "13", "11", "0", "0", "0", "13", "11", "0", "0", "0", "0", "0", "0", "0", "0", "0", "0", "0", "0", "0", "0", "0", "0", "0", "0", "0", "0", "0", "0", "0", "0", "0", "0", "0", "0", "0", "0", "0", "0", "0", "0", "0", "0", "0", "0", "0", "0", "0", "0", "0", "0", "0", "0", "0", "0", "0", "0", "0", "0", "0", "0", "0", "0", "0", "0", "0", "0", "0", "0", "0", "0", "0", "0", "0", "0", "0", "0", "0", "13", "9", "14", "14", "0", "0", "12", "10", "15", "0", "0", "0", "14", "13", "0", "0", "0", "0", "0", "0", "0", "0", "0", "0", "0", "0", "0", "0", "0", "0", "0", "0", "0", "0", "0", "0", "0", "0", "0", "0", "0", "0", "0", "0", "0", "0", "0", "0", "0", "0", "0", "0", "0", "0", "0", "0", "0", "0", "0", "0", "0", "0", "0", "0", "0", "0", "0", "0", "14", "14", "12", "10", "0", "0", "11", "13", "12", "0", "0", "0", "11", "12", "0", "0", "0", "9", "10", "12", "13", "0", "0", "11", "12", "16", "0", "0", "0", "16", "15", "0", "0", "0", "17", "14", "10", "14", "0", "0", "9", "14", "11", "0", "0", "0", "10", "14", "0", "0", "0", "14", "12", "13", "14", "0", "0", "11", "15", "14", "0", "0", "0", "14", "14", "0", "0", "0", "0", "0", "0", "0", "0", "0", "0", "0", "0", "0", "0", "0", "0", "0", "0", "0", "0"]]}