{"state": {"resTurn": "19", "h": "7", "w": "12", "score": [["1", "0", "1", "0", "2", "1", "1", "2", "0", "1", "0", "1"], ["1", "0", "0", "0", "0", "0", "0", "0", "0", "0", "0", "1"], ["1", "2", "0", "0", "1", "0", "0", "1", "0", "0", "2", "1"], ["1", "-1", "0", "1", "0", "0", "0", "0", "1", "0", "-1", "1"], ["0", "0", "0", "0", "1", "0", "0", "1", "0", "0", "0", "0"], ["0", "0", "0", "0", "0", "1", "1", "0", "0", "0", "0", "0"], ["1", "1", "1", "-1", "0", "0", "0", "0", "-1", "1", "1", "1"]], "color": [["0", "0", "1", "1", "1", "1", "1", "1", "2", "2", "2", "2"], ["0", "1", "1", "1", "1", "1", "1", "2", "2", "2", "2", "2"], ["1", "1", "1", "1", "1", "1", "2", "2", "2", "2", "2", "2"], ["1", "1", "0", "1", "0", "2", "0", "0", "1", "0", "2", "2"], ["1", "1", "2", "2", "2", "0", "1", "1", "1", "0", "0", "2"], ["1", "2", "0", "2", "2", "1", "1", "1", "1", "1", "0", "0"], ["2", "2", "2", "2", "2", "2", "1", "1", "1", "0", "0", "0"]], "pos": [{"x": "1", "y": "4"}, {"x": "7", "y": "0"}, {"x": "2", "y": "4"}, {"x": "7", "y": "1"}]}, "q": "-0.001001224424296758", "z": "1", "visitCount": [["16", "0", "0", "17", "17", "0", "0", "0", "0", "14", "18", "0", "0", "0", "0", "0", "17", "14", "0", "0", "20", "22", "0", "0", "0", "0", "19", "22", "0", "0", "0", "0", "0", "28", "0", "0", "0", "0", "0", "0", "0", "0", "0", "0", "0", "0", "0", "0", "0", "0", "0", "17", "0", "0", "14", "20", "0", "0", "0", "0", "14", "21", "0", "0", "0", "0", "0", "33", "15", "0", "0", "19", "22", "0", "0", "0", "0", "21", "22", "0", "0", "0", "0", "0", "24", "19", "0", "0", "16", "21", "0", "0", "0", "0", "17", "22", "0", "0", "0", "0", "0", "22", "15", "0", "0", "17", "16", "0", "0", "0", "0", "16", "15", "0", "0", "0", "0", "0", "21", "21", "0", "0", "15", "16", "0", "0", "0", "0", "17", "18", "0", "0", "0", "0", "0", "19", "0", "0", "0", "0", "0", "0", "0", "0", "0", "0", "0", "0", "0", "0", "0", "0", "0", "0", "0", "0", "0", "0", "0", "0", "0", "0", "0", "0", "0", "0", "0", "0", "0", "0", "17", "0", "0", "17", "15", "0", "0", "0", "0", "15", "21", "0", "0", "0", "0", "0", "18", "0", "0", "0", "0", "0", "0", "0", "0", "0", "0", "0", "0", "0", "0", "0", "0", "0", "0", "0", "0", "0", "0", "0", "0", "0", "0", "0", "0", "0", "0", "0", "0", "0", "0", "0", "0", "0", "0", "0", "0", "0", "0", "0", "0", "0", "0", "0", "0", "0", "0", "0", "0", "0", "0", "0", "0", "0", "0", "0", "0", "0", "0", "0", "0", "0", "0", "0", "0", "0", "0", "0", "0", "0", "0", "0", "0", "0", "0", "0", "0", "0", "0", "0", "0", "0", "17", "0", "0", "19", "19", "0", "0", "0", "0", "13", "20", "0", "0", "0", "0", "0", "20"], ["14", "11", "12", "10", "0", "0", "0", "13", "11", "0", "0", "0", "10", "14", "11", "0", "0", "14", "11", "13", "10", "0", "0", "0", "10", "12", "0", "0", "0", "13", "13", "12", "0", "0", "10", "15", "12", "9", "0", "0", "0", "13", "15", "0", "0", "0", "14", "14", "16", "0", "0", "13", "8", "14", "14", "0", "0", "0", "12", "10", "0", "0", "0", "14", "13", "11", "0", "0", "0", "0", "0", "0", "0", "0", "0", "0", "0", "0", "0", "0", "0", "0", "0", "0", "0", "0", "0", "0", "0", "0", "0", "0", "0", "0", "0", "0", "0", "0", "0", "0", "0", "0", "9", "14", "13", "16", "0", "0", "0", "13", "13", "0", "0", "0", "12", "13", "9", "0", "0", "0", "0", "0", "0", "0", "0", "0", "0", "0", "0", "0", "0", "0", "0", "0", "0", "0", "9", "12", "11", "11", "0", "0", "0", "10", "13", "0", "0", "0", "15", "14", "11", "0", "0", "0", "0", "0", "0", "0", "0", "0", "0", "0", "0", "0", "0", "0", "0", "0", "0", "0", "0", "0", "0", "0", "0", "0", "0", "0", "0", "0", "0", "0", "0", "0", "0", "0", "0", "0", "0", "0", "0", "0", "0", "0", "0", "0", "0", "0", "0", "0", "0", "0", "0", "0", "12", "13", "8", "16", "0", "0", "0", "12", "14", "0", "0", "0", "15", "15", "17", "0", "0", "16", "11", "17", "9", "0", "0", "0", "10", "15", "0", "0", "0", "10", "11", "12", "0", "0", "0", "0", "0", "0", "0", "0", "0", "0", "0", "0", "0", "0", "0", "0", "0", "0", "0", "15", "11", "13", "12", "0", "0", "0", "9", "10", "0", "0", "0", "14", "14", "10", "0", "0", "0", "0", "0", "0", "0", "0", "0", "0", "0", "0", "0", "0", "0", "0", "0", "0", "0"]]}