{"state": {"resTurn": "18", "h": "7", "w": "12", "score": [["1", "0", "1", "0", "2", "1", "1", "2", "0", "1", "0", "1"], ["1", "0", "0", "0", "0", "0", "0", "0", "0", "0", "0", "1"], ["1", "2", "0", "0", "1", "0", "0", "1", "0", "0", "2", "1"], ["1", "-1", "0", "1", "0", "0", "0", "0", "1", "0", "-1", "1"], ["0", "0", "0", "0", "1", "0", "0", "1", "0", "0", "0", "0"], ["0", "0", "0", "0", "0", "1", "1", "0", "0", "0", "0", "0"], ["1", "1", "1", "-1", "0", "0", "0", "0", "-1", "1", "1", "1"]], "color": [["0", "0", "1", "1", "1", "1", "1", "1", "0", "2", "2", "2"], ["0", "1", "1", "1", "1", "1", "1", "2", "2", "2", "2", "2"], ["1", "1", "1", "1", "1", "1", "2", "2", "2", "2", "2", "2"], ["1", "1", "0", "1", "0", "2", "0", "0", "1", "0", "2", "2"], ["1", "0", "2", "2", "2", "0", "1", "1", "1", "0", "0", "2"], ["1", "2", "0", "2", "2", "1", "1", "1", "1", "1", "0", "0"], ["2", "2", "2", "2", "2", "2", "1", "1", "1", "0", "0", "0"]], "pos": [{"x": "0", "y": "5"}, {"x": "7", "y": "0"}, {"x": "2", "y": "4"}, {"x": "7", "y": "1"}]}, "q": "-0.001071928711691261", "z": "1", "visitCount": [["29", "0", "0", "43", "27", "0", "0", "0", "25", "28", "20", "0", "0", "0", "0", "0", "0", "0", "0", "0", "0", "0", "0", "0", "0", "0", "0", "0", "0", "0", "0", "0", "0", "0", "0", "0", "0", "0", "0", "0", "0", "0", "0", "0", "0", "0", "0", "0", "0", "0", "0", "0", "0", "0", "0", "0", "0", "0", "0", "0", "0", "0", "0", "0", "0", "0", "0", "0", "0", "0", "0", "0", "0", "0", "0", "0", "0", "0", "0", "0", "0", "0", "0", "0", "0", "0", "0", "0", "0", "0", "0", "0", "0", "0", "0", "0", "0", "0", "0", "0", "0", "0", "25", "0", "0", "38", "37", "0", "0", "0", "27", "20", "34", "0", "0", "0", "0", "0", "0", "28", "0", "0", "24", "32", "0", "0", "0", "29", "23", "36", "0", "0", "0", "0", "0", "0", "0", "0", "0", "0", "0", "0", "0", "0", "0", "0", "0", "0", "0", "0", "0", "0", "0", "25", "0", "0", "22", "22", "0", "0", "0", "35", "25", "32", "0", "0", "0", "0", "0", "0", "20", "0", "0", "20", "30", "0", "0", "0", "25", "22", "26", "0", "0", "0", "0", "0", "0", "0", "0", "0", "0", "0", "0", "0", "0", "0", "0", "0", "0", "0", "0", "0", "0", "0", "0", "0", "0", "0", "0", "0", "0", "0", "0", "0", "0", "0", "0", "0", "0", "0", "0", "0", "0", "0", "0", "0", "0", "0", "0", "0", "0", "0", "0", "0", "0", "0", "0", "0", "0", "0", "0", "0", "0", "0", "0", "0", "0", "0", "0", "0", "0", "0", "0", "0", "0", "0", "0", "0", "0", "0", "0", "0", "0", "0", "0", "0", "0", "0", "0", "0", "0", "0", "33", "0", "0", "25", "25", "0", "0", "0", "18", "32", "38", "0", "0", "0", "0", "0", "0"], ["11", "13", "12", "9", "0", "0", "0", "13", "12", "0", "0", "0", "11", "12", "11", "0", "0", "9", "12", "12", "15", "0", "0", "0", "13", "12", "0", "0", "0", "9", "11", "10", "0", "0", "10", "13", "13", "12", "0", "0", "0", "13", "12", "0", "0", "0", "13", "13", "12", "0", "0", "13", "10", "13", "13", "0", "0", "0", "15", "13", "0", "0", "0", "18", "12", "10", "0", "0", "13", "13", "11", "14", "0", "0", "0", "11", "15", "0", "0", "0", "12", "12", "11", "0", "0", "0", "0", "0", "0", "0", "0", "0", "0", "0", "0", "0", "0", "0", "0", "0", "0", "0", "14", "12", "13", "14", "0", "0", "0", "12", "12", "0", "0", "0", "14", "13", "15", "0", "0", "0", "0", "0", "0", "0", "0", "0", "0", "0", "0", "0", "0", "0", "0", "0", "0", "0", "13", "14", "16", "12", "0", "0", "0", "9", "13", "0", "0", "0", "14", "15", "12", "0", "0", "0", "0", "0", "0", "0", "0", "0", "0", "0", "0", "0", "0", "0", "0", "0", "0", "0", "0", "0", "0", "0", "0", "0", "0", "0", "0", "0", "0", "0", "0", "0", "0", "0", "0", "0", "0", "0", "0", "0", "0", "0", "0", "0", "0", "0", "0", "0", "0", "0", "0", "0", "0", "0", "0", "0", "0", "0", "0", "0", "0", "0", "0", "0", "0", "0", "0", "0", "0", "12", "12", "13", "13", "0", "0", "0", "12", "9", "0", "0", "0", "9", "12", "13", "0", "0", "0", "0", "0", "0", "0", "0", "0", "0", "0", "0", "0", "0", "0", "0", "0", "0", "0", "11", "12", "15", "13", "0", "0", "0", "13", "12", "0", "0", "0", "9", "11", "15", "0", "0", "0", "0", "0", "0", "0", "0", "0", "0", "0", "0", "0", "0", "0", "0", "0", "0", "0"]]}