{"state": {"resTurn": "16", "h": "7", "w": "12", "score": [["1", "0", "1", "0", "2", "1", "1", "2", "0", "1", "0", "1"], ["1", "0", "0", "0", "0", "0", "0", "0", "0", "0", "0", "1"], ["1", "2", "0", "0", "1", "0", "0", "1", "0", "0", "2", "1"], ["1", "-1", "0", "1", "0", "0", "0", "0", "1", "0", "-1", "1"], ["0", "0", "0", "0", "1", "0", "0", "1", "0", "0", "0", "0"], ["0", "0", "0", "0", "0", "1", "1", "0", "0", "0", "0", "0"], ["1", "1", "1", "-1", "0", "0", "0", "0", "-1", "1", "1", "1"]], "color": [["0", "0", "1", "1", "1", "1", "0", "1", "0", "2", "2", "2"], ["0", "1", "1", "1", "1", "1", "1", "2", "2", "2", "2", "2"], ["1", "1", "1", "1", "1", "1", "2", "2", "2", "2", "2", "2"], ["1", "1", "0", "1", "0", "2", "0", "0", "1", "0", "2", "2"], ["1", "0", "2", "2", "2", "0", "1", "1", "1", "0", "0", "2"], ["1", "2", "0", "2", "2", "1", "1", "1", "1", "1", "0", "0"], ["2", "2", "2", "2", "2", "2", "1", "1", "1", "0", "0", "0"]], "pos": [{"x": "0", "y": "5"}, {"x": "5", "y": "1"}, {"x": "1", "y": "5"}, {"x": "7", "y": "1"}]}, "q": "-0.0007718405374699801", "z": "1", "visitCount": [["20", "0", "23", "21", "21", "15", "22", "20", "17", "16", "0", "0", "0", "0", "0", "0", "0", "0", "0", "0", "0", "0", "0", "0", "0", "0", "0", "0", "0", "0", "0", "0", "0", "0", "0", "0", "0", "0", "0", "0", "0", "0", "0", "0", "0", "0", "0", "0", "0", "0", "0", "0", "0", "0", "0", "0", "0", "0", "0", "0", "0", "0", "0", "0", "0", "0", "0", "0", "0", "0", "0", "0", "0", "0", "0", "0", "0", "0", "0", "0", "0", "0", "0", "0", "0", "0", "0", "0", "0", "0", "0", "0", "0", "0", "0", "0", "0", "0", "0", "0", "0", "0", "18", "0", "18", "22", "14", "27", "21", "23", "18", "17", "0", "0", "0", "0", "0", "0", "0", "18", "0", "22", "16", "16", "20", "18", "16", "18", "22", "0", "0", "0", "0", "0", "0", "0", "0", "0", "0", "0", "0", "0", "0", "0", "0", "0", "0", "0", "0", "0", "0", "0", "0", "20", "0", "16", "15", "18", "14", "16", "18", "15", "36", "0", "0", "0", "0", "0", "0", "0", "16", "0", "13", "15", "14", "14", "17", "17", "21", "18", "0", "0", "0", "0", "0", "0", "0", "0", "0", "0", "0", "0", "0", "0", "0", "0", "0", "0", "0", "0", "0", "0", "0", "0", "0", "0", "0", "0", "0", "0", "0", "0", "0", "0", "0", "0", "0", "0", "0", "0", "0", "0", "0", "0", "0", "0", "0", "0", "0", "0", "0", "0", "0", "0", "0", "0", "0", "0", "0", "0", "0", "0", "0", "0", "0", "0", "0", "0", "0", "0", "0", "0", "0", "0", "0", "0", "0", "0", "0", "0", "0", "0", "0", "0", "0", "0", "0", "0", "0", "0", "0", "0", "16", "0", "21", "18", "19", "16", "19", "18", "21", "20", "0", "0", "0", "0", "0", "0", "0"], ["12", "11", "18", "13", "0", "11", "0", "11", "10", "0", "0", "0", "12", "0", "11", "0", "0", "12", "11", "12", "14", "0", "12", "0", "13", "12", "0", "0", "0", "13", "0", "11", "0", "0", "10", "9", "11", "15", "0", "12", "0", "15", "9", "0", "0", "0", "11", "0", "12", "0", "0", "13", "12", "7", "11", "0", "13", "0", "10", "11", "0", "0", "0", "12", "0", "11", "0", "0", "0", "0", "0", "0", "0", "0", "0", "0", "0", "0", "0", "0", "0", "0", "0", "0", "0", "0", "0", "0", "0", "0", "0", "0", "0", "0", "0", "0", "0", "0", "0", "0", "0", "0", "11", "16", "12", "13", "0", "18", "0", "12", "13", "0", "0", "0", "10", "0", "12", "0", "0", "13", "17", "11", "13", "0", "11", "0", "13", "9", "0", "0", "0", "14", "0", "12", "0", "0", "10", "14", "13", "15", "0", "12", "0", "13", "12", "0", "0", "0", "13", "0", "10", "0", "0", "0", "0", "0", "0", "0", "0", "0", "0", "0", "0", "0", "0", "0", "0", "0", "0", "0", "0", "0", "0", "0", "0", "0", "0", "0", "0", "0", "0", "0", "0", "0", "0", "0", "0", "0", "0", "0", "0", "0", "0", "0", "0", "0", "0", "0", "0", "0", "0", "0", "0", "0", "11", "13", "13", "16", "0", "10", "0", "13", "13", "0", "0", "0", "10", "0", "12", "0", "0", "14", "16", "11", "13", "0", "15", "0", "14", "12", "0", "0", "0", "15", "0", "14", "0", "0", "0", "0", "0", "0", "0", "0", "0", "0", "0", "0", "0", "0", "0", "0", "0", "0", "0", "0", "0", "0", "0", "0", "0", "0", "0", "0", "0", "0", "0", "0", "0", "0", "0", "0", "0", "0", "0", "0", "0", "0", "0", "0", "0", "0", "0", "0", "0", "0", "0", "0", "0"]]}