{"state": {"resTurn": "14", "h": "7", "w": "12", "score": [["1", "0", "1", "0", "2", "1", "1", "2", "0", "1", "0", "1"], ["1", "0", "0", "0", "0", "0", "0", "0", "0", "0", "0", "1"], ["1", "2", "0", "0", "1", "0", "0", "1", "0", "0", "2", "1"], ["1", "-1", "0", "1", "0", "0", "0", "0", "1", "0", "-1", "1"], ["0", "0", "0", "0", "1", "0", "0", "1", "0", "0", "0", "0"], ["0", "0", "0", "0", "0", "1", "1", "0", "0", "0", "0", "0"], ["1", "1", "1", "-1", "0", "0", "0", "0", "-1", "1", "1", "1"]], "color": [["0", "0", "1", "1", "1", "1", "0", "1", "0", "2", "2", "2"], ["0", "1", "1", "1", "1", "1", "0", "2", "2", "2", "2", "2"], ["1", "1", "1", "1", "1", "1", "0", "2", "2", "2", "2", "2"], ["1", "1", "0", "1", "0", "2", "0", "0", "1", "0", "2", "2"], ["1", "0", "2", "2", "2", "0", "1", "1", "1", "0", "0", "2"], ["1", "2", "0", "2", "2", "1", "1", "1", "1", "1", "0", "0"], ["2", "0", "2", "2", "2", "2", "1", "1", "1", "0", "0", "0"]], "pos": [{"x": "0", "y": "5"}, {"x": "4", "y": "0"}, {"x": "1", "y": "5"}, {"x": "7", "y": "2"}]}, "q": "-0.001084018871386198", "z": "1", "visitCount": [["26", "17", "18", "41", "28", "0", "0", "0", "28", "0", "0", "0", "0", "0", "0", "0", "0", "27", "33", "39", "31", "28", "0", "0", "0", "31", "0", "0", "0", "0", "0", "0", "0", "0", "0", "0", "0", "0", "0", "0", "0", "0", "0", "0", "0", "0", "0", "0", "0", "0", "0", "0", "0", "0", "0", "0", "0", "0", "0", "0", "0", "0", "0", "0", "0", "0", "0", "0", "0", "0", "0", "0", "0", "0", "0", "0", "0", "0", "0", "0", "0", "0", "0", "0", "0", "0", "0", "0", "0", "0", "0", "0", "0", "0", "0", "0", "0", "0", "0", "0", "0", "0", "29", "26", "28", "28", "34", "0", "0", "0", "24", "0", "0", "0", "0", "0", "0", "0", "0", "30", "23", "26", "23", "23", "0", "0", "0", "32", "0", "0", "0", "0", "0", "0", "0", "0", "0", "0", "0", "0", "0", "0", "0", "0", "0", "0", "0", "0", "0", "0", "0", "0", "0", "0", "0", "0", "0", "0", "0", "0", "0", "0", "0", "0", "0", "0", "0", "0", "0", "0", "26", "31", "33", "25", "23", "0", "0", "0", "25", "0", "0", "0", "0", "0", "0", "0", "0", "0", "0", "0", "0", "0", "0", "0", "0", "0", "0", "0", "0", "0", "0", "0", "0", "0", "0", "0", "0", "0", "0", "0", "0", "0", "0", "0", "0", "0", "0", "0", "0", "0", "0", "0", "0", "0", "0", "0", "0", "0", "0", "0", "0", "0", "0", "0", "0", "0", "0", "0", "0", "0", "0", "0", "0", "0", "0", "0", "0", "0", "0", "0", "0", "0", "0", "0", "0", "0", "0", "0", "0", "0", "0", "0", "0", "0", "0", "0", "0", "0", "0", "0", "0", "0", "26", "24", "39", "26", "21", "0", "0", "0", "28", "0", "0", "0", "0", "0", "0", "0", "0"], ["14", "0", "13", "13", "9", "10", "10", "11", "11", "11", "0", "0", "0", "0", "0", "0", "0", "16", "0", "14", "16", "12", "13", "7", "12", "15", "11", "0", "0", "0", "0", "0", "0", "0", "11", "0", "8", "11", "10", "8", "13", "16", "16", "13", "0", "0", "0", "0", "0", "0", "0", "11", "0", "10", "10", "11", "12", "13", "14", "14", "15", "0", "0", "0", "0", "0", "0", "0", "0", "0", "0", "0", "0", "0", "0", "0", "0", "0", "0", "0", "0", "0", "0", "0", "0", "0", "0", "0", "0", "0", "0", "0", "0", "0", "0", "0", "0", "0", "0", "0", "0", "0", "11", "0", "14", "12", "12", "11", "10", "13", "12", "15", "0", "0", "0", "0", "0", "0", "0", "11", "0", "15", "10", "9", "14", "14", "11", "11", "15", "0", "0", "0", "0", "0", "0", "0", "11", "0", "14", "14", "14", "11", "11", "13", "15", "11", "0", "0", "0", "0", "0", "0", "0", "0", "0", "0", "0", "0", "0", "0", "0", "0", "0", "0", "0", "0", "0", "0", "0", "0", "0", "0", "0", "0", "0", "0", "0", "0", "0", "0", "0", "0", "0", "0", "0", "0", "0", "0", "0", "0", "0", "0", "0", "0", "0", "0", "0", "0", "0", "0", "0", "0", "0", "0", "15", "0", "13", "11", "12", "17", "15", "9", "12", "11", "0", "0", "0", "0", "0", "0", "0", "13", "0", "13", "13", "11", "14", "12", "11", "13", "17", "0", "0", "0", "0", "0", "0", "0", "0", "0", "0", "0", "0", "0", "0", "0", "0", "0", "0", "0", "0", "0", "0", "0", "0", "0", "0", "0", "0", "0", "0", "0", "0", "0", "0", "0", "0", "0", "0", "0", "0", "0", "0", "0", "0", "0", "0", "0", "0", "0", "0", "0", "0", "0", "0", "0", "0", "0", "0"]]}