{"state": {"resTurn": "13", "h": "7", "w": "12", "score": [["1", "0", "1", "0", "2", "1", "1", "2", "0", "1", "0", "1"], ["1", "0", "0", "0", "0", "0", "0", "0", "0", "0", "0", "1"], ["1", "2", "0", "0", "1", "0", "0", "1", "0", "0", "2", "1"], ["1", "-1", "0", "1", "0", "0", "0", "0", "1", "0", "-1", "1"], ["0", "0", "0", "0", "1", "0", "0", "1", "0", "0", "0", "0"], ["0", "0", "0", "0", "0", "1", "1", "0", "0", "0", "0", "0"], ["1", "1", "1", "-1", "0", "0", "0", "0", "-1", "1", "1", "1"]], "color": [["0", "0", "1", "1", "1", "1", "0", "1", "0", "2", "2", "2"], ["0", "1", "1", "1", "1", "1", "2", "2", "2", "2", "2", "2"], ["1", "1", "1", "1", "1", "1", "0", "2", "2", "2", "2", "2"], ["1", "1", "0", "1", "0", "2", "0", "0", "1", "0", "2", "2"], ["1", "0", "2", "2", "2", "0", "1", "1", "1", "0", "0", "2"], ["1", "2", "0", "2", "2", "1", "1", "1", "1", "1", "0", "0"], ["2", "0", "2", "2", "2", "2", "1", "1", "1", "0", "0", "0"]], "pos": [{"x": "0", "y": "5"}, {"x": "3", "y": "1"}, {"x": "1", "y": "5"}, {"x": "6", "y": "1"}]}, "q": "-0.001288876510705856", "z": "1", "visitCount": [["16", "22", "21", "15", "17", "18", "19", "23", "15", "0", "0", "0", "0", "0", "0", "0", "0", "16", "14", "17", "18", "19", "15", "20", "16", "18", "0", "0", "0", "0", "0", "0", "0", "0", "0", "0", "0", "0", "0", "0", "0", "0", "0", "0", "0", "0", "0", "0", "0", "0", "0", "0", "0", "0", "0", "0", "0", "0", "0", "0", "0", "0", "0", "0", "0", "0", "0", "0", "0", "0", "0", "0", "0", "0", "0", "0", "0", "0", "0", "0", "0", "0", "0", "0", "0", "0", "0", "0", "0", "0", "0", "0", "0", "0", "0", "0", "0", "0", "0", "0", "0", "0", "20", "17", "26", "15", "20", "19", "21", "21", "21", "0", "0", "0", "0", "0", "0", "0", "0", "24", "30", "21", "20", "23", "18", "25", "15", "19", "0", "0", "0", "0", "0", "0", "0", "0", "0", "0", "0", "0", "0", "0", "0", "0", "0", "0", "0", "0", "0", "0", "0", "0", "0", "0", "0", "0", "0", "0", "0", "0", "0", "0", "0", "0", "0", "0", "0", "0", "0", "0", "15", "21", "13", "17", "18", "17", "16", "14", "20", "0", "0", "0", "0", "0", "0", "0", "0", "0", "0", "0", "0", "0", "0", "0", "0", "0", "0", "0", "0", "0", "0", "0", "0", "0", "0", "0", "0", "0", "0", "0", "0", "0", "0", "0", "0", "0", "0", "0", "0", "0", "0", "0", "0", "0", "0", "0", "0", "0", "0", "0", "0", "0", "0", "0", "0", "0", "0", "0", "0", "0", "0", "0", "0", "0", "0", "0", "0", "0", "0", "0", "0", "0", "0", "0", "0", "0", "0", "0", "0", "0", "0", "0", "0", "0", "0", "0", "0", "0", "0", "0", "0", "0", "17", "16", "20", "13", "16", "18", "15", "17", "23", "0", "0", "0", "0", "0", "0", "0", "0"], ["13", "14", "11", "0", "0", "0", "12", "0", "11", "0", "0", "14", "10", "14", "0", "12", "0", "14", "11", "13", "0", "0", "0", "12", "0", "12", "0", "0", "9", "13", "12", "0", "12", "0", "12", "11", "10", "0", "0", "0", "13", "0", "13", "0", "0", "12", "12", "15", "0", "14", "0", "11", "9", "12", "0", "0", "0", "12", "0", "15", "0", "0", "10", "12", "12", "0", "14", "0", "0", "0", "0", "0", "0", "0", "0", "0", "0", "0", "0", "0", "0", "0", "0", "0", "0", "0", "0", "0", "0", "0", "0", "0", "0", "0", "0", "0", "0", "0", "0", "0", "0", "0", "12", "10", "13", "0", "0", "0", "12", "0", "11", "0", "0", "14", "11", "12", "0", "14", "0", "12", "15", "13", "0", "0", "0", "17", "0", "9", "0", "0", "11", "16", "10", "0", "13", "0", "15", "12", "12", "0", "0", "0", "14", "0", "16", "0", "0", "14", "9", "15", "0", "13", "0", "0", "0", "0", "0", "0", "0", "0", "0", "0", "0", "0", "0", "0", "0", "0", "0", "0", "0", "0", "0", "0", "0", "0", "0", "0", "0", "0", "0", "0", "0", "0", "0", "0", "0", "0", "0", "0", "0", "0", "0", "0", "0", "0", "0", "0", "0", "0", "0", "0", "0", "0", "14", "14", "9", "0", "0", "0", "15", "0", "11", "0", "0", "11", "15", "9", "0", "13", "0", "13", "12", "9", "0", "0", "0", "8", "0", "16", "0", "0", "14", "10", "10", "0", "14", "0", "0", "0", "0", "0", "0", "0", "0", "0", "0", "0", "0", "0", "0", "0", "0", "0", "0", "0", "0", "0", "0", "0", "0", "0", "0", "0", "0", "0", "0", "0", "0", "0", "0", "0", "0", "0", "0", "0", "0", "0", "0", "0", "0", "0", "0", "0", "0", "0", "0", "0", "0"]]}