{"state": {"resTurn": "12", "h": "7", "w": "12", "score": [["1", "0", "1", "0", "2", "1", "1", "2", "0", "1", "0", "1"], ["1", "0", "0", "0", "0", "0", "0", "0", "0", "0", "0", "1"], ["1", "2", "0", "0", "1", "0", "0", "1", "0", "0", "2", "1"], ["1", "-1", "0", "1", "0", "0", "0", "0", "1", "0", "-1", "1"], ["0", "0", "0", "0", "1", "0", "0", "1", "0", "0", "0", "0"], ["0", "0", "0", "0", "0", "1", "1", "0", "0", "0", "0", "0"], ["1", "1", "1", "-1", "0", "0", "0", "0", "-1", "1", "1", "1"]], "color": [["0", "0", "1", "1", "1", "1", "2", "1", "0", "2", "2", "2"], ["0", "1", "1", "1", "1", "1", "2", "2", "2", "2", "2", "2"], ["1", "1", "1", "1", "1", "1", "0", "2", "2", "2", "2", "2"], ["1", "1", "0", "1", "0", "2", "0", "0", "1", "0", "2", "2"], ["1", "1", "2", "2", "2", "0", "1", "1", "1", "0", "0", "2"], ["1", "2", "0", "2", "2", "1", "1", "1", "1", "1", "0", "0"], ["2", "0", "2", "2", "2", "2", "1", "1", "1", "0", "0", "0"]], "pos": [{"x": "1", "y": "4"}, {"x": "4", "y": "2"}, {"x": "2", "y": "4"}, {"x": "6", "y": "0"}]}, "q": "-0.001226439470115613", "z": "1", "visitCount": [["13", "0", "9", "13", "13", "17", "11", "12", "11", "11", "0", "0", "0", "0", "0", "0", "0", "14", "0", "13", "12", "10", "13", "15", "11", "10", "13", "0", "0", "0", "0", "0", "0", "0", "0", "0", "0", "0", "0", "0", "0", "0", "0", "0", "0", "0", "0", "0", "0", "0", "0", "12", "0", "13", "12", "9", "12", "11", "12", "14", "8", "0", "0", "0", "0", "0", "0", "0", "13", "0", "14", "13", "11", "12", "12", "12", "12", "9", "0", "0", "0", "0", "0", "0", "0", "14", "0", "14", "11", "13", "12", "9", "16", "11", "12", "0", "0", "0", "0", "0", "0", "0", "13", "0", "11", "14", "8", "14", "10", "15", "12", "10", "0", "0", "0", "0", "0", "0", "0", "10", "0", "12", "13", "14", "15", "13", "14", "14", "12", "0", "0", "0", "0", "0", "0", "0", "0", "0", "0", "0", "0", "0", "0", "0", "0", "0", "0", "0", "0", "0", "0", "0", "0", "0", "0", "0", "0", "0", "0", "0", "0", "0", "0", "0", "0", "0", "0", "0", "0", "0", "11", "0", "11", "12", "18", "12", "12", "10", "12", "17", "0", "0", "0", "0", "0", "0", "0", "0", "0", "0", "0", "0", "0", "0", "0", "0", "0", "0", "0", "0", "0", "0", "0", "0", "0", "0", "0", "0", "0", "0", "0", "0", "0", "0", "0", "0", "0", "0", "0", "0", "0", "0", "0", "0", "0", "0", "0", "0", "0", "0", "0", "0", "0", "0", "0", "0", "0", "0", "0", "0", "0", "0", "0", "0", "0", "0", "0", "0", "0", "0", "0", "0", "0", "0", "0", "0", "0", "0", "0", "0", "0", "0", "0", "0", "0", "0", "0", "0", "0", "0", "0", "0", "14", "0", "13", "13", "14", "17", "8", "13", "16", "9", "0", "0", "0", "0", "0", "0", "0"], ["17", "19", "22", "0", "0", "0", "0", "0", "0", "0", "0", "20", "20", "0", "0", "0", "15", "24", "15", "22", "0", "0", "0", "0", "0", "0", "0", "0", "17", "22", "0", "0", "0", "19", "15", "17", "18", "0", "0", "0", "0", "0", "0", "0", "0", "22", "14", "0", "0", "0", "17", "20", "27", "18", "0", "0", "0", "0", "0", "0", "0", "0", "17", "18", "0", "0", "0", "21", "0", "0", "0", "0", "0", "0", "0", "0", "0", "0", "0", "0", "0", "0", "0", "0", "0", "0", "0", "0", "0", "0", "0", "0", "0", "0", "0", "0", "0", "0", "0", "0", "0", "0", "15", "16", "19", "0", "0", "0", "0", "0", "0", "0", "0", "19", "13", "0", "0", "0", "18", "0", "0", "0", "0", "0", "0", "0", "0", "0", "0", "0", "0", "0", "0", "0", "0", "0", "13", "22", "20", "0", "0", "0", "0", "0", "0", "0", "0", "27", "20", "0", "0", "0", "21", "0", "0", "0", "0", "0", "0", "0", "0", "0", "0", "0", "0", "0", "0", "0", "0", "0", "0", "0", "0", "0", "0", "0", "0", "0", "0", "0", "0", "0", "0", "0", "0", "0", "0", "0", "0", "0", "0", "0", "0", "0", "0", "0", "0", "0", "0", "0", "0", "0", "0", "0", "14", "22", "16", "0", "0", "0", "0", "0", "0", "0", "0", "18", "22", "0", "0", "0", "16", "15", "19", "15", "0", "0", "0", "0", "0", "0", "0", "0", "16", "22", "0", "0", "0", "16", "0", "0", "0", "0", "0", "0", "0", "0", "0", "0", "0", "0", "0", "0", "0", "0", "0", "22", "24", "17", "0", "0", "0", "0", "0", "0", "0", "0", "16", "14", "0", "0", "0", "17", "0", "0", "0", "0", "0", "0", "0", "0", "0", "0", "0", "0", "0", "0", "0", "0", "0"]]}