{"state": {"resTurn": "74", "h": "7", "w": "12", "score": [["1", "0", "1", "0", "2", "1", "1", "2", "0", "1", "0", "1"], ["1", "0", "0", "0", "0", "0", "0", "0", "0", "0", "0", "1"], ["1", "2", "0", "0", "1", "0", "0", "1", "0", "0", "2", "1"], ["1", "-1", "0", "1", "0", "0", "0", "0", "1", "0", "-1", "1"], ["0", "0", "0", "0", "1", "0", "0", "1", "0", "0", "0", "0"], ["0", "0", "0", "0", "0", "1", "1", "0", "0", "0", "0", "0"], ["1", "1", "1", "-1", "0", "0", "0", "0", "-1", "1", "1", "1"]], "color": [["0", "0", "0", "0", "0", "0", "0", "2", "2", "2", "0", "0"], ["0", "0", "0", "0", "0", "0", "0", "2", "2", "2", "0", "0"], ["0", "0", "1", "1", "0", "0", "0", "0", "2", "0", "0", "0"], ["1", "0", "1", "1", "2", "2", "0", "0", "0", "0", "0", "0"], ["0", "1", "1", "2", "2", "0", "0", "0", "0", "0", "0", "0"], ["0", "0", "2", "2", "2", "1", "1", "0", "1", "0", "0", "0"], ["0", "0", "0", "0", "0", "0", "1", "1", "0", "0", "0", "0"]], "pos": [{"x": "6", "y": "5"}, {"x": "0", "y": "3"}, {"x": "2", "y": "5"}, {"x": "9", "y": "1"}]}, "q": "-0.001446110456668045", "z": "1", "visitCount": [["18", "19", "18", "0", "0", "0", "16", "16", "18", "0", "0", "0", "0", "0", "0", "0", "0", "20", "19", "19", "0", "0", "0", "19", "20", "16", "0", "0", "0", "0", "0", "0", "0", "0", "18", "17", "16", "0", "0", "0", "22", "16", "19", "0", "0", "0", "0", "0", "0", "0", "0", "13", "19", "13", "0", "0", "0", "17", "19", "19", "0", "0", "0", "0", "0", "0", "0", "0", "18", "13", "19", "0", "0", "0", "22", "25", "20", "0", "0", "0", "0", "0", "0", "0", "0", "16", "16", "17", "0", "0", "0", "18", "16", "14", "0", "0", "0", "0", "0", "0", "0", "0", "17", "16", "17", "0", "0", "0", "16", "18", "17", "0", "0", "0", "0", "0", "0", "0", "0", "24", "16", "23", "0", "0", "0", "32", "27", "19", "0", "0", "0", "0", "0", "0", "0", "0", "17", "19", "22", "0", "0", "0", "16", "26", "18", "0", "0", "0", "0", "0", "0", "0", "0", "0", "0", "0", "0", "0", "0", "0", "0", "0", "0", "0", "0", "0", "0", "0", "0", "0", "0", "0", "0", "0", "0", "0", "0", "0", "0", "0", "0", "0", "0", "0", "0", "0", "0", "0", "0", "0", "0", "0", "0", "0", "0", "0", "0", "0", "0", "0", "0", "0", "0", "0", "0", "0", "0", "0", "0", "0", "0", "0", "0", "0", "0", "0", "0", "0", "0", "0", "0", "0", "0", "0", "0", "0", "0", "0", "0", "0", "0", "0", "0", "0", "0", "0", "0", "0", "0", "0", "0", "0", "0", "0", "0", "0", "0", "0", "0", "0", "0", "0", "0", "0", "0", "0", "0", "0", "0", "0", "0", "0", "0", "0", "0", "0", "0", "0", "0", "0", "0", "0", "0", "0", "0", "0", "0", "0", "0", "0", "0", "0", "0", "0", "0", "0", "0", "0", "0"], ["12", "11", "14", "12", "13", "12", "14", "10", "13", "0", "0", "0", "0", "0", "0", "0", "0", "11", "12", "11", "12", "13", "14", "13", "11", "11", "0", "0", "0", "0", "0", "0", "0", "0", "13", "9", "11", "15", "12", "11", "13", "11", "15", "0", "0", "0", "0", "0", "0", "0", "0", "12", "12", "9", "13", "15", "13", "12", "13", "13", "0", "0", "0", "0", "0", "0", "0", "0", "13", "16", "10", "14", "11", "14", "13", "13", "13", "0", "0", "0", "0", "0", "0", "0", "0", "0", "0", "0", "0", "0", "0", "0", "0", "0", "0", "0", "0", "0", "0", "0", "0", "0", "0", "0", "0", "0", "0", "0", "0", "0", "0", "0", "0", "0", "0", "0", "0", "0", "0", "16", "12", "12", "11", "14", "14", "12", "13", "10", "0", "0", "0", "0", "0", "0", "0", "0", "16", "13", "10", "12", "10", "10", "11", "13", "13", "0", "0", "0", "0", "0", "0", "0", "0", "0", "0", "0", "0", "0", "0", "0", "0", "0", "0", "0", "0", "0", "0", "0", "0", "0", "0", "0", "0", "0", "0", "0", "0", "0", "0", "0", "0", "0", "0", "0", "0", "0", "0", "0", "0", "0", "0", "0", "0", "0", "0", "0", "0", "0", "0", "0", "0", "0", "0", "0", "0", "0", "0", "0", "0", "0", "0", "0", "0", "0", "0", "0", "0", "0", "0", "0", "0", "13", "11", "14", "12", "13", "12", "13", "11", "14", "0", "0", "0", "0", "0", "0", "0", "0", "12", "13", "12", "11", "14", "12", "9", "11", "13", "0", "0", "0", "0", "0", "0", "0", "0", "0", "0", "0", "0", "0", "0", "0", "0", "0", "0", "0", "0", "0", "0", "0", "0", "0", "0", "0", "0", "0", "0", "0", "0", "0", "0", "0", "0", "0", "0", "0", "0", "0", "0"]]}