{"state": {"resTurn": "11", "h": "7", "w": "12", "score": [["1", "0", "1", "0", "2", "1", "1", "2", "0", "1", "0", "1"], ["1", "0", "0", "0", "0", "0", "0", "0", "0", "0", "0", "1"], ["1", "2", "0", "0", "1", "0", "0", "1", "0", "0", "2", "1"], ["1", "-1", "0", "1", "0", "0", "0", "0", "1", "0", "-1", "1"], ["0", "0", "0", "0", "1", "0", "0", "1", "0", "0", "0", "0"], ["0", "0", "0", "0", "0", "1", "1", "0", "0", "0", "0", "0"], ["1", "1", "1", "-1", "0", "0", "0", "0", "-1", "1", "1", "1"]], "color": [["0", "0", "1", "1", "1", "1", "2", "1", "0", "2", "2", "2"], ["0", "1", "1", "1", "1", "1", "2", "2", "2", "2", "2", "2"], ["1", "1", "1", "1", "1", "1", "0", "2", "2", "2", "2", "2"], ["1", "1", "0", "1", "0", "2", "0", "0", "1", "0", "2", "2"], ["1", "1", "2", "2", "2", "0", "1", "1", "1", "0", "0", "2"], ["1", "2", "0", "2", "2", "1", "1", "1", "1", "1", "0", "0"], ["2", "0", "2", "2", "2", "2", "1", "1", "1", "0", "0", "0"]], "pos": [{"x": "1", "y": "4"}, {"x": "3", "y": "2"}, {"x": "1", "y": "5"}, {"x": "7", "y": "1"}]}, "q": "-0.001342824106941145", "z": "1", "visitCount": [["12", "12", "12", "11", "11", "15", "12", "14", "13", "0", "0", "0", "0", "0", "0", "0", "0", "14", "8", "11", "12", "12", "12", "11", "11", "10", "0", "0", "0", "0", "0", "0", "0", "0", "0", "0", "0", "0", "0", "0", "0", "0", "0", "0", "0", "0", "0", "0", "0", "0", "0", "12", "11", "17", "10", "15", "12", "13", "11", "13", "0", "0", "0", "0", "0", "0", "0", "0", "15", "12", "15", "13", "11", "12", "11", "17", "10", "0", "0", "0", "0", "0", "0", "0", "0", "12", "12", "17", "11", "14", "14", "12", "11", "12", "0", "0", "0", "0", "0", "0", "0", "0", "13", "12", "13", "14", "11", "13", "9", "11", "12", "0", "0", "0", "0", "0", "0", "0", "0", "12", "13", "14", "13", "13", "10", "14", "13", "11", "0", "0", "0", "0", "0", "0", "0", "0", "0", "0", "0", "0", "0", "0", "0", "0", "0", "0", "0", "0", "0", "0", "0", "0", "0", "0", "0", "0", "0", "0", "0", "0", "0", "0", "0", "0", "0", "0", "0", "0", "0", "0", "11", "14", "14", "13", "12", "14", "10", "12", "11", "0", "0", "0", "0", "0", "0", "0", "0", "0", "0", "0", "0", "0", "0", "0", "0", "0", "0", "0", "0", "0", "0", "0", "0", "0", "0", "0", "0", "0", "0", "0", "0", "0", "0", "0", "0", "0", "0", "0", "0", "0", "0", "0", "0", "0", "0", "0", "0", "0", "0", "0", "0", "0", "0", "0", "0", "0", "0", "0", "0", "0", "0", "0", "0", "0", "0", "0", "0", "0", "0", "0", "0", "0", "0", "0", "0", "0", "0", "0", "0", "0", "0", "0", "0", "0", "0", "0", "0", "0", "0", "0", "0", "0", "11", "11", "13", "15", "15", "13", "9", "12", "11", "0", "0", "0", "0", "0", "0", "0", "0"], ["16", "16", "15", "13", "11", "12", "0", "14", "10", "0", "0", "0", "0", "0", "13", "0", "0", "9", "12", "10", "13", "12", "11", "0", "12", "14", "0", "0", "0", "0", "0", "9", "0", "0", "10", "12", "11", "15", "12", "12", "0", "16", "11", "0", "0", "0", "0", "0", "12", "0", "0", "15", "10", "15", "13", "12", "15", "0", "13", "10", "0", "0", "0", "0", "0", "11", "0", "0", "0", "0", "0", "0", "0", "0", "0", "0", "0", "0", "0", "0", "0", "0", "0", "0", "0", "0", "0", "0", "0", "0", "0", "0", "0", "0", "0", "0", "0", "0", "0", "0", "0", "0", "0", "0", "0", "0", "0", "0", "0", "0", "0", "0", "0", "0", "0", "0", "0", "0", "0", "15", "9", "15", "11", "9", "8", "0", "8", "9", "0", "0", "0", "0", "0", "13", "0", "0", "13", "13", "10", "14", "13", "10", "0", "15", "17", "0", "0", "0", "0", "0", "10", "0", "0", "0", "0", "0", "0", "0", "0", "0", "0", "0", "0", "0", "0", "0", "0", "0", "0", "0", "0", "0", "0", "0", "0", "0", "0", "0", "0", "0", "0", "0", "0", "0", "0", "0", "0", "0", "0", "0", "0", "0", "0", "0", "0", "0", "0", "0", "0", "0", "0", "0", "0", "0", "14", "12", "9", "11", "12", "12", "0", "14", "14", "0", "0", "0", "0", "0", "12", "0", "0", "12", "16", "11", "15", "9", "13", "0", "14", "9", "0", "0", "0", "0", "0", "10", "0", "0", "14", "18", "12", "15", "13", "14", "0", "12", "11", "0", "0", "0", "0", "0", "13", "0", "0", "0", "0", "0", "0", "0", "0", "0", "0", "0", "0", "0", "0", "0", "0", "0", "0", "0", "0", "0", "0", "0", "0", "0", "0", "0", "0", "0", "0", "0", "0", "0", "0", "0", "0"]]}