{"state": {"resTurn": "9", "h": "7", "w": "12", "score": [["1", "0", "1", "0", "2", "1", "1", "2", "0", "1", "0", "1"], ["1", "0", "0", "0", "0", "0", "0", "0", "0", "0", "0", "1"], ["1", "2", "0", "0", "1", "0", "0", "1", "0", "0", "2", "1"], ["1", "-1", "0", "1", "0", "0", "0", "0", "1", "0", "-1", "1"], ["0", "0", "0", "0", "1", "0", "0", "1", "0", "0", "0", "0"], ["0", "0", "0", "0", "0", "1", "1", "0", "0", "0", "0", "0"], ["1", "1", "1", "-1", "0", "0", "0", "0", "-1", "1", "1", "1"]], "color": [["0", "0", "1", "1", "1", "1", "2", "1", "0", "2", "2", "2"], ["0", "1", "1", "1", "1", "1", "2", "2", "2", "2", "2", "2"], ["1", "1", "1", "1", "1", "1", "0", "2", "2", "2", "2", "2"], ["1", "1", "0", "1", "0", "2", "0", "0", "1", "2", "2", "2"], ["0", "1", "2", "2", "2", "0", "1", "1", "1", "0", "0", "2"], ["1", "2", "0", "2", "2", "1", "1", "1", "1", "1", "0", "0"], ["2", "0", "2", "2", "2", "2", "1", "1", "1", "0", "0", "0"]], "pos": [{"x": "1", "y": "4"}, {"x": "4", "y": "2"}, {"x": "1", "y": "5"}, {"x": "9", "y": "3"}]}, "q": "-0.001456646599642278", "z": "1", "visitCount": [["15", "0", "15", "12", "10", "9", "14", "11", "11", "11", "0", "0", "0", "0", "0", "0", "0", "13", "0", "15", "12", "12", "13", "10", "10", "14", "11", "0", "0", "0", "0", "0", "0", "0", "0", "0", "0", "0", "0", "0", "0", "0", "0", "0", "0", "0", "0", "0", "0", "0", "0", "11", "0", "13", "14", "12", "10", "11", "13", "11", "9", "0", "0", "0", "0", "0", "0", "0", "15", "0", "9", "11", "12", "11", "11", "13", "10", "16", "0", "0", "0", "0", "0", "0", "0", "11", "0", "12", "13", "13", "13", "14", "13", "13", "12", "0", "0", "0", "0", "0", "0", "0", "17", "0", "12", "11", "10", "12", "16", "13", "15", "16", "0", "0", "0", "0", "0", "0", "0", "15", "0", "10", "12", "13", "10", "9", "12", "11", "9", "0", "0", "0", "0", "0", "0", "0", "0", "0", "0", "0", "0", "0", "0", "0", "0", "0", "0", "0", "0", "0", "0", "0", "0", "0", "0", "0", "0", "0", "0", "0", "0", "0", "0", "0", "0", "0", "0", "0", "0", "0", "12", "0", "14", "12", "10", "12", "10", "15", "15", "14", "0", "0", "0", "0", "0", "0", "0", "0", "0", "0", "0", "0", "0", "0", "0", "0", "0", "0", "0", "0", "0", "0", "0", "0", "0", "0", "0", "0", "0", "0", "0", "0", "0", "0", "0", "0", "0", "0", "0", "0", "0", "0", "0", "0", "0", "0", "0", "0", "0", "0", "0", "0", "0", "0", "0", "0", "0", "0", "0", "0", "0", "0", "0", "0", "0", "0", "0", "0", "0", "0", "0", "0", "0", "0", "0", "0", "0", "0", "0", "0", "0", "0", "0", "0", "0", "0", "0", "0", "0", "0", "0", "0", "11", "0", "11", "17", "12", "9", "16", "12", "14", "17", "0", "0", "0", "0", "0", "0", "0"], ["12", "12", "14", "0", "0", "13", "12", "16", "16", "0", "0", "9", "12", "0", "0", "0", "0", "12", "14", "12", "0", "0", "14", "11", "13", "12", "0", "0", "11", "12", "0", "0", "0", "0", "13", "14", "12", "0", "0", "14", "11", "11", "12", "0", "0", "10", "15", "0", "0", "0", "0", "12", "13", "11", "0", "0", "12", "15", "12", "14", "0", "0", "13", "13", "0", "0", "0", "0", "0", "0", "0", "0", "0", "0", "0", "0", "0", "0", "0", "0", "0", "0", "0", "0", "0", "15", "14", "15", "0", "0", "10", "14", "12", "12", "0", "0", "13", "13", "0", "0", "0", "0", "0", "0", "0", "0", "0", "0", "0", "0", "0", "0", "0", "0", "0", "0", "0", "0", "0", "8", "12", "11", "0", "0", "13", "11", "9", "11", "0", "0", "10", "14", "0", "0", "0", "0", "13", "14", "13", "0", "0", "13", "12", "10", "15", "0", "0", "13", "12", "0", "0", "0", "0", "0", "0", "0", "0", "0", "0", "0", "0", "0", "0", "0", "0", "0", "0", "0", "0", "0", "0", "0", "0", "0", "0", "0", "0", "0", "0", "0", "0", "0", "0", "0", "0", "0", "0", "0", "0", "0", "0", "0", "0", "0", "0", "0", "0", "0", "0", "0", "0", "0", "0", "0", "13", "14", "13", "0", "0", "14", "10", "11", "11", "0", "0", "11", "11", "0", "0", "0", "0", "0", "0", "0", "0", "0", "0", "0", "0", "0", "0", "0", "0", "0", "0", "0", "0", "0", "10", "12", "11", "0", "0", "11", "12", "12", "11", "0", "0", "12", "15", "0", "0", "0", "0", "0", "0", "0", "0", "0", "0", "0", "0", "0", "0", "0", "0", "0", "0", "0", "0", "0", "0", "0", "0", "0", "0", "0", "0", "0", "0", "0", "0", "0", "0", "0", "0", "0", "0"]]}