{"state": {"resTurn": "8", "h": "7", "w": "12", "score": [["1", "0", "1", "0", "2", "1", "1", "2", "0", "1", "0", "1"], ["1", "0", "0", "0", "0", "0", "0", "0", "0", "0", "0", "1"], ["1", "2", "0", "0", "1", "0", "0", "1", "0", "0", "2", "1"], ["1", "-1", "0", "1", "0", "0", "0", "0", "1", "0", "-1", "1"], ["0", "0", "0", "0", "1", "0", "0", "1", "0", "0", "0", "0"], ["0", "0", "0", "0", "0", "1", "1", "0", "0", "0", "0", "0"], ["1", "1", "1", "-1", "0", "0", "0", "0", "-1", "1", "1", "1"]], "color": [["0", "0", "1", "1", "1", "1", "2", "1", "0", "2", "2", "2"], ["0", "1", "1", "1", "1", "1", "2", "2", "2", "2", "2", "2"], ["1", "1", "1", "1", "1", "1", "0", "2", "2", "2", "2", "2"], ["1", "1", "0", "1", "0", "2", "0", "0", "1", "2", "2", "2"], ["0", "1", "2", "2", "2", "0", "1", "1", "1", "0", "0", "2"], ["1", "2", "0", "2", "2", "1", "1", "1", "1", "1", "0", "0"], ["2", "0", "2", "2", "2", "2", "1", "1", "1", "0", "0", "0"]], "pos": [{"x": "1", "y": "3"}, {"x": "4", "y": "2"}, {"x": "1", "y": "5"}, {"x": "10", "y": "2"}]}, "q": "-0.001704788220058952", "z": "1", "visitCount": [["9", "0", "13", "14", "11", "12", "11", "13", "13", "14", "0", "0", "0", "0", "0", "0", "0", "0", "0", "0", "0", "0", "0", "0", "0", "0", "0", "0", "0", "0", "0", "0", "0", "0", "11", "0", "9", "15", "12", "11", "13", "12", "12", "14", "0", "0", "0", "0", "0", "0", "0", "10", "0", "18", "12", "11", "11", "10", "11", "14", "16", "0", "0", "0", "0", "0", "0", "0", "13", "0", "11", "13", "10", "12", "13", "14", "13", "9", "0", "0", "0", "0", "0", "0", "0", "13", "0", "12", "16", "12", "11", "11", "12", "13", "11", "0", "0", "0", "0", "0", "0", "0", "12", "0", "12", "13", "10", "11", "12", "12", "12", "12", "0", "0", "0", "0", "0", "0", "0", "13", "0", "14", "9", "10", "12", "9", "12", "13", "12", "0", "0", "0", "0", "0", "0", "0", "15", "0", "15", "10", "11", "15", "15", "11", "15", "10", "0", "0", "0", "0", "0", "0", "0", "18", "0", "15", "15", "12", "12", "12", "13", "13", "12", "0", "0", "0", "0", "0", "0", "0", "0", "0", "0", "0", "0", "0", "0", "0", "0", "0", "0", "0", "0", "0", "0", "0", "0", "0", "0", "0", "0", "0", "0", "0", "0", "0", "0", "0", "0", "0", "0", "0", "0", "0", "0", "0", "0", "0", "0", "0", "0", "0", "0", "0", "0", "0", "0", "0", "0", "0", "0", "0", "0", "0", "0", "0", "0", "0", "0", "0", "0", "0", "0", "0", "0", "0", "0", "0", "0", "0", "0", "0", "0", "0", "0", "0", "0", "0", "0", "0", "0", "0", "0", "0", "0", "0", "0", "0", "0", "0", "0", "0", "0", "0", "0", "0", "0", "0", "0", "0", "0", "0", "0", "0", "0", "0", "0", "0", "0", "0", "0", "0", "0", "0", "0", "0", "0", "0", "0"], ["14", "13", "9", "16", "12", "14", "14", "12", "14", "0", "0", "0", "0", "0", "0", "0", "0", "12", "13", "12", "12", "14", "13", "11", "12", "16", "0", "0", "0", "0", "0", "0", "0", "0", "9", "10", "9", "11", "11", "19", "9", "11", "13", "0", "0", "0", "0", "0", "0", "0", "0", "10", "12", "13", "12", "11", "17", "10", "13", "15", "0", "0", "0", "0", "0", "0", "0", "0", "0", "0", "0", "0", "0", "0", "0", "0", "0", "0", "0", "0", "0", "0", "0", "0", "0", "12", "10", "11", "14", "9", "15", "12", "10", "13", "0", "0", "0", "0", "0", "0", "0", "0", "0", "0", "0", "0", "0", "0", "0", "0", "0", "0", "0", "0", "0", "0", "0", "0", "0", "12", "11", "12", "12", "14", "13", "11", "15", "13", "0", "0", "0", "0", "0", "0", "0", "0", "12", "13", "11", "14", "10", "16", "10", "13", "10", "0", "0", "0", "0", "0", "0", "0", "0", "0", "0", "0", "0", "0", "0", "0", "0", "0", "0", "0", "0", "0", "0", "0", "0", "0", "0", "0", "0", "0", "0", "0", "0", "0", "0", "0", "0", "0", "0", "0", "0", "0", "0", "0", "0", "0", "0", "0", "0", "0", "0", "0", "0", "0", "0", "0", "0", "0", "0", "0", "12", "12", "10", "20", "12", "15", "12", "11", "10", "0", "0", "0", "0", "0", "0", "0", "0", "0", "0", "0", "0", "0", "0", "0", "0", "0", "0", "0", "0", "0", "0", "0", "0", "0", "15", "11", "16", "8", "14", "11", "10", "13", "12", "0", "0", "0", "0", "0", "0", "0", "0", "0", "0", "0", "0", "0", "0", "0", "0", "0", "0", "0", "0", "0", "0", "0", "0", "0", "0", "0", "0", "0", "0", "0", "0", "0", "0", "0", "0", "0", "0", "0", "0", "0", "0"]]}