{"state": {"resTurn": "7", "h": "7", "w": "12", "score": [["1", "0", "1", "0", "2", "1", "1", "2", "0", "1", "0", "1"], ["1", "0", "0", "0", "0", "0", "0", "0", "0", "0", "0", "1"], ["1", "2", "0", "0", "1", "0", "0", "1", "0", "0", "2", "1"], ["1", "-1", "0", "1", "0", "0", "0", "0", "1", "0", "-1", "1"], ["0", "0", "0", "0", "1", "0", "0", "1", "0", "0", "0", "0"], ["0", "0", "0", "0", "0", "1", "1", "0", "0", "0", "0", "0"], ["1", "1", "1", "-1", "0", "0", "0", "0", "-1", "1", "1", "1"]], "color": [["0", "0", "1", "1", "1", "1", "2", "1", "0", "2", "2", "2"], ["0", "1", "1", "1", "1", "1", "2", "2", "2", "2", "2", "2"], ["1", "1", "1", "1", "1", "1", "0", "2", "2", "2", "2", "2"], ["1", "1", "0", "1", "1", "2", "0", "0", "1", "2", "2", "2"], ["1", "1", "2", "2", "2", "0", "1", "1", "1", "0", "0", "2"], ["0", "2", "0", "2", "2", "1", "1", "1", "1", "1", "0", "0"], ["2", "0", "2", "2", "2", "2", "1", "1", "1", "0", "0", "0"]], "pos": [{"x": "0", "y": "4"}, {"x": "4", "y": "3"}, {"x": "1", "y": "5"}, {"x": "9", "y": "3"}]}, "q": "-0.001662098848086026", "z": "1", "visitCount": [["23", "16", "0", "0", "12", "17", "17", "20", "0", "0", "17", "15", "0", "0", "0", "0", "17", "0", "0", "0", "0", "0", "0", "0", "0", "0", "0", "0", "0", "0", "0", "0", "0", "0", "15", "18", "0", "0", "18", "13", "22", "22", "0", "0", "17", "13", "0", "0", "0", "0", "18", "0", "0", "0", "0", "0", "0", "0", "0", "0", "0", "0", "0", "0", "0", "0", "0", "0", "0", "0", "0", "0", "0", "0", "0", "0", "0", "0", "0", "0", "0", "0", "0", "0", "0", "0", "0", "0", "0", "0", "0", "0", "0", "0", "0", "0", "0", "0", "0", "0", "0", "0", "17", "20", "0", "0", "20", "22", "17", "17", "0", "0", "14", "11", "0", "0", "0", "0", "16", "19", "26", "0", "0", "24", "27", "21", "17", "0", "0", "23", "18", "0", "0", "0", "0", "22", "13", "20", "0", "0", "23", "16", "19", "24", "0", "0", "16", "24", "0", "0", "0", "0", "20", "25", "19", "0", "0", "16", "16", "15", "17", "0", "0", "14", "21", "0", "0", "0", "0", "21", "0", "0", "0", "0", "0", "0", "0", "0", "0", "0", "0", "0", "0", "0", "0", "0", "0", "0", "0", "0", "0", "0", "0", "0", "0", "0", "0", "0", "0", "0", "0", "0", "0", "0", "0", "0", "0", "0", "0", "0", "0", "0", "0", "0", "0", "0", "0", "0", "0", "0", "0", "0", "0", "0", "0", "0", "0", "0", "0", "0", "0", "0", "0", "0", "0", "0", "0", "0", "0", "0", "0", "0", "0", "0", "0", "0", "0", "0", "0", "0", "0", "0", "0", "0", "0", "0", "0", "0", "0", "0", "0", "0", "0", "0", "0", "0", "0", "0", "0", "0", "0", "0", "0", "0", "0", "0", "0", "0", "0", "0", "0", "0", "0", "0", "0", "0", "0", "0", "0"], ["12", "17", "10", "0", "0", "12", "12", "15", "13", "0", "0", "14", "10", "0", "0", "0", "0", "11", "11", "11", "0", "0", "12", "12", "16", "12", "0", "0", "10", "8", "0", "0", "0", "0", "14", "9", "15", "0", "0", "10", "12", "11", "11", "0", "0", "10", "15", "0", "0", "0", "0", "11", "16", "13", "0", "0", "11", "12", "13", "15", "0", "0", "11", "15", "0", "0", "0", "0", "11", "9", "17", "0", "0", "12", "11", "8", "12", "0", "0", "9", "15", "0", "0", "0", "0", "0", "0", "0", "0", "0", "0", "0", "0", "0", "0", "0", "0", "0", "0", "0", "0", "0", "0", "0", "0", "0", "0", "0", "0", "0", "0", "0", "0", "0", "0", "0", "0", "0", "0", "13", "11", "10", "0", "0", "9", "10", "10", "11", "0", "0", "13", "16", "0", "0", "0", "0", "14", "12", "12", "0", "0", "15", "12", "11", "11", "0", "0", "16", "15", "0", "0", "0", "0", "0", "0", "0", "0", "0", "0", "0", "0", "0", "0", "0", "0", "0", "0", "0", "0", "0", "0", "0", "0", "0", "0", "0", "0", "0", "0", "0", "0", "0", "0", "0", "0", "0", "0", "0", "0", "0", "0", "0", "0", "0", "0", "0", "0", "0", "0", "0", "0", "0", "0", "0", "0", "0", "0", "0", "0", "0", "0", "0", "0", "0", "0", "0", "0", "0", "0", "0", "0", "18", "10", "12", "0", "0", "11", "14", "12", "15", "0", "0", "15", "14", "0", "0", "0", "0", "14", "11", "11", "0", "0", "17", "15", "11", "12", "0", "0", "8", "13", "0", "0", "0", "0", "0", "0", "0", "0", "0", "0", "0", "0", "0", "0", "0", "0", "0", "0", "0", "0", "0", "0", "0", "0", "0", "0", "0", "0", "0", "0", "0", "0", "0", "0", "0", "0", "0", "0"]]}