{"state": {"resTurn": "6", "h": "7", "w": "12", "score": [["1", "0", "1", "0", "2", "1", "1", "2", "0", "1", "0", "1"], ["1", "0", "0", "0", "0", "0", "0", "0", "0", "0", "0", "1"], ["1", "2", "0", "0", "1", "0", "0", "1", "0", "0", "2", "1"], ["1", "-1", "0", "1", "0", "0", "0", "0", "1", "0", "-1", "1"], ["0", "0", "0", "0", "1", "0", "0", "1", "0", "0", "0", "0"], ["0", "0", "0", "0", "0", "1", "1", "0", "0", "0", "0", "0"], ["1", "1", "1", "-1", "0", "0", "0", "0", "-1", "1", "1", "1"]], "color": [["0", "0", "1", "1", "1", "1", "2", "1", "0", "2", "2", "2"], ["0", "1", "1", "1", "1", "1", "2", "2", "2", "2", "2", "2"], ["1", "1", "1", "1", "1", "1", "0", "2", "2", "2", "2", "2"], ["1", "1", "0", "1", "1", "2", "0", "0", "1", "2", "2", "2"], ["0", "1", "2", "2", "2", "0", "1", "1", "1", "0", "0", "2"], ["0", "2", "0", "2", "2", "1", "1", "1", "1", "1", "0", "0"], ["2", "0", "2", "2", "2", "2", "1", "1", "1", "0", "0", "0"]], "pos": [{"x": "1", "y": "3"}, {"x": "3", "y": "2"}, {"x": "1", "y": "5"}, {"x": "9", "y": "3"}]}, "q": "-0.00199778831150924", "z": "1", "visitCount": [["12", "16", "13", "13", "13", "12", "11", "12", "11", "0", "0", "0", "0", "0", "0", "0", "0", "0", "0", "0", "0", "0", "0", "0", "0", "0", "0", "0", "0", "0", "0", "0", "0", "0", "15", "12", "11", "11", "11", "9", "9", "14", "13", "0", "0", "0", "0", "0", "0", "0", "0", "14", "10", "10", "12", "10", "10", "10", "11", "17", "0", "0", "0", "0", "0", "0", "0", "0", "13", "14", "12", "14", "12", "10", "12", "10", "11", "0", "0", "0", "0", "0", "0", "0", "0", "10", "11", "15", "12", "14", "11", "13", "14", "10", "0", "0", "0", "0", "0", "0", "0", "0", "13", "15", "10", "14", "9", "12", "11", "12", "16", "0", "0", "0", "0", "0", "0", "0", "0", "12", "10", "11", "11", "13", "19", "12", "19", "13", "0", "0", "0", "0", "0", "0", "0", "0", "11", "15", "11", "15", "12", "11", "13", "12", "11", "0", "0", "0", "0", "0", "0", "0", "0", "14", "11", "12", "14", "12", "13", "10", "13", "18", "0", "0", "0", "0", "0", "0", "0", "0", "0", "0", "0", "0", "0", "0", "0", "0", "0", "0", "0", "0", "0", "0", "0", "0", "0", "0", "0", "0", "0", "0", "0", "0", "0", "0", "0", "0", "0", "0", "0", "0", "0", "0", "0", "0", "0", "0", "0", "0", "0", "0", "0", "0", "0", "0", "0", "0", "0", "0", "0", "0", "0", "0", "0", "0", "0", "0", "0", "0", "0", "0", "0", "0", "0", "0", "0", "0", "0", "0", "0", "0", "0", "0", "0", "0", "0", "0", "0", "0", "0", "0", "0", "0", "0", "0", "0", "0", "0", "0", "0", "0", "0", "0", "0", "0", "0", "0", "0", "0", "0", "0", "0", "0", "0", "0", "0", "0", "0", "0", "0", "0", "0", "0", "0", "0", "0", "0", "0"], ["12", "10", "13", "0", "0", "11", "10", "13", "11", "0", "0", "16", "10", "0", "0", "0", "0", "15", "13", "11", "0", "0", "11", "13", "13", "8", "0", "0", "12", "14", "0", "0", "0", "0", "11", "11", "12", "0", "0", "13", "13", "12", "10", "0", "0", "12", "14", "0", "0", "0", "0", "12", "11", "11", "0", "0", "14", "12", "13", "8", "0", "0", "12", "10", "0", "0", "0", "0", "15", "13", "14", "0", "0", "16", "13", "11", "9", "0", "0", "13", "16", "0", "0", "0", "0", "10", "11", "15", "0", "0", "14", "13", "9", "10", "0", "0", "13", "13", "0", "0", "0", "0", "0", "0", "0", "0", "0", "0", "0", "0", "0", "0", "0", "0", "0", "0", "0", "0", "0", "13", "10", "15", "0", "0", "9", "10", "13", "9", "0", "0", "14", "15", "0", "0", "0", "0", "18", "15", "12", "0", "0", "13", "14", "13", "10", "0", "0", "13", "14", "0", "0", "0", "0", "0", "0", "0", "0", "0", "0", "0", "0", "0", "0", "0", "0", "0", "0", "0", "0", "0", "0", "0", "0", "0", "0", "0", "0", "0", "0", "0", "0", "0", "0", "0", "0", "0", "0", "0", "0", "0", "0", "0", "0", "0", "0", "0", "0", "0", "0", "0", "0", "0", "0", "0", "0", "0", "0", "0", "0", "0", "0", "0", "0", "0", "0", "0", "0", "0", "0", "0", "0", "0", "0", "0", "0", "0", "0", "0", "0", "0", "0", "0", "0", "0", "0", "0", "0", "0", "11", "17", "12", "0", "0", "11", "15", "10", "11", "0", "0", "15", "13", "0", "0", "0", "0", "0", "0", "0", "0", "0", "0", "0", "0", "0", "0", "0", "0", "0", "0", "0", "0", "0", "0", "0", "0", "0", "0", "0", "0", "0", "0", "0", "0", "0", "0", "0", "0", "0", "0"]]}