{"state": {"resTurn": "5", "h": "7", "w": "12", "score": [["1", "0", "1", "0", "2", "1", "1", "2", "0", "1", "0", "1"], ["1", "0", "0", "0", "0", "0", "0", "0", "0", "0", "0", "1"], ["1", "2", "0", "0", "1", "0", "0", "1", "0", "0", "2", "1"], ["1", "-1", "0", "1", "0", "0", "0", "0", "1", "0", "-1", "1"], ["0", "0", "0", "0", "1", "0", "0", "1", "0", "0", "0", "0"], ["0", "0", "0", "0", "0", "1", "1", "0", "0", "0", "0", "0"], ["1", "1", "1", "-1", "0", "0", "0", "0", "-1", "1", "1", "1"]], "color": [["0", "0", "1", "1", "1", "1", "2", "1", "0", "2", "2", "2"], ["0", "1", "1", "1", "1", "1", "2", "2", "2", "2", "2", "2"], ["1", "1", "1", "1", "1", "1", "0", "2", "2", "2", "2", "2"], ["1", "1", "0", "1", "1", "2", "0", "0", "1", "2", "2", "2"], ["0", "1", "2", "2", "2", "0", "1", "1", "1", "0", "0", "2"], ["0", "2", "2", "2", "2", "1", "1", "1", "1", "1", "0", "0"], ["2", "0", "2", "2", "2", "2", "1", "1", "1", "0", "0", "0"]], "pos": [{"x": "2", "y": "2"}, {"x": "2", "y": "1"}, {"x": "2", "y": "5"}, {"x": "9", "y": "3"}]}, "q": "-0.001751455602670701", "z": "1", "visitCount": [["14", "13", "10", "11", "12", "13", "12", "13", "17", "0", "0", "0", "0", "0", "0", "0", "0", "10", "12", "14", "12", "10", "16", "8", "11", "15", "0", "0", "0", "0", "0", "0", "0", "0", "13", "13", "14", "10", "12", "10", "8", "11", "14", "0", "0", "0", "0", "0", "0", "0", "0", "12", "11", "10", "14", "12", "14", "14", "14", "10", "0", "0", "0", "0", "0", "0", "0", "0", "14", "13", "13", "13", "12", "13", "11", "14", "12", "0", "0", "0", "0", "0", "0", "0", "0", "13", "9", "10", "15", "12", "11", "13", "10", "13", "0", "0", "0", "0", "0", "0", "0", "0", "13", "12", "12", "12", "10", "14", "10", "12", "12", "0", "0", "0", "0", "0", "0", "0", "0", "13", "13", "11", "14", "13", "15", "14", "11", "10", "0", "0", "0", "0", "0", "0", "0", "0", "13", "17", "12", "11", "12", "10", "12", "17", "15", "0", "0", "0", "0", "0", "0", "0", "0", "0", "0", "0", "0", "0", "0", "0", "0", "0", "0", "0", "0", "0", "0", "0", "0", "0", "0", "0", "0", "0", "0", "0", "0", "0", "0", "0", "0", "0", "0", "0", "0", "0", "0", "0", "0", "0", "0", "0", "0", "0", "0", "0", "0", "0", "0", "0", "0", "0", "0", "0", "0", "0", "0", "0", "0", "0", "0", "0", "0", "0", "0", "0", "0", "0", "0", "0", "0", "0", "0", "0", "0", "0", "0", "0", "0", "0", "0", "0", "0", "0", "0", "0", "0", "0", "0", "0", "0", "0", "0", "0", "0", "0", "0", "0", "0", "0", "0", "0", "0", "0", "0", "0", "0", "0", "0", "0", "0", "0", "0", "0", "0", "0", "0", "0", "0", "0", "0", "0", "0", "0", "0", "0", "0", "0", "0", "0", "0", "0", "0", "0", "0", "0", "0", "0", "0"], ["14", "14", "11", "0", "0", "13", "12", "13", "11", "0", "0", "15", "11", "0", "0", "0", "0", "12", "10", "10", "0", "0", "10", "10", "13", "13", "0", "0", "13", "13", "0", "0", "0", "0", "15", "13", "12", "0", "0", "17", "12", "11", "9", "0", "0", "13", "13", "0", "0", "0", "0", "11", "11", "13", "0", "0", "9", "10", "11", "15", "0", "0", "11", "13", "0", "0", "0", "0", "11", "14", "15", "0", "0", "15", "12", "12", "8", "0", "0", "13", "14", "0", "0", "0", "0", "0", "0", "0", "0", "0", "0", "0", "0", "0", "0", "0", "0", "0", "0", "0", "0", "0", "12", "17", "12", "0", "0", "14", "10", "15", "15", "0", "0", "8", "15", "0", "0", "0", "0", "15", "13", "14", "0", "0", "13", "9", "10", "12", "0", "0", "14", "13", "0", "0", "0", "0", "15", "11", "11", "0", "0", "12", "11", "13", "10", "0", "0", "11", "13", "0", "0", "0", "0", "0", "0", "0", "0", "0", "0", "0", "0", "0", "0", "0", "0", "0", "0", "0", "0", "0", "0", "0", "0", "0", "0", "0", "0", "0", "0", "0", "0", "0", "0", "0", "0", "0", "0", "0", "0", "0", "0", "0", "0", "0", "0", "0", "0", "0", "0", "0", "0", "0", "0", "0", "0", "0", "0", "0", "0", "0", "0", "0", "0", "0", "0", "0", "0", "0", "0", "0", "0", "10", "11", "12", "0", "0", "13", "12", "13", "11", "0", "0", "13", "16", "0", "0", "0", "0", "0", "0", "0", "0", "0", "0", "0", "0", "0", "0", "0", "0", "0", "0", "0", "0", "0", "0", "0", "0", "0", "0", "0", "0", "0", "0", "0", "0", "0", "0", "0", "0", "0", "0", "0", "0", "0", "0", "0", "0", "0", "0", "0", "0", "0", "0", "0", "0", "0", "0", "0"]]}