{"state": {"resTurn": "4", "h": "7", "w": "12", "score": [["1", "0", "1", "0", "2", "1", "1", "2", "0", "1", "0", "1"], ["1", "0", "0", "0", "0", "0", "0", "0", "0", "0", "0", "1"], ["1", "2", "0", "0", "1", "0", "0", "1", "0", "0", "2", "1"], ["1", "-1", "0", "1", "0", "0", "0", "0", "1", "0", "-1", "1"], ["0", "0", "0", "0", "1", "0", "0", "1", "0", "0", "0", "0"], ["0", "0", "0", "0", "0", "1", "1", "0", "0", "0", "0", "0"], ["1", "1", "1", "-1", "0", "0", "0", "0", "-1", "1", "1", "1"]], "color": [["0", "0", "1", "1", "1", "1", "2", "1", "0", "2", "2", "2"], ["0", "1", "1", "1", "1", "1", "2", "2", "2", "2", "2", "2"], ["1", "1", "1", "1", "1", "1", "0", "2", "2", "2", "2", "2"], ["1", "1", "0", "1", "1", "2", "0", "0", "1", "2", "2", "2"], ["0", "1", "2", "2", "2", "0", "1", "1", "1", "0", "0", "2"], ["0", "2", "2", "2", "2", "1", "1", "1", "1", "1", "0", "0"], ["2", "0", "2", "2", "2", "2", "1", "1", "1", "0", "0", "0"]], "pos": [{"x": "2", "y": "2"}, {"x": "3", "y": "1"}, {"x": "2", "y": "6"}, {"x": "8", "y": "2"}]}, "q": "-0.001798987573304823", "z": "1", "visitCount": [["12", "14", "13", "12", "13", "11", "12", "13", "15", "0", "0", "0", "0", "0", "0", "0", "0", "13", "10", "10", "13", "11", "15", "14", "13", "10", "0", "0", "0", "0", "0", "0", "0", "0", "13", "10", "14", "13", "11", "14", "13", "12", "12", "0", "0", "0", "0", "0", "0", "0", "0", "14", "10", "13", "11", "12", "12", "13", "16", "14", "0", "0", "0", "0", "0", "0", "0", "0", "14", "15", "12", "13", "12", "8", "12", "9", "10", "0", "0", "0", "0", "0", "0", "0", "0", "13", "11", "11", "12", "11", "12", "12", "11", "13", "0", "0", "0", "0", "0", "0", "0", "0", "13", "12", "14", "11", "10", "14", "10", "15", "12", "0", "0", "0", "0", "0", "0", "0", "0", "13", "9", "11", "14", "14", "10", "13", "15", "17", "0", "0", "0", "0", "0", "0", "0", "0", "14", "9", "10", "12", "15", "12", "15", "11", "13", "0", "0", "0", "0", "0", "0", "0", "0", "0", "0", "0", "0", "0", "0", "0", "0", "0", "0", "0", "0", "0", "0", "0", "0", "0", "0", "0", "0", "0", "0", "0", "0", "0", "0", "0", "0", "0", "0", "0", "0", "0", "0", "0", "0", "0", "0", "0", "0", "0", "0", "0", "0", "0", "0", "0", "0", "0", "0", "0", "0", "0", "0", "0", "0", "0", "0", "0", "0", "0", "0", "0", "0", "0", "0", "0", "0", "0", "0", "0", "0", "0", "0", "0", "0", "0", "0", "0", "0", "0", "0", "0", "0", "0", "0", "0", "0", "0", "0", "0", "0", "0", "0", "0", "0", "0", "0", "0", "0", "0", "0", "0", "0", "0", "0", "0", "0", "0", "0", "0", "0", "0", "0", "0", "0", "0", "0", "0", "0", "0", "0", "0", "0", "0", "0", "0", "0", "0", "0", "0", "0", "0", "0", "0", "0"], ["17", "23", "0", "20", "16", "21", "19", "21", "22", "0", "19", "0", "0", "0", "0", "0", "0", "0", "0", "0", "0", "0", "0", "0", "0", "0", "0", "0", "0", "0", "0", "0", "0", "0", "0", "0", "0", "0", "0", "0", "0", "0", "0", "0", "0", "0", "0", "0", "0", "0", "0", "0", "0", "0", "0", "0", "0", "0", "0", "0", "0", "0", "0", "0", "0", "0", "0", "0", "14", "15", "0", "17", "23", "15", "15", "11", "16", "0", "17", "0", "0", "0", "0", "0", "0", "20", "15", "0", "15", "17", "16", "20", "19", "12", "0", "20", "0", "0", "0", "0", "0", "0", "18", "25", "0", "19", "30", "14", "23", "19", "22", "0", "18", "0", "0", "0", "0", "0", "0", "18", "18", "0", "22", "15", "20", "16", "16", "18", "0", "20", "0", "0", "0", "0", "0", "0", "21", "24", "0", "18", "15", "18", "22", "20", "17", "0", "19", "0", "0", "0", "0", "0", "0", "0", "0", "0", "0", "0", "0", "0", "0", "0", "0", "0", "0", "0", "0", "0", "0", "0", "0", "0", "0", "0", "0", "0", "0", "0", "0", "0", "0", "0", "0", "0", "0", "0", "0", "0", "0", "0", "0", "0", "0", "0", "0", "0", "0", "0", "0", "0", "0", "0", "0", "0", "0", "0", "0", "0", "0", "0", "0", "0", "0", "0", "0", "0", "0", "0", "0", "0", "0", "0", "0", "0", "0", "0", "0", "0", "0", "0", "0", "0", "0", "0", "0", "0", "0", "0", "0", "0", "0", "0", "0", "0", "0", "0", "0", "0", "0", "0", "0", "0", "0", "0", "0", "0", "0", "0", "0", "0", "0", "0", "0", "0", "0", "0", "0", "0", "0", "0", "0", "0", "0", "0", "0", "0", "0", "0", "0", "0", "0", "0", "0", "0", "0", "0", "0", "0", "0"]]}