{"state": {"resTurn": "3", "h": "7", "w": "12", "score": [["1", "0", "1", "0", "2", "1", "1", "2", "0", "1", "0", "1"], ["1", "0", "0", "0", "0", "0", "0", "0", "0", "0", "0", "1"], ["1", "2", "0", "0", "1", "0", "0", "1", "0", "0", "2", "1"], ["1", "-1", "0", "1", "0", "0", "0", "0", "1", "0", "-1", "1"], ["0", "0", "0", "0", "1", "0", "0", "1", "0", "0", "0", "0"], ["0", "0", "0", "0", "0", "1", "1", "0", "0", "0", "0", "0"], ["1", "1", "1", "-1", "0", "0", "0", "0", "-1", "1", "1", "1"]], "color": [["0", "0", "1", "1", "1", "1", "2", "1", "0", "2", "2", "2"], ["0", "1", "1", "1", "1", "1", "2", "2", "2", "2", "2", "2"], ["1", "1", "1", "1", "1", "1", "0", "2", "2", "2", "2", "2"], ["1", "1", "0", "1", "1", "2", "0", "0", "1", "2", "2", "2"], ["0", "1", "2", "2", "2", "0", "1", "1", "1", "0", "0", "2"], ["0", "2", "2", "2", "2", "1", "1", "1", "1", "1", "0", "0"], ["2", "0", "2", "2", "2", "2", "1", "1", "1", "0", "0", "0"]], "pos": [{"x": "3", "y": "1"}, {"x": "4", "y": "1"}, {"x": "2", "y": "5"}, {"x": "7", "y": "2"}]}, "q": "-0.001642664819878465", "z": "1", "visitCount": [["9", "11", "14", "12", "15", "12", "17", "12", "13", "0", "0", "0", "0", "0", "0", "0", "0", "12", "10", "12", "14", "10", "13", "13", "13", "14", "0", "0", "0", "0", "0", "0", "0", "0", "11", "10", "11", "9", "13", "13", "11", "10", "11", "0", "0", "0", "0", "0", "0", "0", "0", "16", "13", "11", "11", "17", "12", "13", "10", "13", "0", "0", "0", "0", "0", "0", "0", "0", "10", "13", "11", "12", "13", "15", "12", "11", "15", "0", "0", "0", "0", "0", "0", "0", "0", "13", "14", "11", "9", "15", "11", "14", "12", "12", "0", "0", "0", "0", "0", "0", "0", "0", "11", "10", "12", "10", "11", "15", "11", "11", "15", "0", "0", "0", "0", "0", "0", "0", "0", "13", "13", "11", "14", "15", "12", "11", "12", "12", "0", "0", "0", "0", "0", "0", "0", "0", "16", "13", "11", "12", "14", "11", "13", "15", "13", "0", "0", "0", "0", "0", "0", "0", "0", "0", "0", "0", "0", "0", "0", "0", "0", "0", "0", "0", "0", "0", "0", "0", "0", "0", "0", "0", "0", "0", "0", "0", "0", "0", "0", "0", "0", "0", "0", "0", "0", "0", "0", "0", "0", "0", "0", "0", "0", "0", "0", "0", "0", "0", "0", "0", "0", "0", "0", "0", "0", "0", "0", "0", "0", "0", "0", "0", "0", "0", "0", "0", "0", "0", "0", "0", "0", "0", "0", "0", "0", "0", "0", "0", "0", "0", "0", "0", "0", "0", "0", "0", "0", "0", "0", "0", "0", "0", "0", "0", "0", "0", "0", "0", "0", "0", "0", "0", "0", "0", "0", "0", "0", "0", "0", "0", "0", "0", "0", "0", "0", "0", "0", "0", "0", "0", "0", "0", "0", "0", "0", "0", "0", "0", "0", "0", "0", "0", "0", "0", "0", "0", "0", "0", "0"], ["12", "0", "12", "12", "11", "13", "15", "10", "12", "13", "0", "0", "0", "0", "0", "0", "0", "14", "0", "12", "9", "12", "15", "16", "12", "12", "12", "0", "0", "0", "0", "0", "0", "0", "12", "0", "12", "15", "10", "12", "11", "10", "12", "12", "0", "0", "0", "0", "0", "0", "0", "12", "0", "11", "15", "12", "12", "14", "14", "15", "12", "0", "0", "0", "0", "0", "0", "0", "12", "0", "14", "14", "14", "15", "11", "11", "13", "11", "0", "0", "0", "0", "0", "0", "0", "0", "0", "0", "0", "0", "0", "0", "0", "0", "0", "0", "0", "0", "0", "0", "0", "0", "13", "0", "13", "12", "9", "14", "15", "10", "12", "14", "0", "0", "0", "0", "0", "0", "0", "13", "0", "12", "13", "12", "11", "11", "10", "12", "12", "0", "0", "0", "0", "0", "0", "0", "10", "0", "13", "13", "10", "9", "13", "12", "12", "13", "0", "0", "0", "0", "0", "0", "0", "0", "0", "0", "0", "0", "0", "0", "0", "0", "0", "0", "0", "0", "0", "0", "0", "0", "0", "0", "0", "0", "0", "0", "0", "0", "0", "0", "0", "0", "0", "0", "0", "0", "0", "0", "0", "0", "0", "0", "0", "0", "0", "0", "0", "0", "0", "0", "0", "0", "0", "0", "0", "0", "0", "0", "0", "0", "0", "0", "0", "0", "0", "0", "0", "0", "0", "0", "0", "12", "0", "12", "12", "11", "11", "14", "16", "12", "16", "0", "0", "0", "0", "0", "0", "0", "0", "0", "0", "0", "0", "0", "0", "0", "0", "0", "0", "0", "0", "0", "0", "0", "0", "0", "0", "0", "0", "0", "0", "0", "0", "0", "0", "0", "0", "0", "0", "0", "0", "0", "0", "0", "0", "0", "0", "0", "0", "0", "0", "0", "0", "0", "0", "0", "0", "0", "0"]]}