{"state": {"resTurn": "2", "h": "7", "w": "12", "score": [["1", "0", "1", "0", "2", "1", "1", "2", "0", "1", "0", "1"], ["1", "0", "0", "0", "0", "0", "0", "0", "0", "0", "0", "1"], ["1", "2", "0", "0", "1", "0", "0", "1", "0", "0", "2", "1"], ["1", "-1", "0", "1", "0", "0", "0", "0", "1", "0", "-1", "1"], ["0", "0", "0", "0", "1", "0", "0", "1", "0", "0", "0", "0"], ["0", "0", "0", "0", "0", "1", "1", "0", "0", "0", "0", "0"], ["1", "1", "1", "-1", "0", "0", "0", "0", "-1", "1", "1", "1"]], "color": [["0", "0", "1", "1", "1", "1", "2", "1", "0", "2", "2", "2"], ["0", "1", "1", "1", "1", "1", "2", "2", "2", "2", "2", "2"], ["1", "1", "1", "1", "1", "1", "0", "2", "2", "2", "2", "2"], ["1", "1", "0", "1", "1", "2", "0", "0", "1", "2", "2", "2"], ["0", "1", "2", "2", "2", "0", "1", "1", "1", "0", "0", "2"], ["0", "2", "2", "2", "2", "1", "1", "1", "1", "1", "0", "0"], ["2", "0", "2", "2", "2", "2", "1", "1", "1", "0", "0", "0"]], "pos": [{"x": "3", "y": "1"}, {"x": "4", "y": "0"}, {"x": "3", "y": "6"}, {"x": "7", "y": "1"}]}, "q": "-0.001798453893715736", "z": "1", "visitCount": [["15", "17", "20", "23", "14", "0", "0", "0", "16", "0", "0", "0", "0", "0", "0", "0", "0", "22", "14", "19", "22", "26", "0", "0", "0", "17", "0", "0", "0", "0", "0", "0", "0", "0", "17", "19", "13", "14", "19", "0", "0", "0", "20", "0", "0", "0", "0", "0", "0", "0", "0", "16", "20", "17", "18", "19", "0", "0", "0", "28", "0", "0", "0", "0", "0", "0", "0", "0", "14", "18", "20", "15", "17", "0", "0", "0", "22", "0", "0", "0", "0", "0", "0", "0", "0", "19", "16", "21", "22", "15", "0", "0", "0", "16", "0", "0", "0", "0", "0", "0", "0", "0", "21", "17", "21", "17", "14", "0", "0", "0", "19", "0", "0", "0", "0", "0", "0", "0", "0", "21", "18", "16", "14", "18", "0", "0", "0", "22", "0", "0", "0", "0", "0", "0", "0", "0", "18", "21", "20", "25", "21", "0", "0", "0", "17", "0", "0", "0", "0", "0", "0", "0", "0", "0", "0", "0", "0", "0", "0", "0", "0", "0", "0", "0", "0", "0", "0", "0", "0", "0", "0", "0", "0", "0", "0", "0", "0", "0", "0", "0", "0", "0", "0", "0", "0", "0", "0", "0", "0", "0", "0", "0", "0", "0", "0", "0", "0", "0", "0", "0", "0", "0", "0", "0", "0", "0", "0", "0", "0", "0", "0", "0", "0", "0", "0", "0", "0", "0", "0", "0", "0", "0", "0", "0", "0", "0", "0", "0", "0", "0", "0", "0", "0", "0", "0", "0", "0", "0", "0", "0", "0", "0", "0", "0", "0", "0", "0", "0", "0", "0", "0", "0", "0", "0", "0", "0", "0", "0", "0", "0", "0", "0", "0", "0", "0", "0", "0", "0", "0", "0", "0", "0", "0", "0", "0", "0", "0", "0", "0", "0", "0", "0", "0", "0", "0", "0", "0", "0", "0"], ["12", "12", "18", "18", "13", "14", "0", "18", "22", "0", "0", "0", "0", "0", "22", "0", "0", "0", "0", "0", "0", "0", "0", "0", "0", "0", "0", "0", "0", "0", "0", "0", "0", "0", "0", "0", "0", "0", "0", "0", "0", "0", "0", "0", "0", "0", "0", "0", "0", "0", "0", "0", "0", "0", "0", "0", "0", "0", "0", "0", "0", "0", "0", "0", "0", "0", "0", "0", "16", "18", "26", "17", "21", "19", "0", "19", "16", "0", "0", "0", "0", "0", "25", "0", "0", "21", "14", "25", "17", "18", "15", "0", "18", "17", "0", "0", "0", "0", "0", "21", "0", "0", "13", "15", "20", "19", "20", "15", "0", "15", "21", "0", "0", "0", "0", "0", "15", "0", "0", "21", "21", "18", "16", "21", "19", "0", "15", "18", "0", "0", "0", "0", "0", "13", "0", "0", "21", "18", "20", "18", "22", "30", "0", "22", "21", "0", "0", "0", "0", "0", "21", "0", "0", "0", "0", "0", "0", "0", "0", "0", "0", "0", "0", "0", "0", "0", "0", "0", "0", "0", "0", "0", "0", "0", "0", "0", "0", "0", "0", "0", "0", "0", "0", "0", "0", "0", "0", "0", "0", "0", "0", "0", "0", "0", "0", "0", "0", "0", "0", "0", "0", "0", "0", "0", "0", "0", "0", "0", "0", "0", "0", "0", "0", "0", "0", "0", "0", "0", "0", "0", "0", "0", "0", "0", "0", "0", "0", "0", "0", "0", "0", "0", "0", "0", "0", "0", "0", "0", "0", "0", "0", "0", "0", "0", "0", "0", "0", "0", "0", "0", "0", "0", "0", "0", "0", "0", "0", "0", "0", "0", "0", "0", "0", "0", "0", "0", "0", "0", "0", "0", "0", "0", "0", "0", "0", "0", "0", "0", "0", "0", "0", "0", "0", "0", "0", "0", "0", "0", "0"]]}