{"state": {"resTurn": "73", "h": "7", "w": "12", "score": [["1", "0", "1", "0", "2", "1", "1", "2", "0", "1", "0", "1"], ["1", "0", "0", "0", "0", "0", "0", "0", "0", "0", "0", "1"], ["1", "2", "0", "0", "1", "0", "0", "1", "0", "0", "2", "1"], ["1", "-1", "0", "1", "0", "0", "0", "0", "1", "0", "-1", "1"], ["0", "0", "0", "0", "1", "0", "0", "1", "0", "0", "0", "0"], ["0", "0", "0", "0", "0", "1", "1", "0", "0", "0", "0", "0"], ["1", "1", "1", "-1", "0", "0", "0", "0", "-1", "1", "1", "1"]], "color": [["0", "0", "0", "0", "0", "0", "0", "2", "2", "2", "0", "0"], ["0", "0", "0", "0", "0", "0", "0", "2", "2", "2", "0", "0"], ["1", "0", "1", "1", "0", "0", "0", "0", "2", "0", "2", "0"], ["1", "0", "1", "1", "2", "2", "0", "0", "0", "0", "0", "0"], ["0", "1", "1", "2", "2", "0", "0", "1", "0", "0", "0", "0"], ["0", "2", "2", "2", "2", "1", "1", "0", "1", "0", "0", "0"], ["0", "0", "0", "0", "0", "0", "1", "1", "0", "0", "0", "0"]], "pos": [{"x": "7", "y": "4"}, {"x": "0", "y": "2"}, {"x": "1", "y": "5"}, {"x": "10", "y": "2"}]}, "q": "-0.001178851861328673", "z": "1", "visitCount": [["23", "28", "17", "0", "0", "0", "18", "22", "17", "0", "0", "0", "0", "0", "0", "0", "0", "16", "17", "14", "0", "0", "0", "18", "15", "19", "0", "0", "0", "0", "0", "0", "0", "0", "22", "24", "25", "0", "0", "0", "18", "20", "18", "0", "0", "0", "0", "0", "0", "0", "0", "17", "20", "15", "0", "0", "0", "16", "16", "21", "0", "0", "0", "0", "0", "0", "0", "0", "15", "20", "18", "0", "0", "0", "17", "17", "15", "0", "0", "0", "0", "0", "0", "0", "0", "19", "16", "17", "0", "0", "0", "18", "17", "16", "0", "0", "0", "0", "0", "0", "0", "0", "19", "22", "17", "0", "0", "0", "18", "18", "16", "0", "0", "0", "0", "0", "0", "0", "0", "21", "18", "25", "0", "0", "0", "22", "19", "17", "0", "0", "0", "0", "0", "0", "0", "0", "17", "19", "19", "0", "0", "0", "20", "14", "18", "0", "0", "0", "0", "0", "0", "0", "0", "0", "0", "0", "0", "0", "0", "0", "0", "0", "0", "0", "0", "0", "0", "0", "0", "0", "0", "0", "0", "0", "0", "0", "0", "0", "0", "0", "0", "0", "0", "0", "0", "0", "0", "0", "0", "0", "0", "0", "0", "0", "0", "0", "0", "0", "0", "0", "0", "0", "0", "0", "0", "0", "0", "0", "0", "0", "0", "0", "0", "0", "0", "0", "0", "0", "0", "0", "0", "0", "0", "0", "0", "0", "0", "0", "0", "0", "0", "0", "0", "0", "0", "0", "0", "0", "0", "0", "0", "0", "0", "0", "0", "0", "0", "0", "0", "0", "0", "0", "0", "0", "0", "0", "0", "0", "0", "0", "0", "0", "0", "0", "0", "0", "0", "0", "0", "0", "0", "0", "0", "0", "0", "0", "0", "0", "0", "0", "0", "0", "0", "0", "0", "0", "0", "0", "0"], ["14", "13", "12", "12", "11", "12", "14", "11", "12", "0", "0", "0", "0", "0", "0", "0", "0", "14", "13", "10", "11", "11", "15", "11", "11", "13", "0", "0", "0", "0", "0", "0", "0", "0", "12", "12", "14", "14", "13", "12", "11", "11", "12", "0", "0", "0", "0", "0", "0", "0", "0", "14", "12", "13", "12", "12", "12", "12", "12", "11", "0", "0", "0", "0", "0", "0", "0", "0", "12", "11", "12", "11", "12", "13", "14", "11", "13", "0", "0", "0", "0", "0", "0", "0", "0", "12", "11", "9", "8", "13", "17", "12", "14", "14", "0", "0", "0", "0", "0", "0", "0", "0", "0", "0", "0", "0", "0", "0", "0", "0", "0", "0", "0", "0", "0", "0", "0", "0", "0", "0", "0", "0", "0", "0", "0", "0", "0", "0", "0", "0", "0", "0", "0", "0", "0", "0", "13", "14", "11", "11", "12", "12", "16", "11", "15", "0", "0", "0", "0", "0", "0", "0", "0", "0", "0", "0", "0", "0", "0", "0", "0", "0", "0", "0", "0", "0", "0", "0", "0", "0", "0", "0", "0", "0", "0", "0", "0", "0", "0", "0", "0", "0", "0", "0", "0", "0", "0", "0", "0", "0", "0", "0", "0", "0", "0", "0", "0", "0", "0", "0", "0", "0", "0", "0", "0", "0", "0", "0", "0", "0", "0", "0", "0", "0", "0", "0", "0", "0", "0", "0", "0", "0", "0", "0", "0", "0", "0", "0", "0", "0", "0", "0", "0", "0", "0", "0", "0", "0", "12", "12", "13", "12", "13", "12", "11", "11", "13", "0", "0", "0", "0", "0", "0", "0", "0", "14", "14", "14", "12", "12", "11", "12", "14", "13", "0", "0", "0", "0", "0", "0", "0", "0", "0", "0", "0", "0", "0", "0", "0", "0", "0", "0", "0", "0", "0", "0", "0", "0", "0"]]}