{"state": {"resTurn": "1", "h": "7", "w": "12", "score": [["1", "0", "1", "0", "2", "1", "1", "2", "0", "1", "0", "1"], ["1", "0", "0", "0", "0", "0", "0", "0", "0", "0", "0", "1"], ["1", "2", "0", "0", "1", "0", "0", "1", "0", "0", "2", "1"], ["1", "-1", "0", "1", "0", "0", "0", "0", "1", "0", "-1", "1"], ["0", "0", "0", "0", "1", "0", "0", "1", "0", "0", "0", "0"], ["0", "0", "0", "0", "0", "1", "1", "0", "0", "0", "0", "0"], ["1", "1", "1", "-1", "0", "0", "0", "0", "-1", "1", "1", "1"]], "color": [["0", "0", "1", "1", "1", "1", "2", "1", "0", "2", "2", "2"], ["0", "1", "1", "1", "1", "1", "2", "2", "2", "2", "2", "2"], ["1", "1", "1", "1", "1", "1", "0", "2", "2", "2", "2", "2"], ["1", "1", "0", "1", "1", "2", "0", "0", "1", "2", "2", "2"], ["0", "1", "2", "2", "2", "0", "1", "1", "1", "0", "0", "2"], ["0", "2", "2", "2", "2", "1", "1", "1", "1", "1", "0", "0"], ["2", "0", "2", "2", "2", "2", "1", "1", "1", "0", "0", "0"]], "pos": [{"x": "2", "y": "2"}, {"x": "5", "y": "0"}, {"x": "4", "y": "6"}, {"x": "6", "y": "0"}]}, "q": "-0.001917867221190712", "z": "1", "visitCount": [["21", "0", "21", "18", "19", "0", "0", "0", "0", "17", "0", "0", "0", "0", "0", "0", "19", "24", "0", "18", "15", "17", "0", "0", "0", "0", "19", "0", "0", "0", "0", "0", "0", "18", "21", "0", "13", "17", "20", "0", "0", "0", "0", "29", "0", "0", "0", "0", "0", "0", "17", "12", "0", "17", "15", "20", "0", "0", "0", "0", "20", "0", "0", "0", "0", "0", "0", "18", "16", "0", "25", "16", "15", "0", "0", "0", "0", "14", "0", "0", "0", "0", "0", "0", "17", "17", "0", "19", "17", "29", "0", "0", "0", "0", "23", "0", "0", "0", "0", "0", "0", "22", "22", "0", "15", "13", "18", "0", "0", "0", "0", "17", "0", "0", "0", "0", "0", "0", "17", "21", "0", "15", "25", "18", "0", "0", "0", "0", "16", "0", "0", "0", "0", "0", "0", "18", "19", "0", "18", "19", "16", "0", "0", "0", "0", "23", "0", "0", "0", "0", "0", "0", "15", "0", "0", "0", "0", "0", "0", "0", "0", "0", "0", "0", "0", "0", "0", "0", "0", "0", "0", "0", "0", "0", "0", "0", "0", "0", "0", "0", "0", "0", "0", "0", "0", "0", "0", "0", "0", "0", "0", "0", "0", "0", "0", "0", "0", "0", "0", "0", "0", "0", "0", "0", "0", "0", "0", "0", "0", "0", "0", "0", "0", "0", "0", "0", "0", "0", "0", "0", "0", "0", "0", "0", "0", "0", "0", "0", "0", "0", "0", "0", "0", "0", "0", "0", "0", "0", "0", "0", "0", "0", "0", "0", "0", "0", "0", "0", "0", "0", "0", "0", "0", "0", "0", "0", "0", "0", "0", "0", "0", "0", "0", "0", "0", "0", "0", "0", "0", "0", "0", "0", "0", "0", "0", "0", "0", "0", "0", "0", "0", "0", "0", "0", "0", "0", "0", "0", "0"], ["28", "39", "37", "0", "0", "0", "0", "0", "0", "0", "0", "27", "33", "0", "0", "0", "34", "0", "0", "0", "0", "0", "0", "0", "0", "0", "0", "0", "0", "0", "0", "0", "0", "0", "0", "0", "0", "0", "0", "0", "0", "0", "0", "0", "0", "0", "0", "0", "0", "0", "0", "0", "0", "0", "0", "0", "0", "0", "0", "0", "0", "0", "0", "0", "0", "0", "0", "0", "18", "23", "25", "0", "0", "0", "0", "0", "0", "0", "0", "28", "21", "0", "0", "0", "21", "18", "26", "28", "0", "0", "0", "0", "0", "0", "0", "0", "27", "40", "0", "0", "0", "30", "31", "42", "23", "0", "0", "0", "0", "0", "0", "0", "0", "19", "34", "0", "0", "0", "35", "0", "0", "0", "0", "0", "0", "0", "0", "0", "0", "0", "0", "0", "0", "0", "0", "0", "33", "19", "32", "0", "0", "0", "0", "0", "0", "0", "0", "23", "36", "0", "0", "0", "22", "0", "0", "0", "0", "0", "0", "0", "0", "0", "0", "0", "0", "0", "0", "0", "0", "0", "0", "0", "0", "0", "0", "0", "0", "0", "0", "0", "0", "0", "0", "0", "0", "0", "0", "0", "0", "0", "0", "0", "0", "0", "0", "0", "0", "0", "0", "0", "0", "0", "0", "0", "0", "0", "0", "0", "0", "0", "0", "0", "0", "0", "0", "0", "0", "0", "0", "0", "0", "0", "0", "0", "0", "0", "0", "0", "0", "0", "0", "0", "0", "0", "0", "0", "0", "0", "0", "0", "0", "0", "0", "0", "0", "0", "0", "0", "0", "0", "0", "0", "0", "0", "0", "24", "27", "28", "0", "0", "0", "0", "0", "0", "0", "0", "20", "29", "0", "0", "0", "20", "0", "0", "0", "0", "0", "0", "0", "0", "0", "0", "0", "0", "0", "0", "0", "0", "0"]]}