{"state": {"resTurn": "72", "h": "7", "w": "12", "score": [["1", "0", "1", "0", "2", "1", "1", "2", "0", "1", "0", "1"], ["1", "0", "0", "0", "0", "0", "0", "0", "0", "0", "0", "1"], ["1", "2", "0", "0", "1", "0", "0", "1", "0", "0", "2", "1"], ["1", "-1", "0", "1", "0", "0", "0", "0", "1", "0", "-1", "1"], ["0", "0", "0", "0", "1", "0", "0", "1", "0", "0", "0", "0"], ["0", "0", "0", "0", "0", "1", "1", "0", "0", "0", "0", "0"], ["1", "1", "1", "-1", "0", "0", "0", "0", "-1", "1", "1", "1"]], "color": [["0", "0", "0", "0", "0", "0", "0", "2", "2", "2", "0", "0"], ["0", "0", "0", "0", "0", "0", "0", "2", "2", "2", "0", "0"], ["1", "0", "1", "1", "0", "0", "0", "0", "2", "0", "2", "0"], ["1", "1", "1", "1", "2", "2", "0", "0", "0", "0", "0", "0"], ["2", "1", "1", "2", "2", "0", "0", "1", "0", "0", "0", "0"], ["0", "2", "2", "2", "2", "1", "1", "0", "1", "0", "0", "0"], ["0", "0", "0", "0", "0", "0", "1", "1", "0", "0", "0", "0"]], "pos": [{"x": "7", "y": "4"}, {"x": "1", "y": "3"}, {"x": "0", "y": "4"}, {"x": "9", "y": "1"}]}, "q": "-0.001421309504238511", "z": "1", "visitCount": [["12", "11", "13", "0", "13", "15", "15", "14", "13", "0", "0", "15", "0", "0", "0", "0", "0", "11", "13", "17", "0", "13", "9", "14", "10", "11", "0", "0", "11", "0", "0", "0", "0", "0", "13", "11", "14", "0", "15", "14", "13", "12", "11", "0", "0", "16", "0", "0", "0", "0", "0", "13", "13", "12", "0", "13", "11", "16", "11", "14", "0", "0", "13", "0", "0", "0", "0", "0", "13", "10", "13", "0", "15", "11", "12", "12", "15", "0", "0", "10", "0", "0", "0", "0", "0", "13", "12", "12", "0", "11", "13", "12", "13", "13", "0", "0", "10", "0", "0", "0", "0", "0", "10", "13", "11", "0", "12", "11", "14", "11", "12", "0", "0", "12", "0", "0", "0", "0", "0", "12", "14", "14", "0", "11", "12", "13", "12", "13", "0", "0", "11", "0", "0", "0", "0", "0", "11", "11", "11", "0", "11", "10", "10", "11", "11", "0", "0", "11", "0", "0", "0", "0", "0", "0", "0", "0", "0", "0", "0", "0", "0", "0", "0", "0", "0", "0", "0", "0", "0", "0", "0", "0", "0", "0", "0", "0", "0", "0", "0", "0", "0", "0", "0", "0", "0", "0", "0", "0", "0", "0", "0", "0", "0", "0", "0", "0", "0", "0", "0", "0", "0", "0", "0", "0", "0", "0", "0", "0", "0", "0", "0", "0", "0", "0", "0", "0", "0", "0", "0", "0", "0", "0", "0", "0", "0", "0", "0", "0", "0", "0", "0", "0", "0", "0", "0", "0", "0", "0", "0", "0", "0", "0", "0", "0", "0", "0", "0", "0", "0", "0", "0", "0", "0", "0", "0", "0", "0", "0", "0", "0", "0", "0", "0", "0", "0", "0", "0", "0", "0", "0", "0", "0", "0", "0", "0", "0", "0", "0", "0", "0", "0", "0", "0", "0", "0", "0", "0", "0", "0"], ["20", "22", "22", "20", "20", "17", "16", "19", "18", "0", "0", "0", "0", "0", "0", "0", "0", "23", "13", "18", "21", "15", "16", "13", "19", "19", "0", "0", "0", "0", "0", "0", "0", "0", "16", "18", "18", "18", "21", "19", "22", "17", "16", "0", "0", "0", "0", "0", "0", "0", "0", "0", "0", "0", "0", "0", "0", "0", "0", "0", "0", "0", "0", "0", "0", "0", "0", "0", "0", "0", "0", "0", "0", "0", "0", "0", "0", "0", "0", "0", "0", "0", "0", "0", "0", "0", "0", "0", "0", "0", "0", "0", "0", "0", "0", "0", "0", "0", "0", "0", "0", "0", "0", "0", "0", "0", "0", "0", "0", "0", "0", "0", "0", "0", "0", "0", "0", "0", "0", "0", "0", "0", "0", "0", "0", "0", "0", "0", "0", "0", "0", "0", "0", "0", "0", "0", "0", "0", "0", "0", "0", "0", "0", "0", "0", "0", "0", "0", "0", "0", "0", "0", "0", "0", "0", "0", "0", "0", "0", "0", "0", "0", "0", "0", "0", "0", "0", "0", "0", "0", "0", "0", "0", "0", "0", "0", "0", "0", "0", "0", "0", "0", "0", "0", "0", "0", "0", "0", "0", "0", "0", "0", "0", "0", "0", "0", "0", "0", "0", "0", "0", "0", "0", "0", "0", "0", "0", "0", "0", "0", "0", "0", "0", "0", "0", "0", "0", "0", "0", "0", "0", "0", "0", "0", "0", "0", "0", "0", "0", "0", "0", "0", "0", "0", "0", "0", "0", "0", "16", "22", "19", "19", "18", "16", "17", "19", "18", "0", "0", "0", "0", "0", "0", "0", "0", "20", "22", "20", "19", "20", "18", "14", "21", "16", "0", "0", "0", "0", "0", "0", "0", "0", "20", "16", "16", "22", "18", "20", "22", "21", "15", "0", "0", "0", "0", "0", "0", "0", "0"]]}