{"state": {"resTurn": "90", "h": "10", "w": "9", "score": [["1", "0", "0", "1", "1", "1", "0", "0", "1"], ["1", "2", "-2", "1", "0", "1", "-2", "2", "1"], ["1", "1", "1", "0", "2", "0", "1", "1", "1"], ["2", "3", "3", "0", "-3", "0", "3", "3", "2"], ["0", "1", "1", "1", "4", "1", "1", "1", "0"], ["0", "1", "-2", "3", "-2", "3", "-2", "1", "0"], ["-3", "1", "1", "1", "0", "1", "1", "1", "-3"], ["2", "0", "2", "1", "0", "1", "2", "0", "2"], ["2", "2", "-2", "-2", "1", "-2", "-2", "2", "2"], ["3", "0", "0", "-3", "1", "-3", "0", "0", "3"]], "color": [["0", "1", "0", "0", "0", "0", "0", "2", "0"], ["0", "0", "0", "0", "0", "0", "0", "0", "0"], ["0", "0", "0", "0", "0", "0", "0", "0", "0"], ["0", "0", "0", "1", "0", "2", "0", "0", "0"], ["0", "0", "0", "0", "0", "0", "0", "0", "0"], ["0", "0", "0", "0", "0", "0", "0", "0", "0"], ["0", "0", "0", "0", "0", "0", "0", "0", "0"], ["0", "0", "0", "0", "0", "0", "0", "0", "0"], ["0", "0", "0", "0", "0", "0", "0", "0", "0"], ["0", "0", "0", "0", "0", "0", "0", "0", "0"]], "pos": [{"x": "3", "y": "3"}, {"x": "1", "y": "0"}, {"x": "5", "y": "3"}, {"x": "7", "y": "0"}]}, "q": "0.001822514271644672", "z": "1", "visitCount": [["16", "15", "27", "25", "32", "0", "0", "0", "21", "0", "0", "0", "0", "0", "0", "0", "0", "18", "15", "19", "16", "23", "0", "0", "0", "12", "0", "0", "0", "0", "0", "0", "0", "0", "15", "19", "16", "14", "11", "0", "0", "0", "13", "0", "0", "0", "0", "0", "0", "0", "0", "21", "21", "18", "22", "20", "0", "0", "0", "13", "0", "0", "0", "0", "0", "0", "0", "0", "13", "15", "14", "20", "16", "0", "0", "0", "20", "0", "0", "0", "0", "0", "0", "0", "0", "17", "18", "16", "16", "22", "0", "0", "0", "23", "0", "0", "0", "0", "0", "0", "0", "0", "17", "19", "18", "20", "24", "0", "0", "0", "24", "0", "0", "0", "0", "0", "0", "0", "0", "23", "22", "20", "17", "12", "0", "0", "0", "23", "0", "0", "0", "0", "0", "0", "0", "0", "21", "16", "18", "11", "19", "0", "0", "0", "24", "0", "0", "0", "0", "0", "0", "0", "0", "0", "0", "0", "0", "0", "0", "0", "0", "0", "0", "0", "0", "0", "0", "0", "0", "0", "0", "0", "0", "0", "0", "0", "0", "0", "0", "0", "0", "0", "0", "0", "0", "0", "0", "0", "0", "0", "0", "0", "0", "0", "0", "0", "0", "0", "0", "0", "0", "0", "0", "0", "0", "0", "0", "0", "0", "0", "0", "0", "0", "0", "0", "0", "0", "0", "0", "0", "0", "0", "0", "0", "0", "0", "0", "0", "0", "0", "0", "0", "0", "0", "0", "0", "0", "0", "0", "0", "0", "0", "0", "0", "0", "0", "0", "0", "0", "0", "0", "0", "0", "0", "0", "0", "0", "0", "0", "0", "0", "0", "0", "0", "0", "0", "0", "0", "0", "0", "0", "0", "0", "0", "0", "0", "0", "0", "0", "0", "0", "0", "0", "0", "0", "0", "0", "0", "0"], ["19", "21", "16", "24", "14", "0", "0", "0", "22", "0", "0", "0", "0", "0", "0", "0", "0", "14", "15", "12", "11", "17", "0", "0", "0", "30", "0", "0", "0", "0", "0", "0", "0", "0", "17", "18", "13", "21", "18", "0", "0", "0", "17", "0", "0", "0", "0", "0", "0", "0", "0", "18", "17", "15", "17", "18", "0", "0", "0", "12", "0", "0", "0", "0", "0", "0", "0", "0", "18", "13", "23", "15", "20", "0", "0", "0", "21", "0", "0", "0", "0", "0", "0", "0", "0", "17", "23", "18", "23", "17", "0", "0", "0", "15", "0", "0", "0", "0", "0", "0", "0", "0", "25", "15", "17", "26", "24", "0", "0", "0", "17", "0", "0", "0", "0", "0", "0", "0", "0", "18", "14", "19", "25", "18", "0", "0", "0", "13", "0", "0", "0", "0", "0", "0", "0", "0", "32", "23", "18", "16", "18", "0", "0", "0", "23", "0", "0", "0", "0", "0", "0", "0", "0", "0", "0", "0", "0", "0", "0", "0", "0", "0", "0", "0", "0", "0", "0", "0", "0", "0", "0", "0", "0", "0", "0", "0", "0", "0", "0", "0", "0", "0", "0", "0", "0", "0", "0", "0", "0", "0", "0", "0", "0", "0", "0", "0", "0", "0", "0", "0", "0", "0", "0", "0", "0", "0", "0", "0", "0", "0", "0", "0", "0", "0", "0", "0", "0", "0", "0", "0", "0", "0", "0", "0", "0", "0", "0", "0", "0", "0", "0", "0", "0", "0", "0", "0", "0", "0", "0", "0", "0", "0", "0", "0", "0", "0", "0", "0", "0", "0", "0", "0", "0", "0", "0", "0", "0", "0", "0", "0", "0", "0", "0", "0", "0", "0", "0", "0", "0", "0", "0", "0", "0", "0", "0", "0", "0", "0", "0", "0", "0", "0", "0", "0", "0", "0", "0", "0", "0"]]}