{"state": {"resTurn": "89", "h": "10", "w": "9", "score": [["1", "0", "0", "1", "1", "1", "0", "0", "1"], ["1", "2", "-2", "1", "0", "1", "-2", "2", "1"], ["1", "1", "1", "0", "2", "0", "1", "1", "1"], ["2", "3", "3", "0", "-3", "0", "3", "3", "2"], ["0", "1", "1", "1", "4", "1", "1", "1", "0"], ["0", "1", "-2", "3", "-2", "3", "-2", "1", "0"], ["-3", "1", "1", "1", "0", "1", "1", "1", "-3"], ["2", "0", "2", "1", "0", "1", "2", "0", "2"], ["2", "2", "-2", "-2", "1", "-2", "-2", "2", "2"], ["3", "0", "0", "-3", "1", "-3", "0", "0", "3"]], "color": [["1", "1", "0", "0", "0", "0", "0", "2", "0"], ["0", "0", "0", "0", "0", "0", "0", "0", "0"], ["0", "0", "0", "0", "0", "0", "0", "0", "0"], ["0", "0", "0", "1", "0", "2", "2", "0", "0"], ["0", "0", "0", "0", "0", "0", "0", "0", "0"], ["0", "0", "0", "0", "0", "0", "0", "0", "0"], ["0", "0", "0", "0", "0", "0", "0", "0", "0"], ["0", "0", "0", "0", "0", "0", "0", "0", "0"], ["0", "0", "0", "0", "0", "0", "0", "0", "0"], ["0", "0", "0", "0", "0", "0", "0", "0", "0"]], "pos": [{"x": "3", "y": "3"}, {"x": "0", "y": "0"}, {"x": "6", "y": "3"}, {"x": "7", "y": "0"}]}, "q": "0.001631582967129158", "z": "1", "visitCount": [["37", "38", "39", "0", "0", "0", "0", "0", "35", "0", "0", "0", "0", "0", "0", "0", "0", "20", "22", "32", "0", "0", "0", "0", "0", "23", "0", "0", "0", "0", "0", "0", "0", "0", "31", "28", "30", "0", "0", "0", "0", "0", "14", "0", "0", "0", "0", "0", "0", "0", "0", "22", "32", "22", "0", "0", "0", "0", "0", "22", "0", "0", "0", "0", "0", "0", "0", "0", "23", "33", "27", "0", "0", "0", "0", "0", "23", "0", "0", "0", "0", "0", "0", "0", "0", "41", "16", "31", "0", "0", "0", "0", "0", "22", "0", "0", "0", "0", "0", "0", "0", "0", "20", "21", "26", "0", "0", "0", "0", "0", "19", "0", "0", "0", "0", "0", "0", "0", "0", "41", "41", "24", "0", "0", "0", "0", "0", "39", "0", "0", "0", "0", "0", "0", "0", "0", "26", "23", "24", "0", "0", "0", "0", "0", "33", "0", "0", "0", "0", "0", "0", "0", "0", "0", "0", "0", "0", "0", "0", "0", "0", "0", "0", "0", "0", "0", "0", "0", "0", "0", "0", "0", "0", "0", "0", "0", "0", "0", "0", "0", "0", "0", "0", "0", "0", "0", "0", "0", "0", "0", "0", "0", "0", "0", "0", "0", "0", "0", "0", "0", "0", "0", "0", "0", "0", "0", "0", "0", "0", "0", "0", "0", "0", "0", "0", "0", "0", "0", "0", "0", "0", "0", "0", "0", "0", "0", "0", "0", "0", "0", "0", "0", "0", "0", "0", "0", "0", "0", "0", "0", "0", "0", "0", "0", "0", "0", "0", "0", "0", "0", "0", "0", "0", "0", "0", "0", "0", "0", "0", "0", "0", "0", "0", "0", "0", "0", "0", "0", "0", "0", "0", "0", "0", "0", "0", "0", "0", "0", "0", "0", "0", "0", "0", "0", "0", "0", "0", "0", "0"], ["22", "22", "16", "16", "20", "0", "0", "0", "17", "0", "0", "0", "0", "0", "0", "0", "0", "26", "18", "17", "17", "16", "0", "0", "0", "15", "0", "0", "0", "0", "0", "0", "0", "0", "20", "16", "18", "16", "14", "0", "0", "0", "25", "0", "0", "0", "0", "0", "0", "0", "0", "13", "17", "21", "20", "13", "0", "0", "0", "23", "0", "0", "0", "0", "0", "0", "0", "0", "13", "16", "15", "20", "18", "0", "0", "0", "18", "0", "0", "0", "0", "0", "0", "0", "0", "28", "14", "18", "18", "13", "0", "0", "0", "12", "0", "0", "0", "0", "0", "0", "0", "0", "21", "12", "17", "16", "17", "0", "0", "0", "25", "0", "0", "0", "0", "0", "0", "0", "0", "21", "17", "24", "16", "18", "0", "0", "0", "23", "0", "0", "0", "0", "0", "0", "0", "0", "22", "16", "29", "17", "22", "0", "0", "0", "26", "0", "0", "0", "0", "0", "0", "0", "0", "0", "0", "0", "0", "0", "0", "0", "0", "0", "0", "0", "0", "0", "0", "0", "0", "0", "0", "0", "0", "0", "0", "0", "0", "0", "0", "0", "0", "0", "0", "0", "0", "0", "0", "0", "0", "0", "0", "0", "0", "0", "0", "0", "0", "0", "0", "0", "0", "0", "0", "0", "0", "0", "0", "0", "0", "0", "0", "0", "0", "0", "0", "0", "0", "0", "0", "0", "0", "0", "0", "0", "0", "0", "0", "0", "0", "0", "0", "0", "0", "0", "0", "0", "0", "0", "0", "0", "0", "0", "0", "0", "0", "0", "0", "0", "0", "0", "0", "0", "0", "0", "0", "0", "0", "0", "0", "0", "0", "0", "0", "0", "0", "0", "0", "0", "0", "0", "0", "0", "0", "0", "0", "0", "0", "0", "0", "0", "0", "0", "0", "0", "0", "0", "0", "0", "0"]]}