{"state": {"resTurn": "80", "h": "10", "w": "9", "score": [["1", "0", "0", "1", "1", "1", "0", "0", "1"], ["1", "2", "-2", "1", "0", "1", "-2", "2", "1"], ["1", "1", "1", "0", "2", "0", "1", "1", "1"], ["2", "3", "3", "0", "-3", "0", "3", "3", "2"], ["0", "1", "1", "1", "4", "1", "1", "1", "0"], ["0", "1", "-2", "3", "-2", "3", "-2", "1", "0"], ["-3", "1", "1", "1", "0", "1", "1", "1", "-3"], ["2", "0", "2", "1", "0", "1", "2", "0", "2"], ["2", "2", "-2", "-2", "1", "-2", "-2", "2", "2"], ["3", "0", "0", "-3", "1", "-3", "0", "0", "3"]], "color": [["1", "1", "0", "0", "0", "0", "0", "2", "2"], ["0", "0", "1", "1", "1", "0", "0", "2", "2"], ["1", "1", "1", "0", "1", "1", "0", "0", "0"], ["1", "1", "0", "1", "1", "2", "2", "2", "0"], ["0", "0", "0", "0", "0", "0", "0", "2", "2"], ["0", "0", "0", "0", "0", "0", "0", "2", "0"], ["0", "0", "0", "0", "0", "0", "0", "0", "0"], ["0", "0", "0", "0", "0", "0", "0", "0", "0"], ["0", "0", "0", "0", "0", "0", "0", "0", "0"], ["0", "0", "0", "0", "0", "0", "0", "0", "0"]], "pos": [{"x": "1", "y": "2"}, {"x": "5", "y": "2"}, {"x": "6", "y": "3"}, {"x": "7", "y": "0"}]}, "q": "0.001131781054295629", "z": "1", "visitCount": [["9", "0", "0", "13", "11", "11", "11", "14", "9", "9", "9", "0", "0", "0", "0", "0", "0", "15", "0", "0", "11", "11", "12", "11", "12", "11", "13", "11", "0", "0", "0", "0", "0", "0", "9", "0", "0", "13", "17", "10", "11", "11", "12", "13", "12", "0", "0", "0", "0", "0", "0", "15", "0", "0", "14", "12", "14", "13", "10", "13", "14", "12", "0", "0", "0", "0", "0", "0", "19", "0", "0", "16", "12", "10", "11", "11", "15", "12", "13", "0", "0", "0", "0", "0", "0", "12", "0", "0", "13", "13", "13", "15", "14", "13", "8", "12", "0", "0", "0", "0", "0", "0", "11", "0", "0", "14", "9", "13", "16", "12", "8", "9", "13", "0", "0", "0", "0", "0", "0", "15", "0", "0", "12", "17", "9", "10", "17", "18", "14", "16", "0", "0", "0", "0", "0", "0", "13", "0", "0", "13", "9", "11", "8", "12", "16", "10", "15", "0", "0", "0", "0", "0", "0", "0", "0", "0", "0", "0", "0", "0", "0", "0", "0", "0", "0", "0", "0", "0", "0", "0", "0", "0", "0", "0", "0", "0", "0", "0", "0", "0", "0", "0", "0", "0", "0", "0", "0", "0", "0", "0", "0", "0", "0", "0", "0", "0", "0", "0", "0", "0", "0", "0", "0", "0", "0", "0", "0", "0", "0", "0", "0", "0", "0", "0", "0", "0", "0", "0", "0", "0", "0", "0", "0", "0", "0", "0", "0", "0", "0", "0", "0", "0", "0", "0", "0", "0", "0", "0", "0", "0", "0", "0", "0", "0", "0", "0", "0", "0", "0", "0", "0", "0", "0", "0", "0", "0", "0", "0", "0", "0", "0", "0", "0", "0", "0", "0", "0", "0", "0", "0", "0", "0", "0", "0", "0", "0", "0", "0", "0", "0", "0", "0", "0", "0", "0", "0", "0", "0", "0"], ["23", "13", "21", "16", "15", "0", "0", "0", "12", "0", "0", "0", "0", "0", "0", "0", "0", "18", "14", "22", "17", "16", "0", "0", "0", "14", "0", "0", "0", "0", "0", "0", "0", "0", "14", "15", "17", "22", "25", "0", "0", "0", "14", "0", "0", "0", "0", "0", "0", "0", "0", "20", "16", "14", "17", "15", "0", "0", "0", "18", "0", "0", "0", "0", "0", "0", "0", "0", "21", "20", "14", "19", "18", "0", "0", "0", "12", "0", "0", "0", "0", "0", "0", "0", "0", "0", "0", "0", "0", "0", "0", "0", "0", "0", "0", "0", "0", "0", "0", "0", "0", "0", "30", "21", "23", "21", "20", "0", "0", "0", "22", "0", "0", "0", "0", "0", "0", "0", "0", "19", "20", "19", "27", "23", "0", "0", "0", "19", "0", "0", "0", "0", "0", "0", "0", "0", "18", "20", "23", "20", "20", "0", "0", "0", "23", "0", "0", "0", "0", "0", "0", "0", "0", "0", "0", "0", "0", "0", "0", "0", "0", "0", "0", "0", "0", "0", "0", "0", "0", "0", "0", "0", "0", "0", "0", "0", "0", "0", "0", "0", "0", "0", "0", "0", "0", "0", "0", "0", "0", "0", "0", "0", "0", "0", "0", "0", "0", "0", "0", "0", "0", "0", "0", "0", "0", "0", "0", "0", "0", "0", "0", "0", "0", "0", "0", "0", "0", "0", "0", "0", "0", "16", "17", "21", "15", "13", "0", "0", "0", "18", "0", "0", "0", "0", "0", "0", "0", "0", "0", "0", "0", "0", "0", "0", "0", "0", "0", "0", "0", "0", "0", "0", "0", "0", "0", "0", "0", "0", "0", "0", "0", "0", "0", "0", "0", "0", "0", "0", "0", "0", "0", "0", "0", "0", "0", "0", "0", "0", "0", "0", "0", "0", "0", "0", "0", "0", "0", "0", "0"]]}