{"state": {"resTurn": "78", "h": "10", "w": "9", "score": [["1", "0", "0", "1", "1", "1", "0", "0", "1"], ["1", "2", "-2", "1", "0", "1", "-2", "2", "1"], ["1", "1", "1", "0", "2", "0", "1", "1", "1"], ["2", "3", "3", "0", "-3", "0", "3", "3", "2"], ["0", "1", "1", "1", "4", "1", "1", "1", "0"], ["0", "1", "-2", "3", "-2", "3", "-2", "1", "0"], ["-3", "1", "1", "1", "0", "1", "1", "1", "-3"], ["2", "0", "2", "1", "0", "1", "2", "0", "2"], ["2", "2", "-2", "-2", "1", "-2", "-2", "2", "2"], ["3", "0", "0", "-3", "1", "-3", "0", "0", "3"]], "color": [["1", "1", "0", "0", "0", "0", "2", "2", "2"], ["0", "0", "1", "1", "1", "0", "0", "2", "2"], ["1", "1", "1", "0", "1", "1", "2", "0", "0"], ["1", "1", "0", "1", "1", "2", "2", "2", "0"], ["0", "0", "0", "0", "0", "0", "0", "2", "2"], ["0", "0", "0", "0", "0", "0", "0", "2", "0"], ["0", "0", "0", "0", "0", "0", "0", "0", "0"], ["0", "0", "0", "0", "0", "0", "0", "0", "0"], ["0", "0", "0", "0", "0", "0", "0", "0", "0"], ["0", "0", "0", "0", "0", "0", "0", "0", "0"]], "pos": [{"x": "1", "y": "3"}, {"x": "4", "y": "3"}, {"x": "5", "y": "3"}, {"x": "6", "y": "0"}]}, "q": "0.0008468274716721681", "z": "1", "visitCount": [["10", "12", "11", "14", "13", "14", "13", "12", "0", "0", "0", "0", "0", "0", "0", "0", "10", "12", "12", "12", "9", "13", "13", "15", "14", "0", "0", "0", "0", "0", "0", "0", "0", "11", "8", "11", "14", "10", "10", "12", "18", "13", "0", "0", "0", "0", "0", "0", "0", "0", "15", "14", "11", "9", "11", "16", "13", "13", "8", "0", "0", "0", "0", "0", "0", "0", "0", "10", "20", "11", "12", "11", "10", "13", "17", "13", "0", "0", "0", "0", "0", "0", "0", "0", "11", "13", "14", "15", "13", "12", "13", "12", "19", "0", "0", "0", "0", "0", "0", "0", "0", "15", "13", "10", "16", "11", "12", "10", "16", "9", "0", "0", "0", "0", "0", "0", "0", "0", "9", "11", "10", "13", "15", "13", "15", "15", "9", "0", "0", "0", "0", "0", "0", "0", "0", "8", "8", "8", "16", "12", "14", "11", "12", "13", "0", "0", "0", "0", "0", "0", "0", "0", "12", "0", "0", "0", "0", "0", "0", "0", "0", "0", "0", "0", "0", "0", "0", "0", "0", "0", "0", "0", "0", "0", "0", "0", "0", "0", "0", "0", "0", "0", "0", "0", "0", "0", "0", "0", "0", "0", "0", "0", "0", "0", "0", "0", "0", "0", "0", "0", "0", "0", "0", "0", "0", "0", "0", "0", "0", "0", "0", "0", "0", "0", "0", "0", "0", "0", "0", "0", "0", "0", "0", "0", "0", "0", "0", "0", "0", "0", "0", "0", "0", "0", "0", "0", "0", "0", "0", "0", "0", "0", "0", "0", "0", "0", "0", "0", "0", "0", "0", "0", "0", "0", "0", "0", "0", "0", "0", "0", "0", "0", "0", "0", "0", "0", "0", "0", "0", "0", "0", "0", "0", "0", "0", "0", "0", "0", "0", "0", "0", "0", "0", "0", "0", "0", "0", "0", "0"], ["12", "25", "18", "19", "18", "0", "0", "0", "14", "0", "0", "0", "0", "0", "0", "0", "0", "22", "19", "17", "13", "22", "0", "0", "0", "14", "0", "0", "0", "0", "0", "0", "0", "0", "17", "17", "12", "15", "16", "0", "0", "0", "16", "0", "0", "0", "0", "0", "0", "0", "0", "14", "27", "18", "19", "19", "0", "0", "0", "11", "0", "0", "0", "0", "0", "0", "0", "0", "0", "0", "0", "0", "0", "0", "0", "0", "0", "0", "0", "0", "0", "0", "0", "0", "0", "0", "0", "0", "0", "0", "0", "0", "0", "0", "0", "0", "0", "0", "0", "0", "0", "0", "0", "0", "0", "0", "0", "0", "0", "0", "0", "0", "0", "0", "0", "0", "0", "0", "0", "15", "20", "11", "33", "15", "0", "0", "0", "22", "0", "0", "0", "0", "0", "0", "0", "0", "14", "17", "14", "21", "25", "0", "0", "0", "29", "0", "0", "0", "0", "0", "0", "0", "0", "0", "0", "0", "0", "0", "0", "0", "0", "0", "0", "0", "0", "0", "0", "0", "0", "0", "0", "0", "0", "0", "0", "0", "0", "0", "0", "0", "0", "0", "0", "0", "0", "0", "0", "0", "0", "0", "0", "0", "0", "0", "0", "0", "0", "0", "0", "0", "0", "0", "0", "0", "19", "31", "17", "13", "18", "0", "0", "0", "15", "0", "0", "0", "0", "0", "0", "0", "0", "18", "18", "22", "26", "21", "0", "0", "0", "24", "0", "0", "0", "0", "0", "0", "0", "0", "22", "22", "12", "20", "20", "0", "0", "0", "13", "0", "0", "0", "0", "0", "0", "0", "0", "0", "0", "0", "0", "0", "0", "0", "0", "0", "0", "0", "0", "0", "0", "0", "0", "0", "0", "0", "0", "0", "0", "0", "0", "0", "0", "0", "0", "0", "0", "0", "0", "0", "0"]]}