{"state": {"resTurn": "77", "h": "10", "w": "9", "score": [["1", "0", "0", "1", "1", "1", "0", "0", "1"], ["1", "2", "-2", "1", "0", "1", "-2", "2", "1"], ["1", "1", "1", "0", "2", "0", "1", "1", "1"], ["2", "3", "3", "0", "-3", "0", "3", "3", "2"], ["0", "1", "1", "1", "4", "1", "1", "1", "0"], ["0", "1", "-2", "3", "-2", "3", "-2", "1", "0"], ["-3", "1", "1", "1", "0", "1", "1", "1", "-3"], ["2", "0", "2", "1", "0", "1", "2", "0", "2"], ["2", "2", "-2", "-2", "1", "-2", "-2", "2", "2"], ["3", "0", "0", "-3", "1", "-3", "0", "0", "3"]], "color": [["1", "1", "0", "0", "0", "0", "2", "2", "2"], ["0", "0", "1", "1", "1", "2", "0", "2", "2"], ["1", "1", "1", "0", "1", "1", "2", "0", "0"], ["1", "1", "0", "1", "1", "2", "2", "2", "0"], ["0", "0", "0", "0", "0", "0", "0", "2", "2"], ["0", "0", "0", "0", "0", "0", "0", "2", "0"], ["0", "0", "0", "0", "0", "0", "0", "0", "0"], ["0", "0", "0", "0", "0", "0", "0", "0", "0"], ["0", "0", "0", "0", "0", "0", "0", "0", "0"], ["0", "0", "0", "0", "0", "0", "0", "0", "0"]], "pos": [{"x": "0", "y": "3"}, {"x": "4", "y": "3"}, {"x": "6", "y": "2"}, {"x": "5", "y": "1"}]}, "q": "0.001037191486178083", "z": "1", "visitCount": [["17", "21", "18", "20", "15", "16", "21", "12", "0", "0", "0", "0", "0", "0", "0", "0", "18", "22", "21", "21", "22", "13", "17", "16", "17", "0", "0", "0", "0", "0", "0", "0", "0", "27", "20", "23", "16", "16", "35", "12", "17", "22", "0", "0", "0", "0", "0", "0", "0", "0", "25", "0", "0", "0", "0", "0", "0", "0", "0", "0", "0", "0", "0", "0", "0", "0", "0", "0", "0", "0", "0", "0", "0", "0", "0", "0", "0", "0", "0", "0", "0", "0", "0", "0", "0", "0", "0", "0", "0", "0", "0", "0", "0", "0", "0", "0", "0", "0", "0", "0", "0", "0", "14", "13", "16", "14", "21", "14", "16", "25", "0", "0", "0", "0", "0", "0", "0", "0", "17", "20", "24", "21", "18", "17", "16", "14", "23", "0", "0", "0", "0", "0", "0", "0", "0", "20", "21", "19", "18", "18", "20", "15", "14", "17", "0", "0", "0", "0", "0", "0", "0", "0", "15", "0", "0", "0", "0", "0", "0", "0", "0", "0", "0", "0", "0", "0", "0", "0", "0", "0", "0", "0", "0", "0", "0", "0", "0", "0", "0", "0", "0", "0", "0", "0", "0", "0", "0", "0", "0", "0", "0", "0", "0", "0", "0", "0", "0", "0", "0", "0", "0", "0", "0", "0", "0", "0", "0", "0", "0", "0", "0", "0", "0", "0", "0", "0", "0", "0", "0", "0", "0", "0", "0", "0", "0", "0", "0", "0", "0", "0", "0", "0", "0", "0", "0", "0", "0", "0", "0", "0", "0", "0", "0", "0", "0", "0", "0", "0", "0", "0", "0", "0", "0", "0", "0", "0", "0", "0", "0", "0", "0", "0", "0", "0", "0", "0", "0", "0", "0", "0", "0", "0", "0", "0", "0", "0", "0", "0", "0", "0", "0", "0", "0", "0", "0", "0", "0", "0", "0"], ["14", "9", "0", "0", "0", "10", "12", "15", "12", "0", "12", "14", "9", "0", "0", "0", "0", "9", "13", "0", "0", "0", "7", "18", "19", "9", "0", "13", "15", "12", "0", "0", "0", "0", "17", "11", "0", "0", "0", "14", "9", "13", "12", "0", "12", "16", "13", "0", "0", "0", "0", "12", "13", "0", "0", "0", "13", "16", "12", "9", "0", "14", "11", "11", "0", "0", "0", "0", "0", "0", "0", "0", "0", "0", "0", "0", "0", "0", "0", "0", "0", "0", "0", "0", "0", "10", "15", "0", "0", "0", "9", "16", "9", "9", "0", "13", "10", "12", "0", "0", "0", "0", "11", "13", "0", "0", "0", "14", "14", "12", "12", "0", "14", "15", "12", "0", "0", "0", "0", "11", "11", "0", "0", "0", "15", "14", "13", "14", "0", "13", "17", "12", "0", "0", "0", "0", "11", "10", "0", "0", "0", "8", "11", "9", "17", "0", "12", "12", "10", "0", "0", "0", "0", "0", "0", "0", "0", "0", "0", "0", "0", "0", "0", "0", "0", "0", "0", "0", "0", "0", "0", "0", "0", "0", "0", "0", "0", "0", "0", "0", "0", "0", "0", "0", "0", "0", "0", "0", "0", "0", "0", "0", "0", "0", "0", "0", "0", "0", "0", "0", "0", "0", "0", "0", "15", "14", "0", "0", "0", "13", "9", "11", "11", "0", "13", "14", "10", "0", "0", "0", "0", "0", "0", "0", "0", "0", "0", "0", "0", "0", "0", "0", "0", "0", "0", "0", "0", "0", "0", "0", "0", "0", "0", "0", "0", "0", "0", "0", "0", "0", "0", "0", "0", "0", "0", "0", "0", "0", "0", "0", "0", "0", "0", "0", "0", "0", "0", "0", "0", "0", "0", "0", "0", "0", "0", "0", "0", "0", "0", "0", "0", "0", "0", "0", "0", "0", "0", "0", "0"]]}