{"state": {"resTurn": "76", "h": "10", "w": "9", "score": [["1", "0", "0", "1", "1", "1", "0", "0", "1"], ["1", "2", "-2", "1", "0", "1", "-2", "2", "1"], ["1", "1", "1", "0", "2", "0", "1", "1", "1"], ["2", "3", "3", "0", "-3", "0", "3", "3", "2"], ["0", "1", "1", "1", "4", "1", "1", "1", "0"], ["0", "1", "-2", "3", "-2", "3", "-2", "1", "0"], ["-3", "1", "1", "1", "0", "1", "1", "1", "-3"], ["2", "0", "2", "1", "0", "1", "2", "0", "2"], ["2", "2", "-2", "-2", "1", "-2", "-2", "2", "2"], ["3", "0", "0", "-3", "1", "-3", "0", "0", "3"]], "color": [["1", "1", "0", "0", "0", "0", "2", "2", "2"], ["0", "0", "1", "1", "1", "2", "0", "2", "2"], ["1", "1", "1", "0", "1", "1", "2", "0", "0"], ["1", "1", "0", "1", "1", "2", "2", "2", "0"], ["1", "0", "0", "0", "0", "0", "0", "2", "2"], ["0", "0", "0", "0", "0", "0", "0", "2", "0"], ["0", "0", "0", "0", "0", "0", "0", "0", "0"], ["0", "0", "0", "0", "0", "0", "0", "0", "0"], ["0", "0", "0", "0", "0", "0", "0", "0", "0"], ["0", "0", "0", "0", "0", "0", "0", "0", "0"]], "pos": [{"x": "0", "y": "4"}, {"x": "3", "y": "3"}, {"x": "7", "y": "3"}, {"x": "6", "y": "0"}]}, "q": "0.0009635236383569821", "z": "1", "visitCount": [["22", "21", "17", "11", "15", "22", "16", "19", "15", "0", "0", "0", "0", "0", "0", "0", "0", "24", "19", "19", "22", "17", "17", "21", "22", "22", "0", "0", "0", "0", "0", "0", "0", "0", "14", "24", "21", "41", "13", "14", "22", "18", "23", "0", "0", "0", "0", "0", "0", "0", "0", "0", "0", "0", "0", "0", "0", "0", "0", "0", "0", "0", "0", "0", "0", "0", "0", "0", "0", "0", "0", "0", "0", "0", "0", "0", "0", "0", "0", "0", "0", "0", "0", "0", "0", "0", "0", "0", "0", "0", "0", "0", "0", "0", "0", "0", "0", "0", "0", "0", "0", "0", "13", "23", "16", "16", "15", "16", "23", "12", "24", "0", "0", "0", "0", "0", "0", "0", "0", "16", "19", "22", "14", "16", "15", "13", "20", "17", "0", "0", "0", "0", "0", "0", "0", "0", "23", "24", "12", "22", "16", "22", "15", "13", "13", "0", "0", "0", "0", "0", "0", "0", "0", "0", "0", "0", "0", "0", "0", "0", "0", "0", "0", "0", "0", "0", "0", "0", "0", "0", "0", "0", "0", "0", "0", "0", "0", "0", "0", "0", "0", "0", "0", "0", "0", "0", "0", "0", "0", "0", "0", "0", "0", "0", "0", "0", "0", "0", "0", "0", "0", "0", "0", "0", "0", "0", "0", "0", "0", "0", "0", "0", "0", "0", "0", "0", "0", "0", "0", "0", "0", "0", "0", "0", "0", "0", "0", "0", "0", "0", "0", "0", "0", "0", "0", "0", "0", "0", "0", "0", "0", "0", "0", "0", "0", "0", "0", "0", "0", "0", "0", "0", "0", "0", "0", "0", "0", "0", "0", "0", "0", "0", "0", "0", "0", "0", "0", "0", "0", "0", "0", "0", "0", "0", "0", "0", "0", "0", "0", "0", "0", "0", "0", "0", "0", "0", "0", "0", "0"], ["16", "20", "35", "15", "21", "0", "0", "0", "20", "0", "0", "0", "0", "0", "0", "0", "0", "16", "20", "19", "15", "24", "0", "0", "0", "21", "0", "0", "0", "0", "0", "0", "0", "0", "17", "15", "36", "13", "18", "0", "0", "0", "17", "0", "0", "0", "0", "0", "0", "0", "0", "10", "19", "13", "25", "14", "0", "0", "0", "21", "0", "0", "0", "0", "0", "0", "0", "0", "17", "17", "15", "25", "20", "0", "0", "0", "16", "0", "0", "0", "0", "0", "0", "0", "0", "17", "23", "23", "13", "18", "0", "0", "0", "12", "0", "0", "0", "0", "0", "0", "0", "0", "22", "23", "21", "22", "16", "0", "0", "0", "13", "0", "0", "0", "0", "0", "0", "0", "0", "17", "16", "27", "19", "15", "0", "0", "0", "27", "0", "0", "0", "0", "0", "0", "0", "0", "13", "17", "11", "17", "16", "0", "0", "0", "13", "0", "0", "0", "0", "0", "0", "0", "0", "0", "0", "0", "0", "0", "0", "0", "0", "0", "0", "0", "0", "0", "0", "0", "0", "0", "0", "0", "0", "0", "0", "0", "0", "0", "0", "0", "0", "0", "0", "0", "0", "0", "0", "0", "0", "0", "0", "0", "0", "0", "0", "0", "0", "0", "0", "0", "0", "0", "0", "0", "0", "0", "0", "0", "0", "0", "0", "0", "0", "0", "0", "0", "0", "0", "0", "0", "0", "0", "0", "0", "0", "0", "0", "0", "0", "0", "0", "0", "0", "0", "0", "0", "0", "0", "0", "0", "0", "0", "0", "0", "0", "0", "0", "0", "0", "0", "0", "0", "0", "0", "0", "0", "0", "0", "0", "0", "0", "0", "0", "0", "0", "0", "0", "0", "0", "0", "0", "0", "0", "0", "0", "0", "0", "0", "0", "0", "0", "0", "0", "0", "0", "0", "0", "0", "0"]]}