{"state": {"resTurn": "75", "h": "10", "w": "9", "score": [["1", "0", "0", "1", "1", "1", "0", "0", "1"], ["1", "2", "-2", "1", "0", "1", "-2", "2", "1"], ["1", "1", "1", "0", "2", "0", "1", "1", "1"], ["2", "3", "3", "0", "-3", "0", "3", "3", "2"], ["0", "1", "1", "1", "4", "1", "1", "1", "0"], ["0", "1", "-2", "3", "-2", "3", "-2", "1", "0"], ["-3", "1", "1", "1", "0", "1", "1", "1", "-3"], ["2", "0", "2", "1", "0", "1", "2", "0", "2"], ["2", "2", "-2", "-2", "1", "-2", "-2", "2", "2"], ["3", "0", "0", "-3", "1", "-3", "0", "0", "3"]], "color": [["1", "1", "0", "0", "0", "0", "2", "2", "2"], ["0", "0", "1", "1", "1", "2", "2", "2", "2"], ["1", "1", "1", "0", "1", "1", "2", "0", "0"], ["1", "1", "0", "1", "1", "2", "2", "2", "0"], ["1", "0", "1", "0", "0", "0", "0", "2", "2"], ["1", "0", "0", "0", "0", "0", "0", "2", "0"], ["0", "0", "0", "0", "0", "0", "0", "0", "0"], ["0", "0", "0", "0", "0", "0", "0", "0", "0"], ["0", "0", "0", "0", "0", "0", "0", "0", "0"], ["0", "0", "0", "0", "0", "0", "0", "0", "0"]], "pos": [{"x": "0", "y": "5"}, {"x": "2", "y": "4"}, {"x": "7", "y": "4"}, {"x": "6", "y": "1"}]}, "q": "0.0008392989113936787", "z": "1", "visitCount": [["30", "13", "22", "15", "17", "14", "16", "14", "16", "0", "0", "0", "0", "0", "0", "0", "0", "12", "14", "13", "13", "18", "15", "15", "16", "22", "0", "0", "0", "0", "0", "0", "0", "0", "22", "20", "16", "37", "18", "23", "17", "14", "13", "0", "0", "0", "0", "0", "0", "0", "0", "0", "0", "0", "0", "0", "0", "0", "0", "0", "0", "0", "0", "0", "0", "0", "0", "0", "0", "0", "0", "0", "0", "0", "0", "0", "0", "0", "0", "0", "0", "0", "0", "0", "0", "0", "0", "0", "0", "0", "0", "0", "0", "0", "0", "0", "0", "0", "0", "0", "0", "0", "14", "22", "19", "16", "19", "17", "9", "15", "16", "0", "0", "0", "0", "0", "0", "0", "0", "12", "25", "37", "23", "23", "16", "21", "19", "18", "0", "0", "0", "0", "0", "0", "0", "0", "25", "17", "22", "15", "15", "22", "17", "31", "20", "0", "0", "0", "0", "0", "0", "0", "0", "0", "0", "0", "0", "0", "0", "0", "0", "0", "0", "0", "0", "0", "0", "0", "0", "0", "0", "0", "0", "0", "0", "0", "0", "0", "0", "0", "0", "0", "0", "0", "0", "0", "0", "0", "0", "0", "0", "0", "0", "0", "0", "0", "0", "0", "0", "0", "0", "0", "0", "0", "0", "0", "0", "0", "0", "0", "0", "0", "0", "0", "0", "0", "0", "0", "0", "0", "0", "0", "0", "0", "0", "0", "0", "0", "0", "0", "0", "0", "0", "0", "0", "0", "0", "0", "0", "0", "0", "0", "0", "0", "0", "0", "0", "0", "0", "0", "0", "0", "0", "0", "0", "0", "0", "0", "0", "0", "0", "0", "0", "0", "0", "0", "0", "0", "0", "0", "0", "0", "0", "0", "0", "0", "0", "0", "0", "0", "0", "0", "0", "0", "0", "0", "0", "0", "0"], ["12", "10", "16", "0", "14", "14", "10", "14", "15", "0", "0", "11", "0", "0", "0", "0", "0", "12", "12", "13", "0", "12", "12", "14", "13", "11", "0", "0", "12", "0", "0", "0", "0", "0", "15", "10", "14", "0", "11", "12", "12", "18", "13", "0", "0", "9", "0", "0", "0", "0", "0", "13", "12", "14", "0", "14", "12", "11", "9", "12", "0", "0", "9", "0", "0", "0", "0", "0", "8", "13", "14", "0", "9", "13", "15", "13", "11", "0", "0", "13", "0", "0", "0", "0", "0", "10", "13", "17", "0", "10", "13", "16", "13", "13", "0", "0", "12", "0", "0", "0", "0", "0", "12", "14", "10", "0", "16", "14", "13", "13", "12", "0", "0", "11", "0", "0", "0", "0", "0", "15", "12", "9", "0", "12", "11", "8", "11", "10", "0", "0", "13", "0", "0", "0", "0", "0", "9", "13", "8", "0", "14", "12", "13", "13", "15", "0", "0", "14", "0", "0", "0", "0", "0", "0", "0", "0", "0", "0", "0", "0", "0", "0", "0", "0", "0", "0", "0", "0", "0", "0", "0", "0", "0", "0", "0", "0", "0", "0", "0", "0", "0", "0", "0", "0", "0", "0", "0", "0", "0", "0", "0", "0", "0", "0", "0", "0", "0", "0", "0", "0", "0", "0", "0", "0", "0", "0", "0", "0", "0", "0", "0", "0", "0", "0", "0", "0", "0", "0", "0", "0", "0", "0", "0", "0", "0", "0", "0", "0", "0", "0", "0", "0", "0", "0", "0", "0", "0", "0", "0", "0", "0", "0", "0", "0", "0", "0", "0", "0", "0", "0", "0", "0", "0", "0", "0", "0", "0", "0", "0", "0", "0", "0", "0", "0", "0", "0", "0", "0", "0", "0", "0", "0", "0", "0", "0", "0", "0", "0", "0", "0", "0", "0", "0", "0", "0", "0", "0", "0", "0"]]}