{"state": {"resTurn": "74", "h": "10", "w": "9", "score": [["1", "0", "0", "1", "1", "1", "0", "0", "1"], ["1", "2", "-2", "1", "0", "1", "-2", "2", "1"], ["1", "1", "1", "0", "2", "0", "1", "1", "1"], ["2", "3", "3", "0", "-3", "0", "3", "3", "2"], ["0", "1", "1", "1", "4", "1", "1", "1", "0"], ["0", "1", "-2", "3", "-2", "3", "-2", "1", "0"], ["-3", "1", "1", "1", "0", "1", "1", "1", "-3"], ["2", "0", "2", "1", "0", "1", "2", "0", "2"], ["2", "2", "-2", "-2", "1", "-2", "-2", "2", "2"], ["3", "0", "0", "-3", "1", "-3", "0", "0", "3"]], "color": [["1", "1", "0", "0", "0", "0", "2", "2", "2"], ["0", "0", "1", "1", "1", "2", "2", "2", "2"], ["1", "1", "1", "0", "1", "1", "2", "0", "0"], ["1", "1", "0", "1", "1", "2", "2", "2", "0"], ["1", "0", "1", "0", "0", "0", "0", "2", "2"], ["1", "1", "0", "0", "0", "0", "0", "2", "0"], ["1", "0", "0", "0", "0", "0", "0", "0", "0"], ["0", "0", "0", "0", "0", "0", "0", "0", "0"], ["0", "0", "0", "0", "0", "0", "0", "0", "0"], ["0", "0", "0", "0", "0", "0", "0", "0", "0"]], "pos": [{"x": "0", "y": "6"}, {"x": "1", "y": "5"}, {"x": "7", "y": "5"}, {"x": "7", "y": "0"}]}, "q": "0.0006746738227999292", "z": "1", "visitCount": [["22", "20", "14", "17", "23", "15", "22", "19", "11", "0", "0", "0", "0", "0", "0", "0", "0", "14", "12", "21", "17", "17", "15", "20", "23", "25", "0", "0", "0", "0", "0", "0", "0", "0", "16", "25", "22", "12", "24", "25", "25", "16", "17", "0", "0", "0", "0", "0", "0", "0", "0", "0", "0", "0", "0", "0", "0", "0", "0", "0", "0", "0", "0", "0", "0", "0", "0", "0", "0", "0", "0", "0", "0", "0", "0", "0", "0", "0", "0", "0", "0", "0", "0", "0", "0", "0", "0", "0", "0", "0", "0", "0", "0", "0", "0", "0", "0", "0", "0", "0", "0", "0", "17", "18", "16", "16", "24", "15", "17", "12", "14", "0", "0", "0", "0", "0", "0", "0", "0", "17", "13", "16", "17", "18", "20", "19", "32", "20", "0", "0", "0", "0", "0", "0", "0", "0", "15", "11", "21", "23", "29", "15", "16", "18", "22", "0", "0", "0", "0", "0", "0", "0", "0", "0", "0", "0", "0", "0", "0", "0", "0", "0", "0", "0", "0", "0", "0", "0", "0", "0", "0", "0", "0", "0", "0", "0", "0", "0", "0", "0", "0", "0", "0", "0", "0", "0", "0", "0", "0", "0", "0", "0", "0", "0", "0", "0", "0", "0", "0", "0", "0", "0", "0", "0", "0", "0", "0", "0", "0", "0", "0", "0", "0", "0", "0", "0", "0", "0", "0", "0", "0", "0", "0", "0", "0", "0", "0", "0", "0", "0", "0", "0", "0", "0", "0", "0", "0", "0", "0", "0", "0", "0", "0", "0", "0", "0", "0", "0", "0", "0", "0", "0", "0", "0", "0", "0", "0", "0", "0", "0", "0", "0", "0", "0", "0", "0", "0", "0", "0", "0", "0", "0", "0", "0", "0", "0", "0", "0", "0", "0", "0", "0", "0", "0", "0", "0", "0", "0", "0"], ["16", "23", "20", "16", "22", "0", "0", "0", "25", "0", "0", "0", "0", "0", "0", "0", "0", "21", "14", "17", "10", "22", "0", "0", "0", "15", "0", "0", "0", "0", "0", "0", "0", "0", "21", "26", "17", "15", "17", "0", "0", "0", "23", "0", "0", "0", "0", "0", "0", "0", "0", "39", "15", "15", "10", "18", "0", "0", "0", "20", "0", "0", "0", "0", "0", "0", "0", "0", "14", "16", "23", "19", "12", "0", "0", "0", "17", "0", "0", "0", "0", "0", "0", "0", "0", "24", "19", "16", "19", "16", "0", "0", "0", "11", "0", "0", "0", "0", "0", "0", "0", "0", "24", "20", "21", "14", "16", "0", "0", "0", "24", "0", "0", "0", "0", "0", "0", "0", "0", "17", "13", "14", "15", "26", "0", "0", "0", "9", "0", "0", "0", "0", "0", "0", "0", "0", "13", "28", "19", "17", "23", "0", "0", "0", "24", "0", "0", "0", "0", "0", "0", "0", "0", "0", "0", "0", "0", "0", "0", "0", "0", "0", "0", "0", "0", "0", "0", "0", "0", "0", "0", "0", "0", "0", "0", "0", "0", "0", "0", "0", "0", "0", "0", "0", "0", "0", "0", "0", "0", "0", "0", "0", "0", "0", "0", "0", "0", "0", "0", "0", "0", "0", "0", "0", "0", "0", "0", "0", "0", "0", "0", "0", "0", "0", "0", "0", "0", "0", "0", "0", "0", "0", "0", "0", "0", "0", "0", "0", "0", "0", "0", "0", "0", "0", "0", "0", "0", "0", "0", "0", "0", "0", "0", "0", "0", "0", "0", "0", "0", "0", "0", "0", "0", "0", "0", "0", "0", "0", "0", "0", "0", "0", "0", "0", "0", "0", "0", "0", "0", "0", "0", "0", "0", "0", "0", "0", "0", "0", "0", "0", "0", "0", "0", "0", "0", "0", "0", "0", "0"]]}