{"state": {"resTurn": "73", "h": "10", "w": "9", "score": [["1", "0", "0", "1", "1", "1", "0", "0", "1"], ["1", "2", "-2", "1", "0", "1", "-2", "2", "1"], ["1", "1", "1", "0", "2", "0", "1", "1", "1"], ["2", "3", "3", "0", "-3", "0", "3", "3", "2"], ["0", "1", "1", "1", "4", "1", "1", "1", "0"], ["0", "1", "-2", "3", "-2", "3", "-2", "1", "0"], ["-3", "1", "1", "1", "0", "1", "1", "1", "-3"], ["2", "0", "2", "1", "0", "1", "2", "0", "2"], ["2", "2", "-2", "-2", "1", "-2", "-2", "2", "2"], ["3", "0", "0", "-3", "1", "-3", "0", "0", "3"]], "color": [["1", "1", "0", "0", "0", "0", "2", "2", "2"], ["0", "0", "1", "1", "1", "2", "2", "2", "2"], ["1", "1", "1", "0", "1", "1", "2", "0", "0"], ["1", "1", "0", "1", "1", "2", "2", "2", "0"], ["1", "0", "1", "0", "0", "0", "0", "2", "2"], ["1", "1", "0", "0", "0", "0", "0", "2", "0"], ["1", "0", "0", "0", "0", "0", "2", "0", "0"], ["0", "0", "0", "0", "0", "0", "0", "0", "0"], ["0", "0", "0", "0", "0", "0", "0", "0", "0"], ["0", "0", "0", "0", "0", "0", "0", "0", "0"]], "pos": [{"x": "1", "y": "5"}, {"x": "2", "y": "4"}, {"x": "6", "y": "6"}, {"x": "7", "y": "0"}]}, "q": "0.0005539563512678424", "z": "1", "visitCount": [["12", "11", "15", "11", "17", "11", "11", "9", "8", "0", "0", "0", "0", "0", "0", "0", "0", "19", "9", "14", "11", "15", "15", "17", "10", "15", "0", "0", "0", "0", "0", "0", "0", "0", "13", "15", "9", "16", "10", "13", "15", "13", "10", "0", "0", "0", "0", "0", "0", "0", "0", "15", "10", "14", "13", "10", "14", "11", "12", "11", "0", "0", "0", "0", "0", "0", "0", "0", "9", "11", "13", "10", "11", "12", "10", "17", "10", "0", "0", "0", "0", "0", "0", "0", "0", "12", "9", "10", "14", "11", "7", "10", "13", "16", "0", "0", "0", "0", "0", "0", "0", "0", "12", "10", "11", "11", "13", "12", "12", "16", "14", "0", "0", "0", "0", "0", "0", "0", "0", "11", "14", "10", "15", "12", "14", "12", "11", "11", "0", "0", "0", "0", "0", "0", "0", "0", "14", "19", "9", "13", "12", "16", "12", "12", "13", "0", "0", "0", "0", "0", "0", "0", "0", "0", "0", "0", "0", "0", "0", "0", "0", "0", "0", "0", "0", "0", "0", "0", "0", "0", "0", "0", "0", "0", "0", "0", "0", "0", "0", "0", "0", "0", "0", "0", "0", "0", "0", "0", "0", "0", "0", "0", "0", "0", "0", "0", "0", "0", "0", "0", "0", "0", "0", "0", "0", "0", "0", "0", "0", "0", "0", "0", "0", "0", "0", "0", "0", "0", "0", "0", "0", "0", "0", "0", "0", "0", "0", "0", "0", "0", "0", "0", "0", "0", "0", "0", "0", "0", "0", "0", "0", "0", "0", "0", "0", "0", "0", "0", "0", "0", "0", "0", "0", "0", "0", "0", "0", "0", "0", "0", "0", "0", "0", "0", "0", "0", "0", "0", "0", "0", "0", "0", "0", "0", "0", "0", "0", "0", "0", "0", "0", "0", "0", "0", "0", "0", "0", "0", "0"], ["17", "13", "13", "23", "16", "0", "0", "0", "21", "0", "0", "0", "0", "0", "0", "0", "0", "14", "18", "15", "18", "18", "0", "0", "0", "12", "0", "0", "0", "0", "0", "0", "0", "0", "25", "19", "11", "19", "28", "0", "0", "0", "23", "0", "0", "0", "0", "0", "0", "0", "0", "16", "17", "25", "16", "19", "0", "0", "0", "14", "0", "0", "0", "0", "0", "0", "0", "0", "26", "14", "26", "17", "21", "0", "0", "0", "16", "0", "0", "0", "0", "0", "0", "0", "0", "24", "15", "27", "22", "17", "0", "0", "0", "14", "0", "0", "0", "0", "0", "0", "0", "0", "14", "12", "21", "24", "11", "0", "0", "0", "36", "0", "0", "0", "0", "0", "0", "0", "0", "24", "16", "25", "18", "16", "0", "0", "0", "15", "0", "0", "0", "0", "0", "0", "0", "0", "15", "18", "13", "20", "24", "0", "0", "0", "9", "0", "0", "0", "0", "0", "0", "0", "0", "0", "0", "0", "0", "0", "0", "0", "0", "0", "0", "0", "0", "0", "0", "0", "0", "0", "0", "0", "0", "0", "0", "0", "0", "0", "0", "0", "0", "0", "0", "0", "0", "0", "0", "0", "0", "0", "0", "0", "0", "0", "0", "0", "0", "0", "0", "0", "0", "0", "0", "0", "0", "0", "0", "0", "0", "0", "0", "0", "0", "0", "0", "0", "0", "0", "0", "0", "0", "0", "0", "0", "0", "0", "0", "0", "0", "0", "0", "0", "0", "0", "0", "0", "0", "0", "0", "0", "0", "0", "0", "0", "0", "0", "0", "0", "0", "0", "0", "0", "0", "0", "0", "0", "0", "0", "0", "0", "0", "0", "0", "0", "0", "0", "0", "0", "0", "0", "0", "0", "0", "0", "0", "0", "0", "0", "0", "0", "0", "0", "0", "0", "0", "0", "0", "0", "0"]]}