{"state": {"resTurn": "72", "h": "10", "w": "9", "score": [["1", "0", "0", "1", "1", "1", "0", "0", "1"], ["1", "2", "-2", "1", "0", "1", "-2", "2", "1"], ["1", "1", "1", "0", "2", "0", "1", "1", "1"], ["2", "3", "3", "0", "-3", "0", "3", "3", "2"], ["0", "1", "1", "1", "4", "1", "1", "1", "0"], ["0", "1", "-2", "3", "-2", "3", "-2", "1", "0"], ["-3", "1", "1", "1", "0", "1", "1", "1", "-3"], ["2", "0", "2", "1", "0", "1", "2", "0", "2"], ["2", "2", "-2", "-2", "1", "-2", "-2", "2", "2"], ["3", "0", "0", "-3", "1", "-3", "0", "0", "3"]], "color": [["1", "1", "0", "0", "0", "0", "2", "2", "2"], ["0", "0", "1", "1", "1", "2", "2", "2", "2"], ["1", "1", "1", "0", "1", "1", "2", "0", "0"], ["1", "1", "0", "1", "1", "2", "2", "2", "0"], ["1", "0", "1", "0", "0", "0", "0", "2", "2"], ["1", "1", "0", "0", "0", "0", "2", "2", "0"], ["1", "0", "1", "0", "0", "0", "2", "0", "0"], ["0", "0", "0", "0", "0", "0", "0", "0", "0"], ["0", "0", "0", "0", "0", "0", "0", "0", "0"], ["0", "0", "0", "0", "0", "0", "0", "0", "0"]], "pos": [{"x": "2", "y": "6"}, {"x": "2", "y": "4"}, {"x": "6", "y": "5"}, {"x": "8", "y": "0"}]}, "q": "0.0007509702590877704", "z": "1", "visitCount": [["8", "26", "16", "11", "13", "11", "8", "10", "8", "0", "0", "0", "0", "0", "0", "0", "0", "19", "14", "10", "10", "16", "12", "14", "12", "15", "0", "0", "0", "0", "0", "0", "0", "0", "14", "12", "16", "9", "11", "11", "16", "7", "10", "0", "0", "0", "0", "0", "0", "0", "0", "10", "12", "9", "16", "12", "15", "13", "11", "9", "0", "0", "0", "0", "0", "0", "0", "0", "14", "14", "11", "10", "12", "9", "11", "10", "10", "0", "0", "0", "0", "0", "0", "0", "0", "14", "10", "13", "10", "13", "12", "11", "13", "9", "0", "0", "0", "0", "0", "0", "0", "0", "14", "24", "8", "15", "13", "9", "11", "14", "16", "0", "0", "0", "0", "0", "0", "0", "0", "10", "9", "15", "10", "13", "17", "12", "20", "10", "0", "0", "0", "0", "0", "0", "0", "0", "12", "12", "10", "14", "13", "11", "12", "14", "10", "0", "0", "0", "0", "0", "0", "0", "0", "0", "0", "0", "0", "0", "0", "0", "0", "0", "0", "0", "0", "0", "0", "0", "0", "0", "0", "0", "0", "0", "0", "0", "0", "0", "0", "0", "0", "0", "0", "0", "0", "0", "0", "0", "0", "0", "0", "0", "0", "0", "0", "0", "0", "0", "0", "0", "0", "0", "0", "0", "0", "0", "0", "0", "0", "0", "0", "0", "0", "0", "0", "0", "0", "0", "0", "0", "0", "0", "0", "0", "0", "0", "0", "0", "0", "0", "0", "0", "0", "0", "0", "0", "0", "0", "0", "0", "0", "0", "0", "0", "0", "0", "0", "0", "0", "0", "0", "0", "0", "0", "0", "0", "0", "0", "0", "0", "0", "0", "0", "0", "0", "0", "0", "0", "0", "0", "0", "0", "0", "0", "0", "0", "0", "0", "0", "0", "0", "0", "0", "0", "0", "0", "0", "0", "0"], ["15", "0", "36", "32", "33", "0", "0", "0", "0", "0", "0", "0", "0", "0", "0", "0", "0", "23", "0", "27", "15", "27", "0", "0", "0", "0", "0", "0", "0", "0", "0", "0", "0", "0", "21", "0", "26", "20", "19", "0", "0", "0", "0", "0", "0", "0", "0", "0", "0", "0", "0", "15", "0", "21", "17", "24", "0", "0", "0", "0", "0", "0", "0", "0", "0", "0", "0", "0", "38", "0", "18", "34", "23", "0", "0", "0", "0", "0", "0", "0", "0", "0", "0", "0", "0", "25", "0", "57", "33", "22", "0", "0", "0", "0", "0", "0", "0", "0", "0", "0", "0", "0", "56", "0", "23", "19", "37", "0", "0", "0", "0", "0", "0", "0", "0", "0", "0", "0", "0", "26", "0", "36", "28", "33", "0", "0", "0", "0", "0", "0", "0", "0", "0", "0", "0", "0", "31", "0", "18", "33", "39", "0", "0", "0", "0", "0", "0", "0", "0", "0", "0", "0", "0", "0", "0", "0", "0", "0", "0", "0", "0", "0", "0", "0", "0", "0", "0", "0", "0", "0", "0", "0", "0", "0", "0", "0", "0", "0", "0", "0", "0", "0", "0", "0", "0", "0", "0", "0", "0", "0", "0", "0", "0", "0", "0", "0", "0", "0", "0", "0", "0", "0", "0", "0", "0", "0", "0", "0", "0", "0", "0", "0", "0", "0", "0", "0", "0", "0", "0", "0", "0", "0", "0", "0", "0", "0", "0", "0", "0", "0", "0", "0", "0", "0", "0", "0", "0", "0", "0", "0", "0", "0", "0", "0", "0", "0", "0", "0", "0", "0", "0", "0", "0", "0", "0", "0", "0", "0", "0", "0", "0", "0", "0", "0", "0", "0", "0", "0", "0", "0", "0", "0", "0", "0", "0", "0", "0", "0", "0", "0", "0", "0", "0", "0", "0", "0", "0", "0", "0"]]}