{"state": {"resTurn": "71", "h": "10", "w": "9", "score": [["1", "0", "0", "1", "1", "1", "0", "0", "1"], ["1", "2", "-2", "1", "0", "1", "-2", "2", "1"], ["1", "1", "1", "0", "2", "0", "1", "1", "1"], ["2", "3", "3", "0", "-3", "0", "3", "3", "2"], ["0", "1", "1", "1", "4", "1", "1", "1", "0"], ["0", "1", "-2", "3", "-2", "3", "-2", "1", "0"], ["-3", "1", "1", "1", "0", "1", "1", "1", "-3"], ["2", "0", "2", "1", "0", "1", "2", "0", "2"], ["2", "2", "-2", "-2", "1", "-2", "-2", "2", "2"], ["3", "0", "0", "-3", "1", "-3", "0", "0", "3"]], "color": [["1", "1", "0", "0", "0", "0", "2", "2", "2"], ["0", "0", "1", "1", "1", "2", "2", "2", "2"], ["1", "1", "1", "0", "1", "1", "2", "0", "0"], ["1", "1", "0", "1", "1", "2", "2", "2", "0"], ["1", "0", "1", "0", "0", "2", "0", "2", "2"], ["1", "1", "0", "1", "0", "0", "2", "2", "0"], ["1", "0", "1", "0", "0", "0", "2", "0", "0"], ["0", "0", "0", "0", "0", "0", "0", "0", "0"], ["0", "0", "0", "0", "0", "0", "0", "0", "0"], ["0", "0", "0", "0", "0", "0", "0", "0", "0"]], "pos": [{"x": "2", "y": "6"}, {"x": "3", "y": "5"}, {"x": "5", "y": "4"}, {"x": "8", "y": "1"}]}, "q": "0.0004943793547199534", "z": "1", "visitCount": [["11", "14", "8", "10", "13", "9", "12", "20", "13", "0", "0", "0", "0", "0", "0", "0", "0", "11", "10", "11", "13", "17", "14", "8", "12", "12", "0", "0", "0", "0", "0", "0", "0", "0", "11", "10", "12", "10", "14", "13", "8", "10", "10", "0", "0", "0", "0", "0", "0", "0", "0", "9", "17", "8", "10", "16", "17", "9", "7", "9", "0", "0", "0", "0", "0", "0", "0", "0", "15", "9", "15", "10", "17", "13", "10", "10", "7", "0", "0", "0", "0", "0", "0", "0", "0", "11", "13", "18", "10", "18", "12", "16", "21", "15", "0", "0", "0", "0", "0", "0", "0", "0", "12", "11", "15", "15", "16", "12", "12", "18", "10", "0", "0", "0", "0", "0", "0", "0", "0", "7", "10", "11", "10", "10", "12", "15", "15", "16", "0", "0", "0", "0", "0", "0", "0", "0", "14", "8", "23", "10", "14", "13", "10", "9", "14", "0", "0", "0", "0", "0", "0", "0", "0", "0", "0", "0", "0", "0", "0", "0", "0", "0", "0", "0", "0", "0", "0", "0", "0", "0", "0", "0", "0", "0", "0", "0", "0", "0", "0", "0", "0", "0", "0", "0", "0", "0", "0", "0", "0", "0", "0", "0", "0", "0", "0", "0", "0", "0", "0", "0", "0", "0", "0", "0", "0", "0", "0", "0", "0", "0", "0", "0", "0", "0", "0", "0", "0", "0", "0", "0", "0", "0", "0", "0", "0", "0", "0", "0", "0", "0", "0", "0", "0", "0", "0", "0", "0", "0", "0", "0", "0", "0", "0", "0", "0", "0", "0", "0", "0", "0", "0", "0", "0", "0", "0", "0", "0", "0", "0", "0", "0", "0", "0", "0", "0", "0", "0", "0", "0", "0", "0", "0", "0", "0", "0", "0", "0", "0", "0", "0", "0", "0", "0", "0", "0", "0", "0", "0", "0"], ["19", "0", "16", "16", "17", "22", "18", "0", "0", "0", "0", "0", "0", "0", "0", "0", "0", "21", "0", "17", "12", "23", "20", "12", "0", "0", "0", "0", "0", "0", "0", "0", "0", "0", "16", "0", "17", "12", "15", "15", "22", "0", "0", "0", "0", "0", "0", "0", "0", "0", "0", "21", "0", "16", "23", "16", "31", "21", "0", "0", "0", "0", "0", "0", "0", "0", "0", "0", "15", "0", "28", "13", "21", "25", "27", "0", "0", "0", "0", "0", "0", "0", "0", "0", "0", "0", "0", "0", "0", "0", "0", "0", "0", "0", "0", "0", "0", "0", "0", "0", "0", "0", "19", "0", "28", "13", "17", "8", "21", "0", "0", "0", "0", "0", "0", "0", "0", "0", "0", "17", "0", "24", "25", "13", "34", "15", "0", "0", "0", "0", "0", "0", "0", "0", "0", "0", "21", "0", "19", "19", "20", "14", "15", "0", "0", "0", "0", "0", "0", "0", "0", "0", "0", "0", "0", "0", "0", "0", "0", "0", "0", "0", "0", "0", "0", "0", "0", "0", "0", "0", "0", "0", "0", "0", "0", "0", "0", "0", "0", "0", "0", "0", "0", "0", "0", "0", "0", "0", "0", "0", "0", "0", "0", "0", "0", "0", "0", "0", "0", "0", "0", "0", "0", "0", "0", "0", "0", "0", "0", "0", "0", "0", "0", "0", "0", "0", "0", "0", "0", "0", "0", "14", "0", "14", "17", "20", "11", "15", "0", "0", "0", "0", "0", "0", "0", "0", "0", "0", "0", "0", "0", "0", "0", "0", "0", "0", "0", "0", "0", "0", "0", "0", "0", "0", "0", "0", "0", "0", "0", "0", "0", "0", "0", "0", "0", "0", "0", "0", "0", "0", "0", "0", "0", "0", "0", "0", "0", "0", "0", "0", "0", "0", "0", "0", "0", "0", "0", "0", "0"]]}