{"state": {"resTurn": "88", "h": "10", "w": "9", "score": [["1", "0", "0", "1", "1", "1", "0", "0", "1"], ["1", "2", "-2", "1", "0", "1", "-2", "2", "1"], ["1", "1", "1", "0", "2", "0", "1", "1", "1"], ["2", "3", "3", "0", "-3", "0", "3", "3", "2"], ["0", "1", "1", "1", "4", "1", "1", "1", "0"], ["0", "1", "-2", "3", "-2", "3", "-2", "1", "0"], ["-3", "1", "1", "1", "0", "1", "1", "1", "-3"], ["2", "0", "2", "1", "0", "1", "2", "0", "2"], ["2", "2", "-2", "-2", "1", "-2", "-2", "2", "2"], ["3", "0", "0", "-3", "1", "-3", "0", "0", "3"]], "color": [["1", "1", "0", "0", "0", "0", "0", "2", "0"], ["0", "0", "0", "0", "0", "0", "0", "2", "0"], ["0", "0", "1", "0", "0", "0", "0", "0", "0"], ["0", "0", "0", "1", "0", "2", "2", "2", "0"], ["0", "0", "0", "0", "0", "0", "0", "0", "0"], ["0", "0", "0", "0", "0", "0", "0", "0", "0"], ["0", "0", "0", "0", "0", "0", "0", "0", "0"], ["0", "0", "0", "0", "0", "0", "0", "0", "0"], ["0", "0", "0", "0", "0", "0", "0", "0", "0"], ["0", "0", "0", "0", "0", "0", "0", "0", "0"]], "pos": [{"x": "2", "y": "2"}, {"x": "0", "y": "0"}, {"x": "7", "y": "3"}, {"x": "7", "y": "1"}]}, "q": "0.00134108435223778", "z": "1", "visitCount": [["37", "31", "17", "0", "0", "0", "0", "0", "22", "0", "0", "0", "0", "0", "0", "0", "0", "26", "25", "21", "0", "0", "0", "0", "0", "46", "0", "0", "0", "0", "0", "0", "0", "0", "16", "18", "24", "0", "0", "0", "0", "0", "29", "0", "0", "0", "0", "0", "0", "0", "0", "31", "21", "28", "0", "0", "0", "0", "0", "21", "0", "0", "0", "0", "0", "0", "0", "0", "23", "32", "43", "0", "0", "0", "0", "0", "54", "0", "0", "0", "0", "0", "0", "0", "0", "39", "24", "42", "0", "0", "0", "0", "0", "20", "0", "0", "0", "0", "0", "0", "0", "0", "23", "15", "16", "0", "0", "0", "0", "0", "35", "0", "0", "0", "0", "0", "0", "0", "0", "40", "26", "20", "0", "0", "0", "0", "0", "28", "0", "0", "0", "0", "0", "0", "0", "0", "29", "27", "28", "0", "0", "0", "0", "0", "25", "0", "0", "0", "0", "0", "0", "0", "0", "0", "0", "0", "0", "0", "0", "0", "0", "0", "0", "0", "0", "0", "0", "0", "0", "0", "0", "0", "0", "0", "0", "0", "0", "0", "0", "0", "0", "0", "0", "0", "0", "0", "0", "0", "0", "0", "0", "0", "0", "0", "0", "0", "0", "0", "0", "0", "0", "0", "0", "0", "0", "0", "0", "0", "0", "0", "0", "0", "0", "0", "0", "0", "0", "0", "0", "0", "0", "0", "0", "0", "0", "0", "0", "0", "0", "0", "0", "0", "0", "0", "0", "0", "0", "0", "0", "0", "0", "0", "0", "0", "0", "0", "0", "0", "0", "0", "0", "0", "0", "0", "0", "0", "0", "0", "0", "0", "0", "0", "0", "0", "0", "0", "0", "0", "0", "0", "0", "0", "0", "0", "0", "0", "0", "0", "0", "0", "0", "0", "0", "0", "0", "0", "0", "0", "0"], ["9", "9", "8", "14", "13", "13", "11", "11", "12", "0", "0", "0", "0", "0", "0", "0", "0", "13", "10", "13", "11", "12", "12", "12", "11", "12", "0", "0", "0", "0", "0", "0", "0", "0", "8", "15", "19", "12", "15", "12", "14", "21", "14", "0", "0", "0", "0", "0", "0", "0", "0", "12", "13", "11", "16", "12", "13", "16", "13", "12", "0", "0", "0", "0", "0", "0", "0", "0", "11", "11", "15", "16", "12", "7", "11", "11", "12", "0", "0", "0", "0", "0", "0", "0", "0", "14", "16", "11", "12", "10", "10", "13", "11", "10", "0", "0", "0", "0", "0", "0", "0", "0", "13", "13", "8", "11", "15", "16", "11", "12", "19", "0", "0", "0", "0", "0", "0", "0", "0", "13", "11", "12", "14", "13", "10", "15", "12", "11", "0", "0", "0", "0", "0", "0", "0", "0", "16", "11", "12", "14", "7", "10", "17", "12", "7", "0", "0", "0", "0", "0", "0", "0", "0", "0", "0", "0", "0", "0", "0", "0", "0", "0", "0", "0", "0", "0", "0", "0", "0", "0", "0", "0", "0", "0", "0", "0", "0", "0", "0", "0", "0", "0", "0", "0", "0", "0", "0", "0", "0", "0", "0", "0", "0", "0", "0", "0", "0", "0", "0", "0", "0", "0", "0", "0", "0", "0", "0", "0", "0", "0", "0", "0", "0", "0", "0", "0", "0", "0", "0", "0", "0", "0", "0", "0", "0", "0", "0", "0", "0", "0", "0", "0", "0", "0", "0", "0", "0", "0", "0", "0", "0", "0", "0", "0", "0", "0", "0", "0", "0", "0", "0", "0", "0", "0", "0", "0", "0", "0", "0", "0", "0", "0", "0", "0", "0", "0", "0", "0", "0", "0", "0", "0", "0", "0", "0", "0", "0", "0", "0", "0", "0", "0", "0", "0", "0", "0", "0", "0", "0"]]}