{"state": {"resTurn": "70", "h": "10", "w": "9", "score": [["1", "0", "0", "1", "1", "1", "0", "0", "1"], ["1", "2", "-2", "1", "0", "1", "-2", "2", "1"], ["1", "1", "1", "0", "2", "0", "1", "1", "1"], ["2", "3", "3", "0", "-3", "0", "3", "3", "2"], ["0", "1", "1", "1", "4", "1", "1", "1", "0"], ["0", "1", "-2", "3", "-2", "3", "-2", "1", "0"], ["-3", "1", "1", "1", "0", "1", "1", "1", "-3"], ["2", "0", "2", "1", "0", "1", "2", "0", "2"], ["2", "2", "-2", "-2", "1", "-2", "-2", "2", "2"], ["3", "0", "0", "-3", "1", "-3", "0", "0", "3"]], "color": [["1", "1", "0", "0", "0", "0", "2", "2", "2"], ["0", "0", "1", "1", "1", "2", "2", "2", "2"], ["1", "1", "1", "0", "1", "1", "2", "0", "0"], ["1", "1", "0", "1", "1", "2", "2", "2", "0"], ["1", "0", "1", "0", "0", "2", "0", "2", "2"], ["1", "1", "0", "1", "0", "0", "2", "2", "0"], ["1", "0", "1", "0", "0", "0", "2", "0", "0"], ["0", "0", "0", "0", "0", "0", "0", "0", "0"], ["0", "0", "0", "0", "0", "0", "0", "0", "0"], ["0", "0", "0", "0", "0", "0", "0", "0", "0"]], "pos": [{"x": "2", "y": "6"}, {"x": "3", "y": "5"}, {"x": "6", "y": "3"}, {"x": "7", "y": "0"}]}, "q": "0.0008179885148605097", "z": "1", "visitCount": [["13", "12", "9", "13", "13", "8", "10", "12", "13", "0", "0", "0", "0", "0", "0", "0", "0", "10", "10", "14", "13", "15", "13", "14", "12", "15", "0", "0", "0", "0", "0", "0", "0", "0", "15", "12", "20", "10", "12", "15", "9", "12", "12", "0", "0", "0", "0", "0", "0", "0", "0", "17", "11", "9", "9", "9", "9", "13", "12", "13", "0", "0", "0", "0", "0", "0", "0", "0", "15", "17", "13", "11", "11", "13", "13", "9", "13", "0", "0", "0", "0", "0", "0", "0", "0", "11", "15", "12", "15", "13", "12", "13", "19", "11", "0", "0", "0", "0", "0", "0", "0", "0", "14", "12", "15", "13", "12", "12", "9", "8", "17", "0", "0", "0", "0", "0", "0", "0", "0", "7", "11", "12", "7", "16", "11", "12", "12", "14", "0", "0", "0", "0", "0", "0", "0", "0", "15", "14", "11", "12", "10", "12", "16", "11", "11", "0", "0", "0", "0", "0", "0", "0", "0", "0", "0", "0", "0", "0", "0", "0", "0", "0", "0", "0", "0", "0", "0", "0", "0", "0", "0", "0", "0", "0", "0", "0", "0", "0", "0", "0", "0", "0", "0", "0", "0", "0", "0", "0", "0", "0", "0", "0", "0", "0", "0", "0", "0", "0", "0", "0", "0", "0", "0", "0", "0", "0", "0", "0", "0", "0", "0", "0", "0", "0", "0", "0", "0", "0", "0", "0", "0", "0", "0", "0", "0", "0", "0", "0", "0", "0", "0", "0", "0", "0", "0", "0", "0", "0", "0", "0", "0", "0", "0", "0", "0", "0", "0", "0", "0", "0", "0", "0", "0", "0", "0", "0", "0", "0", "0", "0", "0", "0", "0", "0", "0", "0", "0", "0", "0", "0", "0", "0", "0", "0", "0", "0", "0", "0", "0", "0", "0", "0", "0", "0", "0", "0", "0", "0", "0"], ["15", "19", "25", "26", "11", "0", "0", "0", "26", "0", "0", "0", "0", "0", "0", "0", "0", "31", "20", "11", "14", "18", "0", "0", "0", "18", "0", "0", "0", "0", "0", "0", "0", "0", "29", "21", "16", "15", "20", "0", "0", "0", "11", "0", "0", "0", "0", "0", "0", "0", "0", "14", "20", "13", "21", "24", "0", "0", "0", "13", "0", "0", "0", "0", "0", "0", "0", "0", "14", "35", "18", "16", "16", "0", "0", "0", "16", "0", "0", "0", "0", "0", "0", "0", "0", "0", "0", "0", "0", "0", "0", "0", "0", "0", "0", "0", "0", "0", "0", "0", "0", "0", "15", "29", "22", "14", "23", "0", "0", "0", "14", "0", "0", "0", "0", "0", "0", "0", "0", "12", "21", "18", "19", "15", "0", "0", "0", "8", "0", "0", "0", "0", "0", "0", "0", "0", "21", "22", "19", "21", "28", "0", "0", "0", "15", "0", "0", "0", "0", "0", "0", "0", "0", "0", "0", "0", "0", "0", "0", "0", "0", "0", "0", "0", "0", "0", "0", "0", "0", "0", "0", "0", "0", "0", "0", "0", "0", "0", "0", "0", "0", "0", "0", "0", "0", "0", "0", "0", "0", "0", "0", "0", "0", "0", "0", "0", "0", "0", "0", "0", "0", "0", "0", "0", "0", "0", "0", "0", "0", "0", "0", "0", "0", "0", "0", "0", "0", "0", "0", "0", "0", "19", "14", "26", "10", "16", "0", "0", "0", "13", "0", "0", "0", "0", "0", "0", "0", "0", "0", "0", "0", "0", "0", "0", "0", "0", "0", "0", "0", "0", "0", "0", "0", "0", "0", "0", "0", "0", "0", "0", "0", "0", "0", "0", "0", "0", "0", "0", "0", "0", "0", "0", "0", "0", "0", "0", "0", "0", "0", "0", "0", "0", "0", "0", "0", "0", "0", "0", "0"]]}