{"state": {"resTurn": "69", "h": "10", "w": "9", "score": [["1", "0", "0", "1", "1", "1", "0", "0", "1"], ["1", "2", "-2", "1", "0", "1", "-2", "2", "1"], ["1", "1", "1", "0", "2", "0", "1", "1", "1"], ["2", "3", "3", "0", "-3", "0", "3", "3", "2"], ["0", "1", "1", "1", "4", "1", "1", "1", "0"], ["0", "1", "-2", "3", "-2", "3", "-2", "1", "0"], ["-3", "1", "1", "1", "0", "1", "1", "1", "-3"], ["2", "0", "2", "1", "0", "1", "2", "0", "2"], ["2", "2", "-2", "-2", "1", "-2", "-2", "2", "2"], ["3", "0", "0", "-3", "1", "-3", "0", "0", "3"]], "color": [["1", "1", "0", "0", "0", "0", "2", "2", "2"], ["0", "0", "1", "1", "1", "2", "2", "2", "2"], ["1", "1", "1", "0", "1", "1", "2", "0", "0"], ["1", "1", "0", "1", "1", "2", "2", "2", "0"], ["1", "0", "1", "0", "0", "2", "0", "2", "2"], ["1", "1", "0", "1", "0", "0", "2", "2", "0"], ["1", "0", "1", "1", "0", "0", "2", "0", "0"], ["0", "0", "1", "0", "0", "0", "0", "0", "0"], ["0", "0", "0", "0", "0", "0", "0", "0", "0"], ["0", "0", "0", "0", "0", "0", "0", "0", "0"]], "pos": [{"x": "2", "y": "7"}, {"x": "3", "y": "6"}, {"x": "5", "y": "3"}, {"x": "8", "y": "1"}]}, "q": "0.0004282799830039514", "z": "1", "visitCount": [["6", "13", "15", "12", "13", "10", "14", "10", "12", "0", "0", "0", "0", "0", "0", "0", "0", "14", "8", "8", "10", "10", "11", "7", "10", "13", "0", "0", "0", "0", "0", "0", "0", "0", "17", "11", "14", "12", "12", "12", "8", "19", "8", "0", "0", "0", "0", "0", "0", "0", "0", "12", "15", "14", "9", "18", "17", "9", "17", "10", "0", "0", "0", "0", "0", "0", "0", "0", "14", "12", "15", "15", "9", "12", "12", "11", "13", "0", "0", "0", "0", "0", "0", "0", "0", "16", "12", "10", "11", "12", "14", "13", "11", "13", "0", "0", "0", "0", "0", "0", "0", "0", "11", "13", "10", "12", "11", "10", "29", "11", "13", "0", "0", "0", "0", "0", "0", "0", "0", "12", "11", "10", "10", "13", "21", "8", "15", "12", "0", "0", "0", "0", "0", "0", "0", "0", "10", "14", "15", "16", "10", "10", "9", "14", "15", "0", "0", "0", "0", "0", "0", "0", "0", "0", "0", "0", "0", "0", "0", "0", "0", "0", "0", "0", "0", "0", "0", "0", "0", "0", "0", "0", "0", "0", "0", "0", "0", "0", "0", "0", "0", "0", "0", "0", "0", "0", "0", "0", "0", "0", "0", "0", "0", "0", "0", "0", "0", "0", "0", "0", "0", "0", "0", "0", "0", "0", "0", "0", "0", "0", "0", "0", "0", "0", "0", "0", "0", "0", "0", "0", "0", "0", "0", "0", "0", "0", "0", "0", "0", "0", "0", "0", "0", "0", "0", "0", "0", "0", "0", "0", "0", "0", "0", "0", "0", "0", "0", "0", "0", "0", "0", "0", "0", "0", "0", "0", "0", "0", "0", "0", "0", "0", "0", "0", "0", "0", "0", "0", "0", "0", "0", "0", "0", "0", "0", "0", "0", "0", "0", "0", "0", "0", "0", "0", "0", "0", "0", "0", "0"], ["23", "0", "15", "20", "17", "16", "20", "0", "0", "0", "0", "0", "0", "0", "0", "0", "0", "22", "0", "15", "22", "19", "22", "22", "0", "0", "0", "0", "0", "0", "0", "0", "0", "0", "17", "0", "14", "16", "19", "16", "13", "0", "0", "0", "0", "0", "0", "0", "0", "0", "0", "25", "0", "19", "19", "21", "16", "23", "0", "0", "0", "0", "0", "0", "0", "0", "0", "0", "0", "0", "0", "0", "0", "0", "0", "0", "0", "0", "0", "0", "0", "0", "0", "0", "0", "0", "0", "0", "0", "0", "0", "0", "0", "0", "0", "0", "0", "0", "0", "0", "0", "0", "0", "0", "0", "0", "0", "0", "0", "0", "0", "0", "0", "0", "0", "0", "0", "0", "0", "16", "0", "13", "17", "14", "24", "13", "0", "0", "0", "0", "0", "0", "0", "0", "0", "0", "18", "0", "20", "20", "18", "23", "29", "0", "0", "0", "0", "0", "0", "0", "0", "0", "0", "0", "0", "0", "0", "0", "0", "0", "0", "0", "0", "0", "0", "0", "0", "0", "0", "0", "0", "0", "0", "0", "0", "0", "0", "0", "0", "0", "0", "0", "0", "0", "0", "0", "0", "0", "0", "0", "0", "0", "0", "0", "0", "0", "0", "0", "0", "0", "0", "0", "0", "0", "11", "0", "16", "18", "13", "24", "16", "0", "0", "0", "0", "0", "0", "0", "0", "0", "0", "20", "0", "25", "22", "20", "19", "18", "0", "0", "0", "0", "0", "0", "0", "0", "0", "0", "9", "0", "12", "28", "14", "16", "23", "0", "0", "0", "0", "0", "0", "0", "0", "0", "0", "0", "0", "0", "0", "0", "0", "0", "0", "0", "0", "0", "0", "0", "0", "0", "0", "0", "0", "0", "0", "0", "0", "0", "0", "0", "0", "0", "0", "0", "0", "0", "0", "0", "0"]]}