{"state": {"resTurn": "68", "h": "10", "w": "9", "score": [["1", "0", "0", "1", "1", "1", "0", "0", "1"], ["1", "2", "-2", "1", "0", "1", "-2", "2", "1"], ["1", "1", "1", "0", "2", "0", "1", "1", "1"], ["2", "3", "3", "0", "-3", "0", "3", "3", "2"], ["0", "1", "1", "1", "4", "1", "1", "1", "0"], ["0", "1", "-2", "3", "-2", "3", "-2", "1", "0"], ["-3", "1", "1", "1", "0", "1", "1", "1", "-3"], ["2", "0", "2", "1", "0", "1", "2", "0", "2"], ["2", "2", "-2", "-2", "1", "-2", "-2", "2", "2"], ["3", "0", "0", "-3", "1", "-3", "0", "0", "3"]], "color": [["1", "1", "0", "0", "0", "0", "2", "2", "2"], ["0", "0", "1", "1", "1", "2", "2", "2", "2"], ["1", "1", "1", "0", "1", "1", "2", "0", "0"], ["1", "1", "0", "1", "1", "2", "2", "2", "0"], ["1", "0", "1", "0", "0", "2", "0", "2", "2"], ["1", "1", "0", "1", "0", "0", "2", "2", "0"], ["1", "0", "1", "1", "0", "0", "2", "0", "0"], ["0", "0", "1", "0", "0", "0", "0", "0", "0"], ["0", "0", "0", "0", "0", "0", "0", "0", "0"], ["0", "0", "0", "0", "0", "0", "0", "0", "0"]], "pos": [{"x": "2", "y": "6"}, {"x": "3", "y": "5"}, {"x": "6", "y": "3"}, {"x": "8", "y": "0"}]}, "q": "0.0004872708794154386", "z": "1", "visitCount": [["12", "9", "11", "9", "18", "14", "14", "12", "16", "0", "0", "0", "0", "0", "0", "0", "0", "8", "11", "13", "11", "13", "9", "12", "11", "16", "0", "0", "0", "0", "0", "0", "0", "0", "12", "14", "15", "11", "10", "14", "14", "10", "12", "0", "0", "0", "0", "0", "0", "0", "0", "11", "12", "13", "13", "10", "10", "10", "11", "12", "0", "0", "0", "0", "0", "0", "0", "0", "11", "9", "8", "10", "12", "13", "8", "18", "14", "0", "0", "0", "0", "0", "0", "0", "0", "13", "10", "8", "12", "14", "12", "7", "13", "11", "0", "0", "0", "0", "0", "0", "0", "0", "9", "15", "16", "17", "17", "12", "9", "17", "12", "0", "0", "0", "0", "0", "0", "0", "0", "12", "13", "13", "12", "16", "17", "11", "11", "8", "0", "0", "0", "0", "0", "0", "0", "0", "14", "12", "7", "10", "17", "15", "18", "22", "12", "0", "0", "0", "0", "0", "0", "0", "0", "0", "0", "0", "0", "0", "0", "0", "0", "0", "0", "0", "0", "0", "0", "0", "0", "0", "0", "0", "0", "0", "0", "0", "0", "0", "0", "0", "0", "0", "0", "0", "0", "0", "0", "0", "0", "0", "0", "0", "0", "0", "0", "0", "0", "0", "0", "0", "0", "0", "0", "0", "0", "0", "0", "0", "0", "0", "0", "0", "0", "0", "0", "0", "0", "0", "0", "0", "0", "0", "0", "0", "0", "0", "0", "0", "0", "0", "0", "0", "0", "0", "0", "0", "0", "0", "0", "0", "0", "0", "0", "0", "0", "0", "0", "0", "0", "0", "0", "0", "0", "0", "0", "0", "0", "0", "0", "0", "0", "0", "0", "0", "0", "0", "0", "0", "0", "0", "0", "0", "0", "0", "0", "0", "0", "0", "0", "0", "0", "0", "0", "0", "0", "0", "0", "0", "0"], ["24", "0", "19", "15", "32", "0", "0", "0", "0", "0", "0", "0", "0", "0", "0", "0", "0", "42", "0", "27", "18", "17", "0", "0", "0", "0", "0", "0", "0", "0", "0", "0", "0", "0", "25", "0", "33", "17", "13", "0", "0", "0", "0", "0", "0", "0", "0", "0", "0", "0", "0", "30", "0", "17", "27", "26", "0", "0", "0", "0", "0", "0", "0", "0", "0", "0", "0", "0", "24", "0", "43", "25", "52", "0", "0", "0", "0", "0", "0", "0", "0", "0", "0", "0", "0", "0", "0", "0", "0", "0", "0", "0", "0", "0", "0", "0", "0", "0", "0", "0", "0", "0", "28", "0", "31", "23", "30", "0", "0", "0", "0", "0", "0", "0", "0", "0", "0", "0", "0", "22", "0", "26", "25", "34", "0", "0", "0", "0", "0", "0", "0", "0", "0", "0", "0", "0", "15", "0", "40", "37", "51", "0", "0", "0", "0", "0", "0", "0", "0", "0", "0", "0", "0", "0", "0", "0", "0", "0", "0", "0", "0", "0", "0", "0", "0", "0", "0", "0", "0", "0", "0", "0", "0", "0", "0", "0", "0", "0", "0", "0", "0", "0", "0", "0", "0", "0", "0", "0", "0", "0", "0", "0", "0", "0", "0", "0", "0", "0", "0", "0", "0", "0", "0", "0", "0", "0", "0", "0", "0", "0", "0", "0", "0", "0", "0", "0", "0", "0", "0", "0", "0", "29", "0", "25", "22", "36", "0", "0", "0", "0", "0", "0", "0", "0", "0", "0", "0", "0", "0", "0", "0", "0", "0", "0", "0", "0", "0", "0", "0", "0", "0", "0", "0", "0", "0", "0", "0", "0", "0", "0", "0", "0", "0", "0", "0", "0", "0", "0", "0", "0", "0", "0", "0", "0", "0", "0", "0", "0", "0", "0", "0", "0", "0", "0", "0", "0", "0", "0", "0"]]}