{"state": {"resTurn": "67", "h": "10", "w": "9", "score": [["1", "0", "0", "1", "1", "1", "0", "0", "1"], ["1", "2", "-2", "1", "0", "1", "-2", "2", "1"], ["1", "1", "1", "0", "2", "0", "1", "1", "1"], ["2", "3", "3", "0", "-3", "0", "3", "3", "2"], ["0", "1", "1", "1", "4", "1", "1", "1", "0"], ["0", "1", "-2", "3", "-2", "3", "-2", "1", "0"], ["-3", "1", "1", "1", "0", "1", "1", "1", "-3"], ["2", "0", "2", "1", "0", "1", "2", "0", "2"], ["2", "2", "-2", "-2", "1", "-2", "-2", "2", "2"], ["3", "0", "0", "-3", "1", "-3", "0", "0", "3"]], "color": [["1", "1", "0", "0", "0", "0", "2", "2", "2"], ["0", "0", "1", "1", "1", "2", "2", "2", "2"], ["1", "1", "1", "0", "1", "1", "2", "0", "0"], ["1", "1", "0", "1", "1", "2", "2", "2", "0"], ["1", "0", "1", "0", "1", "2", "0", "2", "2"], ["1", "1", "0", "1", "0", "0", "2", "2", "0"], ["1", "0", "1", "1", "0", "0", "2", "0", "0"], ["0", "0", "1", "0", "0", "0", "0", "0", "0"], ["0", "0", "0", "0", "0", "0", "0", "0", "0"], ["0", "0", "0", "0", "0", "0", "0", "0", "0"]], "pos": [{"x": "3", "y": "6"}, {"x": "4", "y": "4"}, {"x": "5", "y": "3"}, {"x": "7", "y": "0"}]}, "q": "0.0004000881289559272", "z": "1", "visitCount": [["19", "7", "10", "12", "11", "9", "9", "0", "0", "0", "0", "0", "0", "0", "0", "12", "15", "18", "6", "13", "14", "15", "7", "17", "0", "0", "0", "0", "0", "0", "0", "0", "12", "11", "10", "14", "15", "14", "11", "14", "16", "0", "0", "0", "0", "0", "0", "0", "0", "15", "10", "12", "19", "10", "13", "9", "13", "12", "0", "0", "0", "0", "0", "0", "0", "0", "16", "10", "17", "15", "11", "18", "11", "11", "11", "0", "0", "0", "0", "0", "0", "0", "0", "14", "11", "7", "12", "14", "18", "16", "11", "11", "0", "0", "0", "0", "0", "0", "0", "0", "12", "19", "13", "13", "10", "8", "10", "11", "20", "0", "0", "0", "0", "0", "0", "0", "0", "8", "14", "8", "12", "9", "8", "14", "13", "10", "0", "0", "0", "0", "0", "0", "0", "0", "17", "7", "13", "13", "15", "9", "8", "17", "10", "0", "0", "0", "0", "0", "0", "0", "0", "12", "9", "0", "0", "0", "0", "0", "0", "0", "0", "0", "0", "0", "0", "0", "0", "0", "0", "0", "0", "0", "0", "0", "0", "0", "0", "0", "0", "0", "0", "0", "0", "0", "0", "0", "0", "0", "0", "0", "0", "0", "0", "0", "0", "0", "0", "0", "0", "0", "0", "0", "0", "0", "0", "0", "0", "0", "0", "0", "0", "0", "0", "0", "0", "0", "0", "0", "0", "0", "0", "0", "0", "0", "0", "0", "0", "0", "0", "0", "0", "0", "0", "0", "0", "0", "0", "0", "0", "0", "0", "0", "0", "0", "0", "0", "0", "0", "0", "0", "0", "0", "0", "0", "0", "0", "0", "0", "0", "0", "0", "0", "0", "0", "0", "0", "0", "0", "0", "0", "0", "0", "0", "0", "0", "0", "0", "0", "0", "0", "0", "0", "0", "0", "0", "0", "0", "0", "0"], ["15", "14", "18", "16", "15", "0", "0", "0", "22", "0", "0", "0", "0", "0", "0", "0", "0", "20", "18", "17", "23", "14", "0", "0", "0", "10", "0", "0", "0", "0", "0", "0", "0", "0", "17", "15", "14", "16", "16", "0", "0", "0", "18", "0", "0", "0", "0", "0", "0", "0", "0", "0", "0", "0", "0", "0", "0", "0", "0", "0", "0", "0", "0", "0", "0", "0", "0", "0", "0", "0", "0", "0", "0", "0", "0", "0", "0", "0", "0", "0", "0", "0", "0", "0", "0", "0", "0", "0", "0", "0", "0", "0", "0", "0", "0", "0", "0", "0", "0", "0", "0", "0", "0", "0", "0", "0", "0", "0", "0", "0", "0", "0", "0", "0", "0", "0", "0", "0", "0", "26", "16", "25", "14", "22", "0", "0", "0", "13", "0", "0", "0", "0", "0", "0", "0", "0", "16", "11", "16", "27", "22", "0", "0", "0", "12", "0", "0", "0", "0", "0", "0", "0", "0", "0", "0", "0", "0", "0", "0", "0", "0", "0", "0", "0", "0", "0", "0", "0", "0", "0", "0", "0", "0", "0", "0", "0", "0", "0", "0", "0", "0", "0", "0", "0", "0", "0", "0", "17", "21", "17", "31", "22", "0", "0", "0", "18", "0", "0", "0", "0", "0", "0", "0", "0", "28", "22", "21", "24", "16", "0", "0", "0", "23", "0", "0", "0", "0", "0", "0", "0", "0", "27", "20", "17", "15", "25", "0", "0", "0", "13", "0", "0", "0", "0", "0", "0", "0", "0", "14", "26", "21", "11", "16", "0", "0", "0", "17", "0", "0", "0", "0", "0", "0", "0", "0", "0", "0", "0", "0", "0", "0", "0", "0", "0", "0", "0", "0", "0", "0", "0", "0", "0", "0", "0", "0", "0", "0", "0", "0", "0", "0", "0", "0", "0", "0", "0", "0", "0", "0"]]}