{"state": {"resTurn": "66", "h": "10", "w": "9", "score": [["1", "0", "0", "1", "1", "1", "0", "0", "1"], ["1", "2", "-2", "1", "0", "1", "-2", "2", "1"], ["1", "1", "1", "0", "2", "0", "1", "1", "1"], ["2", "3", "3", "0", "-3", "0", "3", "3", "2"], ["0", "1", "1", "1", "4", "1", "1", "1", "0"], ["0", "1", "-2", "3", "-2", "3", "-2", "1", "0"], ["-3", "1", "1", "1", "0", "1", "1", "1", "-3"], ["2", "0", "2", "1", "0", "1", "2", "0", "2"], ["2", "2", "-2", "-2", "1", "-2", "-2", "2", "2"], ["3", "0", "0", "-3", "1", "-3", "0", "0", "3"]], "color": [["1", "1", "0", "0", "0", "0", "2", "2", "2"], ["0", "0", "1", "1", "1", "2", "2", "2", "2"], ["1", "1", "1", "0", "1", "1", "2", "0", "0"], ["1", "1", "0", "1", "1", "2", "2", "2", "0"], ["1", "0", "1", "0", "0", "2", "0", "2", "2"], ["1", "1", "0", "1", "0", "0", "2", "2", "0"], ["1", "0", "1", "1", "0", "0", "2", "0", "0"], ["0", "0", "1", "0", "0", "0", "0", "0", "0"], ["0", "0", "0", "0", "0", "0", "0", "0", "0"], ["0", "0", "0", "0", "0", "0", "0", "0", "0"]], "pos": [{"x": "3", "y": "5"}, {"x": "4", "y": "3"}, {"x": "5", "y": "3"}, {"x": "6", "y": "1"}]}, "q": "0.0003412073366170594", "z": "1", "visitCount": [["12", "0", "10", "9", "20", "8", "10", "9", "0", "9", "0", "0", "0", "0", "0", "0", "14", "11", "0", "8", "7", "16", "10", "8", "9", "0", "11", "0", "0", "0", "0", "0", "0", "11", "10", "0", "10", "10", "14", "21", "11", "16", "0", "14", "0", "0", "0", "0", "0", "0", "8", "9", "0", "12", "14", "12", "13", "15", "15", "0", "13", "0", "0", "0", "0", "0", "0", "11", "10", "0", "13", "17", "12", "16", "15", "11", "0", "14", "0", "0", "0", "0", "0", "0", "18", "15", "0", "13", "15", "10", "18", "15", "10", "0", "15", "0", "0", "0", "0", "0", "0", "11", "11", "0", "12", "15", "11", "10", "17", "11", "0", "15", "0", "0", "0", "0", "0", "0", "10", "11", "0", "10", "11", "17", "11", "11", "12", "0", "13", "0", "0", "0", "0", "0", "0", "12", "10", "0", "20", "10", "10", "16", "10", "12", "0", "11", "0", "0", "0", "0", "0", "0", "13", "0", "0", "0", "0", "0", "0", "0", "0", "0", "0", "0", "0", "0", "0", "0", "0", "0", "0", "0", "0", "0", "0", "0", "0", "0", "0", "0", "0", "0", "0", "0", "0", "0", "0", "0", "0", "0", "0", "0", "0", "0", "0", "0", "0", "0", "0", "0", "0", "0", "0", "0", "0", "0", "0", "0", "0", "0", "0", "0", "0", "0", "0", "0", "0", "0", "0", "0", "0", "0", "0", "0", "0", "0", "0", "0", "0", "0", "0", "0", "0", "0", "0", "0", "0", "0", "0", "0", "0", "0", "0", "0", "0", "0", "0", "0", "0", "0", "0", "0", "0", "0", "0", "0", "0", "0", "0", "0", "0", "0", "0", "0", "0", "0", "0", "0", "0", "0", "0", "0", "0", "0", "0", "0", "0", "0", "0", "0", "0", "0", "0", "0", "0", "0", "0", "0", "0"], ["15", "15", "13", "0", "16", "11", "13", "10", "11", "0", "0", "12", "0", "0", "0", "0", "0", "9", "12", "15", "0", "13", "15", "13", "15", "14", "0", "0", "11", "0", "0", "0", "0", "0", "13", "16", "14", "0", "10", "10", "14", "11", "11", "0", "0", "15", "0", "0", "0", "0", "0", "15", "15", "11", "0", "12", "14", "14", "12", "10", "0", "0", "13", "0", "0", "0", "0", "0", "0", "0", "0", "0", "0", "0", "0", "0", "0", "0", "0", "0", "0", "0", "0", "0", "0", "0", "0", "0", "0", "0", "0", "0", "0", "0", "0", "0", "0", "0", "0", "0", "0", "0", "0", "0", "0", "0", "0", "0", "0", "0", "0", "0", "0", "0", "0", "0", "0", "0", "0", "8", "9", "10", "0", "12", "12", "11", "10", "15", "0", "0", "10", "0", "0", "0", "0", "0", "8", "11", "16", "0", "14", "16", "13", "13", "6", "0", "0", "13", "0", "0", "0", "0", "0", "0", "0", "0", "0", "0", "0", "0", "0", "0", "0", "0", "0", "0", "0", "0", "0", "0", "0", "0", "0", "0", "0", "0", "0", "0", "0", "0", "0", "0", "0", "0", "0", "0", "0", "0", "0", "0", "0", "0", "0", "0", "0", "0", "0", "0", "0", "0", "0", "0", "0", "0", "11", "10", "10", "0", "14", "8", "15", "14", "13", "0", "0", "10", "0", "0", "0", "0", "0", "8", "14", "10", "0", "16", "13", "11", "19", "15", "0", "0", "9", "0", "0", "0", "0", "0", "15", "11", "17", "0", "10", "16", "12", "12", "9", "0", "0", "8", "0", "0", "0", "0", "0", "0", "0", "0", "0", "0", "0", "0", "0", "0", "0", "0", "0", "0", "0", "0", "0", "0", "0", "0", "0", "0", "0", "0", "0", "0", "0", "0", "0", "0", "0", "0", "0", "0", "0"]]}