{"state": {"resTurn": "65", "h": "10", "w": "9", "score": [["1", "0", "0", "1", "1", "1", "0", "0", "1"], ["1", "2", "-2", "1", "0", "1", "-2", "2", "1"], ["1", "1", "1", "0", "2", "0", "1", "1", "1"], ["2", "3", "3", "0", "-3", "0", "3", "3", "2"], ["0", "1", "1", "1", "4", "1", "1", "1", "0"], ["0", "1", "-2", "3", "-2", "3", "-2", "1", "0"], ["-3", "1", "1", "1", "0", "1", "1", "1", "-3"], ["2", "0", "2", "1", "0", "1", "2", "0", "2"], ["2", "2", "-2", "-2", "1", "-2", "-2", "2", "2"], ["3", "0", "0", "-3", "1", "-3", "0", "0", "3"]], "color": [["1", "1", "0", "0", "0", "0", "2", "2", "2"], ["0", "0", "1", "1", "1", "2", "2", "2", "2"], ["1", "1", "1", "1", "0", "1", "2", "0", "0"], ["1", "1", "0", "1", "1", "2", "2", "2", "0"], ["1", "0", "1", "0", "0", "2", "0", "2", "2"], ["1", "1", "0", "1", "0", "0", "2", "2", "0"], ["1", "0", "1", "1", "0", "0", "2", "0", "0"], ["0", "0", "1", "0", "0", "0", "0", "0", "0"], ["0", "0", "0", "0", "0", "0", "0", "0", "0"], ["0", "0", "0", "0", "0", "0", "0", "0", "0"]], "pos": [{"x": "3", "y": "6"}, {"x": "3", "y": "2"}, {"x": "5", "y": "3"}, {"x": "7", "y": "0"}]}, "q": "0.001098646542937232", "z": "1", "visitCount": [["11", "14", "14", "13", "12", "11", "12", "11", "12", "0", "0", "0", "0", "0", "0", "0", "0", "10", "11", "13", "11", "10", "9", "10", "11", "11", "0", "0", "0", "0", "0", "0", "0", "0", "10", "14", "13", "9", "10", "14", "16", "8", "15", "0", "0", "0", "0", "0", "0", "0", "0", "18", "9", "14", "12", "13", "13", "13", "11", "11", "0", "0", "0", "0", "0", "0", "0", "0", "7", "14", "14", "8", "9", "12", "10", "11", "9", "0", "0", "0", "0", "0", "0", "0", "0", "11", "17", "14", "13", "17", "13", "12", "13", "15", "0", "0", "0", "0", "0", "0", "0", "0", "17", "15", "11", "14", "11", "16", "18", "15", "11", "0", "0", "0", "0", "0", "0", "0", "0", "10", "10", "11", "12", "11", "14", "14", "10", "12", "0", "0", "0", "0", "0", "0", "0", "0", "14", "10", "8", "15", "17", "13", "11", "19", "13", "0", "0", "0", "0", "0", "0", "0", "0", "0", "0", "0", "0", "0", "0", "0", "0", "0", "0", "0", "0", "0", "0", "0", "0", "0", "0", "0", "0", "0", "0", "0", "0", "0", "0", "0", "0", "0", "0", "0", "0", "0", "0", "0", "0", "0", "0", "0", "0", "0", "0", "0", "0", "0", "0", "0", "0", "0", "0", "0", "0", "0", "0", "0", "0", "0", "0", "0", "0", "0", "0", "0", "0", "0", "0", "0", "0", "0", "0", "0", "0", "0", "0", "0", "0", "0", "0", "0", "0", "0", "0", "0", "0", "0", "0", "0", "0", "0", "0", "0", "0", "0", "0", "0", "0", "0", "0", "0", "0", "0", "0", "0", "0", "0", "0", "0", "0", "0", "0", "0", "0", "0", "0", "0", "0", "0", "0", "0", "0", "0", "0", "0", "0", "0", "0", "0", "0", "0", "0", "0", "0", "0", "0", "0", "0"], ["31", "10", "13", "21", "20", "0", "0", "0", "17", "0", "0", "0", "0", "0", "0", "0", "0", "18", "16", "19", "10", "12", "0", "0", "0", "14", "0", "0", "0", "0", "0", "0", "0", "0", "19", "13", "15", "27", "17", "0", "0", "0", "16", "0", "0", "0", "0", "0", "0", "0", "0", "19", "19", "20", "18", "19", "0", "0", "0", "19", "0", "0", "0", "0", "0", "0", "0", "0", "0", "0", "0", "0", "0", "0", "0", "0", "0", "0", "0", "0", "0", "0", "0", "0", "0", "20", "17", "14", "23", "14", "0", "0", "0", "14", "0", "0", "0", "0", "0", "0", "0", "0", "0", "0", "0", "0", "0", "0", "0", "0", "0", "0", "0", "0", "0", "0", "0", "0", "0", "27", "19", "20", "22", "14", "0", "0", "0", "14", "0", "0", "0", "0", "0", "0", "0", "0", "22", "26", "15", "19", "17", "0", "0", "0", "13", "0", "0", "0", "0", "0", "0", "0", "0", "0", "0", "0", "0", "0", "0", "0", "0", "0", "0", "0", "0", "0", "0", "0", "0", "0", "0", "0", "0", "0", "0", "0", "0", "0", "0", "0", "0", "0", "0", "0", "0", "0", "0", "0", "0", "0", "0", "0", "0", "0", "0", "0", "0", "0", "0", "0", "0", "0", "0", "0", "19", "16", "24", "23", "18", "0", "0", "0", "18", "0", "0", "0", "0", "0", "0", "0", "0", "0", "0", "0", "0", "0", "0", "0", "0", "0", "0", "0", "0", "0", "0", "0", "0", "0", "24", "17", "33", "23", "11", "0", "0", "0", "22", "0", "0", "0", "0", "0", "0", "0", "0", "0", "0", "0", "0", "0", "0", "0", "0", "0", "0", "0", "0", "0", "0", "0", "0", "0", "0", "0", "0", "0", "0", "0", "0", "0", "0", "0", "0", "0", "0", "0", "0", "0", "0"]]}