{"state": {"resTurn": "64", "h": "10", "w": "9", "score": [["1", "0", "0", "1", "1", "1", "0", "0", "1"], ["1", "2", "-2", "1", "0", "1", "-2", "2", "1"], ["1", "1", "1", "0", "2", "0", "1", "1", "1"], ["2", "3", "3", "0", "-3", "0", "3", "3", "2"], ["0", "1", "1", "1", "4", "1", "1", "1", "0"], ["0", "1", "-2", "3", "-2", "3", "-2", "1", "0"], ["-3", "1", "1", "1", "0", "1", "1", "1", "-3"], ["2", "0", "2", "1", "0", "1", "2", "0", "2"], ["2", "2", "-2", "-2", "1", "-2", "-2", "2", "2"], ["3", "0", "0", "-3", "1", "-3", "0", "0", "3"]], "color": [["1", "1", "0", "0", "0", "0", "2", "2", "2"], ["0", "0", "1", "1", "1", "2", "2", "2", "2"], ["1", "1", "1", "1", "0", "0", "2", "0", "0"], ["1", "1", "0", "1", "1", "2", "2", "2", "0"], ["1", "0", "1", "0", "0", "2", "0", "2", "2"], ["1", "1", "0", "1", "0", "0", "2", "2", "0"], ["1", "0", "1", "1", "1", "0", "2", "0", "0"], ["0", "0", "1", "0", "0", "0", "0", "0", "0"], ["0", "0", "0", "0", "0", "0", "0", "0", "0"], ["0", "0", "0", "0", "0", "0", "0", "0", "0"]], "pos": [{"x": "4", "y": "6"}, {"x": "4", "y": "1"}, {"x": "5", "y": "3"}, {"x": "7", "y": "1"}]}, "q": "0.0006855712783468779", "z": "1", "visitCount": [["9", "10", "15", "14", "14", "11", "11", "10", "0", "0", "0", "0", "0", "0", "0", "0", "12", "14", "10", "10", "12", "14", "14", "12", "13", "0", "0", "0", "0", "0", "0", "0", "0", "19", "16", "12", "14", "16", "12", "11", "11", "12", "0", "0", "0", "0", "0", "0", "0", "0", "8", "11", "12", "15", "14", "14", "12", "14", "12", "0", "0", "0", "0", "0", "0", "0", "0", "9", "10", "15", "7", "14", "9", "10", "10", "9", "0", "0", "0", "0", "0", "0", "0", "0", "8", "11", "16", "11", "10", "16", "12", "10", "10", "0", "0", "0", "0", "0", "0", "0", "0", "16", "13", "12", "14", "16", "13", "9", "13", "18", "0", "0", "0", "0", "0", "0", "0", "0", "14", "9", "11", "17", "12", "9", "14", "19", "16", "0", "0", "0", "0", "0", "0", "0", "0", "13", "11", "13", "15", "12", "13", "10", "10", "9", "0", "0", "0", "0", "0", "0", "0", "0", "12", "0", "0", "0", "0", "0", "0", "0", "0", "0", "0", "0", "0", "0", "0", "0", "0", "0", "0", "0", "0", "0", "0", "0", "0", "0", "0", "0", "0", "0", "0", "0", "0", "0", "0", "0", "0", "0", "0", "0", "0", "0", "0", "0", "0", "0", "0", "0", "0", "0", "0", "0", "0", "0", "0", "0", "0", "0", "0", "0", "0", "0", "0", "0", "0", "0", "0", "0", "0", "0", "0", "0", "0", "0", "0", "0", "0", "0", "0", "0", "0", "0", "0", "0", "0", "0", "0", "0", "0", "0", "0", "0", "0", "0", "0", "0", "0", "0", "0", "0", "0", "0", "0", "0", "0", "0", "0", "0", "0", "0", "0", "0", "0", "0", "0", "0", "0", "0", "0", "0", "0", "0", "0", "0", "0", "0", "0", "0", "0", "0", "0", "0", "0", "0", "0", "0", "0"], ["11", "15", "20", "8", "10", "17", "11", "10", "17", "0", "0", "0", "0", "0", "0", "0", "0", "15", "10", "15", "9", "15", "11", "11", "13", "20", "0", "0", "0", "0", "0", "0", "0", "0", "10", "16", "10", "14", "12", "11", "12", "11", "13", "0", "0", "0", "0", "0", "0", "0", "0", "15", "9", "12", "9", "12", "16", "13", "12", "12", "0", "0", "0", "0", "0", "0", "0", "0", "0", "0", "0", "0", "0", "0", "0", "0", "0", "0", "0", "0", "0", "0", "0", "0", "0", "16", "7", "10", "16", "13", "12", "10", "9", "13", "0", "0", "0", "0", "0", "0", "0", "0", "9", "9", "13", "17", "11", "11", "12", "15", "15", "0", "0", "0", "0", "0", "0", "0", "0", "18", "10", "14", "13", "9", "14", "15", "15", "14", "0", "0", "0", "0", "0", "0", "0", "0", "12", "13", "10", "12", "8", "10", "11", "11", "12", "0", "0", "0", "0", "0", "0", "0", "0", "0", "0", "0", "0", "0", "0", "0", "0", "0", "0", "0", "0", "0", "0", "0", "0", "0", "0", "0", "0", "0", "0", "0", "0", "0", "0", "0", "0", "0", "0", "0", "0", "0", "0", "0", "0", "0", "0", "0", "0", "0", "0", "0", "0", "0", "0", "0", "0", "0", "0", "0", "9", "14", "8", "12", "10", "11", "15", "14", "11", "0", "0", "0", "0", "0", "0", "0", "0", "0", "0", "0", "0", "0", "0", "0", "0", "0", "0", "0", "0", "0", "0", "0", "0", "0", "0", "0", "0", "0", "0", "0", "0", "0", "0", "0", "0", "0", "0", "0", "0", "0", "0", "0", "0", "0", "0", "0", "0", "0", "0", "0", "0", "0", "0", "0", "0", "0", "0", "0", "0", "0", "0", "0", "0", "0", "0", "0", "0", "0", "0", "0", "0", "0", "0", "0", "0"]]}