{"state": {"resTurn": "63", "h": "10", "w": "9", "score": [["1", "0", "0", "1", "1", "1", "0", "0", "1"], ["1", "2", "-2", "1", "0", "1", "-2", "2", "1"], ["1", "1", "1", "0", "2", "0", "1", "1", "1"], ["2", "3", "3", "0", "-3", "0", "3", "3", "2"], ["0", "1", "1", "1", "4", "1", "1", "1", "0"], ["0", "1", "-2", "3", "-2", "3", "-2", "1", "0"], ["-3", "1", "1", "1", "0", "1", "1", "1", "-3"], ["2", "0", "2", "1", "0", "1", "2", "0", "2"], ["2", "2", "-2", "-2", "1", "-2", "-2", "2", "2"], ["3", "0", "0", "-3", "1", "-3", "0", "0", "3"]], "color": [["1", "1", "0", "0", "0", "0", "2", "2", "2"], ["0", "0", "1", "1", "1", "0", "2", "2", "2"], ["1", "1", "1", "1", "0", "0", "2", "2", "0"], ["1", "1", "0", "1", "1", "2", "2", "2", "0"], ["1", "0", "1", "0", "0", "2", "0", "2", "2"], ["1", "1", "0", "1", "0", "0", "2", "2", "0"], ["1", "0", "1", "1", "1", "0", "2", "0", "0"], ["0", "0", "1", "0", "0", "1", "0", "0", "0"], ["0", "0", "0", "0", "0", "0", "0", "0", "0"], ["0", "0", "0", "0", "0", "0", "0", "0", "0"]], "pos": [{"x": "5", "y": "7"}, {"x": "4", "y": "1"}, {"x": "5", "y": "3"}, {"x": "7", "y": "2"}]}, "q": "0.000653626925280724", "z": "1", "visitCount": [["16", "10", "12", "12", "11", "11", "10", "12", "12", "0", "0", "0", "0", "0", "0", "0", "0", "14", "11", "10", "13", "14", "18", "12", "11", "18", "0", "0", "0", "0", "0", "0", "0", "0", "16", "16", "19", "12", "18", "11", "10", "13", "13", "0", "0", "0", "0", "0", "0", "0", "0", "12", "11", "12", "10", "12", "14", "12", "13", "10", "0", "0", "0", "0", "0", "0", "0", "0", "11", "14", "10", "19", "13", "10", "11", "9", "11", "0", "0", "0", "0", "0", "0", "0", "0", "11", "14", "10", "11", "14", "12", "14", "9", "16", "0", "0", "0", "0", "0", "0", "0", "0", "12", "16", "11", "12", "8", "11", "9", "11", "12", "0", "0", "0", "0", "0", "0", "0", "0", "0", "0", "0", "0", "0", "0", "0", "0", "0", "0", "0", "0", "0", "0", "0", "0", "0", "9", "11", "13", "9", "13", "8", "13", "12", "13", "0", "0", "0", "0", "0", "0", "0", "0", "0", "0", "0", "0", "0", "0", "0", "0", "0", "0", "0", "0", "0", "0", "0", "0", "0", "0", "0", "0", "0", "0", "0", "0", "0", "0", "0", "0", "0", "0", "0", "0", "0", "0", "0", "0", "0", "0", "0", "0", "0", "0", "0", "0", "0", "0", "0", "0", "0", "0", "0", "0", "0", "0", "0", "0", "0", "0", "0", "0", "0", "0", "0", "0", "0", "0", "0", "0", "0", "0", "0", "0", "0", "0", "0", "0", "0", "0", "0", "0", "0", "0", "0", "0", "0", "0", "0", "0", "0", "0", "0", "0", "0", "0", "0", "0", "0", "0", "0", "0", "0", "0", "10", "15", "18", "9", "12", "13", "15", "12", "13", "0", "0", "0", "0", "0", "0", "0", "0", "0", "0", "0", "0", "0", "0", "0", "0", "0", "0", "0", "0", "0", "0", "0", "0", "0"], ["10", "11", "11", "13", "16", "21", "9", "9", "15", "0", "0", "0", "0", "0", "0", "0", "0", "12", "9", "15", "13", "10", "13", "7", "13", "9", "0", "0", "0", "0", "0", "0", "0", "0", "13", "9", "14", "8", "9", "9", "12", "12", "19", "0", "0", "0", "0", "0", "0", "0", "0", "14", "12", "11", "12", "15", "11", "10", "14", "12", "0", "0", "0", "0", "0", "0", "0", "0", "0", "0", "0", "0", "0", "0", "0", "0", "0", "0", "0", "0", "0", "0", "0", "0", "0", "10", "16", "10", "12", "13", "11", "15", "14", "14", "0", "0", "0", "0", "0", "0", "0", "0", "10", "15", "16", "12", "13", "12", "15", "13", "14", "0", "0", "0", "0", "0", "0", "0", "0", "14", "10", "13", "15", "15", "9", "11", "7", "11", "0", "0", "0", "0", "0", "0", "0", "0", "11", "12", "8", "14", "10", "19", "14", "13", "11", "0", "0", "0", "0", "0", "0", "0", "0", "0", "0", "0", "0", "0", "0", "0", "0", "0", "0", "0", "0", "0", "0", "0", "0", "0", "0", "0", "0", "0", "0", "0", "0", "0", "0", "0", "0", "0", "0", "0", "0", "0", "0", "0", "0", "0", "0", "0", "0", "0", "0", "0", "0", "0", "0", "0", "0", "0", "0", "0", "14", "14", "12", "10", "8", "13", "15", "14", "16", "0", "0", "0", "0", "0", "0", "0", "0", "0", "0", "0", "0", "0", "0", "0", "0", "0", "0", "0", "0", "0", "0", "0", "0", "0", "0", "0", "0", "0", "0", "0", "0", "0", "0", "0", "0", "0", "0", "0", "0", "0", "0", "0", "0", "0", "0", "0", "0", "0", "0", "0", "0", "0", "0", "0", "0", "0", "0", "0", "0", "0", "0", "0", "0", "0", "0", "0", "0", "0", "0", "0", "0", "0", "0", "0", "0"]]}