{"state": {"resTurn": "62", "h": "10", "w": "9", "score": [["1", "0", "0", "1", "1", "1", "0", "0", "1"], ["1", "2", "-2", "1", "0", "1", "-2", "2", "1"], ["1", "1", "1", "0", "2", "0", "1", "1", "1"], ["2", "3", "3", "0", "-3", "0", "3", "3", "2"], ["0", "1", "1", "1", "4", "1", "1", "1", "0"], ["0", "1", "-2", "3", "-2", "3", "-2", "1", "0"], ["-3", "1", "1", "1", "0", "1", "1", "1", "-3"], ["2", "0", "2", "1", "0", "1", "2", "0", "2"], ["2", "2", "-2", "-2", "1", "-2", "-2", "2", "2"], ["3", "0", "0", "-3", "1", "-3", "0", "0", "3"]], "color": [["1", "1", "0", "0", "0", "0", "2", "2", "2"], ["0", "0", "1", "1", "1", "0", "2", "2", "2"], ["1", "1", "1", "1", "1", "0", "2", "2", "0"], ["1", "1", "0", "1", "1", "2", "2", "2", "0"], ["1", "0", "1", "0", "0", "2", "0", "2", "2"], ["1", "1", "0", "1", "0", "0", "2", "2", "0"], ["1", "0", "1", "1", "1", "0", "2", "0", "0"], ["0", "0", "1", "0", "0", "1", "0", "0", "0"], ["0", "0", "0", "0", "0", "1", "0", "0", "0"], ["0", "0", "0", "0", "0", "0", "0", "0", "0"]], "pos": [{"x": "5", "y": "8"}, {"x": "4", "y": "2"}, {"x": "5", "y": "3"}, {"x": "6", "y": "1"}]}, "q": "0.0007459981647633266", "z": "1", "visitCount": [["15", "0", "7", "13", "14", "15", "13", "13", "17", "14", "0", "0", "0", "0", "0", "0", "0", "13", "0", "8", "21", "9", "7", "17", "12", "12", "7", "0", "0", "0", "0", "0", "0", "0", "9", "0", "9", "18", "10", "17", "8", "9", "13", "15", "0", "0", "0", "0", "0", "0", "0", "9", "0", "13", "10", "10", "10", "9", "11", "11", "15", "0", "0", "0", "0", "0", "0", "0", "19", "0", "13", "14", "8", "11", "14", "9", "10", "12", "0", "0", "0", "0", "0", "0", "0", "11", "0", "9", "9", "8", "10", "11", "11", "13", "17", "0", "0", "0", "0", "0", "0", "0", "11", "0", "9", "15", "11", "16", "12", "14", "9", "14", "0", "0", "0", "0", "0", "0", "0", "9", "0", "12", "11", "11", "17", "8", "10", "11", "17", "0", "0", "0", "0", "0", "0", "0", "16", "0", "11", "18", "11", "13", "13", "18", "23", "18", "0", "0", "0", "0", "0", "0", "0", "0", "0", "0", "0", "0", "0", "0", "0", "0", "0", "0", "0", "0", "0", "0", "0", "0", "0", "0", "0", "0", "0", "0", "0", "0", "0", "0", "0", "0", "0", "0", "0", "0", "0", "0", "0", "0", "0", "0", "0", "0", "0", "0", "0", "0", "0", "0", "0", "0", "0", "0", "0", "0", "0", "0", "0", "0", "0", "0", "0", "0", "0", "0", "0", "0", "0", "0", "0", "0", "0", "0", "0", "0", "0", "0", "0", "0", "0", "0", "0", "0", "0", "0", "0", "0", "0", "0", "0", "0", "0", "0", "0", "0", "0", "0", "0", "0", "0", "0", "0", "0", "0", "0", "0", "0", "0", "0", "0", "0", "0", "0", "0", "0", "0", "0", "0", "0", "0", "0", "0", "0", "0", "0", "0", "0", "0", "0", "0", "0", "0", "0", "0", "0", "0", "0", "0"], ["14", "9", "13", "11", "14", "12", "10", "11", "9", "0", "0", "0", "0", "0", "0", "0", "0", "12", "12", "9", "10", "10", "16", "8", "11", "15", "0", "0", "0", "0", "0", "0", "0", "0", "13", "19", "13", "12", "11", "15", "10", "11", "6", "0", "0", "0", "0", "0", "0", "0", "0", "17", "13", "12", "18", "11", "16", "11", "16", "11", "0", "0", "0", "0", "0", "0", "0", "0", "0", "0", "0", "0", "0", "0", "0", "0", "0", "0", "0", "0", "0", "0", "0", "0", "0", "0", "0", "0", "0", "0", "0", "0", "0", "0", "0", "0", "0", "0", "0", "0", "0", "0", "13", "12", "12", "13", "10", "18", "11", "11", "14", "0", "0", "0", "0", "0", "0", "0", "0", "15", "14", "8", "16", "10", "9", "13", "16", "11", "0", "0", "0", "0", "0", "0", "0", "0", "14", "10", "11", "14", "11", "12", "10", "10", "13", "0", "0", "0", "0", "0", "0", "0", "0", "0", "0", "0", "0", "0", "0", "0", "0", "0", "0", "0", "0", "0", "0", "0", "0", "0", "0", "0", "0", "0", "0", "0", "0", "0", "0", "0", "0", "0", "0", "0", "0", "0", "0", "0", "0", "0", "0", "0", "0", "0", "0", "0", "0", "0", "0", "0", "0", "0", "0", "0", "9", "8", "13", "13", "15", "11", "9", "17", "12", "0", "0", "0", "0", "0", "0", "0", "0", "14", "10", "12", "16", "11", "16", "14", "15", "13", "0", "0", "0", "0", "0", "0", "0", "0", "0", "0", "0", "0", "0", "0", "0", "0", "0", "0", "0", "0", "0", "0", "0", "0", "0", "0", "0", "0", "0", "0", "0", "0", "0", "0", "0", "0", "0", "0", "0", "0", "0", "0", "0", "0", "0", "0", "0", "0", "0", "0", "0", "0", "0", "0", "0", "0", "0", "0", "0"]]}