{"state": {"resTurn": "61", "h": "10", "w": "9", "score": [["1", "0", "0", "1", "1", "1", "0", "0", "1"], ["1", "2", "-2", "1", "0", "1", "-2", "2", "1"], ["1", "1", "1", "0", "2", "0", "1", "1", "1"], ["2", "3", "3", "0", "-3", "0", "3", "3", "2"], ["0", "1", "1", "1", "4", "1", "1", "1", "0"], ["0", "1", "-2", "3", "-2", "3", "-2", "1", "0"], ["-3", "1", "1", "1", "0", "1", "1", "1", "-3"], ["2", "0", "2", "1", "0", "1", "2", "0", "2"], ["2", "2", "-2", "-2", "1", "-2", "-2", "2", "2"], ["3", "0", "0", "-3", "1", "-3", "0", "0", "3"]], "color": [["1", "1", "0", "0", "0", "0", "2", "2", "2"], ["0", "0", "1", "1", "1", "0", "2", "2", "2"], ["1", "1", "1", "1", "1", "1", "2", "2", "0"], ["1", "1", "0", "1", "1", "2", "2", "2", "0"], ["1", "0", "1", "0", "0", "2", "0", "2", "2"], ["1", "1", "0", "1", "0", "0", "2", "2", "0"], ["1", "0", "1", "1", "1", "0", "2", "0", "0"], ["0", "0", "1", "0", "0", "1", "0", "0", "0"], ["0", "0", "0", "0", "0", "1", "1", "0", "0"], ["0", "0", "0", "0", "0", "0", "0", "0", "0"]], "pos": [{"x": "6", "y": "8"}, {"x": "5", "y": "2"}, {"x": "5", "y": "4"}, {"x": "7", "y": "2"}]}, "q": "0.0003095174256784943", "z": "1", "visitCount": [["20", "0", "0", "8", "10", "18", "14", "0", "0", "9", "14", "0", "0", "0", "0", "11", "17", "12", "0", "0", "10", "10", "14", "15", "0", "0", "11", "12", "0", "0", "0", "0", "12", "11", "9", "0", "0", "10", "12", "10", "12", "0", "0", "12", "19", "0", "0", "0", "0", "12", "11", "13", "0", "0", "11", "9", "13", "18", "0", "0", "8", "13", "0", "0", "0", "0", "17", "14", "10", "0", "0", "11", "12", "19", "12", "0", "0", "13", "8", "0", "0", "0", "0", "15", "12", "14", "0", "0", "10", "11", "17", "14", "0", "0", "9", "16", "0", "0", "0", "0", "14", "11", "9", "0", "0", "11", "12", "14", "9", "0", "0", "12", "11", "0", "0", "0", "0", "13", "11", "11", "0", "0", "18", "10", "14", "10", "0", "0", "8", "13", "0", "0", "0", "0", "10", "12", "14", "0", "0", "11", "14", "12", "19", "0", "0", "9", "11", "0", "0", "0", "0", "12", "11", "0", "0", "0", "0", "0", "0", "0", "0", "0", "0", "0", "0", "0", "0", "0", "0", "0", "0", "0", "0", "0", "0", "0", "0", "0", "0", "0", "0", "0", "0", "0", "0", "0", "0", "0", "0", "0", "0", "0", "0", "0", "0", "0", "0", "0", "0", "0", "0", "0", "0", "0", "0", "0", "0", "0", "0", "0", "0", "0", "0", "0", "0", "0", "0", "0", "0", "0", "0", "0", "0", "0", "0", "0", "0", "0", "0", "0", "0", "0", "0", "0", "0", "0", "0", "0", "0", "0", "0", "0", "0", "0", "0", "0", "0", "0", "0", "0", "0", "0", "0", "0", "0", "0", "0", "0", "0", "0", "0", "0", "0", "0", "0", "0", "0", "0", "0", "0", "0", "0", "0", "0", "0", "0", "0", "0", "0", "0", "0", "0", "0", "0", "0", "0", "0", "0", "0"], ["14", "15", "11", "6", "10", "14", "12", "10", "11", "0", "0", "0", "0", "0", "0", "0", "0", "13", "12", "12", "10", "13", "15", "14", "16", "15", "0", "0", "0", "0", "0", "0", "0", "0", "11", "10", "16", "15", "10", "15", "11", "8", "12", "0", "0", "0", "0", "0", "0", "0", "0", "12", "15", "13", "9", "17", "11", "13", "9", "14", "0", "0", "0", "0", "0", "0", "0", "0", "13", "9", "11", "13", "17", "11", "12", "12", "12", "0", "0", "0", "0", "0", "0", "0", "0", "0", "0", "0", "0", "0", "0", "0", "0", "0", "0", "0", "0", "0", "0", "0", "0", "0", "11", "9", "11", "10", "14", "14", "9", "17", "11", "0", "0", "0", "0", "0", "0", "0", "0", "14", "11", "11", "10", "15", "13", "19", "12", "12", "0", "0", "0", "0", "0", "0", "0", "0", "11", "11", "13", "12", "13", "9", "18", "16", "11", "0", "0", "0", "0", "0", "0", "0", "0", "0", "0", "0", "0", "0", "0", "0", "0", "0", "0", "0", "0", "0", "0", "0", "0", "0", "0", "0", "0", "0", "0", "0", "0", "0", "0", "0", "0", "0", "0", "0", "0", "0", "0", "0", "0", "0", "0", "0", "0", "0", "0", "0", "0", "0", "0", "0", "0", "0", "0", "0", "0", "0", "0", "0", "0", "0", "0", "0", "0", "0", "0", "0", "0", "0", "0", "0", "0", "10", "9", "10", "12", "15", "17", "13", "12", "11", "0", "0", "0", "0", "0", "0", "0", "0", "0", "0", "0", "0", "0", "0", "0", "0", "0", "0", "0", "0", "0", "0", "0", "0", "0", "0", "0", "0", "0", "0", "0", "0", "0", "0", "0", "0", "0", "0", "0", "0", "0", "0", "0", "0", "0", "0", "0", "0", "0", "0", "0", "0", "0", "0", "0", "0", "0", "0", "0"]]}