{"state": {"resTurn": "87", "h": "10", "w": "9", "score": [["1", "0", "0", "1", "1", "1", "0", "0", "1"], ["1", "2", "-2", "1", "0", "1", "-2", "2", "1"], ["1", "1", "1", "0", "2", "0", "1", "1", "1"], ["2", "3", "3", "0", "-3", "0", "3", "3", "2"], ["0", "1", "1", "1", "4", "1", "1", "1", "0"], ["0", "1", "-2", "3", "-2", "3", "-2", "1", "0"], ["-3", "1", "1", "1", "0", "1", "1", "1", "-3"], ["2", "0", "2", "1", "0", "1", "2", "0", "2"], ["2", "2", "-2", "-2", "1", "-2", "-2", "2", "2"], ["3", "0", "0", "-3", "1", "-3", "0", "0", "3"]], "color": [["1", "1", "0", "0", "0", "0", "0", "2", "2"], ["0", "0", "0", "0", "0", "0", "0", "2", "0"], ["0", "1", "1", "0", "0", "0", "0", "0", "0"], ["0", "0", "0", "1", "0", "2", "2", "2", "0"], ["0", "0", "0", "0", "0", "0", "0", "2", "0"], ["0", "0", "0", "0", "0", "0", "0", "0", "0"], ["0", "0", "0", "0", "0", "0", "0", "0", "0"], ["0", "0", "0", "0", "0", "0", "0", "0", "0"], ["0", "0", "0", "0", "0", "0", "0", "0", "0"], ["0", "0", "0", "0", "0", "0", "0", "0", "0"]], "pos": [{"x": "1", "y": "2"}, {"x": "1", "y": "0"}, {"x": "7", "y": "4"}, {"x": "8", "y": "0"}]}, "q": "0.001303328375540441", "z": "1", "visitCount": [["13", "16", "13", "13", "21", "0", "0", "0", "18", "0", "0", "0", "0", "0", "0", "0", "0", "21", "15", "16", "10", "20", "0", "0", "0", "14", "0", "0", "0", "0", "0", "0", "0", "0", "16", "18", "22", "23", "14", "0", "0", "0", "23", "0", "0", "0", "0", "0", "0", "0", "0", "26", "27", "15", "24", "13", "0", "0", "0", "9", "0", "0", "0", "0", "0", "0", "0", "0", "15", "30", "22", "30", "17", "0", "0", "0", "15", "0", "0", "0", "0", "0", "0", "0", "0", "19", "15", "14", "13", "15", "0", "0", "0", "14", "0", "0", "0", "0", "0", "0", "0", "0", "18", "15", "29", "22", "16", "0", "0", "0", "18", "0", "0", "0", "0", "0", "0", "0", "0", "18", "21", "20", "24", "22", "0", "0", "0", "23", "0", "0", "0", "0", "0", "0", "0", "0", "13", "10", "17", "28", "21", "0", "0", "0", "26", "0", "0", "0", "0", "0", "0", "0", "0", "0", "0", "0", "0", "0", "0", "0", "0", "0", "0", "0", "0", "0", "0", "0", "0", "0", "0", "0", "0", "0", "0", "0", "0", "0", "0", "0", "0", "0", "0", "0", "0", "0", "0", "0", "0", "0", "0", "0", "0", "0", "0", "0", "0", "0", "0", "0", "0", "0", "0", "0", "0", "0", "0", "0", "0", "0", "0", "0", "0", "0", "0", "0", "0", "0", "0", "0", "0", "0", "0", "0", "0", "0", "0", "0", "0", "0", "0", "0", "0", "0", "0", "0", "0", "0", "0", "0", "0", "0", "0", "0", "0", "0", "0", "0", "0", "0", "0", "0", "0", "0", "0", "0", "0", "0", "0", "0", "0", "0", "0", "0", "0", "0", "0", "0", "0", "0", "0", "0", "0", "0", "0", "0", "0", "0", "0", "0", "0", "0", "0", "0", "0", "0", "0", "0", "0"], ["32", "0", "18", "29", "17", "0", "0", "0", "0", "0", "0", "0", "0", "0", "0", "0", "0", "38", "0", "24", "27", "23", "0", "0", "0", "0", "0", "0", "0", "0", "0", "0", "0", "0", "26", "0", "44", "21", "49", "0", "0", "0", "0", "0", "0", "0", "0", "0", "0", "0", "0", "37", "0", "32", "20", "21", "0", "0", "0", "0", "0", "0", "0", "0", "0", "0", "0", "0", "24", "0", "20", "28", "40", "0", "0", "0", "0", "0", "0", "0", "0", "0", "0", "0", "0", "23", "0", "31", "22", "31", "0", "0", "0", "0", "0", "0", "0", "0", "0", "0", "0", "0", "33", "0", "38", "37", "15", "0", "0", "0", "0", "0", "0", "0", "0", "0", "0", "0", "0", "19", "0", "27", "34", "23", "0", "0", "0", "0", "0", "0", "0", "0", "0", "0", "0", "0", "11", "0", "14", "31", "41", "0", "0", "0", "0", "0", "0", "0", "0", "0", "0", "0", "0", "0", "0", "0", "0", "0", "0", "0", "0", "0", "0", "0", "0", "0", "0", "0", "0", "0", "0", "0", "0", "0", "0", "0", "0", "0", "0", "0", "0", "0", "0", "0", "0", "0", "0", "0", "0", "0", "0", "0", "0", "0", "0", "0", "0", "0", "0", "0", "0", "0", "0", "0", "0", "0", "0", "0", "0", "0", "0", "0", "0", "0", "0", "0", "0", "0", "0", "0", "0", "0", "0", "0", "0", "0", "0", "0", "0", "0", "0", "0", "0", "0", "0", "0", "0", "0", "0", "0", "0", "0", "0", "0", "0", "0", "0", "0", "0", "0", "0", "0", "0", "0", "0", "0", "0", "0", "0", "0", "0", "0", "0", "0", "0", "0", "0", "0", "0", "0", "0", "0", "0", "0", "0", "0", "0", "0", "0", "0", "0", "0", "0", "0", "0", "0", "0", "0", "0"]]}