{"state": {"resTurn": "60", "h": "10", "w": "9", "score": [["1", "0", "0", "1", "1", "1", "0", "0", "1"], ["1", "2", "-2", "1", "0", "1", "-2", "2", "1"], ["1", "1", "1", "0", "2", "0", "1", "1", "1"], ["2", "3", "3", "0", "-3", "0", "3", "3", "2"], ["0", "1", "1", "1", "4", "1", "1", "1", "0"], ["0", "1", "-2", "3", "-2", "3", "-2", "1", "0"], ["-3", "1", "1", "1", "0", "1", "1", "1", "-3"], ["2", "0", "2", "1", "0", "1", "2", "0", "2"], ["2", "2", "-2", "-2", "1", "-2", "-2", "2", "2"], ["3", "0", "0", "-3", "1", "-3", "0", "0", "3"]], "color": [["1", "1", "0", "0", "0", "0", "2", "2", "2"], ["0", "0", "1", "1", "1", "0", "2", "2", "2"], ["1", "1", "1", "1", "1", "1", "2", "2", "0"], ["1", "1", "0", "1", "1", "2", "2", "2", "0"], ["1", "0", "1", "0", "0", "2", "0", "2", "2"], ["1", "1", "0", "1", "0", "0", "2", "2", "0"], ["1", "0", "1", "1", "1", "0", "2", "0", "0"], ["0", "0", "1", "0", "0", "1", "0", "0", "0"], ["0", "0", "0", "0", "0", "1", "1", "0", "0"], ["0", "0", "0", "0", "0", "0", "0", "0", "0"]], "pos": [{"x": "6", "y": "8"}, {"x": "5", "y": "2"}, {"x": "6", "y": "3"}, {"x": "7", "y": "1"}]}, "q": "8.338776717099078e-05", "z": "1", "visitCount": [["16", "0", "0", "18", "13", "14", "7", "0", "0", "12", "11", "0", "0", "0", "0", "13", "10", "9", "0", "0", "13", "11", "13", "9", "0", "0", "14", "13", "0", "0", "0", "0", "12", "7", "16", "0", "0", "13", "14", "16", "10", "0", "0", "15", "9", "0", "0", "0", "0", "14", "13", "11", "0", "0", "17", "12", "14", "14", "0", "0", "10", "17", "0", "0", "0", "0", "10", "10", "10", "0", "0", "17", "17", "12", "10", "0", "0", "10", "8", "0", "0", "0", "0", "9", "13", "19", "0", "0", "10", "10", "12", "12", "0", "0", "15", "14", "0", "0", "0", "0", "12", "8", "18", "0", "0", "10", "9", "11", "8", "0", "0", "11", "14", "0", "0", "0", "0", "7", "12", "10", "0", "0", "15", "13", "13", "10", "0", "0", "12", "10", "0", "0", "0", "0", "9", "12", "18", "0", "0", "9", "24", "11", "9", "0", "0", "15", "11", "0", "0", "0", "0", "13", "18", "0", "0", "0", "0", "0", "0", "0", "0", "0", "0", "0", "0", "0", "0", "0", "0", "0", "0", "0", "0", "0", "0", "0", "0", "0", "0", "0", "0", "0", "0", "0", "0", "0", "0", "0", "0", "0", "0", "0", "0", "0", "0", "0", "0", "0", "0", "0", "0", "0", "0", "0", "0", "0", "0", "0", "0", "0", "0", "0", "0", "0", "0", "0", "0", "0", "0", "0", "0", "0", "0", "0", "0", "0", "0", "0", "0", "0", "0", "0", "0", "0", "0", "0", "0", "0", "0", "0", "0", "0", "0", "0", "0", "0", "0", "0", "0", "0", "0", "0", "0", "0", "0", "0", "0", "0", "0", "0", "0", "0", "0", "0", "0", "0", "0", "0", "0", "0", "0", "0", "0", "0", "0", "0", "0", "0", "0", "0", "0", "0", "0", "0", "0", "0", "0", "0", "0"], ["14", "17", "9", "9", "10", "11", "10", "12", "10", "0", "0", "0", "0", "0", "0", "0", "0", "17", "12", "10", "13", "17", "14", "10", "13", "11", "0", "0", "0", "0", "0", "0", "0", "0", "17", "16", "10", "9", "11", "13", "13", "14", "15", "0", "0", "0", "0", "0", "0", "0", "0", "8", "12", "11", "14", "12", "9", "12", "9", "14", "0", "0", "0", "0", "0", "0", "0", "0", "14", "10", "11", "15", "11", "15", "17", "17", "10", "0", "0", "0", "0", "0", "0", "0", "0", "0", "0", "0", "0", "0", "0", "0", "0", "0", "0", "0", "0", "0", "0", "0", "0", "0", "11", "11", "15", "18", "14", "12", "12", "14", "11", "0", "0", "0", "0", "0", "0", "0", "0", "13", "13", "9", "12", "15", "16", "13", "9", "10", "0", "0", "0", "0", "0", "0", "0", "0", "21", "16", "14", "11", "10", "7", "17", "8", "8", "0", "0", "0", "0", "0", "0", "0", "0", "0", "0", "0", "0", "0", "0", "0", "0", "0", "0", "0", "0", "0", "0", "0", "0", "0", "0", "0", "0", "0", "0", "0", "0", "0", "0", "0", "0", "0", "0", "0", "0", "0", "0", "0", "0", "0", "0", "0", "0", "0", "0", "0", "0", "0", "0", "0", "0", "0", "0", "0", "0", "0", "0", "0", "0", "0", "0", "0", "0", "0", "0", "0", "0", "0", "0", "0", "0", "9", "13", "11", "8", "17", "10", "9", "11", "14", "0", "0", "0", "0", "0", "0", "0", "0", "0", "0", "0", "0", "0", "0", "0", "0", "0", "0", "0", "0", "0", "0", "0", "0", "0", "0", "0", "0", "0", "0", "0", "0", "0", "0", "0", "0", "0", "0", "0", "0", "0", "0", "0", "0", "0", "0", "0", "0", "0", "0", "0", "0", "0", "0", "0", "0", "0", "0", "0"]]}