{"state": {"resTurn": "59", "h": "10", "w": "9", "score": [["1", "0", "0", "1", "1", "1", "0", "0", "1"], ["1", "2", "-2", "1", "0", "1", "-2", "2", "1"], ["1", "1", "1", "0", "2", "0", "1", "1", "1"], ["2", "3", "3", "0", "-3", "0", "3", "3", "2"], ["0", "1", "1", "1", "4", "1", "1", "1", "0"], ["0", "1", "-2", "3", "-2", "3", "-2", "1", "0"], ["-3", "1", "1", "1", "0", "1", "1", "1", "-3"], ["2", "0", "2", "1", "0", "1", "2", "0", "2"], ["2", "2", "-2", "-2", "1", "-2", "-2", "2", "2"], ["3", "0", "0", "-3", "1", "-3", "0", "0", "3"]], "color": [["1", "1", "0", "0", "0", "0", "2", "2", "2"], ["0", "0", "1", "1", "1", "0", "2", "2", "2"], ["1", "1", "1", "1", "1", "1", "2", "2", "0"], ["1", "1", "0", "1", "1", "2", "2", "2", "0"], ["1", "0", "1", "0", "0", "2", "0", "2", "2"], ["1", "1", "0", "1", "0", "0", "2", "2", "0"], ["1", "0", "1", "1", "1", "0", "2", "0", "0"], ["0", "0", "1", "0", "0", "1", "0", "0", "0"], ["0", "0", "0", "0", "0", "1", "1", "1", "0"], ["0", "0", "0", "0", "0", "0", "0", "0", "0"]], "pos": [{"x": "7", "y": "8"}, {"x": "4", "y": "2"}, {"x": "7", "y": "3"}, {"x": "7", "y": "1"}]}, "q": "0.0003142010105602381", "z": "1", "visitCount": [["17", "0", "13", "14", "10", "10", "19", "9", "10", "12", "0", "0", "0", "0", "0", "0", "0", "11", "0", "10", "8", "15", "10", "9", "12", "8", "11", "0", "0", "0", "0", "0", "0", "0", "10", "0", "9", "21", "9", "12", "12", "8", "13", "20", "0", "0", "0", "0", "0", "0", "0", "13", "0", "18", "14", "9", "9", "16", "14", "18", "15", "0", "0", "0", "0", "0", "0", "0", "21", "0", "12", "14", "17", "18", "11", "11", "17", "10", "0", "0", "0", "0", "0", "0", "0", "9", "0", "10", "10", "9", "15", "14", "10", "10", "10", "0", "0", "0", "0", "0", "0", "0", "12", "0", "14", "10", "11", "19", "12", "14", "17", "10", "0", "0", "0", "0", "0", "0", "0", "9", "0", "14", "12", "11", "11", "12", "10", "9", "16", "0", "0", "0", "0", "0", "0", "0", "8", "0", "11", "11", "13", "10", "9", "15", "13", "11", "0", "0", "0", "0", "0", "0", "0", "0", "0", "0", "0", "0", "0", "0", "0", "0", "0", "0", "0", "0", "0", "0", "0", "0", "0", "0", "0", "0", "0", "0", "0", "0", "0", "0", "0", "0", "0", "0", "0", "0", "0", "0", "0", "0", "0", "0", "0", "0", "0", "0", "0", "0", "0", "0", "0", "0", "0", "0", "0", "0", "0", "0", "0", "0", "0", "0", "0", "0", "0", "0", "0", "0", "0", "0", "0", "0", "0", "0", "0", "0", "0", "0", "0", "0", "0", "0", "0", "0", "0", "0", "0", "0", "0", "0", "0", "0", "0", "0", "0", "0", "0", "0", "0", "0", "0", "0", "0", "0", "0", "0", "0", "0", "0", "0", "0", "0", "0", "0", "0", "0", "0", "0", "0", "0", "0", "0", "0", "0", "0", "0", "0", "0", "0", "0", "0", "0", "0", "0", "0", "0", "0", "0", "0"], ["13", "14", "8", "8", "12", "10", "16", "14", "15", "0", "0", "0", "0", "0", "0", "0", "0", "16", "14", "12", "16", "14", "11", "15", "14", "12", "0", "0", "0", "0", "0", "0", "0", "0", "18", "7", "8", "14", "12", "9", "16", "10", "13", "0", "0", "0", "0", "0", "0", "0", "0", "10", "15", "19", "11", "8", "9", "7", "11", "21", "0", "0", "0", "0", "0", "0", "0", "0", "8", "16", "13", "14", "10", "13", "10", "9", "12", "0", "0", "0", "0", "0", "0", "0", "0", "16", "9", "12", "12", "13", "13", "10", "11", "7", "0", "0", "0", "0", "0", "0", "0", "0", "15", "17", "11", "11", "17", "17", "11", "13", "11", "0", "0", "0", "0", "0", "0", "0", "0", "10", "13", "17", "7", "11", "20", "9", "15", "9", "0", "0", "0", "0", "0", "0", "0", "0", "14", "12", "12", "7", "11", "11", "12", "12", "15", "0", "0", "0", "0", "0", "0", "0", "0", "0", "0", "0", "0", "0", "0", "0", "0", "0", "0", "0", "0", "0", "0", "0", "0", "0", "0", "0", "0", "0", "0", "0", "0", "0", "0", "0", "0", "0", "0", "0", "0", "0", "0", "0", "0", "0", "0", "0", "0", "0", "0", "0", "0", "0", "0", "0", "0", "0", "0", "0", "0", "0", "0", "0", "0", "0", "0", "0", "0", "0", "0", "0", "0", "0", "0", "0", "0", "0", "0", "0", "0", "0", "0", "0", "0", "0", "0", "0", "0", "0", "0", "0", "0", "0", "0", "0", "0", "0", "0", "0", "0", "0", "0", "0", "0", "0", "0", "0", "0", "0", "0", "0", "0", "0", "0", "0", "0", "0", "0", "0", "0", "0", "0", "0", "0", "0", "0", "0", "0", "0", "0", "0", "0", "0", "0", "0", "0", "0", "0", "0", "0", "0", "0", "0", "0"]]}