{"state": {"resTurn": "58", "h": "10", "w": "9", "score": [["1", "0", "0", "1", "1", "1", "0", "0", "1"], ["1", "2", "-2", "1", "0", "1", "-2", "2", "1"], ["1", "1", "1", "0", "2", "0", "1", "1", "1"], ["2", "3", "3", "0", "-3", "0", "3", "3", "2"], ["0", "1", "1", "1", "4", "1", "1", "1", "0"], ["0", "1", "-2", "3", "-2", "3", "-2", "1", "0"], ["-3", "1", "1", "1", "0", "1", "1", "1", "-3"], ["2", "0", "2", "1", "0", "1", "2", "0", "2"], ["2", "2", "-2", "-2", "1", "-2", "-2", "2", "2"], ["3", "0", "0", "-3", "1", "-3", "0", "0", "3"]], "color": [["1", "1", "0", "0", "0", "0", "2", "2", "2"], ["0", "0", "1", "1", "1", "0", "2", "2", "2"], ["1", "1", "1", "1", "1", "1", "2", "2", "0"], ["1", "1", "0", "1", "1", "2", "2", "2", "0"], ["1", "0", "1", "0", "0", "2", "2", "2", "2"], ["1", "1", "0", "1", "0", "0", "2", "2", "0"], ["1", "0", "1", "1", "1", "0", "2", "0", "0"], ["0", "0", "1", "0", "0", "1", "0", "0", "0"], ["0", "0", "0", "0", "0", "1", "1", "1", "0"], ["0", "0", "0", "0", "0", "0", "0", "1", "0"]], "pos": [{"x": "7", "y": "9"}, {"x": "3", "y": "3"}, {"x": "6", "y": "4"}, {"x": "8", "y": "1"}]}, "q": "-0.0003478517778203365", "z": "1", "visitCount": [["18", "11", "22", "16", "20", "28", "31", "18", "25", "0", "0", "0", "0", "0", "0", "0", "0", "0", "0", "0", "0", "0", "0", "0", "0", "0", "0", "0", "0", "0", "0", "0", "0", "0", "0", "0", "0", "0", "0", "0", "0", "0", "0", "0", "0", "0", "0", "0", "0", "0", "0", "0", "0", "0", "0", "0", "0", "0", "0", "0", "0", "0", "0", "0", "0", "0", "0", "0", "21", "13", "15", "26", "16", "18", "12", "19", "21", "0", "0", "0", "0", "0", "0", "0", "0", "25", "20", "25", "16", "15", "27", "13", "21", "24", "0", "0", "0", "0", "0", "0", "0", "0", "28", "21", "14", "13", "16", "17", "14", "11", "14", "0", "0", "0", "0", "0", "0", "0", "0", "18", "27", "15", "18", "21", "21", "21", "11", "16", "0", "0", "0", "0", "0", "0", "0", "0", "13", "18", "24", "14", "16", "19", "14", "14", "17", "0", "0", "0", "0", "0", "0", "0", "0", "0", "0", "0", "0", "0", "0", "0", "0", "0", "0", "0", "0", "0", "0", "0", "0", "0", "0", "0", "0", "0", "0", "0", "0", "0", "0", "0", "0", "0", "0", "0", "0", "0", "0", "0", "0", "0", "0", "0", "0", "0", "0", "0", "0", "0", "0", "0", "0", "0", "0", "0", "0", "0", "0", "0", "0", "0", "0", "0", "0", "0", "0", "0", "0", "0", "0", "0", "0", "0", "0", "0", "0", "0", "0", "0", "0", "0", "0", "0", "0", "0", "0", "0", "0", "0", "0", "0", "0", "0", "0", "0", "0", "0", "0", "0", "0", "0", "0", "0", "0", "0", "0", "0", "0", "0", "0", "0", "0", "0", "0", "0", "0", "0", "0", "0", "0", "0", "0", "0", "0", "0", "0", "0", "0", "0", "0", "0", "0", "0", "0", "0", "0", "0", "0", "0", "0"], ["22", "0", "23", "11", "20", "32", "26", "0", "0", "0", "0", "0", "0", "0", "0", "0", "0", "24", "0", "19", "16", "18", "17", "20", "0", "0", "0", "0", "0", "0", "0", "0", "0", "0", "19", "0", "12", "12", "14", "10", "18", "0", "0", "0", "0", "0", "0", "0", "0", "0", "0", "12", "0", "28", "20", "13", "18", "25", "0", "0", "0", "0", "0", "0", "0", "0", "0", "0", "14", "0", "15", "18", "18", "20", "15", "0", "0", "0", "0", "0", "0", "0", "0", "0", "0", "37", "0", "22", "25", "18", "20", "13", "0", "0", "0", "0", "0", "0", "0", "0", "0", "0", "21", "0", "17", "19", "13", "21", "20", "0", "0", "0", "0", "0", "0", "0", "0", "0", "0", "10", "0", "19", "17", "17", "13", "12", "0", "0", "0", "0", "0", "0", "0", "0", "0", "0", "19", "0", "20", "14", "24", "22", "19", "0", "0", "0", "0", "0", "0", "0", "0", "0", "0", "0", "0", "0", "0", "0", "0", "0", "0", "0", "0", "0", "0", "0", "0", "0", "0", "0", "0", "0", "0", "0", "0", "0", "0", "0", "0", "0", "0", "0", "0", "0", "0", "0", "0", "0", "0", "0", "0", "0", "0", "0", "0", "0", "0", "0", "0", "0", "0", "0", "0", "0", "0", "0", "0", "0", "0", "0", "0", "0", "0", "0", "0", "0", "0", "0", "0", "0", "0", "0", "0", "0", "0", "0", "0", "0", "0", "0", "0", "0", "0", "0", "0", "0", "0", "0", "0", "0", "0", "0", "0", "0", "0", "0", "0", "0", "0", "0", "0", "0", "0", "0", "0", "0", "0", "0", "0", "0", "0", "0", "0", "0", "0", "0", "0", "0", "0", "0", "0", "0", "0", "0", "0", "0", "0", "0", "0", "0", "0", "0", "0", "0", "0", "0", "0", "0", "0"]]}