{"state": {"resTurn": "57", "h": "10", "w": "9", "score": [["1", "0", "0", "1", "1", "1", "0", "0", "1"], ["1", "2", "-2", "1", "0", "1", "-2", "2", "1"], ["1", "1", "1", "0", "2", "0", "1", "1", "1"], ["2", "3", "3", "0", "-3", "0", "3", "3", "2"], ["0", "1", "1", "1", "4", "1", "1", "1", "0"], ["0", "1", "-2", "3", "-2", "3", "-2", "1", "0"], ["-3", "1", "1", "1", "0", "1", "1", "1", "-3"], ["2", "0", "2", "1", "0", "1", "2", "0", "2"], ["2", "2", "-2", "-2", "1", "-2", "-2", "2", "2"], ["3", "0", "0", "-3", "1", "-3", "0", "0", "3"]], "color": [["1", "1", "0", "0", "0", "0", "2", "2", "2"], ["0", "0", "1", "1", "1", "0", "2", "2", "2"], ["1", "1", "1", "1", "1", "1", "2", "2", "0"], ["1", "1", "0", "1", "1", "2", "2", "2", "0"], ["1", "0", "1", "0", "0", "2", "2", "2", "2"], ["1", "1", "0", "1", "0", "0", "2", "2", "0"], ["1", "0", "1", "1", "1", "0", "2", "0", "0"], ["0", "0", "1", "0", "0", "1", "0", "0", "0"], ["0", "0", "0", "0", "0", "1", "1", "1", "0"], ["0", "0", "0", "0", "0", "0", "0", "1", "0"]], "pos": [{"x": "7", "y": "9"}, {"x": "3", "y": "2"}, {"x": "5", "y": "3"}, {"x": "8", "y": "1"}]}, "q": "-0.0004370039243403319", "z": "1", "visitCount": [["15", "23", "19", "19", "27", "21", "18", "19", "29", "0", "0", "0", "0", "0", "0", "0", "0", "0", "0", "0", "0", "0", "0", "0", "0", "0", "0", "0", "0", "0", "0", "0", "0", "0", "0", "0", "0", "0", "0", "0", "0", "0", "0", "0", "0", "0", "0", "0", "0", "0", "0", "0", "0", "0", "0", "0", "0", "0", "0", "0", "0", "0", "0", "0", "0", "0", "0", "0", "10", "29", "22", "14", "11", "17", "10", "21", "12", "0", "0", "0", "0", "0", "0", "0", "0", "12", "23", "11", "16", "19", "14", "24", "23", "15", "0", "0", "0", "0", "0", "0", "0", "0", "19", "21", "26", "15", "15", "19", "15", "25", "21", "0", "0", "0", "0", "0", "0", "0", "0", "31", "15", "9", "16", "18", "27", "25", "20", "9", "0", "0", "0", "0", "0", "0", "0", "0", "14", "19", "19", "14", "14", "32", "17", "15", "17", "0", "0", "0", "0", "0", "0", "0", "0", "0", "0", "0", "0", "0", "0", "0", "0", "0", "0", "0", "0", "0", "0", "0", "0", "0", "0", "0", "0", "0", "0", "0", "0", "0", "0", "0", "0", "0", "0", "0", "0", "0", "0", "0", "0", "0", "0", "0", "0", "0", "0", "0", "0", "0", "0", "0", "0", "0", "0", "0", "0", "0", "0", "0", "0", "0", "0", "0", "0", "0", "0", "0", "0", "0", "0", "0", "0", "0", "0", "0", "0", "0", "0", "0", "0", "0", "0", "0", "0", "0", "0", "0", "0", "0", "0", "0", "0", "0", "0", "0", "0", "0", "0", "0", "0", "0", "0", "0", "0", "0", "0", "0", "0", "0", "0", "0", "0", "0", "0", "0", "0", "0", "0", "0", "0", "0", "0", "0", "0", "0", "0", "0", "0", "0", "0", "0", "0", "0", "0", "0", "0", "0", "0", "0", "0"], ["12", "0", "16", "14", "14", "16", "16", "0", "0", "0", "0", "0", "0", "0", "0", "0", "0", "18", "0", "19", "25", "14", "14", "22", "0", "0", "0", "0", "0", "0", "0", "0", "0", "0", "26", "0", "25", "23", "16", "13", "17", "0", "0", "0", "0", "0", "0", "0", "0", "0", "0", "15", "0", "19", "27", "22", "17", "15", "0", "0", "0", "0", "0", "0", "0", "0", "0", "0", "0", "0", "0", "0", "0", "0", "0", "0", "0", "0", "0", "0", "0", "0", "0", "0", "0", "0", "0", "0", "0", "0", "0", "0", "0", "0", "0", "0", "0", "0", "0", "0", "0", "0", "0", "0", "0", "0", "0", "0", "0", "0", "0", "0", "0", "0", "0", "0", "0", "0", "0", "12", "0", "13", "19", "21", "20", "23", "0", "0", "0", "0", "0", "0", "0", "0", "0", "0", "24", "0", "21", "15", "16", "13", "22", "0", "0", "0", "0", "0", "0", "0", "0", "0", "0", "0", "0", "0", "0", "0", "0", "0", "0", "0", "0", "0", "0", "0", "0", "0", "0", "0", "0", "0", "0", "0", "0", "0", "0", "0", "0", "0", "0", "0", "0", "0", "0", "0", "0", "0", "0", "0", "0", "0", "0", "0", "0", "0", "0", "0", "0", "0", "0", "0", "0", "0", "15", "0", "23", "13", "19", "18", "14", "0", "0", "0", "0", "0", "0", "0", "0", "0", "0", "17", "0", "18", "16", "20", "16", "10", "0", "0", "0", "0", "0", "0", "0", "0", "0", "0", "17", "0", "10", "29", "22", "29", "40", "0", "0", "0", "0", "0", "0", "0", "0", "0", "0", "0", "0", "0", "0", "0", "0", "0", "0", "0", "0", "0", "0", "0", "0", "0", "0", "0", "0", "0", "0", "0", "0", "0", "0", "0", "0", "0", "0", "0", "0", "0", "0", "0", "0"]]}