{"state": {"resTurn": "55", "h": "10", "w": "9", "score": [["1", "0", "0", "1", "1", "1", "0", "0", "1"], ["1", "2", "-2", "1", "0", "1", "-2", "2", "1"], ["1", "1", "1", "0", "2", "0", "1", "1", "1"], ["2", "3", "3", "0", "-3", "0", "3", "3", "2"], ["0", "1", "1", "1", "4", "1", "1", "1", "0"], ["0", "1", "-2", "3", "-2", "3", "-2", "1", "0"], ["-3", "1", "1", "1", "0", "1", "1", "1", "-3"], ["2", "0", "2", "1", "0", "1", "2", "0", "2"], ["2", "2", "-2", "-2", "1", "-2", "-2", "2", "2"], ["3", "0", "0", "-3", "1", "-3", "0", "0", "3"]], "color": [["1", "1", "1", "0", "0", "0", "2", "2", "2"], ["0", "0", "1", "1", "1", "0", "2", "2", "2"], ["1", "1", "1", "1", "0", "0", "2", "2", "0"], ["1", "1", "0", "1", "1", "2", "2", "2", "0"], ["1", "0", "1", "0", "0", "2", "2", "2", "2"], ["1", "1", "0", "1", "0", "0", "2", "2", "0"], ["1", "0", "1", "1", "1", "0", "2", "0", "0"], ["0", "0", "1", "0", "0", "1", "0", "0", "0"], ["0", "0", "0", "0", "0", "1", "1", "1", "0"], ["0", "0", "0", "0", "0", "0", "0", "1", "1"]], "pos": [{"x": "7", "y": "9"}, {"x": "2", "y": "0"}, {"x": "5", "y": "3"}, {"x": "7", "y": "1"}]}, "q": "-9.134424565626299e-05", "z": "1", "visitCount": [["23", "32", "26", "29", "26", "0", "0", "0", "30", "0", "0", "0", "0", "0", "0", "0", "0", "0", "0", "0", "0", "0", "0", "0", "0", "0", "0", "0", "0", "0", "0", "0", "0", "0", "0", "0", "0", "0", "0", "0", "0", "0", "0", "0", "0", "0", "0", "0", "0", "0", "0", "0", "0", "0", "0", "0", "0", "0", "0", "0", "0", "0", "0", "0", "0", "0", "0", "0", "17", "23", "20", "31", "26", "0", "0", "0", "36", "0", "0", "0", "0", "0", "0", "0", "0", "46", "37", "21", "55", "18", "0", "0", "0", "15", "0", "0", "0", "0", "0", "0", "0", "0", "27", "35", "24", "40", "14", "0", "0", "0", "32", "0", "0", "0", "0", "0", "0", "0", "0", "22", "21", "37", "22", "25", "0", "0", "0", "39", "0", "0", "0", "0", "0", "0", "0", "0", "27", "25", "23", "30", "23", "0", "0", "0", "26", "0", "0", "0", "0", "0", "0", "0", "0", "0", "0", "0", "0", "0", "0", "0", "0", "0", "0", "0", "0", "0", "0", "0", "0", "0", "0", "0", "0", "0", "0", "0", "0", "0", "0", "0", "0", "0", "0", "0", "0", "0", "0", "0", "0", "0", "0", "0", "0", "0", "0", "0", "0", "0", "0", "0", "0", "0", "0", "0", "0", "0", "0", "0", "0", "0", "0", "0", "0", "0", "0", "0", "0", "0", "0", "0", "0", "0", "0", "0", "0", "0", "0", "0", "0", "0", "0", "0", "0", "0", "0", "0", "0", "0", "0", "0", "0", "0", "0", "0", "0", "0", "0", "0", "0", "0", "0", "0", "0", "0", "0", "0", "0", "0", "0", "0", "0", "0", "0", "0", "0", "0", "0", "0", "0", "0", "0", "0", "0", "0", "0", "0", "0", "0", "0", "0", "0", "0", "0", "0", "0", "0", "0", "0", "0"], ["18", "8", "14", "9", "12", "9", "15", "15", "14", "0", "0", "0", "0", "0", "0", "0", "0", "16", "11", "12", "12", "15", "13", "15", "14", "15", "0", "0", "0", "0", "0", "0", "0", "0", "15", "12", "13", "13", "18", "14", "14", "11", "14", "0", "0", "0", "0", "0", "0", "0", "0", "14", "11", "11", "12", "8", "14", "13", "11", "15", "0", "0", "0", "0", "0", "0", "0", "0", "0", "0", "0", "0", "0", "0", "0", "0", "0", "0", "0", "0", "0", "0", "0", "0", "0", "10", "6", "17", "18", "15", "11", "13", "15", "10", "0", "0", "0", "0", "0", "0", "0", "0", "13", "12", "15", "11", "15", "11", "8", "11", "11", "0", "0", "0", "0", "0", "0", "0", "0", "13", "13", "15", "15", "12", "10", "10", "10", "9", "0", "0", "0", "0", "0", "0", "0", "0", "9", "10", "11", "12", "15", "10", "14", "10", "14", "0", "0", "0", "0", "0", "0", "0", "0", "0", "0", "0", "0", "0", "0", "0", "0", "0", "0", "0", "0", "0", "0", "0", "0", "0", "0", "0", "0", "0", "0", "0", "0", "0", "0", "0", "0", "0", "0", "0", "0", "0", "0", "0", "0", "0", "0", "0", "0", "0", "0", "0", "0", "0", "0", "0", "0", "0", "0", "0", "8", "15", "15", "5", "14", "11", "11", "11", "9", "0", "0", "0", "0", "0", "0", "0", "0", "0", "0", "0", "0", "0", "0", "0", "0", "0", "0", "0", "0", "0", "0", "0", "0", "0", "0", "0", "0", "0", "0", "0", "0", "0", "0", "0", "0", "0", "0", "0", "0", "0", "0", "0", "0", "0", "0", "0", "0", "0", "0", "0", "0", "0", "0", "0", "0", "0", "0", "0", "0", "0", "0", "0", "0", "0", "0", "0", "0", "0", "0", "0", "0", "0", "0", "0", "0"]]}