{"state": {"resTurn": "54", "h": "10", "w": "9", "score": [["1", "0", "0", "1", "1", "1", "0", "0", "1"], ["1", "2", "-2", "1", "0", "1", "-2", "2", "1"], ["1", "1", "1", "0", "2", "0", "1", "1", "1"], ["2", "3", "3", "0", "-3", "0", "3", "3", "2"], ["0", "1", "1", "1", "4", "1", "1", "1", "0"], ["0", "1", "-2", "3", "-2", "3", "-2", "1", "0"], ["-3", "1", "1", "1", "0", "1", "1", "1", "-3"], ["2", "0", "2", "1", "0", "1", "2", "0", "2"], ["2", "2", "-2", "-2", "1", "-2", "-2", "2", "2"], ["3", "0", "0", "-3", "1", "-3", "0", "0", "3"]], "color": [["1", "1", "1", "0", "0", "0", "2", "2", "2"], ["0", "1", "1", "1", "1", "0", "2", "2", "2"], ["1", "1", "1", "1", "0", "0", "2", "2", "0"], ["1", "1", "0", "1", "1", "2", "2", "2", "0"], ["1", "0", "1", "0", "0", "2", "2", "2", "2"], ["1", "1", "0", "1", "0", "0", "2", "2", "0"], ["1", "0", "1", "1", "1", "0", "2", "0", "0"], ["0", "0", "1", "0", "0", "1", "0", "0", "0"], ["0", "0", "0", "0", "0", "1", "1", "1", "0"], ["0", "0", "0", "0", "0", "0", "0", "1", "1"]], "pos": [{"x": "6", "y": "8"}, {"x": "1", "y": "1"}, {"x": "5", "y": "3"}, {"x": "7", "y": "1"}]}, "q": "-0.0004455922110777743", "z": "1", "visitCount": [["12", "24", "11", "10", "12", "14", "18", "12", "11", "0", "0", "0", "0", "0", "0", "0", "0", "18", "10", "16", "9", "20", "10", "16", "13", "11", "0", "0", "0", "0", "0", "0", "0", "0", "17", "10", "11", "17", "17", "9", "14", "9", "14", "0", "0", "0", "0", "0", "0", "0", "0", "8", "13", "15", "13", "12", "10", "8", "17", "14", "0", "0", "0", "0", "0", "0", "0", "0", "10", "14", "17", "9", "13", "9", "8", "11", "12", "0", "0", "0", "0", "0", "0", "0", "0", "10", "12", "13", "10", "13", "13", "13", "9", "11", "0", "0", "0", "0", "0", "0", "0", "0", "13", "8", "12", "9", "14", "8", "17", "13", "12", "0", "0", "0", "0", "0", "0", "0", "0", "9", "11", "13", "12", "12", "10", "16", "9", "13", "0", "0", "0", "0", "0", "0", "0", "0", "9", "17", "15", "16", "8", "7", "9", "13", "13", "0", "0", "0", "0", "0", "0", "0", "0", "0", "0", "0", "0", "0", "0", "0", "0", "0", "0", "0", "0", "0", "0", "0", "0", "0", "0", "0", "0", "0", "0", "0", "0", "0", "0", "0", "0", "0", "0", "0", "0", "0", "0", "0", "0", "0", "0", "0", "0", "0", "0", "0", "0", "0", "0", "0", "0", "0", "0", "0", "0", "0", "0", "0", "0", "0", "0", "0", "0", "0", "0", "0", "0", "0", "0", "0", "0", "0", "0", "0", "0", "0", "0", "0", "0", "0", "0", "0", "0", "0", "0", "0", "0", "0", "0", "0", "0", "0", "0", "0", "0", "0", "0", "0", "0", "0", "0", "0", "0", "0", "0", "0", "0", "0", "0", "0", "0", "0", "0", "0", "0", "0", "0", "0", "0", "0", "0", "0", "0", "0", "0", "0", "0", "0", "0", "0", "0", "0", "0", "0", "0", "0", "0", "0", "0"], ["13", "15", "17", "9", "16", "10", "13", "9", "18", "0", "0", "0", "0", "0", "0", "0", "0", "11", "19", "18", "14", "18", "10", "10", "17", "16", "0", "0", "0", "0", "0", "0", "0", "0", "11", "15", "10", "10", "10", "11", "16", "11", "8", "0", "0", "0", "0", "0", "0", "0", "0", "11", "7", "13", "9", "7", "12", "10", "10", "12", "0", "0", "0", "0", "0", "0", "0", "0", "0", "0", "0", "0", "0", "0", "0", "0", "0", "0", "0", "0", "0", "0", "0", "0", "0", "11", "7", "15", "18", "17", "11", "15", "13", "19", "0", "0", "0", "0", "0", "0", "0", "0", "14", "12", "16", "11", "12", "8", "13", "14", "12", "0", "0", "0", "0", "0", "0", "0", "0", "14", "7", "9", "9", "8", "11", "9", "8", "10", "0", "0", "0", "0", "0", "0", "0", "0", "11", "11", "16", "14", "10", "13", "11", "17", "12", "0", "0", "0", "0", "0", "0", "0", "0", "0", "0", "0", "0", "0", "0", "0", "0", "0", "0", "0", "0", "0", "0", "0", "0", "0", "0", "0", "0", "0", "0", "0", "0", "0", "0", "0", "0", "0", "0", "0", "0", "0", "0", "0", "0", "0", "0", "0", "0", "0", "0", "0", "0", "0", "0", "0", "0", "0", "0", "0", "10", "10", "22", "9", "12", "12", "10", "16", "15", "0", "0", "0", "0", "0", "0", "0", "0", "0", "0", "0", "0", "0", "0", "0", "0", "0", "0", "0", "0", "0", "0", "0", "0", "0", "0", "0", "0", "0", "0", "0", "0", "0", "0", "0", "0", "0", "0", "0", "0", "0", "0", "0", "0", "0", "0", "0", "0", "0", "0", "0", "0", "0", "0", "0", "0", "0", "0", "0", "0", "0", "0", "0", "0", "0", "0", "0", "0", "0", "0", "0", "0", "0", "0", "0", "0"]]}