{"state": {"resTurn": "53", "h": "10", "w": "9", "score": [["1", "0", "0", "1", "1", "1", "0", "0", "1"], ["1", "2", "-2", "1", "0", "1", "-2", "2", "1"], ["1", "1", "1", "0", "2", "0", "1", "1", "1"], ["2", "3", "3", "0", "-3", "0", "3", "3", "2"], ["0", "1", "1", "1", "4", "1", "1", "1", "0"], ["0", "1", "-2", "3", "-2", "3", "-2", "1", "0"], ["-3", "1", "1", "1", "0", "1", "1", "1", "-3"], ["2", "0", "2", "1", "0", "1", "2", "0", "2"], ["2", "2", "-2", "-2", "1", "-2", "-2", "2", "2"], ["3", "0", "0", "-3", "1", "-3", "0", "0", "3"]], "color": [["1", "1", "1", "0", "0", "0", "2", "2", "2"], ["0", "1", "1", "1", "1", "0", "2", "2", "2"], ["1", "1", "1", "1", "0", "0", "2", "2", "0"], ["1", "1", "0", "1", "0", "2", "2", "2", "0"], ["1", "0", "1", "0", "0", "2", "2", "2", "2"], ["1", "1", "0", "1", "0", "0", "2", "2", "0"], ["1", "0", "1", "1", "1", "0", "2", "0", "0"], ["0", "0", "1", "0", "0", "1", "0", "0", "0"], ["0", "0", "0", "0", "0", "1", "1", "1", "0"], ["0", "0", "0", "0", "0", "0", "0", "1", "1"]], "pos": [{"x": "6", "y": "8"}, {"x": "2", "y": "2"}, {"x": "5", "y": "3"}, {"x": "7", "y": "2"}]}, "q": "-0.0004443185975624655", "z": "1", "visitCount": [["11", "10", "13", "15", "14", "12", "11", "13", "9", "0", "0", "0", "0", "0", "0", "0", "0", "18", "14", "13", "9", "17", "7", "20", "8", "19", "0", "0", "0", "0", "0", "0", "0", "0", "10", "11", "11", "11", "13", "8", "14", "9", "11", "0", "0", "0", "0", "0", "0", "0", "0", "16", "10", "13", "11", "11", "11", "12", "14", "9", "0", "0", "0", "0", "0", "0", "0", "0", "9", "12", "10", "16", "15", "17", "11", "13", "15", "0", "0", "0", "0", "0", "0", "0", "0", "10", "9", "9", "13", "15", "9", "13", "11", "10", "0", "0", "0", "0", "0", "0", "0", "0", "9", "12", "13", "8", "15", "9", "7", "10", "17", "0", "0", "0", "0", "0", "0", "0", "0", "12", "8", "9", "13", "19", "14", "10", "16", "10", "0", "0", "0", "0", "0", "0", "0", "0", "22", "18", "14", "10", "10", "27", "10", "12", "11", "0", "0", "0", "0", "0", "0", "0", "0", "0", "0", "0", "0", "0", "0", "0", "0", "0", "0", "0", "0", "0", "0", "0", "0", "0", "0", "0", "0", "0", "0", "0", "0", "0", "0", "0", "0", "0", "0", "0", "0", "0", "0", "0", "0", "0", "0", "0", "0", "0", "0", "0", "0", "0", "0", "0", "0", "0", "0", "0", "0", "0", "0", "0", "0", "0", "0", "0", "0", "0", "0", "0", "0", "0", "0", "0", "0", "0", "0", "0", "0", "0", "0", "0", "0", "0", "0", "0", "0", "0", "0", "0", "0", "0", "0", "0", "0", "0", "0", "0", "0", "0", "0", "0", "0", "0", "0", "0", "0", "0", "0", "0", "0", "0", "0", "0", "0", "0", "0", "0", "0", "0", "0", "0", "0", "0", "0", "0", "0", "0", "0", "0", "0", "0", "0", "0", "0", "0", "0", "0", "0", "0", "0", "0", "0"], ["9", "14", "7", "13", "10", "14", "8", "14", "20", "0", "0", "0", "0", "0", "0", "0", "0", "11", "13", "12", "11", "11", "10", "9", "9", "15", "0", "0", "0", "0", "0", "0", "0", "0", "16", "10", "14", "11", "13", "13", "11", "14", "15", "0", "0", "0", "0", "0", "0", "0", "0", "7", "15", "14", "10", "11", "15", "9", "14", "15", "0", "0", "0", "0", "0", "0", "0", "0", "10", "12", "19", "12", "14", "11", "11", "11", "13", "0", "0", "0", "0", "0", "0", "0", "0", "13", "11", "9", "15", "15", "12", "10", "12", "13", "0", "0", "0", "0", "0", "0", "0", "0", "20", "10", "11", "13", "12", "25", "12", "16", "14", "0", "0", "0", "0", "0", "0", "0", "0", "14", "6", "12", "11", "13", "10", "11", "12", "10", "0", "0", "0", "0", "0", "0", "0", "0", "10", "8", "9", "15", "16", "7", "17", "15", "11", "0", "0", "0", "0", "0", "0", "0", "0", "0", "0", "0", "0", "0", "0", "0", "0", "0", "0", "0", "0", "0", "0", "0", "0", "0", "0", "0", "0", "0", "0", "0", "0", "0", "0", "0", "0", "0", "0", "0", "0", "0", "0", "0", "0", "0", "0", "0", "0", "0", "0", "0", "0", "0", "0", "0", "0", "0", "0", "0", "0", "0", "0", "0", "0", "0", "0", "0", "0", "0", "0", "0", "0", "0", "0", "0", "0", "0", "0", "0", "0", "0", "0", "0", "0", "0", "0", "0", "0", "0", "0", "0", "0", "0", "0", "0", "0", "0", "0", "0", "0", "0", "0", "0", "0", "0", "0", "0", "0", "0", "0", "0", "0", "0", "0", "0", "0", "0", "0", "0", "0", "0", "0", "0", "0", "0", "0", "0", "0", "0", "0", "0", "0", "0", "0", "0", "0", "0", "0", "0", "0", "0", "0", "0", "0"]]}