{"state": {"resTurn": "52", "h": "10", "w": "9", "score": [["1", "0", "0", "1", "1", "1", "0", "0", "1"], ["1", "2", "-2", "1", "0", "1", "-2", "2", "1"], ["1", "1", "1", "0", "2", "0", "1", "1", "1"], ["2", "3", "3", "0", "-3", "0", "3", "3", "2"], ["0", "1", "1", "1", "4", "1", "1", "1", "0"], ["0", "1", "-2", "3", "-2", "3", "-2", "1", "0"], ["-3", "1", "1", "1", "0", "1", "1", "1", "-3"], ["2", "0", "2", "1", "0", "1", "2", "0", "2"], ["2", "2", "-2", "-2", "1", "-2", "-2", "2", "2"], ["3", "0", "0", "-3", "1", "-3", "0", "0", "3"]], "color": [["1", "1", "1", "0", "0", "0", "2", "2", "2"], ["0", "1", "1", "1", "1", "0", "2", "2", "2"], ["1", "1", "1", "1", "0", "2", "2", "2", "0"], ["1", "1", "0", "1", "0", "2", "2", "2", "0"], ["1", "0", "1", "0", "0", "2", "2", "2", "2"], ["1", "1", "0", "1", "0", "0", "2", "2", "0"], ["1", "0", "1", "1", "1", "0", "2", "0", "0"], ["0", "0", "1", "0", "0", "1", "0", "0", "0"], ["0", "0", "0", "0", "0", "1", "1", "1", "0"], ["0", "0", "0", "0", "0", "0", "0", "1", "1"]], "pos": [{"x": "7", "y": "8"}, {"x": "1", "y": "1"}, {"x": "5", "y": "2"}, {"x": "6", "y": "1"}]}, "q": "-0.0004183013547671433", "z": "1", "visitCount": [["9", "12", "10", "10", "14", "11", "9", "18", "11", "0", "0", "0", "0", "0", "0", "0", "0", "12", "10", "11", "10", "15", "12", "14", "14", "11", "0", "0", "0", "0", "0", "0", "0", "0", "10", "16", "16", "15", "12", "13", "22", "13", "10", "0", "0", "0", "0", "0", "0", "0", "0", "12", "10", "13", "11", "13", "17", "12", "9", "13", "0", "0", "0", "0", "0", "0", "0", "0", "13", "14", "13", "13", "9", "19", "14", "15", "12", "0", "0", "0", "0", "0", "0", "0", "0", "13", "15", "12", "13", "11", "16", "12", "15", "9", "0", "0", "0", "0", "0", "0", "0", "0", "16", "17", "10", "11", "11", "8", "15", "11", "12", "0", "0", "0", "0", "0", "0", "0", "0", "10", "8", "14", "11", "9", "9", "11", "15", "14", "0", "0", "0", "0", "0", "0", "0", "0", "8", "11", "10", "15", "12", "13", "10", "12", "9", "0", "0", "0", "0", "0", "0", "0", "0", "0", "0", "0", "0", "0", "0", "0", "0", "0", "0", "0", "0", "0", "0", "0", "0", "0", "0", "0", "0", "0", "0", "0", "0", "0", "0", "0", "0", "0", "0", "0", "0", "0", "0", "0", "0", "0", "0", "0", "0", "0", "0", "0", "0", "0", "0", "0", "0", "0", "0", "0", "0", "0", "0", "0", "0", "0", "0", "0", "0", "0", "0", "0", "0", "0", "0", "0", "0", "0", "0", "0", "0", "0", "0", "0", "0", "0", "0", "0", "0", "0", "0", "0", "0", "0", "0", "0", "0", "0", "0", "0", "0", "0", "0", "0", "0", "0", "0", "0", "0", "0", "0", "0", "0", "0", "0", "0", "0", "0", "0", "0", "0", "0", "0", "0", "0", "0", "0", "0", "0", "0", "0", "0", "0", "0", "0", "0", "0", "0", "0", "0", "0", "0", "0", "0", "0"], ["10", "10", "10", "14", "10", "12", "14", "15", "12", "0", "0", "0", "0", "0", "0", "0", "0", "15", "8", "14", "8", "12", "18", "17", "17", "13", "0", "0", "0", "0", "0", "0", "0", "0", "14", "7", "19", "14", "14", "16", "10", "16", "10", "0", "0", "0", "0", "0", "0", "0", "0", "18", "12", "9", "13", "10", "10", "14", "15", "13", "0", "0", "0", "0", "0", "0", "0", "0", "11", "9", "15", "13", "13", "8", "18", "9", "11", "0", "0", "0", "0", "0", "0", "0", "0", "0", "0", "0", "0", "0", "0", "0", "0", "0", "0", "0", "0", "0", "0", "0", "0", "0", "9", "10", "19", "11", "10", "11", "13", "11", "14", "0", "0", "0", "0", "0", "0", "0", "0", "16", "11", "15", "14", "11", "11", "13", "11", "11", "0", "0", "0", "0", "0", "0", "0", "0", "9", "11", "10", "13", "13", "8", "12", "14", "10", "0", "0", "0", "0", "0", "0", "0", "0", "0", "0", "0", "0", "0", "0", "0", "0", "0", "0", "0", "0", "0", "0", "0", "0", "0", "0", "0", "0", "0", "0", "0", "0", "0", "0", "0", "0", "0", "0", "0", "0", "0", "0", "0", "0", "0", "0", "0", "0", "0", "0", "0", "0", "0", "0", "0", "0", "0", "0", "0", "0", "0", "0", "0", "0", "0", "0", "0", "0", "0", "0", "0", "0", "0", "0", "0", "0", "18", "10", "12", "9", "13", "15", "9", "10", "13", "0", "0", "0", "0", "0", "0", "0", "0", "0", "0", "0", "0", "0", "0", "0", "0", "0", "0", "0", "0", "0", "0", "0", "0", "0", "0", "0", "0", "0", "0", "0", "0", "0", "0", "0", "0", "0", "0", "0", "0", "0", "0", "0", "0", "0", "0", "0", "0", "0", "0", "0", "0", "0", "0", "0", "0", "0", "0", "0"]]}