{"state": {"resTurn": "51", "h": "10", "w": "9", "score": [["1", "0", "0", "1", "1", "1", "0", "0", "1"], ["1", "2", "-2", "1", "0", "1", "-2", "2", "1"], ["1", "1", "1", "0", "2", "0", "1", "1", "1"], ["2", "3", "3", "0", "-3", "0", "3", "3", "2"], ["0", "1", "1", "1", "4", "1", "1", "1", "0"], ["0", "1", "-2", "3", "-2", "3", "-2", "1", "0"], ["-3", "1", "1", "1", "0", "1", "1", "1", "-3"], ["2", "0", "2", "1", "0", "1", "2", "0", "2"], ["2", "2", "-2", "-2", "1", "-2", "-2", "2", "2"], ["3", "0", "0", "-3", "1", "-3", "0", "0", "3"]], "color": [["1", "1", "1", "0", "0", "0", "2", "2", "2"], ["0", "1", "1", "1", "1", "0", "2", "2", "2"], ["1", "1", "1", "1", "0", "2", "2", "2", "0"], ["1", "1", "0", "1", "0", "2", "2", "2", "0"], ["1", "0", "1", "0", "0", "2", "2", "2", "2"], ["1", "1", "0", "1", "0", "0", "2", "2", "0"], ["1", "0", "1", "1", "1", "0", "2", "0", "0"], ["0", "0", "1", "0", "0", "1", "0", "0", "0"], ["0", "0", "0", "0", "0", "1", "1", "1", "0"], ["0", "0", "0", "0", "0", "0", "0", "1", "1"]], "pos": [{"x": "7", "y": "9"}, {"x": "1", "y": "0"}, {"x": "5", "y": "3"}, {"x": "6", "y": "2"}]}, "q": "-0.000443082014549379", "z": "1", "visitCount": [["18", "20", "26", "17", "19", "0", "0", "0", "25", "0", "0", "0", "0", "0", "0", "0", "0", "0", "0", "0", "0", "0", "0", "0", "0", "0", "0", "0", "0", "0", "0", "0", "0", "0", "0", "0", "0", "0", "0", "0", "0", "0", "0", "0", "0", "0", "0", "0", "0", "0", "0", "0", "0", "0", "0", "0", "0", "0", "0", "0", "0", "0", "0", "0", "0", "0", "0", "0", "22", "39", "26", "33", "31", "0", "0", "0", "18", "0", "0", "0", "0", "0", "0", "0", "0", "29", "30", "31", "22", "28", "0", "0", "0", "24", "0", "0", "0", "0", "0", "0", "0", "0", "26", "35", "50", "31", "33", "0", "0", "0", "24", "0", "0", "0", "0", "0", "0", "0", "0", "18", "35", "29", "31", "24", "0", "0", "0", "26", "0", "0", "0", "0", "0", "0", "0", "0", "42", "28", "34", "37", "17", "0", "0", "0", "22", "0", "0", "0", "0", "0", "0", "0", "0", "0", "0", "0", "0", "0", "0", "0", "0", "0", "0", "0", "0", "0", "0", "0", "0", "0", "0", "0", "0", "0", "0", "0", "0", "0", "0", "0", "0", "0", "0", "0", "0", "0", "0", "0", "0", "0", "0", "0", "0", "0", "0", "0", "0", "0", "0", "0", "0", "0", "0", "0", "0", "0", "0", "0", "0", "0", "0", "0", "0", "0", "0", "0", "0", "0", "0", "0", "0", "0", "0", "0", "0", "0", "0", "0", "0", "0", "0", "0", "0", "0", "0", "0", "0", "0", "0", "0", "0", "0", "0", "0", "0", "0", "0", "0", "0", "0", "0", "0", "0", "0", "0", "0", "0", "0", "0", "0", "0", "0", "0", "0", "0", "0", "0", "0", "0", "0", "0", "0", "0", "0", "0", "0", "0", "0", "0", "0", "0", "0", "0", "0", "0", "0", "0", "0", "0"], ["5", "11", "16", "8", "10", "13", "13", "12", "14", "0", "0", "0", "0", "0", "0", "0", "0", "17", "11", "13", "11", "14", "14", "13", "13", "11", "0", "0", "0", "0", "0", "0", "0", "0", "12", "10", "13", "17", "6", "13", "15", "13", "14", "0", "0", "0", "0", "0", "0", "0", "0", "17", "7", "8", "12", "17", "17", "11", "13", "12", "0", "0", "0", "0", "0", "0", "0", "0", "11", "22", "11", "16", "12", "11", "15", "12", "8", "0", "0", "0", "0", "0", "0", "0", "0", "11", "15", "10", "13", "12", "12", "9", "11", "9", "0", "0", "0", "0", "0", "0", "0", "0", "11", "13", "7", "16", "11", "16", "13", "10", "16", "0", "0", "0", "0", "0", "0", "0", "0", "15", "12", "14", "14", "12", "11", "9", "10", "8", "0", "0", "0", "0", "0", "0", "0", "0", "10", "13", "11", "20", "13", "8", "20", "12", "9", "0", "0", "0", "0", "0", "0", "0", "0", "0", "0", "0", "0", "0", "0", "0", "0", "0", "0", "0", "0", "0", "0", "0", "0", "0", "0", "0", "0", "0", "0", "0", "0", "0", "0", "0", "0", "0", "0", "0", "0", "0", "0", "0", "0", "0", "0", "0", "0", "0", "0", "0", "0", "0", "0", "0", "0", "0", "0", "0", "0", "0", "0", "0", "0", "0", "0", "0", "0", "0", "0", "0", "0", "0", "0", "0", "0", "0", "0", "0", "0", "0", "0", "0", "0", "0", "0", "0", "0", "0", "0", "0", "0", "0", "0", "0", "0", "0", "0", "0", "0", "0", "0", "0", "0", "0", "0", "0", "0", "0", "0", "0", "0", "0", "0", "0", "0", "0", "0", "0", "0", "0", "0", "0", "0", "0", "0", "0", "0", "0", "0", "0", "0", "0", "0", "0", "0", "0", "0", "0", "0", "0", "0", "0", "0"]]}