{"state": {"resTurn": "86", "h": "10", "w": "9", "score": [["1", "0", "0", "1", "1", "1", "0", "0", "1"], ["1", "2", "-2", "1", "0", "1", "-2", "2", "1"], ["1", "1", "1", "0", "2", "0", "1", "1", "1"], ["2", "3", "3", "0", "-3", "0", "3", "3", "2"], ["0", "1", "1", "1", "4", "1", "1", "1", "0"], ["0", "1", "-2", "3", "-2", "3", "-2", "1", "0"], ["-3", "1", "1", "1", "0", "1", "1", "1", "-3"], ["2", "0", "2", "1", "0", "1", "2", "0", "2"], ["2", "2", "-2", "-2", "1", "-2", "-2", "2", "2"], ["3", "0", "0", "-3", "1", "-3", "0", "0", "3"]], "color": [["1", "1", "0", "0", "0", "0", "0", "2", "2"], ["0", "0", "1", "0", "0", "0", "0", "2", "0"], ["1", "1", "1", "0", "0", "0", "0", "0", "0"], ["0", "0", "0", "1", "0", "2", "2", "2", "0"], ["0", "0", "0", "0", "0", "0", "0", "2", "0"], ["0", "0", "0", "0", "0", "0", "0", "2", "0"], ["0", "0", "0", "0", "0", "0", "0", "0", "0"], ["0", "0", "0", "0", "0", "0", "0", "0", "0"], ["0", "0", "0", "0", "0", "0", "0", "0", "0"], ["0", "0", "0", "0", "0", "0", "0", "0", "0"]], "pos": [{"x": "0", "y": "2"}, {"x": "2", "y": "1"}, {"x": "7", "y": "5"}, {"x": "7", "y": "0"}]}, "q": "0.001419825723131389", "z": "1", "visitCount": [["16", "18", "12", "19", "14", "19", "27", "17", "21", "0", "0", "0", "0", "0", "0", "0", "0", "20", "23", "14", "22", "20", "15", "16", "20", "30", "0", "0", "0", "0", "0", "0", "0", "0", "20", "12", "17", "13", "23", "14", "23", "17", "13", "0", "0", "0", "0", "0", "0", "0", "0", "0", "0", "0", "0", "0", "0", "0", "0", "0", "0", "0", "0", "0", "0", "0", "0", "0", "0", "0", "0", "0", "0", "0", "0", "0", "0", "0", "0", "0", "0", "0", "0", "0", "0", "0", "0", "0", "0", "0", "0", "0", "0", "0", "0", "0", "0", "0", "0", "0", "0", "0", "26", "17", "21", "19", "14", "16", "16", "19", "16", "0", "0", "0", "0", "0", "0", "0", "0", "26", "22", "17", "20", "17", "19", "22", "19", "13", "0", "0", "0", "0", "0", "0", "0", "0", "16", "14", "25", "19", "15", "21", "21", "13", "22", "0", "0", "0", "0", "0", "0", "0", "0", "0", "0", "0", "0", "0", "0", "0", "0", "0", "0", "0", "0", "0", "0", "0", "0", "0", "0", "0", "0", "0", "0", "0", "0", "0", "0", "0", "0", "0", "0", "0", "0", "0", "0", "0", "0", "0", "0", "0", "0", "0", "0", "0", "0", "0", "0", "0", "0", "0", "0", "0", "0", "0", "0", "0", "0", "0", "0", "0", "0", "0", "0", "0", "0", "0", "0", "0", "0", "0", "0", "0", "0", "0", "0", "0", "0", "0", "0", "0", "0", "0", "0", "0", "0", "0", "0", "0", "0", "0", "0", "0", "0", "0", "0", "0", "0", "0", "0", "0", "0", "0", "0", "0", "0", "0", "0", "0", "0", "0", "0", "0", "0", "0", "0", "0", "0", "0", "0", "0", "0", "0", "0", "0", "0", "0", "0", "0", "0", "0", "0", "0", "0", "0", "0", "0", "0"], ["18", "21", "20", "17", "14", "0", "0", "0", "15", "0", "0", "0", "0", "0", "0", "0", "0", "20", "15", "24", "18", "15", "0", "0", "0", "17", "0", "0", "0", "0", "0", "0", "0", "0", "11", "18", "17", "22", "20", "0", "0", "0", "19", "0", "0", "0", "0", "0", "0", "0", "0", "20", "19", "17", "25", "22", "0", "0", "0", "18", "0", "0", "0", "0", "0", "0", "0", "0", "14", "25", "14", "26", "19", "0", "0", "0", "13", "0", "0", "0", "0", "0", "0", "0", "0", "23", "20", "12", "15", "14", "0", "0", "0", "19", "0", "0", "0", "0", "0", "0", "0", "0", "18", "16", "13", "16", "25", "0", "0", "0", "19", "0", "0", "0", "0", "0", "0", "0", "0", "26", "16", "22", "24", "25", "0", "0", "0", "27", "0", "0", "0", "0", "0", "0", "0", "0", "16", "25", "17", "11", "11", "0", "0", "0", "17", "0", "0", "0", "0", "0", "0", "0", "0", "0", "0", "0", "0", "0", "0", "0", "0", "0", "0", "0", "0", "0", "0", "0", "0", "0", "0", "0", "0", "0", "0", "0", "0", "0", "0", "0", "0", "0", "0", "0", "0", "0", "0", "0", "0", "0", "0", "0", "0", "0", "0", "0", "0", "0", "0", "0", "0", "0", "0", "0", "0", "0", "0", "0", "0", "0", "0", "0", "0", "0", "0", "0", "0", "0", "0", "0", "0", "0", "0", "0", "0", "0", "0", "0", "0", "0", "0", "0", "0", "0", "0", "0", "0", "0", "0", "0", "0", "0", "0", "0", "0", "0", "0", "0", "0", "0", "0", "0", "0", "0", "0", "0", "0", "0", "0", "0", "0", "0", "0", "0", "0", "0", "0", "0", "0", "0", "0", "0", "0", "0", "0", "0", "0", "0", "0", "0", "0", "0", "0", "0", "0", "0", "0", "0", "0"]]}