{"state": {"resTurn": "50", "h": "10", "w": "9", "score": [["1", "0", "0", "1", "1", "1", "0", "0", "1"], ["1", "2", "-2", "1", "0", "1", "-2", "2", "1"], ["1", "1", "1", "0", "2", "0", "1", "1", "1"], ["2", "3", "3", "0", "-3", "0", "3", "3", "2"], ["0", "1", "1", "1", "4", "1", "1", "1", "0"], ["0", "1", "-2", "3", "-2", "3", "-2", "1", "0"], ["-3", "1", "1", "1", "0", "1", "1", "1", "-3"], ["2", "0", "2", "1", "0", "1", "2", "0", "2"], ["2", "2", "-2", "-2", "1", "-2", "-2", "2", "2"], ["3", "0", "0", "-3", "1", "-3", "0", "0", "3"]], "color": [["1", "1", "1", "0", "0", "0", "2", "2", "2"], ["0", "1", "1", "1", "1", "0", "2", "2", "2"], ["1", "1", "1", "1", "0", "2", "2", "2", "0"], ["1", "1", "0", "1", "2", "2", "2", "2", "0"], ["1", "0", "1", "0", "0", "2", "2", "2", "2"], ["1", "1", "0", "1", "0", "0", "2", "2", "0"], ["1", "0", "1", "1", "1", "0", "2", "0", "0"], ["0", "0", "1", "0", "0", "1", "0", "0", "0"], ["0", "0", "0", "0", "0", "1", "1", "1", "0"], ["0", "0", "0", "0", "0", "0", "0", "1", "1"]], "pos": [{"x": "7", "y": "8"}, {"x": "1", "y": "1"}, {"x": "4", "y": "3"}, {"x": "7", "y": "3"}]}, "q": "-0.0002341974501576029", "z": "1", "visitCount": [["11", "10", "15", "11", "7", "13", "12", "11", "12", "0", "0", "0", "0", "0", "0", "0", "0", "12", "11", "14", "13", "18", "17", "13", "11", "20", "0", "0", "0", "0", "0", "0", "0", "0", "9", "9", "15", "11", "11", "8", "11", "12", "12", "0", "0", "0", "0", "0", "0", "0", "0", "12", "15", "14", "17", "9", "8", "12", "10", "11", "0", "0", "0", "0", "0", "0", "0", "0", "14", "10", "10", "16", "10", "13", "17", "13", "14", "0", "0", "0", "0", "0", "0", "0", "0", "15", "11", "17", "11", "11", "11", "12", "11", "11", "0", "0", "0", "0", "0", "0", "0", "0", "11", "18", "15", "7", "16", "11", "14", "9", "12", "0", "0", "0", "0", "0", "0", "0", "0", "9", "15", "9", "9", "12", "12", "12", "15", "11", "0", "0", "0", "0", "0", "0", "0", "0", "10", "15", "17", "12", "15", "13", "11", "14", "12", "0", "0", "0", "0", "0", "0", "0", "0", "0", "0", "0", "0", "0", "0", "0", "0", "0", "0", "0", "0", "0", "0", "0", "0", "0", "0", "0", "0", "0", "0", "0", "0", "0", "0", "0", "0", "0", "0", "0", "0", "0", "0", "0", "0", "0", "0", "0", "0", "0", "0", "0", "0", "0", "0", "0", "0", "0", "0", "0", "0", "0", "0", "0", "0", "0", "0", "0", "0", "0", "0", "0", "0", "0", "0", "0", "0", "0", "0", "0", "0", "0", "0", "0", "0", "0", "0", "0", "0", "0", "0", "0", "0", "0", "0", "0", "0", "0", "0", "0", "0", "0", "0", "0", "0", "0", "0", "0", "0", "0", "0", "0", "0", "0", "0", "0", "0", "0", "0", "0", "0", "0", "0", "0", "0", "0", "0", "0", "0", "0", "0", "0", "0", "0", "0", "0", "0", "0", "0", "0", "0", "0", "0", "0", "0"], ["12", "13", "14", "12", "12", "12", "13", "11", "12", "0", "0", "0", "0", "0", "0", "0", "0", "12", "9", "8", "8", "10", "7", "12", "16", "11", "0", "0", "0", "0", "0", "0", "0", "0", "15", "18", "10", "12", "12", "16", "13", "20", "12", "0", "0", "0", "0", "0", "0", "0", "0", "12", "13", "9", "13", "10", "10", "10", "13", "9", "0", "0", "0", "0", "0", "0", "0", "0", "0", "0", "0", "0", "0", "0", "0", "0", "0", "0", "0", "0", "0", "0", "0", "0", "0", "0", "0", "0", "0", "0", "0", "0", "0", "0", "0", "0", "0", "0", "0", "0", "0", "0", "16", "10", "19", "10", "12", "10", "11", "11", "9", "0", "0", "0", "0", "0", "0", "0", "0", "10", "16", "16", "10", "10", "8", "14", "11", "14", "0", "0", "0", "0", "0", "0", "0", "0", "15", "15", "13", "12", "21", "14", "11", "11", "11", "0", "0", "0", "0", "0", "0", "0", "0", "0", "0", "0", "0", "0", "0", "0", "0", "0", "0", "0", "0", "0", "0", "0", "0", "0", "0", "0", "0", "0", "0", "0", "0", "0", "0", "0", "0", "0", "0", "0", "0", "0", "0", "0", "0", "0", "0", "0", "0", "0", "0", "0", "0", "0", "0", "0", "0", "0", "0", "0", "10", "13", "13", "14", "18", "17", "10", "11", "9", "0", "0", "0", "0", "0", "0", "0", "0", "13", "12", "11", "12", "20", "14", "10", "11", "11", "0", "0", "0", "0", "0", "0", "0", "0", "0", "0", "0", "0", "0", "0", "0", "0", "0", "0", "0", "0", "0", "0", "0", "0", "0", "0", "0", "0", "0", "0", "0", "0", "0", "0", "0", "0", "0", "0", "0", "0", "0", "0", "0", "0", "0", "0", "0", "0", "0", "0", "0", "0", "0", "0", "0", "0", "0", "0", "0"]]}