{"state": {"resTurn": "47", "h": "10", "w": "9", "score": [["1", "0", "0", "1", "1", "1", "0", "0", "1"], ["1", "2", "-2", "1", "0", "1", "-2", "2", "1"], ["1", "1", "1", "0", "2", "0", "1", "1", "1"], ["2", "3", "3", "0", "-3", "0", "3", "3", "2"], ["0", "1", "1", "1", "4", "1", "1", "1", "0"], ["0", "1", "-2", "3", "-2", "3", "-2", "1", "0"], ["-3", "1", "1", "1", "0", "1", "1", "1", "-3"], ["2", "0", "2", "1", "0", "1", "2", "0", "2"], ["2", "2", "-2", "-2", "1", "-2", "-2", "2", "2"], ["3", "0", "0", "-3", "1", "-3", "0", "0", "3"]], "color": [["1", "1", "1", "0", "0", "0", "2", "2", "2"], ["0", "1", "1", "1", "1", "0", "2", "2", "2"], ["1", "1", "1", "1", "0", "2", "2", "2", "0"], ["1", "1", "0", "1", "2", "2", "2", "2", "0"], ["1", "0", "1", "0", "0", "2", "2", "2", "2"], ["1", "1", "0", "1", "0", "0", "2", "2", "0"], ["1", "0", "1", "1", "1", "0", "2", "0", "0"], ["0", "0", "1", "0", "0", "1", "0", "0", "0"], ["0", "0", "0", "0", "0", "1", "1", "1", "1"], ["0", "0", "0", "0", "0", "0", "0", "1", "1"]], "pos": [{"x": "8", "y": "9"}, {"x": "4", "y": "1"}, {"x": "6", "y": "1"}, {"x": "5", "y": "3"}]}, "q": "-0.0007739879198759446", "z": "1", "visitCount": [["26", "0", "27", "22", "20", "37", "23", "23", "26", "50", "0", "0", "0", "0", "0", "0", "0", "0", "0", "0", "0", "0", "0", "0", "0", "0", "0", "0", "0", "0", "0", "0", "0", "0", "0", "0", "0", "0", "0", "0", "0", "0", "0", "0", "0", "0", "0", "0", "0", "0", "0", "0", "0", "0", "0", "0", "0", "0", "0", "0", "0", "0", "0", "0", "0", "0", "0", "0", "36", "0", "37", "28", "15", "24", "26", "25", "29", "46", "0", "0", "0", "0", "0", "0", "0", "41", "0", "25", "30", "15", "16", "34", "29", "33", "34", "0", "0", "0", "0", "0", "0", "0", "23", "0", "21", "31", "19", "17", "34", "35", "18", "25", "0", "0", "0", "0", "0", "0", "0", "0", "0", "0", "0", "0", "0", "0", "0", "0", "0", "0", "0", "0", "0", "0", "0", "0", "0", "0", "0", "0", "0", "0", "0", "0", "0", "0", "0", "0", "0", "0", "0", "0", "0", "0", "0", "0", "0", "0", "0", "0", "0", "0", "0", "0", "0", "0", "0", "0", "0", "0", "0", "0", "0", "0", "0", "0", "0", "0", "0", "0", "0", "0", "0", "0", "0", "0", "0", "0", "0", "0", "0", "0", "0", "0", "0", "0", "0", "0", "0", "0", "0", "0", "0", "0", "0", "0", "0", "0", "0", "0", "0", "0", "0", "0", "0", "0", "0", "0", "0", "0", "0", "0", "0", "0", "0", "0", "0", "0", "0", "0", "0", "0", "0", "0", "0", "0", "0", "0", "0", "0", "0", "0", "0", "0", "0", "0", "0", "0", "0", "0", "0", "0", "0", "0", "0", "0", "0", "0", "0", "0", "0", "0", "0", "0", "0", "0", "0", "0", "0", "0", "0", "0", "0", "0", "0", "0", "0", "0", "0", "0", "0", "0", "0", "0", "0", "0", "0", "0", "0"], ["7", "13", "13", "12", "13", "13", "10", "7", "11", "0", "0", "0", "0", "0", "0", "0", "0", "14", "13", "15", "11", "12", "15", "8", "7", "11", "0", "0", "0", "0", "0", "0", "0", "0", "16", "15", "13", "10", "14", "13", "18", "17", "15", "0", "0", "0", "0", "0", "0", "0", "0", "17", "7", "13", "10", "19", "16", "12", "15", "10", "0", "0", "0", "0", "0", "0", "0", "0", "6", "13", "11", "8", "11", "9", "15", "9", "14", "0", "0", "0", "0", "0", "0", "0", "0", "10", "14", "16", "12", "14", "11", "15", "13", "12", "0", "0", "0", "0", "0", "0", "0", "0", "9", "12", "6", "19", "12", "9", "14", "14", "13", "0", "0", "0", "0", "0", "0", "0", "0", "12", "12", "15", "13", "14", "13", "10", "11", "11", "0", "0", "0", "0", "0", "0", "0", "0", "12", "11", "14", "9", "13", "10", "13", "22", "9", "0", "0", "0", "0", "0", "0", "0", "0", "0", "0", "0", "0", "0", "0", "0", "0", "0", "0", "0", "0", "0", "0", "0", "0", "0", "0", "0", "0", "0", "0", "0", "0", "0", "0", "0", "0", "0", "0", "0", "0", "0", "0", "0", "0", "0", "0", "0", "0", "0", "0", "0", "0", "0", "0", "0", "0", "0", "0", "0", "0", "0", "0", "0", "0", "0", "0", "0", "0", "0", "0", "0", "0", "0", "0", "0", "0", "0", "0", "0", "0", "0", "0", "0", "0", "0", "0", "0", "0", "0", "0", "0", "0", "0", "0", "0", "0", "0", "0", "0", "0", "0", "0", "0", "0", "0", "0", "0", "0", "0", "0", "0", "0", "0", "0", "0", "0", "0", "0", "0", "0", "0", "0", "0", "0", "0", "0", "0", "0", "0", "0", "0", "0", "0", "0", "0", "0", "0", "0", "0", "0", "0", "0", "0", "0"]]}