{"state": {"resTurn": "46", "h": "10", "w": "9", "score": [["1", "0", "0", "1", "1", "1", "0", "0", "1"], ["1", "2", "-2", "1", "0", "1", "-2", "2", "1"], ["1", "1", "1", "0", "2", "0", "1", "1", "1"], ["2", "3", "3", "0", "-3", "0", "3", "3", "2"], ["0", "1", "1", "1", "4", "1", "1", "1", "0"], ["0", "1", "-2", "3", "-2", "3", "-2", "1", "0"], ["-3", "1", "1", "1", "0", "1", "1", "1", "-3"], ["2", "0", "2", "1", "0", "1", "2", "0", "2"], ["2", "2", "-2", "-2", "1", "-2", "-2", "2", "2"], ["3", "0", "0", "-3", "1", "-3", "0", "0", "3"]], "color": [["1", "1", "1", "0", "0", "0", "2", "2", "2"], ["0", "1", "1", "1", "1", "0", "2", "2", "2"], ["1", "1", "1", "1", "0", "0", "2", "2", "0"], ["1", "1", "0", "1", "2", "2", "2", "2", "0"], ["1", "0", "1", "0", "0", "2", "2", "2", "2"], ["1", "1", "0", "1", "0", "0", "2", "2", "0"], ["1", "0", "1", "1", "1", "0", "2", "0", "0"], ["0", "0", "1", "0", "0", "1", "0", "0", "0"], ["0", "0", "0", "0", "0", "1", "1", "1", "1"], ["0", "0", "0", "0", "0", "0", "0", "1", "1"]], "pos": [{"x": "8", "y": "9"}, {"x": "4", "y": "1"}, {"x": "7", "y": "1"}, {"x": "6", "y": "2"}]}, "q": "-0.0004455232345452239", "z": "1", "visitCount": [["14", "15", "45", "23", "20", "24", "25", "39", "30", "0", "0", "0", "0", "0", "0", "0", "0", "0", "0", "0", "0", "0", "0", "0", "0", "0", "0", "0", "0", "0", "0", "0", "0", "0", "0", "0", "0", "0", "0", "0", "0", "0", "0", "0", "0", "0", "0", "0", "0", "0", "0", "0", "0", "0", "0", "0", "0", "0", "0", "0", "0", "0", "0", "0", "0", "0", "0", "0", "25", "27", "48", "23", "21", "24", "15", "24", "38", "0", "0", "0", "0", "0", "0", "0", "0", "33", "24", "42", "22", "38", "29", "24", "23", "19", "0", "0", "0", "0", "0", "0", "0", "0", "22", "22", "32", "37", "30", "36", "39", "30", "18", "0", "0", "0", "0", "0", "0", "0", "0", "0", "0", "0", "0", "0", "0", "0", "0", "0", "0", "0", "0", "0", "0", "0", "0", "0", "0", "0", "0", "0", "0", "0", "0", "0", "0", "0", "0", "0", "0", "0", "0", "0", "0", "0", "0", "0", "0", "0", "0", "0", "0", "0", "0", "0", "0", "0", "0", "0", "0", "0", "0", "0", "0", "0", "0", "0", "0", "0", "0", "0", "0", "0", "0", "0", "0", "0", "0", "0", "0", "0", "0", "0", "0", "0", "0", "0", "0", "0", "0", "0", "0", "0", "0", "0", "0", "0", "0", "0", "0", "0", "0", "0", "0", "0", "0", "0", "0", "0", "0", "0", "0", "0", "0", "0", "0", "0", "0", "0", "0", "0", "0", "0", "0", "0", "0", "0", "0", "0", "0", "0", "0", "0", "0", "0", "0", "0", "0", "0", "0", "0", "0", "0", "0", "0", "0", "0", "0", "0", "0", "0", "0", "0", "0", "0", "0", "0", "0", "0", "0", "0", "0", "0", "0", "0", "0", "0", "0", "0", "0", "0", "0", "0", "0", "0", "0", "0", "0", "0", "0"], ["16", "12", "19", "9", "14", "14", "14", "15", "8", "0", "0", "0", "0", "0", "0", "0", "0", "13", "13", "12", "10", "14", "10", "14", "14", "11", "0", "0", "0", "0", "0", "0", "0", "0", "17", "15", "13", "10", "10", "10", "19", "13", "11", "0", "0", "0", "0", "0", "0", "0", "0", "10", "13", "11", "9", "16", "9", "10", "15", "12", "0", "0", "0", "0", "0", "0", "0", "0", "18", "14", "8", "19", "17", "9", "14", "7", "18", "0", "0", "0", "0", "0", "0", "0", "0", "13", "14", "7", "9", "13", "13", "12", "8", "8", "0", "0", "0", "0", "0", "0", "0", "0", "8", "9", "15", "14", "15", "18", "11", "9", "14", "0", "0", "0", "0", "0", "0", "0", "0", "15", "9", "11", "9", "13", "20", "11", "13", "19", "0", "0", "0", "0", "0", "0", "0", "0", "12", "6", "7", "10", "14", "10", "12", "11", "9", "0", "0", "0", "0", "0", "0", "0", "0", "0", "0", "0", "0", "0", "0", "0", "0", "0", "0", "0", "0", "0", "0", "0", "0", "0", "0", "0", "0", "0", "0", "0", "0", "0", "0", "0", "0", "0", "0", "0", "0", "0", "0", "0", "0", "0", "0", "0", "0", "0", "0", "0", "0", "0", "0", "0", "0", "0", "0", "0", "0", "0", "0", "0", "0", "0", "0", "0", "0", "0", "0", "0", "0", "0", "0", "0", "0", "0", "0", "0", "0", "0", "0", "0", "0", "0", "0", "0", "0", "0", "0", "0", "0", "0", "0", "0", "0", "0", "0", "0", "0", "0", "0", "0", "0", "0", "0", "0", "0", "0", "0", "0", "0", "0", "0", "0", "0", "0", "0", "0", "0", "0", "0", "0", "0", "0", "0", "0", "0", "0", "0", "0", "0", "0", "0", "0", "0", "0", "0", "0", "0", "0", "0", "0", "0"]]}