{"state": {"resTurn": "44", "h": "10", "w": "9", "score": [["1", "0", "0", "1", "1", "1", "0", "0", "1"], ["1", "2", "-2", "1", "0", "1", "-2", "2", "1"], ["1", "1", "1", "0", "2", "0", "1", "1", "1"], ["2", "3", "3", "0", "-3", "0", "3", "3", "2"], ["0", "1", "1", "1", "4", "1", "1", "1", "0"], ["0", "1", "-2", "3", "-2", "3", "-2", "1", "0"], ["-3", "1", "1", "1", "0", "1", "1", "1", "-3"], ["2", "0", "2", "1", "0", "1", "2", "0", "2"], ["2", "2", "-2", "-2", "1", "-2", "-2", "2", "2"], ["3", "0", "0", "-3", "1", "-3", "0", "0", "3"]], "color": [["1", "1", "1", "0", "0", "2", "2", "2", "2"], ["0", "1", "1", "1", "1", "2", "2", "2", "2"], ["1", "1", "1", "1", "1", "0", "2", "2", "0"], ["1", "1", "0", "1", "0", "2", "2", "2", "0"], ["1", "0", "1", "0", "0", "2", "2", "2", "2"], ["1", "1", "0", "1", "0", "0", "2", "2", "0"], ["1", "0", "1", "1", "1", "0", "2", "0", "0"], ["0", "0", "1", "0", "0", "1", "0", "0", "0"], ["0", "0", "0", "0", "0", "1", "1", "1", "1"], ["0", "0", "0", "0", "0", "0", "0", "1", "1"]], "pos": [{"x": "7", "y": "8"}, {"x": "4", "y": "2"}, {"x": "8", "y": "1"}, {"x": "5", "y": "0"}]}, "q": "-0.0005547462108583975", "z": "1", "visitCount": [["8", "0", "10", "11", "10", "13", "15", "0", "9", "18", "0", "0", "0", "0", "0", "10", "0", "9", "0", "9", "13", "16", "11", "7", "0", "10", "11", "0", "0", "0", "0", "0", "11", "0", "12", "0", "10", "13", "9", "11", "15", "0", "11", "10", "0", "0", "0", "0", "0", "15", "0", "8", "0", "16", "12", "15", "14", "17", "0", "12", "12", "0", "0", "0", "0", "0", "12", "0", "9", "0", "10", "15", "24", "13", "10", "0", "12", "13", "0", "0", "0", "0", "0", "16", "0", "16", "0", "16", "11", "19", "12", "13", "0", "11", "10", "0", "0", "0", "0", "0", "11", "0", "11", "0", "19", "11", "14", "12", "19", "0", "16", "12", "0", "0", "0", "0", "0", "9", "0", "8", "0", "9", "18", "11", "10", "10", "0", "10", "10", "0", "0", "0", "0", "0", "9", "0", "15", "0", "12", "7", "16", "17", "13", "0", "10", "16", "0", "0", "0", "0", "0", "11", "0", "0", "0", "0", "0", "0", "0", "0", "0", "0", "0", "0", "0", "0", "0", "0", "0", "0", "0", "0", "0", "0", "0", "0", "0", "0", "0", "0", "0", "0", "0", "0", "0", "0", "0", "0", "0", "0", "0", "0", "0", "0", "0", "0", "0", "0", "0", "0", "0", "0", "0", "0", "0", "0", "0", "0", "0", "0", "0", "0", "0", "0", "0", "0", "0", "0", "0", "0", "0", "0", "0", "0", "0", "0", "0", "0", "0", "0", "0", "0", "0", "0", "0", "0", "0", "0", "0", "0", "0", "0", "0", "0", "0", "0", "0", "0", "0", "0", "0", "0", "0", "0", "0", "0", "0", "0", "0", "0", "0", "0", "0", "0", "0", "0", "0", "0", "0", "0", "0", "0", "0", "0", "0", "0", "0", "0", "0", "0", "0", "0", "0", "0", "0", "0", "0", "0", "0"], ["28", "24", "21", "0", "37", "0", "0", "0", "43", "0", "0", "21", "0", "0", "0", "0", "0", "0", "0", "0", "0", "0", "0", "0", "0", "0", "0", "0", "0", "0", "0", "0", "0", "0", "23", "21", "26", "0", "17", "0", "0", "0", "23", "0", "0", "25", "0", "0", "0", "0", "0", "20", "24", "28", "0", "26", "0", "0", "0", "29", "0", "0", "23", "0", "0", "0", "0", "0", "33", "35", "36", "0", "33", "0", "0", "0", "13", "0", "0", "23", "0", "0", "0", "0", "0", "30", "35", "36", "0", "45", "0", "0", "0", "37", "0", "0", "20", "0", "0", "0", "0", "0", "26", "26", "29", "0", "21", "0", "0", "0", "29", "0", "0", "35", "0", "0", "0", "0", "0", "0", "0", "0", "0", "0", "0", "0", "0", "0", "0", "0", "0", "0", "0", "0", "0", "0", "0", "0", "0", "0", "0", "0", "0", "0", "0", "0", "0", "0", "0", "0", "0", "0", "0", "0", "0", "0", "0", "0", "0", "0", "0", "0", "0", "0", "0", "0", "0", "0", "0", "0", "0", "0", "0", "0", "0", "0", "0", "0", "0", "0", "0", "0", "0", "0", "0", "0", "0", "0", "0", "0", "0", "0", "0", "0", "0", "0", "0", "0", "0", "0", "0", "0", "0", "0", "0", "0", "0", "0", "0", "0", "0", "0", "0", "0", "0", "0", "0", "0", "0", "0", "0", "0", "0", "0", "0", "0", "0", "0", "0", "0", "0", "0", "0", "0", "0", "0", "0", "0", "0", "0", "0", "0", "0", "0", "0", "0", "0", "0", "0", "0", "0", "0", "0", "0", "0", "0", "0", "0", "0", "0", "0", "0", "0", "0", "0", "0", "0", "0", "0", "0", "0", "0", "0", "0", "0", "0", "0", "0", "0", "0", "0", "0", "0", "0", "0", "0", "0", "0", "0"]]}