{"state": {"resTurn": "43", "h": "10", "w": "9", "score": [["1", "0", "0", "1", "1", "1", "0", "0", "1"], ["1", "2", "-2", "1", "0", "1", "-2", "2", "1"], ["1", "1", "1", "0", "2", "0", "1", "1", "1"], ["2", "3", "3", "0", "-3", "0", "3", "3", "2"], ["0", "1", "1", "1", "4", "1", "1", "1", "0"], ["0", "1", "-2", "3", "-2", "3", "-2", "1", "0"], ["-3", "1", "1", "1", "0", "1", "1", "1", "-3"], ["2", "0", "2", "1", "0", "1", "2", "0", "2"], ["2", "2", "-2", "-2", "1", "-2", "-2", "2", "2"], ["3", "0", "0", "-3", "1", "-3", "0", "0", "3"]], "color": [["1", "1", "1", "0", "2", "2", "2", "2", "2"], ["0", "1", "1", "1", "1", "2", "2", "2", "2"], ["1", "1", "1", "1", "1", "0", "2", "2", "0"], ["1", "1", "0", "1", "0", "2", "2", "2", "0"], ["1", "0", "1", "0", "0", "2", "2", "2", "2"], ["1", "1", "0", "1", "0", "0", "2", "2", "0"], ["1", "0", "1", "1", "1", "0", "2", "0", "0"], ["0", "0", "1", "0", "0", "1", "0", "0", "0"], ["0", "0", "0", "0", "0", "1", "1", "1", "1"], ["0", "0", "0", "0", "0", "0", "0", "1", "1"]], "pos": [{"x": "6", "y": "8"}, {"x": "3", "y": "2"}, {"x": "7", "y": "0"}, {"x": "4", "y": "0"}]}, "q": "-0.000693316026001033", "z": "1", "visitCount": [["19", "11", "16", "13", "20", "16", "15", "21", "9", "0", "0", "0", "0", "0", "0", "0", "0", "7", "13", "16", "8", "12", "15", "9", "11", "9", "0", "0", "0", "0", "0", "0", "0", "0", "10", "20", "9", "9", "11", "15", "9", "23", "11", "0", "0", "0", "0", "0", "0", "0", "0", "11", "13", "14", "11", "11", "14", "11", "12", "11", "0", "0", "0", "0", "0", "0", "0", "0", "13", "18", "12", "14", "9", "14", "10", "12", "7", "0", "0", "0", "0", "0", "0", "0", "0", "12", "12", "10", "10", "9", "14", "21", "12", "12", "0", "0", "0", "0", "0", "0", "0", "0", "8", "10", "13", "10", "9", "11", "14", "7", "12", "0", "0", "0", "0", "0", "0", "0", "0", "12", "10", "8", "11", "13", "13", "15", "10", "11", "0", "0", "0", "0", "0", "0", "0", "0", "11", "12", "14", "18", "11", "9", "15", "11", "16", "0", "0", "0", "0", "0", "0", "0", "0", "0", "0", "0", "0", "0", "0", "0", "0", "0", "0", "0", "0", "0", "0", "0", "0", "0", "0", "0", "0", "0", "0", "0", "0", "0", "0", "0", "0", "0", "0", "0", "0", "0", "0", "0", "0", "0", "0", "0", "0", "0", "0", "0", "0", "0", "0", "0", "0", "0", "0", "0", "0", "0", "0", "0", "0", "0", "0", "0", "0", "0", "0", "0", "0", "0", "0", "0", "0", "0", "0", "0", "0", "0", "0", "0", "0", "0", "0", "0", "0", "0", "0", "0", "0", "0", "0", "0", "0", "0", "0", "0", "0", "0", "0", "0", "0", "0", "0", "0", "0", "0", "0", "0", "0", "0", "0", "0", "0", "0", "0", "0", "0", "0", "0", "0", "0", "0", "0", "0", "0", "0", "0", "0", "0", "0", "0", "0", "0", "0", "0", "0", "0", "0", "0", "0", "0"], ["27", "22", "0", "0", "21", "0", "0", "0", "15", "0", "31", "31", "0", "0", "0", "0", "0", "31", "40", "0", "0", "37", "0", "0", "0", "39", "0", "29", "19", "0", "0", "0", "0", "0", "15", "25", "0", "0", "29", "0", "0", "0", "29", "0", "35", "44", "0", "0", "0", "0", "0", "18", "30", "0", "0", "13", "0", "0", "0", "34", "0", "18", "37", "0", "0", "0", "0", "0", "38", "26", "0", "0", "29", "0", "0", "0", "41", "0", "19", "25", "0", "0", "0", "0", "0", "0", "0", "0", "0", "0", "0", "0", "0", "0", "0", "0", "0", "0", "0", "0", "0", "0", "0", "0", "0", "0", "0", "0", "0", "0", "0", "0", "0", "0", "0", "0", "0", "0", "0", "0", "0", "0", "0", "0", "0", "0", "0", "0", "0", "0", "0", "0", "0", "0", "0", "0", "26", "20", "0", "0", "36", "0", "0", "0", "22", "0", "24", "25", "0", "0", "0", "0", "0", "0", "0", "0", "0", "0", "0", "0", "0", "0", "0", "0", "0", "0", "0", "0", "0", "0", "0", "0", "0", "0", "0", "0", "0", "0", "0", "0", "0", "0", "0", "0", "0", "0", "0", "0", "0", "0", "0", "0", "0", "0", "0", "0", "0", "0", "0", "0", "0", "0", "0", "0", "0", "0", "0", "0", "0", "0", "0", "0", "0", "0", "0", "0", "0", "0", "0", "0", "0", "0", "0", "0", "0", "0", "0", "0", "0", "0", "0", "0", "0", "0", "0", "0", "0", "0", "0", "0", "0", "0", "0", "0", "0", "0", "0", "0", "0", "0", "0", "0", "0", "0", "0", "0", "0", "0", "0", "0", "0", "0", "0", "0", "0", "0", "0", "0", "0", "0", "0", "0", "0", "0", "0", "0", "0", "0", "0", "0", "0", "0", "0", "0", "0", "0", "0", "0", "0"]]}