{"state": {"resTurn": "42", "h": "10", "w": "9", "score": [["1", "0", "0", "1", "1", "1", "0", "0", "1"], ["1", "2", "-2", "1", "0", "1", "-2", "2", "1"], ["1", "1", "1", "0", "2", "0", "1", "1", "1"], ["2", "3", "3", "0", "-3", "0", "3", "3", "2"], ["0", "1", "1", "1", "4", "1", "1", "1", "0"], ["0", "1", "-2", "3", "-2", "3", "-2", "1", "0"], ["-3", "1", "1", "1", "0", "1", "1", "1", "-3"], ["2", "0", "2", "1", "0", "1", "2", "0", "2"], ["2", "2", "-2", "-2", "1", "-2", "-2", "2", "2"], ["3", "0", "0", "-3", "1", "-3", "0", "0", "3"]], "color": [["1", "1", "1", "0", "2", "2", "2", "2", "2"], ["0", "1", "1", "0", "1", "2", "2", "2", "2"], ["1", "1", "1", "1", "1", "0", "2", "2", "0"], ["1", "1", "0", "1", "0", "2", "2", "2", "0"], ["1", "0", "1", "0", "0", "2", "2", "2", "2"], ["1", "1", "0", "1", "0", "0", "2", "2", "0"], ["1", "0", "1", "1", "1", "0", "2", "0", "0"], ["0", "0", "1", "0", "0", "1", "0", "0", "0"], ["0", "0", "0", "0", "0", "1", "1", "1", "1"], ["0", "0", "0", "0", "0", "0", "1", "1", "1"]], "pos": [{"x": "6", "y": "9"}, {"x": "4", "y": "1"}, {"x": "7", "y": "1"}, {"x": "4", "y": "0"}]}, "q": "-0.0009592324534866489", "z": "1", "visitCount": [["17", "24", "32", "19", "20", "21", "0", "0", "0", "0", "0", "0", "0", "0", "18", "20", "23", "0", "0", "0", "0", "0", "0", "0", "0", "0", "0", "0", "0", "0", "0", "0", "0", "0", "0", "0", "0", "0", "0", "0", "0", "0", "0", "0", "0", "0", "0", "0", "0", "0", "0", "0", "0", "0", "0", "0", "0", "0", "0", "0", "0", "0", "0", "0", "0", "0", "0", "0", "16", "18", "13", "14", "19", "19", "0", "0", "0", "0", "0", "0", "0", "0", "9", "24", "12", "22", "21", "23", "19", "13", "15", "0", "0", "0", "0", "0", "0", "0", "0", "12", "29", "20", "33", "20", "24", "15", "17", "17", "0", "0", "0", "0", "0", "0", "0", "0", "21", "21", "15", "9", "19", "12", "15", "21", "13", "0", "0", "0", "0", "0", "0", "0", "0", "19", "35", "16", "21", "13", "11", "15", "14", "16", "0", "0", "0", "0", "0", "0", "0", "0", "15", "19", "22", "0", "0", "0", "0", "0", "0", "0", "0", "0", "0", "0", "0", "0", "0", "0", "0", "0", "0", "0", "0", "0", "0", "0", "0", "0", "0", "0", "0", "0", "0", "0", "0", "0", "0", "0", "0", "0", "0", "0", "0", "0", "0", "0", "0", "0", "0", "0", "0", "0", "0", "0", "0", "0", "0", "0", "0", "0", "0", "0", "0", "0", "0", "0", "0", "0", "0", "0", "0", "0", "0", "0", "0", "0", "0", "0", "0", "0", "0", "0", "0", "0", "0", "0", "0", "0", "0", "0", "0", "0", "0", "0", "0", "0", "0", "0", "0", "0", "0", "0", "0", "0", "0", "0", "0", "0", "0", "0", "0", "0", "0", "0", "0", "0", "0", "0", "0", "0", "0", "0", "0", "0", "0", "0", "0", "0", "0", "0", "0", "0", "0", "0", "0", "0", "0", "0", "0"], ["32", "10", "0", "12", "28", "0", "0", "0", "20", "0", "15", "0", "0", "0", "0", "0", "0", "20", "22", "0", "30", "18", "0", "0", "0", "23", "0", "22", "0", "0", "0", "0", "0", "0", "11", "19", "0", "16", "23", "0", "0", "0", "16", "0", "23", "0", "0", "0", "0", "0", "0", "19", "25", "0", "14", "21", "0", "0", "0", "18", "0", "10", "0", "0", "0", "0", "0", "0", "17", "21", "0", "22", "23", "0", "0", "0", "12", "0", "18", "0", "0", "0", "0", "0", "0", "15", "18", "0", "21", "15", "0", "0", "0", "16", "0", "20", "0", "0", "0", "0", "0", "0", "10", "24", "0", "16", "17", "0", "0", "0", "23", "0", "16", "0", "0", "0", "0", "0", "0", "20", "11", "0", "20", "18", "0", "0", "0", "17", "0", "13", "0", "0", "0", "0", "0", "0", "17", "16", "0", "19", "21", "0", "0", "0", "26", "0", "11", "0", "0", "0", "0", "0", "0", "0", "0", "0", "0", "0", "0", "0", "0", "0", "0", "0", "0", "0", "0", "0", "0", "0", "0", "0", "0", "0", "0", "0", "0", "0", "0", "0", "0", "0", "0", "0", "0", "0", "0", "0", "0", "0", "0", "0", "0", "0", "0", "0", "0", "0", "0", "0", "0", "0", "0", "0", "0", "0", "0", "0", "0", "0", "0", "0", "0", "0", "0", "0", "0", "0", "0", "0", "0", "0", "0", "0", "0", "0", "0", "0", "0", "0", "0", "0", "0", "0", "0", "0", "0", "0", "0", "0", "0", "0", "0", "0", "0", "0", "0", "0", "0", "0", "0", "0", "0", "0", "0", "0", "0", "0", "0", "0", "0", "0", "0", "0", "0", "0", "0", "0", "0", "0", "0", "0", "0", "0", "0", "0", "0", "0", "0", "0", "0", "0", "0", "0", "0", "0", "0", "0", "0"]]}