{"state": {"resTurn": "41", "h": "10", "w": "9", "score": [["1", "0", "0", "1", "1", "1", "0", "0", "1"], ["1", "2", "-2", "1", "0", "1", "-2", "2", "1"], ["1", "1", "1", "0", "2", "0", "1", "1", "1"], ["2", "3", "3", "0", "-3", "0", "3", "3", "2"], ["0", "1", "1", "1", "4", "1", "1", "1", "0"], ["0", "1", "-2", "3", "-2", "3", "-2", "1", "0"], ["-3", "1", "1", "1", "0", "1", "1", "1", "-3"], ["2", "0", "2", "1", "0", "1", "2", "0", "2"], ["2", "2", "-2", "-2", "1", "-2", "-2", "2", "2"], ["3", "0", "0", "-3", "1", "-3", "0", "0", "3"]], "color": [["1", "1", "1", "0", "2", "0", "2", "2", "2"], ["0", "1", "1", "0", "1", "2", "2", "2", "2"], ["1", "1", "1", "1", "1", "0", "2", "2", "0"], ["1", "1", "0", "1", "0", "2", "2", "2", "0"], ["1", "0", "1", "0", "0", "2", "2", "2", "2"], ["1", "1", "0", "1", "0", "0", "2", "2", "0"], ["1", "0", "1", "1", "1", "0", "2", "0", "0"], ["0", "0", "1", "0", "0", "1", "0", "0", "0"], ["0", "0", "0", "0", "0", "1", "1", "1", "1"], ["0", "0", "0", "0", "0", "0", "1", "1", "1"]], "pos": [{"x": "7", "y": "8"}, {"x": "4", "y": "1"}, {"x": "7", "y": "1"}, {"x": "4", "y": "0"}]}, "q": "-0.0005282183502836222", "z": "1", "visitCount": [["17", "12", "16", "20", "12", "17", "0", "13", "0", "0", "0", "0", "0", "0", "12", "0", "14", "10", "14", "13", "11", "10", "11", "0", "18", "0", "0", "0", "0", "0", "0", "17", "0", "12", "8", "9", "20", "15", "17", "7", "0", "13", "0", "0", "0", "0", "0", "0", "14", "0", "19", "13", "10", "7", "16", "12", "14", "0", "16", "0", "0", "0", "0", "0", "0", "10", "0", "10", "11", "14", "12", "10", "15", "10", "0", "14", "0", "0", "0", "0", "0", "0", "12", "0", "17", "11", "10", "20", "10", "12", "11", "0", "11", "0", "0", "0", "0", "0", "0", "14", "0", "10", "15", "9", "9", "13", "9", "7", "0", "9", "0", "0", "0", "0", "0", "0", "9", "0", "13", "9", "8", "7", "8", "14", "14", "0", "18", "0", "0", "0", "0", "0", "0", "10", "0", "8", "9", "12", "15", "14", "8", "15", "0", "14", "0", "0", "0", "0", "0", "0", "12", "0", "10", "0", "0", "0", "0", "0", "0", "0", "0", "0", "0", "0", "0", "0", "0", "0", "0", "0", "0", "0", "0", "0", "0", "0", "0", "0", "0", "0", "0", "0", "0", "0", "0", "0", "0", "0", "0", "0", "0", "0", "0", "0", "0", "0", "0", "0", "0", "0", "0", "0", "0", "0", "0", "0", "0", "0", "0", "0", "0", "0", "0", "0", "0", "0", "0", "0", "0", "0", "0", "0", "0", "0", "0", "0", "0", "0", "0", "0", "0", "0", "0", "0", "0", "0", "0", "0", "0", "0", "0", "0", "0", "0", "0", "0", "0", "0", "0", "0", "0", "0", "0", "0", "0", "0", "0", "0", "0", "0", "0", "0", "0", "0", "0", "0", "0", "0", "0", "0", "0", "0", "0", "0", "0", "0", "0", "0", "0", "0", "0", "0", "0", "0", "0", "0", "0", "0", "0"], ["20", "18", "0", "27", "18", "0", "0", "0", "19", "0", "23", "0", "0", "0", "0", "0", "0", "9", "21", "0", "24", "12", "0", "0", "0", "18", "0", "18", "0", "0", "0", "0", "0", "0", "10", "14", "0", "14", "23", "0", "0", "0", "15", "0", "18", "0", "0", "0", "0", "0", "0", "22", "14", "0", "17", "13", "0", "0", "0", "19", "0", "28", "0", "0", "0", "0", "0", "0", "18", "25", "0", "13", "11", "0", "0", "0", "37", "0", "29", "0", "0", "0", "0", "0", "0", "23", "21", "0", "17", "9", "0", "0", "0", "22", "0", "14", "0", "0", "0", "0", "0", "0", "21", "24", "0", "14", "16", "0", "0", "0", "26", "0", "23", "0", "0", "0", "0", "0", "0", "17", "15", "0", "31", "14", "0", "0", "0", "16", "0", "18", "0", "0", "0", "0", "0", "0", "16", "14", "0", "19", "17", "0", "0", "0", "10", "0", "17", "0", "0", "0", "0", "0", "0", "0", "0", "0", "0", "0", "0", "0", "0", "0", "0", "0", "0", "0", "0", "0", "0", "0", "0", "0", "0", "0", "0", "0", "0", "0", "0", "0", "0", "0", "0", "0", "0", "0", "0", "0", "0", "0", "0", "0", "0", "0", "0", "0", "0", "0", "0", "0", "0", "0", "0", "0", "0", "0", "0", "0", "0", "0", "0", "0", "0", "0", "0", "0", "0", "0", "0", "0", "0", "0", "0", "0", "0", "0", "0", "0", "0", "0", "0", "0", "0", "0", "0", "0", "0", "0", "0", "0", "0", "0", "0", "0", "0", "0", "0", "0", "0", "0", "0", "0", "0", "0", "0", "0", "0", "0", "0", "0", "0", "0", "0", "0", "0", "0", "0", "0", "0", "0", "0", "0", "0", "0", "0", "0", "0", "0", "0", "0", "0", "0", "0", "0", "0", "0", "0", "0", "0"]]}