{"state": {"resTurn": "85", "h": "10", "w": "9", "score": [["1", "0", "0", "1", "1", "1", "0", "0", "1"], ["1", "2", "-2", "1", "0", "1", "-2", "2", "1"], ["1", "1", "1", "0", "2", "0", "1", "1", "1"], ["2", "3", "3", "0", "-3", "0", "3", "3", "2"], ["0", "1", "1", "1", "4", "1", "1", "1", "0"], ["0", "1", "-2", "3", "-2", "3", "-2", "1", "0"], ["-3", "1", "1", "1", "0", "1", "1", "1", "-3"], ["2", "0", "2", "1", "0", "1", "2", "0", "2"], ["2", "2", "-2", "-2", "1", "-2", "-2", "2", "2"], ["3", "0", "0", "-3", "1", "-3", "0", "0", "3"]], "color": [["1", "1", "0", "0", "0", "0", "0", "2", "2"], ["0", "0", "1", "1", "0", "0", "0", "2", "0"], ["1", "1", "1", "0", "0", "0", "0", "0", "0"], ["0", "1", "0", "1", "0", "2", "2", "2", "0"], ["0", "0", "0", "0", "0", "0", "0", "2", "2"], ["0", "0", "0", "0", "0", "0", "0", "2", "0"], ["0", "0", "0", "0", "0", "0", "0", "0", "0"], ["0", "0", "0", "0", "0", "0", "0", "0", "0"], ["0", "0", "0", "0", "0", "0", "0", "0", "0"], ["0", "0", "0", "0", "0", "0", "0", "0", "0"]], "pos": [{"x": "1", "y": "3"}, {"x": "3", "y": "1"}, {"x": "8", "y": "4"}, {"x": "8", "y": "0"}]}, "q": "0.001073764494000906", "z": "1", "visitCount": [["16", "14", "13", "11", "15", "17", "15", "13", "14", "0", "0", "0", "0", "0", "0", "0", "0", "10", "12", "12", "11", "12", "10", "12", "19", "14", "0", "0", "0", "0", "0", "0", "0", "0", "15", "10", "14", "14", "14", "10", "11", "14", "13", "0", "0", "0", "0", "0", "0", "0", "0", "10", "14", "8", "14", "10", "14", "19", "9", "9", "0", "0", "0", "0", "0", "0", "0", "0", "15", "12", "11", "15", "16", "8", "11", "11", "20", "0", "0", "0", "0", "0", "0", "0", "0", "11", "10", "11", "12", "16", "10", "8", "12", "15", "0", "0", "0", "0", "0", "0", "0", "0", "10", "11", "9", "11", "12", "16", "8", "14", "12", "0", "0", "0", "0", "0", "0", "0", "0", "11", "12", "10", "9", "13", "18", "12", "9", "17", "0", "0", "0", "0", "0", "0", "0", "0", "13", "13", "12", "11", "8", "15", "10", "10", "8", "0", "0", "0", "0", "0", "0", "0", "0", "0", "0", "0", "0", "0", "0", "0", "0", "0", "0", "0", "0", "0", "0", "0", "0", "0", "0", "0", "0", "0", "0", "0", "0", "0", "0", "0", "0", "0", "0", "0", "0", "0", "0", "0", "0", "0", "0", "0", "0", "0", "0", "0", "0", "0", "0", "0", "0", "0", "0", "0", "0", "0", "0", "0", "0", "0", "0", "0", "0", "0", "0", "0", "0", "0", "0", "0", "0", "0", "0", "0", "0", "0", "0", "0", "0", "0", "0", "0", "0", "0", "0", "0", "0", "0", "0", "0", "0", "0", "0", "0", "0", "0", "0", "0", "0", "0", "0", "0", "0", "0", "0", "0", "0", "0", "0", "0", "0", "0", "0", "0", "0", "0", "0", "0", "0", "0", "0", "0", "0", "0", "0", "0", "0", "0", "0", "0", "0", "0", "0", "0", "0", "0", "0", "0", "0"], ["24", "0", "37", "43", "40", "0", "0", "0", "0", "0", "0", "0", "0", "0", "0", "0", "0", "0", "0", "0", "0", "0", "0", "0", "0", "0", "0", "0", "0", "0", "0", "0", "0", "0", "34", "0", "40", "31", "35", "0", "0", "0", "0", "0", "0", "0", "0", "0", "0", "0", "0", "38", "0", "48", "52", "52", "0", "0", "0", "0", "0", "0", "0", "0", "0", "0", "0", "0", "51", "0", "67", "24", "53", "0", "0", "0", "0", "0", "0", "0", "0", "0", "0", "0", "0", "29", "0", "81", "50", "34", "0", "0", "0", "0", "0", "0", "0", "0", "0", "0", "0", "0", "31", "0", "41", "36", "29", "0", "0", "0", "0", "0", "0", "0", "0", "0", "0", "0", "0", "0", "0", "0", "0", "0", "0", "0", "0", "0", "0", "0", "0", "0", "0", "0", "0", "0", "0", "0", "0", "0", "0", "0", "0", "0", "0", "0", "0", "0", "0", "0", "0", "0", "0", "0", "0", "0", "0", "0", "0", "0", "0", "0", "0", "0", "0", "0", "0", "0", "0", "0", "0", "0", "0", "0", "0", "0", "0", "0", "0", "0", "0", "0", "0", "0", "0", "0", "0", "0", "0", "0", "0", "0", "0", "0", "0", "0", "0", "0", "0", "0", "0", "0", "0", "0", "0", "0", "0", "0", "0", "0", "0", "0", "0", "0", "0", "0", "0", "0", "0", "0", "0", "0", "0", "0", "0", "0", "0", "0", "0", "0", "0", "0", "0", "0", "0", "0", "0", "0", "0", "0", "0", "0", "0", "0", "0", "0", "0", "0", "0", "0", "0", "0", "0", "0", "0", "0", "0", "0", "0", "0", "0", "0", "0", "0", "0", "0", "0", "0", "0", "0", "0", "0", "0", "0", "0", "0", "0", "0", "0", "0", "0", "0", "0", "0", "0", "0", "0", "0", "0"]]}