{"state": {"resTurn": "40", "h": "10", "w": "9", "score": [["1", "0", "0", "1", "1", "1", "0", "0", "1"], ["1", "2", "-2", "1", "0", "1", "-2", "2", "1"], ["1", "1", "1", "0", "2", "0", "1", "1", "1"], ["2", "3", "3", "0", "-3", "0", "3", "3", "2"], ["0", "1", "1", "1", "4", "1", "1", "1", "0"], ["0", "1", "-2", "3", "-2", "3", "-2", "1", "0"], ["-3", "1", "1", "1", "0", "1", "1", "1", "-3"], ["2", "0", "2", "1", "0", "1", "2", "0", "2"], ["2", "2", "-2", "-2", "1", "-2", "-2", "2", "2"], ["3", "0", "0", "-3", "1", "-3", "0", "0", "3"]], "color": [["1", "1", "1", "0", "2", "2", "2", "2", "2"], ["0", "1", "1", "0", "1", "2", "2", "2", "2"], ["1", "1", "1", "1", "1", "0", "2", "2", "0"], ["1", "1", "0", "1", "0", "2", "2", "2", "0"], ["1", "0", "1", "0", "0", "2", "2", "2", "2"], ["1", "1", "0", "1", "0", "0", "2", "2", "0"], ["1", "0", "1", "1", "1", "0", "2", "0", "0"], ["0", "0", "1", "0", "0", "1", "0", "0", "0"], ["0", "0", "0", "0", "0", "1", "1", "1", "1"], ["0", "0", "0", "0", "0", "0", "1", "1", "1"]], "pos": [{"x": "7", "y": "8"}, {"x": "3", "y": "2"}, {"x": "6", "y": "1"}, {"x": "5", "y": "0"}]}, "q": "-0.0005170434893725325", "z": "1", "visitCount": [["9", "12", "10", "14", "12", "10", "15", "11", "12", "0", "0", "0", "0", "0", "0", "0", "0", "19", "12", "9", "10", "14", "10", "11", "20", "14", "0", "0", "0", "0", "0", "0", "0", "0", "11", "10", "12", "11", "13", "16", "8", "12", "9", "0", "0", "0", "0", "0", "0", "0", "0", "14", "7", "10", "13", "16", "18", "15", "13", "12", "0", "0", "0", "0", "0", "0", "0", "0", "11", "14", "9", "16", "10", "11", "11", "18", "12", "0", "0", "0", "0", "0", "0", "0", "0", "11", "10", "14", "16", "11", "8", "14", "19", "10", "0", "0", "0", "0", "0", "0", "0", "0", "8", "20", "16", "14", "11", "17", "10", "13", "14", "0", "0", "0", "0", "0", "0", "0", "0", "15", "12", "10", "9", "8", "10", "14", "11", "9", "0", "0", "0", "0", "0", "0", "0", "0", "10", "9", "10", "10", "11", "17", "16", "14", "13", "0", "0", "0", "0", "0", "0", "0", "0", "0", "0", "0", "0", "0", "0", "0", "0", "0", "0", "0", "0", "0", "0", "0", "0", "0", "0", "0", "0", "0", "0", "0", "0", "0", "0", "0", "0", "0", "0", "0", "0", "0", "0", "0", "0", "0", "0", "0", "0", "0", "0", "0", "0", "0", "0", "0", "0", "0", "0", "0", "0", "0", "0", "0", "0", "0", "0", "0", "0", "0", "0", "0", "0", "0", "0", "0", "0", "0", "0", "0", "0", "0", "0", "0", "0", "0", "0", "0", "0", "0", "0", "0", "0", "0", "0", "0", "0", "0", "0", "0", "0", "0", "0", "0", "0", "0", "0", "0", "0", "0", "0", "0", "0", "0", "0", "0", "0", "0", "0", "0", "0", "0", "0", "0", "0", "0", "0", "0", "0", "0", "0", "0", "0", "0", "0", "0", "0", "0", "0", "0", "0", "0", "0", "0", "0"], ["23", "21", "18", "0", "13", "0", "0", "0", "14", "0", "0", "17", "0", "0", "0", "0", "0", "19", "17", "14", "0", "13", "0", "0", "0", "21", "0", "0", "14", "0", "0", "0", "0", "0", "15", "20", "20", "0", "19", "0", "0", "0", "7", "0", "0", "22", "0", "0", "0", "0", "0", "18", "23", "23", "0", "19", "0", "0", "0", "17", "0", "0", "13", "0", "0", "0", "0", "0", "14", "10", "28", "0", "28", "0", "0", "0", "18", "0", "0", "9", "0", "0", "0", "0", "0", "34", "18", "19", "0", "29", "0", "0", "0", "19", "0", "0", "13", "0", "0", "0", "0", "0", "12", "15", "12", "0", "15", "0", "0", "0", "22", "0", "0", "20", "0", "0", "0", "0", "0", "22", "17", "19", "0", "29", "0", "0", "0", "17", "0", "0", "9", "0", "0", "0", "0", "0", "25", "26", "12", "0", "25", "0", "0", "0", "24", "0", "0", "20", "0", "0", "0", "0", "0", "0", "0", "0", "0", "0", "0", "0", "0", "0", "0", "0", "0", "0", "0", "0", "0", "0", "0", "0", "0", "0", "0", "0", "0", "0", "0", "0", "0", "0", "0", "0", "0", "0", "0", "0", "0", "0", "0", "0", "0", "0", "0", "0", "0", "0", "0", "0", "0", "0", "0", "0", "0", "0", "0", "0", "0", "0", "0", "0", "0", "0", "0", "0", "0", "0", "0", "0", "0", "0", "0", "0", "0", "0", "0", "0", "0", "0", "0", "0", "0", "0", "0", "0", "0", "0", "0", "0", "0", "0", "0", "0", "0", "0", "0", "0", "0", "0", "0", "0", "0", "0", "0", "0", "0", "0", "0", "0", "0", "0", "0", "0", "0", "0", "0", "0", "0", "0", "0", "0", "0", "0", "0", "0", "0", "0", "0", "0", "0", "0", "0", "0", "0", "0", "0", "0", "0"]]}