{"state": {"resTurn": "39", "h": "10", "w": "9", "score": [["1", "0", "0", "1", "1", "1", "0", "0", "1"], ["1", "2", "-2", "1", "0", "1", "-2", "2", "1"], ["1", "1", "1", "0", "2", "0", "1", "1", "1"], ["2", "3", "3", "0", "-3", "0", "3", "3", "2"], ["0", "1", "1", "1", "4", "1", "1", "1", "0"], ["0", "1", "-2", "3", "-2", "3", "-2", "1", "0"], ["-3", "1", "1", "1", "0", "1", "1", "1", "-3"], ["2", "0", "2", "1", "0", "1", "2", "0", "2"], ["2", "2", "-2", "-2", "1", "-2", "-2", "2", "2"], ["3", "0", "0", "-3", "1", "-3", "0", "0", "3"]], "color": [["1", "1", "1", "0", "2", "2", "2", "2", "2"], ["0", "1", "1", "0", "1", "2", "2", "2", "2"], ["1", "1", "1", "1", "1", "0", "2", "2", "0"], ["1", "1", "0", "1", "0", "2", "2", "2", "0"], ["1", "0", "1", "0", "0", "2", "2", "2", "2"], ["1", "1", "0", "1", "0", "0", "2", "2", "0"], ["1", "0", "1", "1", "1", "0", "2", "0", "0"], ["0", "0", "1", "0", "0", "1", "0", "0", "0"], ["0", "0", "0", "0", "0", "1", "1", "1", "1"], ["0", "0", "0", "0", "0", "0", "1", "1", "1"]], "pos": [{"x": "8", "y": "9"}, {"x": "4", "y": "1"}, {"x": "6", "y": "1"}, {"x": "5", "y": "0"}]}, "q": "-0.0004748977354425891", "z": "1", "visitCount": [["23", "34", "29", "30", "17", "27", "0", "0", "0", "0", "0", "0", "0", "0", "21", "39", "41", "0", "0", "0", "0", "0", "0", "0", "0", "0", "0", "0", "0", "0", "0", "0", "0", "0", "0", "0", "0", "0", "0", "0", "0", "0", "0", "0", "0", "0", "0", "0", "0", "0", "0", "0", "0", "0", "0", "0", "0", "0", "0", "0", "0", "0", "0", "0", "0", "0", "0", "0", "45", "16", "22", "25", "44", "26", "0", "0", "0", "0", "0", "0", "0", "0", "20", "28", "13", "33", "29", "21", "20", "44", "25", "0", "0", "0", "0", "0", "0", "0", "0", "54", "28", "19", "25", "13", "27", "19", "34", "25", "0", "0", "0", "0", "0", "0", "0", "0", "25", "22", "37", "0", "0", "0", "0", "0", "0", "0", "0", "0", "0", "0", "0", "0", "0", "0", "0", "0", "0", "0", "0", "0", "0", "0", "0", "0", "0", "0", "0", "0", "0", "0", "0", "0", "0", "0", "0", "0", "0", "0", "0", "0", "0", "0", "0", "0", "0", "0", "0", "0", "0", "0", "0", "0", "0", "0", "0", "0", "0", "0", "0", "0", "0", "0", "0", "0", "0", "0", "0", "0", "0", "0", "0", "0", "0", "0", "0", "0", "0", "0", "0", "0", "0", "0", "0", "0", "0", "0", "0", "0", "0", "0", "0", "0", "0", "0", "0", "0", "0", "0", "0", "0", "0", "0", "0", "0", "0", "0", "0", "0", "0", "0", "0", "0", "0", "0", "0", "0", "0", "0", "0", "0", "0", "0", "0", "0", "0", "0", "0", "0", "0", "0", "0", "0", "0", "0", "0", "0", "0", "0", "0", "0", "0", "0", "0", "0", "0", "0", "0", "0", "0", "0", "0", "0", "0", "0", "0", "0", "0", "0", "0", "0", "0", "0", "0", "0", "0", "0", "0", "0", "0"], ["20", "23", "20", "0", "21", "0", "0", "0", "15", "0", "0", "17", "0", "0", "0", "0", "0", "19", "19", "24", "0", "20", "0", "0", "0", "13", "0", "0", "21", "0", "0", "0", "0", "0", "18", "23", "16", "0", "14", "0", "0", "0", "26", "0", "0", "34", "0", "0", "0", "0", "0", "13", "22", "24", "0", "21", "0", "0", "0", "17", "0", "0", "18", "0", "0", "0", "0", "0", "16", "24", "16", "0", "30", "0", "0", "0", "15", "0", "0", "18", "0", "0", "0", "0", "0", "18", "9", "22", "0", "15", "0", "0", "0", "12", "0", "0", "14", "0", "0", "0", "0", "0", "16", "30", "22", "0", "15", "0", "0", "0", "23", "0", "0", "25", "0", "0", "0", "0", "0", "12", "19", "13", "0", "11", "0", "0", "0", "10", "0", "0", "16", "0", "0", "0", "0", "0", "24", "16", "14", "0", "12", "0", "0", "0", "16", "0", "0", "19", "0", "0", "0", "0", "0", "0", "0", "0", "0", "0", "0", "0", "0", "0", "0", "0", "0", "0", "0", "0", "0", "0", "0", "0", "0", "0", "0", "0", "0", "0", "0", "0", "0", "0", "0", "0", "0", "0", "0", "0", "0", "0", "0", "0", "0", "0", "0", "0", "0", "0", "0", "0", "0", "0", "0", "0", "0", "0", "0", "0", "0", "0", "0", "0", "0", "0", "0", "0", "0", "0", "0", "0", "0", "0", "0", "0", "0", "0", "0", "0", "0", "0", "0", "0", "0", "0", "0", "0", "0", "0", "0", "0", "0", "0", "0", "0", "0", "0", "0", "0", "0", "0", "0", "0", "0", "0", "0", "0", "0", "0", "0", "0", "0", "0", "0", "0", "0", "0", "0", "0", "0", "0", "0", "0", "0", "0", "0", "0", "0", "0", "0", "0", "0", "0", "0", "0", "0", "0", "0", "0", "0"]]}