{"state": {"resTurn": "38", "h": "10", "w": "9", "score": [["1", "0", "0", "1", "1", "1", "0", "0", "1"], ["1", "2", "-2", "1", "0", "1", "-2", "2", "1"], ["1", "1", "1", "0", "2", "0", "1", "1", "1"], ["2", "3", "3", "0", "-3", "0", "3", "3", "2"], ["0", "1", "1", "1", "4", "1", "1", "1", "0"], ["0", "1", "-2", "3", "-2", "3", "-2", "1", "0"], ["-3", "1", "1", "1", "0", "1", "1", "1", "-3"], ["2", "0", "2", "1", "0", "1", "2", "0", "2"], ["2", "2", "-2", "-2", "1", "-2", "-2", "2", "2"], ["3", "0", "0", "-3", "1", "-3", "0", "0", "3"]], "color": [["1", "1", "1", "0", "0", "2", "2", "2", "2"], ["0", "1", "1", "0", "1", "2", "2", "2", "2"], ["1", "1", "1", "1", "1", "0", "2", "2", "0"], ["1", "1", "0", "1", "0", "2", "2", "2", "0"], ["1", "0", "1", "0", "0", "2", "2", "2", "2"], ["1", "1", "0", "1", "0", "0", "2", "2", "0"], ["1", "0", "1", "1", "1", "0", "2", "0", "0"], ["0", "0", "1", "0", "0", "1", "0", "0", "0"], ["0", "0", "0", "0", "0", "1", "1", "1", "1"], ["0", "0", "0", "0", "0", "0", "1", "1", "1"]], "pos": [{"x": "7", "y": "8"}, {"x": "4", "y": "1"}, {"x": "6", "y": "2"}, {"x": "5", "y": "0"}]}, "q": "-0.0002232892902873317", "z": "1", "visitCount": [["10", "18", "11", "12", "11", "7", "12", "0", "0", "0", "0", "0", "0", "0", "0", "10", "13", "13", "21", "10", "8", "11", "17", "10", "0", "0", "0", "0", "0", "0", "0", "0", "13", "19", "18", "12", "10", "12", "11", "9", "8", "0", "0", "0", "0", "0", "0", "0", "0", "9", "12", "8", "13", "10", "12", "9", "10", "14", "0", "0", "0", "0", "0", "0", "0", "0", "15", "11", "14", "10", "10", "9", "18", "16", "11", "0", "0", "0", "0", "0", "0", "0", "0", "9", "17", "15", "15", "16", "17", "22", "12", "18", "0", "0", "0", "0", "0", "0", "0", "0", "12", "15", "14", "15", "12", "11", "9", "12", "12", "0", "0", "0", "0", "0", "0", "0", "0", "10", "15", "11", "13", "10", "13", "11", "14", "19", "0", "0", "0", "0", "0", "0", "0", "0", "10", "13", "10", "13", "14", "8", "9", "11", "8", "0", "0", "0", "0", "0", "0", "0", "0", "11", "8", "0", "0", "0", "0", "0", "0", "0", "0", "0", "0", "0", "0", "0", "0", "0", "0", "0", "0", "0", "0", "0", "0", "0", "0", "0", "0", "0", "0", "0", "0", "0", "0", "0", "0", "0", "0", "0", "0", "0", "0", "0", "0", "0", "0", "0", "0", "0", "0", "0", "0", "0", "0", "0", "0", "0", "0", "0", "0", "0", "0", "0", "0", "0", "0", "0", "0", "0", "0", "0", "0", "0", "0", "0", "0", "0", "0", "0", "0", "0", "0", "0", "0", "0", "0", "0", "0", "0", "0", "0", "0", "0", "0", "0", "0", "0", "0", "0", "0", "0", "0", "0", "0", "0", "0", "0", "0", "0", "0", "0", "0", "0", "0", "0", "0", "0", "0", "0", "0", "0", "0", "0", "0", "0", "0", "0", "0", "0", "0", "0", "0", "0", "0", "0", "0", "0", "0"], ["20", "12", "24", "0", "13", "0", "0", "0", "15", "0", "0", "21", "0", "0", "0", "0", "0", "19", "22", "27", "0", "19", "0", "0", "0", "16", "0", "0", "17", "0", "0", "0", "0", "0", "27", "21", "24", "0", "12", "0", "0", "0", "18", "0", "0", "18", "0", "0", "0", "0", "0", "15", "15", "16", "0", "22", "0", "0", "0", "21", "0", "0", "30", "0", "0", "0", "0", "0", "24", "15", "17", "0", "16", "0", "0", "0", "18", "0", "0", "15", "0", "0", "0", "0", "0", "17", "20", "21", "0", "21", "0", "0", "0", "9", "0", "0", "21", "0", "0", "0", "0", "0", "17", "24", "25", "0", "20", "0", "0", "0", "18", "0", "0", "20", "0", "0", "0", "0", "0", "15", "10", "21", "0", "17", "0", "0", "0", "24", "0", "0", "16", "0", "0", "0", "0", "0", "13", "13", "11", "0", "25", "0", "0", "0", "18", "0", "0", "16", "0", "0", "0", "0", "0", "0", "0", "0", "0", "0", "0", "0", "0", "0", "0", "0", "0", "0", "0", "0", "0", "0", "0", "0", "0", "0", "0", "0", "0", "0", "0", "0", "0", "0", "0", "0", "0", "0", "0", "0", "0", "0", "0", "0", "0", "0", "0", "0", "0", "0", "0", "0", "0", "0", "0", "0", "0", "0", "0", "0", "0", "0", "0", "0", "0", "0", "0", "0", "0", "0", "0", "0", "0", "0", "0", "0", "0", "0", "0", "0", "0", "0", "0", "0", "0", "0", "0", "0", "0", "0", "0", "0", "0", "0", "0", "0", "0", "0", "0", "0", "0", "0", "0", "0", "0", "0", "0", "0", "0", "0", "0", "0", "0", "0", "0", "0", "0", "0", "0", "0", "0", "0", "0", "0", "0", "0", "0", "0", "0", "0", "0", "0", "0", "0", "0", "0", "0", "0", "0", "0", "0"]]}