{"state": {"resTurn": "37", "h": "10", "w": "9", "score": [["1", "0", "0", "1", "1", "1", "0", "0", "1"], ["1", "2", "-2", "1", "0", "1", "-2", "2", "1"], ["1", "1", "1", "0", "2", "0", "1", "1", "1"], ["2", "3", "3", "0", "-3", "0", "3", "3", "2"], ["0", "1", "1", "1", "4", "1", "1", "1", "0"], ["0", "1", "-2", "3", "-2", "3", "-2", "1", "0"], ["-3", "1", "1", "1", "0", "1", "1", "1", "-3"], ["2", "0", "2", "1", "0", "1", "2", "0", "2"], ["2", "2", "-2", "-2", "1", "-2", "-2", "2", "2"], ["3", "0", "0", "-3", "1", "-3", "0", "0", "3"]], "color": [["1", "1", "1", "0", "0", "2", "2", "2", "2"], ["0", "1", "1", "1", "0", "2", "2", "2", "2"], ["1", "1", "1", "1", "1", "0", "2", "2", "0"], ["1", "1", "0", "1", "0", "2", "2", "2", "0"], ["1", "0", "1", "0", "0", "2", "2", "2", "2"], ["1", "1", "0", "1", "0", "0", "2", "2", "0"], ["1", "0", "1", "1", "1", "0", "2", "0", "0"], ["0", "0", "1", "0", "0", "1", "1", "0", "0"], ["0", "0", "0", "0", "0", "1", "1", "1", "1"], ["0", "0", "0", "0", "0", "0", "1", "1", "1"]], "pos": [{"x": "6", "y": "7"}, {"x": "3", "y": "1"}, {"x": "5", "y": "3"}, {"x": "5", "y": "0"}]}, "q": "-0.0003997764360476294", "z": "1", "visitCount": [["17", "13", "11", "14", "18", "10", "11", "11", "10", "0", "0", "0", "0", "0", "0", "0", "0", "12", "11", "9", "12", "9", "17", "9", "10", "9", "0", "0", "0", "0", "0", "0", "0", "0", "13", "13", "11", "9", "14", "16", "11", "15", "11", "0", "0", "0", "0", "0", "0", "0", "0", "8", "11", "16", "12", "11", "13", "16", "11", "14", "0", "0", "0", "0", "0", "0", "0", "0", "10", "12", "9", "10", "16", "8", "8", "8", "12", "0", "0", "0", "0", "0", "0", "0", "0", "11", "17", "11", "7", "13", "9", "14", "11", "15", "0", "0", "0", "0", "0", "0", "0", "0", "0", "0", "0", "0", "0", "0", "0", "0", "0", "0", "0", "0", "0", "0", "0", "0", "0", "18", "8", "15", "13", "13", "18", "14", "13", "11", "0", "0", "0", "0", "0", "0", "0", "0", "13", "9", "25", "11", "11", "9", "10", "12", "15", "0", "0", "0", "0", "0", "0", "0", "0", "0", "0", "0", "0", "0", "0", "0", "0", "0", "0", "0", "0", "0", "0", "0", "0", "0", "0", "0", "0", "0", "0", "0", "0", "0", "0", "0", "0", "0", "0", "0", "0", "0", "0", "0", "0", "0", "0", "0", "0", "0", "0", "0", "0", "0", "0", "0", "0", "0", "0", "0", "0", "0", "0", "0", "0", "0", "0", "0", "0", "0", "0", "0", "0", "0", "0", "0", "0", "0", "0", "0", "0", "0", "0", "0", "0", "0", "0", "0", "0", "0", "0", "0", "0", "0", "16", "14", "18", "8", "13", "12", "10", "20", "12", "0", "0", "0", "0", "0", "0", "0", "0", "0", "0", "0", "0", "0", "0", "0", "0", "0", "0", "0", "0", "0", "0", "0", "0", "0", "0", "0", "0", "0", "0", "0", "0", "0", "0", "0", "0", "0", "0", "0", "0", "0", "0"], ["27", "8", "25", "21", "25", "0", "0", "0", "21", "0", "0", "0", "0", "0", "0", "0", "0", "11", "28", "19", "18", "8", "0", "0", "0", "14", "0", "0", "0", "0", "0", "0", "0", "0", "18", "16", "20", "19", "21", "0", "0", "0", "14", "0", "0", "0", "0", "0", "0", "0", "0", "21", "11", "15", "18", "18", "0", "0", "0", "20", "0", "0", "0", "0", "0", "0", "0", "0", "14", "22", "24", "10", "14", "0", "0", "0", "28", "0", "0", "0", "0", "0", "0", "0", "0", "0", "0", "0", "0", "0", "0", "0", "0", "0", "0", "0", "0", "0", "0", "0", "0", "0", "25", "19", "14", "28", "18", "0", "0", "0", "16", "0", "0", "0", "0", "0", "0", "0", "0", "17", "17", "21", "10", "12", "0", "0", "0", "24", "0", "0", "0", "0", "0", "0", "0", "0", "20", "27", "24", "23", "20", "0", "0", "0", "26", "0", "0", "0", "0", "0", "0", "0", "0", "0", "0", "0", "0", "0", "0", "0", "0", "0", "0", "0", "0", "0", "0", "0", "0", "0", "0", "0", "0", "0", "0", "0", "0", "0", "0", "0", "0", "0", "0", "0", "0", "0", "0", "0", "0", "0", "0", "0", "0", "0", "0", "0", "0", "0", "0", "0", "0", "0", "0", "0", "0", "0", "0", "0", "0", "0", "0", "0", "0", "0", "0", "0", "0", "0", "0", "0", "0", "14", "12", "16", "21", "17", "0", "0", "0", "11", "0", "0", "0", "0", "0", "0", "0", "0", "0", "0", "0", "0", "0", "0", "0", "0", "0", "0", "0", "0", "0", "0", "0", "0", "0", "0", "0", "0", "0", "0", "0", "0", "0", "0", "0", "0", "0", "0", "0", "0", "0", "0", "0", "0", "0", "0", "0", "0", "0", "0", "0", "0", "0", "0", "0", "0", "0", "0", "0"]]}