{"state": {"resTurn": "36", "h": "10", "w": "9", "score": [["1", "0", "0", "1", "1", "1", "0", "0", "1"], ["1", "2", "-2", "1", "0", "1", "-2", "2", "1"], ["1", "1", "1", "0", "2", "0", "1", "1", "1"], ["2", "3", "3", "0", "-3", "0", "3", "3", "2"], ["0", "1", "1", "1", "4", "1", "1", "1", "0"], ["0", "1", "-2", "3", "-2", "3", "-2", "1", "0"], ["-3", "1", "1", "1", "0", "1", "1", "1", "-3"], ["2", "0", "2", "1", "0", "1", "2", "0", "2"], ["2", "2", "-2", "-2", "1", "-2", "-2", "2", "2"], ["3", "0", "0", "-3", "1", "-3", "0", "0", "3"]], "color": [["1", "1", "1", "0", "0", "2", "2", "2", "2"], ["0", "1", "1", "1", "0", "2", "2", "2", "2"], ["1", "1", "1", "1", "1", "0", "2", "2", "0"], ["1", "1", "0", "1", "0", "2", "2", "2", "0"], ["1", "0", "1", "0", "0", "2", "2", "2", "2"], ["1", "1", "0", "1", "0", "0", "2", "2", "0"], ["1", "0", "1", "1", "1", "0", "2", "0", "0"], ["0", "0", "1", "0", "0", "1", "1", "1", "0"], ["0", "0", "0", "0", "0", "1", "1", "1", "1"], ["0", "0", "0", "0", "0", "0", "1", "1", "1"]], "pos": [{"x": "7", "y": "7"}, {"x": "3", "y": "2"}, {"x": "6", "y": "4"}, {"x": "6", "y": "1"}]}, "q": "-0.000539750034740078", "z": "1", "visitCount": [["12", "10", "12", "13", "11", "11", "14", "10", "9", "0", "0", "0", "0", "0", "0", "0", "0", "12", "10", "16", "10", "14", "15", "13", "9", "15", "0", "0", "0", "0", "0", "0", "0", "0", "10", "12", "12", "12", "11", "13", "15", "14", "10", "0", "0", "0", "0", "0", "0", "0", "0", "15", "12", "16", "12", "11", "20", "17", "11", "18", "0", "0", "0", "0", "0", "0", "0", "0", "21", "14", "11", "13", "8", "8", "9", "16", "15", "0", "0", "0", "0", "0", "0", "0", "0", "0", "0", "0", "0", "0", "0", "0", "0", "0", "0", "0", "0", "0", "0", "0", "0", "0", "13", "11", "12", "10", "13", "11", "17", "11", "13", "0", "0", "0", "0", "0", "0", "0", "0", "10", "7", "11", "12", "8", "9", "8", "14", "12", "0", "0", "0", "0", "0", "0", "0", "0", "13", "11", "9", "12", "20", "12", "10", "14", "10", "0", "0", "0", "0", "0", "0", "0", "0", "0", "0", "0", "0", "0", "0", "0", "0", "0", "0", "0", "0", "0", "0", "0", "0", "0", "0", "0", "0", "0", "0", "0", "0", "0", "0", "0", "0", "0", "0", "0", "0", "0", "0", "0", "0", "0", "0", "0", "0", "0", "0", "0", "0", "0", "0", "0", "0", "0", "0", "0", "0", "0", "0", "0", "0", "0", "0", "0", "0", "0", "0", "0", "0", "0", "0", "0", "0", "10", "11", "11", "17", "9", "15", "11", "15", "16", "0", "0", "0", "0", "0", "0", "0", "0", "0", "0", "0", "0", "0", "0", "0", "0", "0", "0", "0", "0", "0", "0", "0", "0", "0", "0", "0", "0", "0", "0", "0", "0", "0", "0", "0", "0", "0", "0", "0", "0", "0", "0", "0", "0", "0", "0", "0", "0", "0", "0", "0", "0", "0", "0", "0", "0", "0", "0", "0"], ["14", "9", "12", "12", "13", "13", "12", "12", "11", "0", "0", "0", "0", "0", "0", "0", "0", "13", "10", "13", "12", "8", "14", "14", "13", "11", "0", "0", "0", "0", "0", "0", "0", "0", "11", "9", "16", "13", "9", "11", "14", "14", "12", "0", "0", "0", "0", "0", "0", "0", "0", "10", "12", "19", "12", "11", "11", "19", "13", "11", "0", "0", "0", "0", "0", "0", "0", "0", "16", "13", "7", "12", "9", "16", "17", "10", "9", "0", "0", "0", "0", "0", "0", "0", "0", "13", "11", "13", "17", "11", "13", "9", "11", "13", "0", "0", "0", "0", "0", "0", "0", "0", "10", "13", "9", "16", "9", "11", "15", "15", "10", "0", "0", "0", "0", "0", "0", "0", "0", "13", "13", "16", "13", "12", "10", "17", "7", "12", "0", "0", "0", "0", "0", "0", "0", "0", "16", "7", "8", "16", "12", "11", "16", "15", "15", "0", "0", "0", "0", "0", "0", "0", "0", "0", "0", "0", "0", "0", "0", "0", "0", "0", "0", "0", "0", "0", "0", "0", "0", "0", "0", "0", "0", "0", "0", "0", "0", "0", "0", "0", "0", "0", "0", "0", "0", "0", "0", "0", "0", "0", "0", "0", "0", "0", "0", "0", "0", "0", "0", "0", "0", "0", "0", "0", "0", "0", "0", "0", "0", "0", "0", "0", "0", "0", "0", "0", "0", "0", "0", "0", "0", "0", "0", "0", "0", "0", "0", "0", "0", "0", "0", "0", "0", "0", "0", "0", "0", "0", "0", "0", "0", "0", "0", "0", "0", "0", "0", "0", "0", "0", "0", "0", "0", "0", "0", "0", "0", "0", "0", "0", "0", "0", "0", "0", "0", "0", "0", "0", "0", "0", "0", "0", "0", "0", "0", "0", "0", "0", "0", "0", "0", "0", "0", "0", "0", "0", "0", "0", "0"]]}