{"state": {"resTurn": "35", "h": "10", "w": "9", "score": [["1", "0", "0", "1", "1", "1", "0", "0", "1"], ["1", "2", "-2", "1", "0", "1", "-2", "2", "1"], ["1", "1", "1", "0", "2", "0", "1", "1", "1"], ["2", "3", "3", "0", "-3", "0", "3", "3", "2"], ["0", "1", "1", "1", "4", "1", "1", "1", "0"], ["0", "1", "-2", "3", "-2", "3", "-2", "1", "0"], ["-3", "1", "1", "1", "0", "1", "1", "1", "-3"], ["2", "0", "2", "1", "0", "1", "2", "0", "2"], ["2", "2", "-2", "-2", "1", "-2", "-2", "2", "2"], ["3", "0", "0", "-3", "1", "-3", "0", "0", "3"]], "color": [["1", "1", "1", "0", "0", "2", "2", "2", "2"], ["0", "1", "1", "1", "0", "2", "2", "2", "2"], ["1", "1", "1", "1", "1", "0", "2", "2", "0"], ["1", "1", "0", "1", "0", "2", "2", "2", "0"], ["1", "0", "1", "0", "0", "2", "2", "2", "2"], ["1", "1", "0", "1", "0", "2", "2", "2", "0"], ["1", "0", "1", "1", "1", "0", "2", "0", "0"], ["0", "0", "1", "0", "0", "1", "1", "1", "0"], ["0", "0", "0", "0", "0", "1", "1", "1", "1"], ["0", "0", "0", "0", "0", "0", "1", "1", "1"]], "pos": [{"x": "6", "y": "7"}, {"x": "3", "y": "2"}, {"x": "5", "y": "5"}, {"x": "6", "y": "2"}]}, "q": "-0.001018987047703268", "z": "1", "visitCount": [["10", "16", "8", "10", "14", "13", "12", "12", "10", "0", "0", "0", "0", "0", "0", "0", "0", "15", "8", "8", "12", "16", "14", "11", "9", "14", "0", "0", "0", "0", "0", "0", "0", "0", "11", "16", "14", "11", "15", "27", "11", "12", "10", "0", "0", "0", "0", "0", "0", "0", "0", "15", "10", "12", "11", "19", "16", "11", "13", "10", "0", "0", "0", "0", "0", "0", "0", "0", "10", "15", "12", "15", "12", "10", "10", "10", "12", "0", "0", "0", "0", "0", "0", "0", "0", "12", "18", "11", "10", "13", "18", "12", "23", "15", "0", "0", "0", "0", "0", "0", "0", "0", "0", "0", "0", "0", "0", "0", "0", "0", "0", "0", "0", "0", "0", "0", "0", "0", "0", "13", "14", "14", "9", "11", "15", "10", "10", "10", "0", "0", "0", "0", "0", "0", "0", "0", "13", "7", "19", "9", "8", "9", "18", "7", "6", "0", "0", "0", "0", "0", "0", "0", "0", "0", "0", "0", "0", "0", "0", "0", "0", "0", "0", "0", "0", "0", "0", "0", "0", "0", "0", "0", "0", "0", "0", "0", "0", "0", "0", "0", "0", "0", "0", "0", "0", "0", "0", "0", "0", "0", "0", "0", "0", "0", "0", "0", "0", "0", "0", "0", "0", "0", "0", "0", "0", "0", "0", "0", "0", "0", "0", "0", "0", "0", "0", "0", "0", "0", "0", "0", "0", "0", "0", "0", "0", "0", "0", "0", "0", "0", "0", "0", "0", "0", "0", "0", "0", "0", "14", "11", "8", "8", "14", "11", "15", "14", "9", "0", "0", "0", "0", "0", "0", "0", "0", "0", "0", "0", "0", "0", "0", "0", "0", "0", "0", "0", "0", "0", "0", "0", "0", "0", "0", "0", "0", "0", "0", "0", "0", "0", "0", "0", "0", "0", "0", "0", "0", "0", "0"], ["12", "15", "12", "10", "9", "16", "12", "15", "12", "0", "0", "0", "0", "0", "0", "0", "0", "7", "8", "15", "12", "10", "15", "20", "12", "10", "0", "0", "0", "0", "0", "0", "0", "0", "11", "13", "15", "11", "16", "10", "7", "16", "15", "0", "0", "0", "0", "0", "0", "0", "0", "0", "0", "0", "0", "0", "0", "0", "0", "0", "0", "0", "0", "0", "0", "0", "0", "0", "12", "11", "12", "8", "15", "14", "13", "19", "8", "0", "0", "0", "0", "0", "0", "0", "0", "9", "11", "10", "13", "15", "11", "12", "6", "11", "0", "0", "0", "0", "0", "0", "0", "0", "9", "14", "11", "16", "8", "12", "16", "13", "11", "0", "0", "0", "0", "0", "0", "0", "0", "17", "13", "10", "15", "6", "14", "17", "6", "10", "0", "0", "0", "0", "0", "0", "0", "0", "14", "14", "14", "11", "16", "17", "15", "14", "11", "0", "0", "0", "0", "0", "0", "0", "0", "0", "0", "0", "0", "0", "0", "0", "0", "0", "0", "0", "0", "0", "0", "0", "0", "0", "0", "0", "0", "0", "0", "0", "0", "0", "0", "0", "0", "0", "0", "0", "0", "0", "0", "10", "15", "15", "14", "11", "7", "10", "16", "12", "0", "0", "0", "0", "0", "0", "0", "0", "0", "0", "0", "0", "0", "0", "0", "0", "0", "0", "0", "0", "0", "0", "0", "0", "0", "0", "0", "0", "0", "0", "0", "0", "0", "0", "0", "0", "0", "0", "0", "0", "0", "0", "0", "0", "0", "0", "0", "0", "0", "0", "0", "0", "0", "0", "0", "0", "0", "0", "0", "0", "0", "0", "0", "0", "0", "0", "0", "0", "0", "0", "0", "0", "0", "0", "0", "0", "0", "0", "0", "0", "0", "0", "0", "0", "0", "0", "0", "0", "0", "0", "0", "0", "0"]]}