{"state": {"resTurn": "34", "h": "10", "w": "9", "score": [["1", "0", "0", "1", "1", "1", "0", "0", "1"], ["1", "2", "-2", "1", "0", "1", "-2", "2", "1"], ["1", "1", "1", "0", "2", "0", "1", "1", "1"], ["2", "3", "3", "0", "-3", "0", "3", "3", "2"], ["0", "1", "1", "1", "4", "1", "1", "1", "0"], ["0", "1", "-2", "3", "-2", "3", "-2", "1", "0"], ["-3", "1", "1", "1", "0", "1", "1", "1", "-3"], ["2", "0", "2", "1", "0", "1", "2", "0", "2"], ["2", "2", "-2", "-2", "1", "-2", "-2", "2", "2"], ["3", "0", "0", "-3", "1", "-3", "0", "0", "3"]], "color": [["1", "1", "1", "0", "0", "2", "2", "2", "2"], ["0", "1", "1", "1", "0", "2", "2", "2", "2"], ["1", "1", "1", "1", "1", "0", "2", "2", "0"], ["1", "1", "0", "1", "0", "2", "2", "2", "0"], ["1", "0", "1", "0", "0", "2", "2", "2", "2"], ["1", "1", "0", "1", "0", "2", "2", "2", "0"], ["1", "0", "1", "1", "1", "0", "2", "0", "0"], ["0", "0", "1", "0", "0", "1", "1", "1", "0"], ["0", "0", "0", "0", "0", "1", "1", "1", "1"], ["0", "0", "0", "0", "0", "0", "1", "1", "1"]], "pos": [{"x": "6", "y": "8"}, {"x": "2", "y": "1"}, {"x": "6", "y": "6"}, {"x": "6", "y": "1"}]}, "q": "-0.0007792446333283745", "z": "1", "visitCount": [["9", "11", "10", "8", "16", "12", "12", "14", "13", "0", "0", "0", "0", "0", "0", "0", "0", "9", "17", "12", "12", "11", "11", "12", "20", "12", "0", "0", "0", "0", "0", "0", "0", "0", "14", "14", "14", "15", "18", "11", "10", "12", "18", "0", "0", "0", "0", "0", "0", "0", "0", "10", "14", "12", "10", "15", "13", "14", "9", "11", "0", "0", "0", "0", "0", "0", "0", "0", "10", "17", "14", "8", "16", "12", "15", "11", "12", "0", "0", "0", "0", "0", "0", "0", "0", "13", "10", "13", "11", "9", "18", "14", "11", "11", "0", "0", "0", "0", "0", "0", "0", "0", "13", "9", "10", "13", "17", "9", "9", "8", "15", "0", "0", "0", "0", "0", "0", "0", "0", "19", "12", "12", "10", "12", "8", "10", "13", "11", "0", "0", "0", "0", "0", "0", "0", "0", "15", "13", "12", "11", "11", "15", "10", "10", "13", "0", "0", "0", "0", "0", "0", "0", "0", "0", "0", "0", "0", "0", "0", "0", "0", "0", "0", "0", "0", "0", "0", "0", "0", "0", "0", "0", "0", "0", "0", "0", "0", "0", "0", "0", "0", "0", "0", "0", "0", "0", "0", "0", "0", "0", "0", "0", "0", "0", "0", "0", "0", "0", "0", "0", "0", "0", "0", "0", "0", "0", "0", "0", "0", "0", "0", "0", "0", "0", "0", "0", "0", "0", "0", "0", "0", "0", "0", "0", "0", "0", "0", "0", "0", "0", "0", "0", "0", "0", "0", "0", "0", "0", "0", "0", "0", "0", "0", "0", "0", "0", "0", "0", "0", "0", "0", "0", "0", "0", "0", "0", "0", "0", "0", "0", "0", "0", "0", "0", "0", "0", "0", "0", "0", "0", "0", "0", "0", "0", "0", "0", "0", "0", "0", "0", "0", "0", "0", "0", "0", "0", "0", "0", "0"], ["12", "13", "12", "11", "12", "12", "17", "11", "12", "0", "0", "0", "0", "0", "0", "0", "0", "0", "0", "0", "0", "0", "0", "0", "0", "0", "0", "0", "0", "0", "0", "0", "0", "0", "0", "0", "0", "0", "0", "0", "0", "0", "0", "0", "0", "0", "0", "0", "0", "0", "0", "0", "0", "0", "0", "0", "0", "0", "0", "0", "0", "0", "0", "0", "0", "0", "0", "0", "15", "14", "13", "11", "11", "9", "12", "12", "14", "0", "0", "0", "0", "0", "0", "0", "0", "12", "11", "9", "14", "15", "9", "13", "15", "13", "0", "0", "0", "0", "0", "0", "0", "0", "11", "15", "10", "20", "15", "8", "11", "13", "20", "0", "0", "0", "0", "0", "0", "0", "0", "11", "14", "15", "12", "8", "14", "10", "8", "13", "0", "0", "0", "0", "0", "0", "0", "0", "9", "9", "14", "8", "14", "7", "9", "9", "11", "0", "0", "0", "0", "0", "0", "0", "0", "11", "9", "12", "17", "11", "13", "12", "17", "9", "0", "0", "0", "0", "0", "0", "0", "0", "21", "12", "13", "15", "7", "9", "16", "16", "19", "0", "0", "0", "0", "0", "0", "0", "0", "11", "10", "12", "16", "8", "10", "14", "18", "10", "0", "0", "0", "0", "0", "0", "0", "0", "0", "0", "0", "0", "0", "0", "0", "0", "0", "0", "0", "0", "0", "0", "0", "0", "0", "0", "0", "0", "0", "0", "0", "0", "0", "0", "0", "0", "0", "0", "0", "0", "0", "0", "0", "0", "0", "0", "0", "0", "0", "0", "0", "0", "0", "0", "0", "0", "0", "0", "0", "0", "0", "0", "0", "0", "0", "0", "0", "0", "0", "0", "0", "0", "0", "0", "0", "0", "0", "0", "0", "0", "0", "0", "0", "0", "0", "0", "0", "0", "0", "0", "0", "0", "0"]]}