{"state": {"resTurn": "33", "h": "10", "w": "9", "score": [["1", "0", "0", "1", "1", "1", "0", "0", "1"], ["1", "2", "-2", "1", "0", "1", "-2", "2", "1"], ["1", "1", "1", "0", "2", "0", "1", "1", "1"], ["2", "3", "3", "0", "-3", "0", "3", "3", "2"], ["0", "1", "1", "1", "4", "1", "1", "1", "0"], ["0", "1", "-2", "3", "-2", "3", "-2", "1", "0"], ["-3", "1", "1", "1", "0", "1", "1", "1", "-3"], ["2", "0", "2", "1", "0", "1", "2", "0", "2"], ["2", "2", "-2", "-2", "1", "-2", "-2", "2", "2"], ["3", "0", "0", "-3", "1", "-3", "0", "0", "3"]], "color": [["1", "1", "1", "1", "0", "2", "2", "2", "2"], ["0", "1", "1", "1", "0", "2", "2", "2", "2"], ["1", "1", "1", "1", "1", "0", "2", "2", "0"], ["1", "1", "0", "1", "0", "2", "2", "2", "0"], ["1", "0", "1", "0", "0", "2", "2", "2", "2"], ["1", "1", "0", "1", "0", "2", "2", "2", "0"], ["1", "0", "1", "1", "1", "0", "2", "0", "0"], ["0", "0", "1", "0", "0", "1", "0", "1", "0"], ["0", "0", "0", "0", "0", "1", "1", "1", "1"], ["0", "0", "0", "0", "0", "0", "1", "1", "1"]], "pos": [{"x": "7", "y": "9"}, {"x": "3", "y": "0"}, {"x": "6", "y": "6"}, {"x": "6", "y": "1"}]}, "q": "-0.001401971776502818", "z": "1", "visitCount": [["20", "30", "22", "40", "21", "0", "0", "0", "35", "0", "0", "0", "0", "0", "0", "0", "0", "0", "0", "0", "0", "0", "0", "0", "0", "0", "0", "0", "0", "0", "0", "0", "0", "0", "0", "0", "0", "0", "0", "0", "0", "0", "0", "0", "0", "0", "0", "0", "0", "0", "0", "0", "0", "0", "0", "0", "0", "0", "0", "0", "0", "0", "0", "0", "0", "0", "0", "0", "22", "45", "14", "26", "25", "0", "0", "0", "28", "0", "0", "0", "0", "0", "0", "0", "0", "13", "31", "18", "17", "26", "0", "0", "0", "18", "0", "0", "0", "0", "0", "0", "0", "0", "31", "14", "59", "27", "27", "0", "0", "0", "25", "0", "0", "0", "0", "0", "0", "0", "0", "40", "20", "38", "25", "35", "0", "0", "0", "12", "0", "0", "0", "0", "0", "0", "0", "0", "40", "32", "40", "29", "35", "0", "0", "0", "20", "0", "0", "0", "0", "0", "0", "0", "0", "0", "0", "0", "0", "0", "0", "0", "0", "0", "0", "0", "0", "0", "0", "0", "0", "0", "0", "0", "0", "0", "0", "0", "0", "0", "0", "0", "0", "0", "0", "0", "0", "0", "0", "0", "0", "0", "0", "0", "0", "0", "0", "0", "0", "0", "0", "0", "0", "0", "0", "0", "0", "0", "0", "0", "0", "0", "0", "0", "0", "0", "0", "0", "0", "0", "0", "0", "0", "0", "0", "0", "0", "0", "0", "0", "0", "0", "0", "0", "0", "0", "0", "0", "0", "0", "0", "0", "0", "0", "0", "0", "0", "0", "0", "0", "0", "0", "0", "0", "0", "0", "0", "0", "0", "0", "0", "0", "0", "0", "0", "0", "0", "0", "0", "0", "0", "0", "0", "0", "0", "0", "0", "0", "0", "0", "0", "0", "0", "0", "0", "0", "0", "0", "0", "0", "0"], ["12", "14", "10", "14", "10", "8", "10", "12", "10", "0", "0", "0", "0", "0", "0", "0", "0", "0", "0", "0", "0", "0", "0", "0", "0", "0", "0", "0", "0", "0", "0", "0", "0", "0", "19", "8", "15", "9", "15", "12", "11", "16", "13", "0", "0", "0", "0", "0", "0", "0", "0", "0", "0", "0", "0", "0", "0", "0", "0", "0", "0", "0", "0", "0", "0", "0", "0", "0", "15", "13", "14", "13", "13", "10", "18", "8", "11", "0", "0", "0", "0", "0", "0", "0", "0", "6", "10", "14", "17", "13", "6", "13", "13", "14", "0", "0", "0", "0", "0", "0", "0", "0", "18", "8", "10", "19", "18", "16", "9", "9", "12", "0", "0", "0", "0", "0", "0", "0", "0", "17", "13", "12", "8", "8", "9", "14", "11", "9", "0", "0", "0", "0", "0", "0", "0", "0", "13", "14", "12", "7", "12", "10", "13", "7", "17", "0", "0", "0", "0", "0", "0", "0", "0", "7", "18", "8", "13", "21", "10", "9", "15", "12", "0", "0", "0", "0", "0", "0", "0", "0", "0", "0", "0", "0", "0", "0", "0", "0", "0", "0", "0", "0", "0", "0", "0", "0", "0", "20", "15", "16", "17", "12", "7", "12", "12", "12", "0", "0", "0", "0", "0", "0", "0", "0", "0", "0", "0", "0", "0", "0", "0", "0", "0", "0", "0", "0", "0", "0", "0", "0", "0", "0", "0", "0", "0", "0", "0", "0", "0", "0", "0", "0", "0", "0", "0", "0", "0", "0", "0", "0", "0", "0", "0", "0", "0", "0", "0", "0", "0", "0", "0", "0", "0", "0", "0", "0", "0", "0", "0", "0", "0", "0", "0", "0", "0", "0", "0", "0", "0", "0", "0", "0", "0", "0", "0", "0", "0", "0", "0", "0", "0", "0", "0", "0", "0", "0", "0", "0", "0"]]}