{"state": {"resTurn": "32", "h": "10", "w": "9", "score": [["1", "0", "0", "1", "1", "1", "0", "0", "1"], ["1", "2", "-2", "1", "0", "1", "-2", "2", "1"], ["1", "1", "1", "0", "2", "0", "1", "1", "1"], ["2", "3", "3", "0", "-3", "0", "3", "3", "2"], ["0", "1", "1", "1", "4", "1", "1", "1", "0"], ["0", "1", "-2", "3", "-2", "3", "-2", "1", "0"], ["-3", "1", "1", "1", "0", "1", "1", "1", "-3"], ["2", "0", "2", "1", "0", "1", "2", "0", "2"], ["2", "2", "-2", "-2", "1", "-2", "-2", "2", "2"], ["3", "0", "0", "-3", "1", "-3", "0", "0", "3"]], "color": [["1", "1", "1", "1", "0", "2", "2", "2", "2"], ["0", "1", "1", "1", "0", "2", "2", "2", "2"], ["1", "1", "1", "1", "1", "0", "2", "2", "0"], ["1", "1", "0", "1", "0", "2", "2", "2", "0"], ["1", "0", "1", "0", "0", "2", "2", "2", "2"], ["1", "1", "0", "1", "0", "2", "2", "2", "0"], ["1", "0", "1", "1", "1", "0", "2", "0", "0"], ["0", "0", "1", "0", "0", "1", "0", "0", "0"], ["0", "0", "0", "0", "0", "1", "1", "1", "1"], ["0", "0", "0", "0", "0", "0", "1", "1", "1"]], "pos": [{"x": "7", "y": "8"}, {"x": "3", "y": "1"}, {"x": "6", "y": "6"}, {"x": "5", "y": "1"}]}, "q": "-0.00139547819258713", "z": "1", "visitCount": [["19", "8", "10", "13", "10", "14", "12", "13", "12", "0", "0", "0", "0", "0", "0", "0", "0", "12", "8", "16", "6", "12", "20", "15", "12", "17", "0", "0", "0", "0", "0", "0", "0", "0", "14", "9", "11", "15", "15", "15", "10", "11", "14", "0", "0", "0", "0", "0", "0", "0", "0", "9", "13", "8", "14", "16", "9", "12", "12", "15", "0", "0", "0", "0", "0", "0", "0", "0", "14", "16", "10", "10", "13", "11", "16", "12", "9", "0", "0", "0", "0", "0", "0", "0", "0", "15", "14", "14", "9", "13", "9", "10", "10", "17", "0", "0", "0", "0", "0", "0", "0", "0", "12", "13", "13", "12", "15", "11", "12", "13", "12", "0", "0", "0", "0", "0", "0", "0", "0", "10", "13", "15", "13", "10", "9", "9", "18", "9", "0", "0", "0", "0", "0", "0", "0", "0", "11", "12", "9", "9", "17", "11", "12", "10", "18", "0", "0", "0", "0", "0", "0", "0", "0", "0", "0", "0", "0", "0", "0", "0", "0", "0", "0", "0", "0", "0", "0", "0", "0", "0", "0", "0", "0", "0", "0", "0", "0", "0", "0", "0", "0", "0", "0", "0", "0", "0", "0", "0", "0", "0", "0", "0", "0", "0", "0", "0", "0", "0", "0", "0", "0", "0", "0", "0", "0", "0", "0", "0", "0", "0", "0", "0", "0", "0", "0", "0", "0", "0", "0", "0", "0", "0", "0", "0", "0", "0", "0", "0", "0", "0", "0", "0", "0", "0", "0", "0", "0", "0", "0", "0", "0", "0", "0", "0", "0", "0", "0", "0", "0", "0", "0", "0", "0", "0", "0", "0", "0", "0", "0", "0", "0", "0", "0", "0", "0", "0", "0", "0", "0", "0", "0", "0", "0", "0", "0", "0", "0", "0", "0", "0", "0", "0", "0", "0", "0", "0", "0", "0", "0"], ["14", "17", "12", "0", "14", "13", "12", "14", "13", "0", "0", "9", "0", "0", "0", "0", "0", "12", "13", "9", "0", "11", "17", "10", "10", "12", "0", "0", "16", "0", "0", "0", "0", "0", "12", "10", "16", "0", "8", "15", "13", "8", "10", "0", "0", "9", "0", "0", "0", "0", "0", "0", "0", "0", "0", "0", "0", "0", "0", "0", "0", "0", "0", "0", "0", "0", "0", "0", "11", "7", "16", "0", "6", "16", "8", "16", "9", "0", "0", "9", "0", "0", "0", "0", "0", "12", "16", "13", "0", "13", "10", "14", "21", "12", "0", "0", "12", "0", "0", "0", "0", "0", "11", "15", "13", "0", "18", "12", "11", "10", "15", "0", "0", "14", "0", "0", "0", "0", "0", "20", "14", "15", "0", "13", "12", "12", "6", "11", "0", "0", "13", "0", "0", "0", "0", "0", "17", "17", "14", "0", "10", "11", "11", "15", "13", "0", "0", "11", "0", "0", "0", "0", "0", "0", "0", "0", "0", "0", "0", "0", "0", "0", "0", "0", "0", "0", "0", "0", "0", "0", "0", "0", "0", "0", "0", "0", "0", "0", "0", "0", "0", "0", "0", "0", "0", "0", "0", "11", "10", "10", "0", "11", "9", "15", "9", "10", "0", "0", "12", "0", "0", "0", "0", "0", "0", "0", "0", "0", "0", "0", "0", "0", "0", "0", "0", "0", "0", "0", "0", "0", "0", "0", "0", "0", "0", "0", "0", "0", "0", "0", "0", "0", "0", "0", "0", "0", "0", "0", "0", "0", "0", "0", "0", "0", "0", "0", "0", "0", "0", "0", "0", "0", "0", "0", "0", "0", "0", "0", "0", "0", "0", "0", "0", "0", "0", "0", "0", "0", "0", "0", "0", "0", "0", "0", "0", "0", "0", "0", "0", "0", "0", "0", "0", "0", "0", "0", "0", "0", "0"]]}