{"state": {"resTurn": "31", "h": "10", "w": "9", "score": [["1", "0", "0", "1", "1", "1", "0", "0", "1"], ["1", "2", "-2", "1", "0", "1", "-2", "2", "1"], ["1", "1", "1", "0", "2", "0", "1", "1", "1"], ["2", "3", "3", "0", "-3", "0", "3", "3", "2"], ["0", "1", "1", "1", "4", "1", "1", "1", "0"], ["0", "1", "-2", "3", "-2", "3", "-2", "1", "0"], ["-3", "1", "1", "1", "0", "1", "1", "1", "-3"], ["2", "0", "2", "1", "0", "1", "2", "0", "2"], ["2", "2", "-2", "-2", "1", "-2", "-2", "2", "2"], ["3", "0", "0", "-3", "1", "-3", "0", "0", "3"]], "color": [["1", "1", "1", "1", "0", "2", "2", "2", "2"], ["0", "1", "1", "1", "0", "2", "2", "2", "2"], ["1", "1", "1", "1", "1", "0", "2", "2", "0"], ["1", "1", "0", "1", "0", "2", "2", "2", "0"], ["1", "0", "1", "0", "0", "2", "2", "2", "2"], ["1", "1", "0", "1", "0", "2", "2", "2", "0"], ["1", "0", "1", "1", "1", "0", "2", "0", "0"], ["0", "0", "1", "0", "0", "1", "0", "0", "0"], ["0", "0", "0", "0", "0", "1", "1", "1", "1"], ["0", "0", "0", "0", "0", "0", "1", "1", "1"]], "pos": [{"x": "8", "y": "9"}, {"x": "2", "y": "0"}, {"x": "5", "y": "5"}, {"x": "6", "y": "0"}]}, "q": "-0.0009510113286481076", "z": "1", "visitCount": [["35", "29", "44", "31", "20", "0", "0", "0", "25", "0", "0", "0", "0", "0", "0", "0", "0", "0", "0", "0", "0", "0", "0", "0", "0", "0", "0", "0", "0", "0", "0", "0", "0", "0", "0", "0", "0", "0", "0", "0", "0", "0", "0", "0", "0", "0", "0", "0", "0", "0", "0", "0", "0", "0", "0", "0", "0", "0", "0", "0", "0", "0", "0", "0", "0", "0", "0", "0", "31", "49", "62", "47", "46", "0", "0", "0", "24", "0", "0", "0", "0", "0", "0", "0", "0", "38", "66", "121", "48", "36", "0", "0", "0", "51", "0", "0", "0", "0", "0", "0", "0", "0", "26", "42", "30", "28", "28", "0", "0", "0", "43", "0", "0", "0", "0", "0", "0", "0", "0", "0", "0", "0", "0", "0", "0", "0", "0", "0", "0", "0", "0", "0", "0", "0", "0", "0", "0", "0", "0", "0", "0", "0", "0", "0", "0", "0", "0", "0", "0", "0", "0", "0", "0", "0", "0", "0", "0", "0", "0", "0", "0", "0", "0", "0", "0", "0", "0", "0", "0", "0", "0", "0", "0", "0", "0", "0", "0", "0", "0", "0", "0", "0", "0", "0", "0", "0", "0", "0", "0", "0", "0", "0", "0", "0", "0", "0", "0", "0", "0", "0", "0", "0", "0", "0", "0", "0", "0", "0", "0", "0", "0", "0", "0", "0", "0", "0", "0", "0", "0", "0", "0", "0", "0", "0", "0", "0", "0", "0", "0", "0", "0", "0", "0", "0", "0", "0", "0", "0", "0", "0", "0", "0", "0", "0", "0", "0", "0", "0", "0", "0", "0", "0", "0", "0", "0", "0", "0", "0", "0", "0", "0", "0", "0", "0", "0", "0", "0", "0", "0", "0", "0", "0", "0", "0", "0", "0", "0", "0", "0", "0", "0", "0", "0", "0", "0", "0", "0", "0", "0"], ["33", "21", "20", "14", "17", "0", "0", "0", "26", "0", "0", "0", "0", "0", "0", "0", "0", "19", "12", "12", "31", "12", "0", "0", "0", "13", "0", "0", "0", "0", "0", "0", "0", "0", "14", "14", "18", "16", "16", "0", "0", "0", "10", "0", "0", "0", "0", "0", "0", "0", "0", "0", "0", "0", "0", "0", "0", "0", "0", "0", "0", "0", "0", "0", "0", "0", "0", "0", "25", "12", "19", "27", "22", "0", "0", "0", "9", "0", "0", "0", "0", "0", "0", "0", "0", "20", "29", "16", "8", "21", "0", "0", "0", "27", "0", "0", "0", "0", "0", "0", "0", "0", "16", "12", "20", "14", "19", "0", "0", "0", "13", "0", "0", "0", "0", "0", "0", "0", "0", "26", "22", "15", "18", "15", "0", "0", "0", "31", "0", "0", "0", "0", "0", "0", "0", "0", "13", "20", "12", "9", "25", "0", "0", "0", "25", "0", "0", "0", "0", "0", "0", "0", "0", "0", "0", "0", "0", "0", "0", "0", "0", "0", "0", "0", "0", "0", "0", "0", "0", "0", "0", "0", "0", "0", "0", "0", "0", "0", "0", "0", "0", "0", "0", "0", "0", "0", "0", "13", "18", "19", "28", "19", "0", "0", "0", "25", "0", "0", "0", "0", "0", "0", "0", "0", "0", "0", "0", "0", "0", "0", "0", "0", "0", "0", "0", "0", "0", "0", "0", "0", "0", "0", "0", "0", "0", "0", "0", "0", "0", "0", "0", "0", "0", "0", "0", "0", "0", "0", "0", "0", "0", "0", "0", "0", "0", "0", "0", "0", "0", "0", "0", "0", "0", "0", "0", "0", "0", "0", "0", "0", "0", "0", "0", "0", "0", "0", "0", "0", "0", "0", "0", "0", "0", "0", "0", "0", "0", "0", "0", "0", "0", "0", "0", "0", "0", "0", "0", "0", "0"]]}