{"state": {"resTurn": "84", "h": "10", "w": "9", "score": [["1", "0", "0", "1", "1", "1", "0", "0", "1"], ["1", "2", "-2", "1", "0", "1", "-2", "2", "1"], ["1", "1", "1", "0", "2", "0", "1", "1", "1"], ["2", "3", "3", "0", "-3", "0", "3", "3", "2"], ["0", "1", "1", "1", "4", "1", "1", "1", "0"], ["0", "1", "-2", "3", "-2", "3", "-2", "1", "0"], ["-3", "1", "1", "1", "0", "1", "1", "1", "-3"], ["2", "0", "2", "1", "0", "1", "2", "0", "2"], ["2", "2", "-2", "-2", "1", "-2", "-2", "2", "2"], ["3", "0", "0", "-3", "1", "-3", "0", "0", "3"]], "color": [["1", "1", "0", "0", "0", "0", "0", "2", "2"], ["0", "0", "1", "1", "1", "0", "0", "2", "2"], ["1", "1", "1", "0", "0", "0", "0", "0", "0"], ["1", "1", "0", "1", "0", "2", "2", "2", "0"], ["0", "0", "0", "0", "0", "0", "0", "2", "2"], ["0", "0", "0", "0", "0", "0", "0", "2", "0"], ["0", "0", "0", "0", "0", "0", "0", "0", "0"], ["0", "0", "0", "0", "0", "0", "0", "0", "0"], ["0", "0", "0", "0", "0", "0", "0", "0", "0"], ["0", "0", "0", "0", "0", "0", "0", "0", "0"]], "pos": [{"x": "0", "y": "3"}, {"x": "4", "y": "1"}, {"x": "7", "y": "3"}, {"x": "8", "y": "1"}]}, "q": "0.001382114633020859", "z": "1", "visitCount": [["24", "35", "15", "14", "16", "15", "15", "26", "18", "0", "0", "0", "0", "0", "0", "0", "0", "20", "18", "21", "24", "23", "16", "22", "19", "15", "0", "0", "0", "0", "0", "0", "0", "0", "13", "12", "13", "16", "17", "12", "23", "16", "16", "0", "0", "0", "0", "0", "0", "0", "0", "0", "0", "0", "0", "0", "0", "0", "0", "0", "0", "0", "0", "0", "0", "0", "0", "0", "0", "0", "0", "0", "0", "0", "0", "0", "0", "0", "0", "0", "0", "0", "0", "0", "0", "0", "0", "0", "0", "0", "0", "0", "0", "0", "0", "0", "0", "0", "0", "0", "0", "0", "19", "18", "18", "19", "20", "17", "21", "20", "19", "0", "0", "0", "0", "0", "0", "0", "0", "20", "22", "17", "17", "18", "15", "14", "17", "16", "0", "0", "0", "0", "0", "0", "0", "0", "24", "18", "19", "17", "25", "16", "15", "24", "21", "0", "0", "0", "0", "0", "0", "0", "0", "0", "0", "0", "0", "0", "0", "0", "0", "0", "0", "0", "0", "0", "0", "0", "0", "0", "0", "0", "0", "0", "0", "0", "0", "0", "0", "0", "0", "0", "0", "0", "0", "0", "0", "0", "0", "0", "0", "0", "0", "0", "0", "0", "0", "0", "0", "0", "0", "0", "0", "0", "0", "0", "0", "0", "0", "0", "0", "0", "0", "0", "0", "0", "0", "0", "0", "0", "0", "0", "0", "0", "0", "0", "0", "0", "0", "0", "0", "0", "0", "0", "0", "0", "0", "0", "0", "0", "0", "0", "0", "0", "0", "0", "0", "0", "0", "0", "0", "0", "0", "0", "0", "0", "0", "0", "0", "0", "0", "0", "0", "0", "0", "0", "0", "0", "0", "0", "0", "0", "0", "0", "0", "0", "0", "0", "0", "0", "0", "0", "0", "0", "0", "0", "0", "0", "0"], ["14", "0", "19", "13", "15", "18", "15", "0", "0", "0", "0", "0", "0", "0", "0", "0", "0", "20", "0", "16", "20", "24", "26", "14", "0", "0", "0", "0", "0", "0", "0", "0", "0", "0", "13", "0", "16", "26", "19", "26", "17", "0", "0", "0", "0", "0", "0", "0", "0", "0", "0", "18", "0", "20", "19", "18", "22", "19", "0", "0", "0", "0", "0", "0", "0", "0", "0", "0", "14", "0", "18", "21", "19", "23", "21", "0", "0", "0", "0", "0", "0", "0", "0", "0", "0", "14", "0", "18", "16", "19", "16", "15", "0", "0", "0", "0", "0", "0", "0", "0", "0", "0", "25", "0", "23", "13", "17", "19", "19", "0", "0", "0", "0", "0", "0", "0", "0", "0", "0", "19", "0", "23", "24", "14", "16", "15", "0", "0", "0", "0", "0", "0", "0", "0", "0", "0", "16", "0", "20", "25", "16", "18", "17", "0", "0", "0", "0", "0", "0", "0", "0", "0", "0", "0", "0", "0", "0", "0", "0", "0", "0", "0", "0", "0", "0", "0", "0", "0", "0", "0", "0", "0", "0", "0", "0", "0", "0", "0", "0", "0", "0", "0", "0", "0", "0", "0", "0", "0", "0", "0", "0", "0", "0", "0", "0", "0", "0", "0", "0", "0", "0", "0", "0", "0", "0", "0", "0", "0", "0", "0", "0", "0", "0", "0", "0", "0", "0", "0", "0", "0", "0", "0", "0", "0", "0", "0", "0", "0", "0", "0", "0", "0", "0", "0", "0", "0", "0", "0", "0", "0", "0", "0", "0", "0", "0", "0", "0", "0", "0", "0", "0", "0", "0", "0", "0", "0", "0", "0", "0", "0", "0", "0", "0", "0", "0", "0", "0", "0", "0", "0", "0", "0", "0", "0", "0", "0", "0", "0", "0", "0", "0", "0", "0", "0", "0", "0", "0", "0", "0"]]}