{"state": {"resTurn": "30", "h": "10", "w": "9", "score": [["1", "0", "0", "1", "1", "1", "0", "0", "1"], ["1", "2", "-2", "1", "0", "1", "-2", "2", "1"], ["1", "1", "1", "0", "2", "0", "1", "1", "1"], ["2", "3", "3", "0", "-3", "0", "3", "3", "2"], ["0", "1", "1", "1", "4", "1", "1", "1", "0"], ["0", "1", "-2", "3", "-2", "3", "-2", "1", "0"], ["-3", "1", "1", "1", "0", "1", "1", "1", "-3"], ["2", "0", "2", "1", "0", "1", "2", "0", "2"], ["2", "2", "-2", "-2", "1", "-2", "-2", "2", "2"], ["3", "0", "0", "-3", "1", "-3", "0", "0", "3"]], "color": [["1", "1", "1", "1", "0", "2", "2", "2", "2"], ["0", "1", "1", "1", "0", "2", "2", "2", "2"], ["1", "1", "1", "1", "1", "0", "2", "2", "0"], ["1", "1", "0", "1", "0", "2", "2", "2", "0"], ["1", "0", "1", "0", "0", "2", "2", "2", "2"], ["1", "1", "0", "1", "0", "2", "2", "2", "0"], ["1", "0", "1", "1", "1", "0", "2", "0", "0"], ["0", "0", "1", "0", "0", "1", "0", "0", "0"], ["0", "0", "0", "0", "0", "1", "1", "1", "1"], ["0", "0", "0", "0", "0", "0", "1", "1", "1"]], "pos": [{"x": "7", "y": "8"}, {"x": "2", "y": "1"}, {"x": "5", "y": "5"}, {"x": "6", "y": "0"}]}, "q": "-0.001360754409747804", "z": "1", "visitCount": [["10", "10", "14", "7", "10", "13", "10", "11", "11", "0", "0", "0", "0", "0", "0", "0", "0", "8", "17", "20", "9", "7", "16", "18", "10", "10", "0", "0", "0", "0", "0", "0", "0", "0", "12", "21", "10", "8", "17", "13", "11", "9", "9", "0", "0", "0", "0", "0", "0", "0", "0", "11", "9", "16", "18", "16", "13", "19", "20", "10", "0", "0", "0", "0", "0", "0", "0", "0", "14", "11", "20", "9", "16", "12", "7", "17", "13", "0", "0", "0", "0", "0", "0", "0", "0", "11", "11", "13", "14", "14", "11", "10", "11", "14", "0", "0", "0", "0", "0", "0", "0", "0", "9", "19", "10", "11", "11", "20", "11", "18", "10", "0", "0", "0", "0", "0", "0", "0", "0", "9", "8", "12", "11", "11", "10", "12", "10", "7", "0", "0", "0", "0", "0", "0", "0", "0", "14", "12", "9", "13", "13", "17", "10", "14", "10", "0", "0", "0", "0", "0", "0", "0", "0", "0", "0", "0", "0", "0", "0", "0", "0", "0", "0", "0", "0", "0", "0", "0", "0", "0", "0", "0", "0", "0", "0", "0", "0", "0", "0", "0", "0", "0", "0", "0", "0", "0", "0", "0", "0", "0", "0", "0", "0", "0", "0", "0", "0", "0", "0", "0", "0", "0", "0", "0", "0", "0", "0", "0", "0", "0", "0", "0", "0", "0", "0", "0", "0", "0", "0", "0", "0", "0", "0", "0", "0", "0", "0", "0", "0", "0", "0", "0", "0", "0", "0", "0", "0", "0", "0", "0", "0", "0", "0", "0", "0", "0", "0", "0", "0", "0", "0", "0", "0", "0", "0", "0", "0", "0", "0", "0", "0", "0", "0", "0", "0", "0", "0", "0", "0", "0", "0", "0", "0", "0", "0", "0", "0", "0", "0", "0", "0", "0", "0", "0", "0", "0", "0", "0", "0"], ["15", "13", "23", "23", "24", "0", "0", "0", "22", "0", "0", "0", "0", "0", "0", "0", "0", "14", "12", "23", "21", "26", "0", "0", "0", "11", "0", "0", "0", "0", "0", "0", "0", "0", "10", "14", "23", "11", "23", "0", "0", "0", "16", "0", "0", "0", "0", "0", "0", "0", "0", "0", "0", "0", "0", "0", "0", "0", "0", "0", "0", "0", "0", "0", "0", "0", "0", "0", "24", "29", "15", "31", "20", "0", "0", "0", "16", "0", "0", "0", "0", "0", "0", "0", "0", "23", "21", "11", "16", "11", "0", "0", "0", "19", "0", "0", "0", "0", "0", "0", "0", "0", "12", "23", "17", "28", "11", "0", "0", "0", "24", "0", "0", "0", "0", "0", "0", "0", "0", "16", "20", "18", "20", "16", "0", "0", "0", "17", "0", "0", "0", "0", "0", "0", "0", "0", "13", "26", "15", "27", "15", "0", "0", "0", "20", "0", "0", "0", "0", "0", "0", "0", "0", "0", "0", "0", "0", "0", "0", "0", "0", "0", "0", "0", "0", "0", "0", "0", "0", "0", "0", "0", "0", "0", "0", "0", "0", "0", "0", "0", "0", "0", "0", "0", "0", "0", "0", "21", "23", "18", "10", "21", "0", "0", "0", "11", "0", "0", "0", "0", "0", "0", "0", "0", "0", "0", "0", "0", "0", "0", "0", "0", "0", "0", "0", "0", "0", "0", "0", "0", "0", "0", "0", "0", "0", "0", "0", "0", "0", "0", "0", "0", "0", "0", "0", "0", "0", "0", "0", "0", "0", "0", "0", "0", "0", "0", "0", "0", "0", "0", "0", "0", "0", "0", "0", "0", "0", "0", "0", "0", "0", "0", "0", "0", "0", "0", "0", "0", "0", "0", "0", "0", "0", "0", "0", "0", "0", "0", "0", "0", "0", "0", "0", "0", "0", "0", "0", "0", "0"]]}