{"state": {"resTurn": "28", "h": "10", "w": "9", "score": [["1", "0", "0", "1", "1", "1", "0", "0", "1"], ["1", "2", "-2", "1", "0", "1", "-2", "2", "1"], ["1", "1", "1", "0", "2", "0", "1", "1", "1"], ["2", "3", "3", "0", "-3", "0", "3", "3", "2"], ["0", "1", "1", "1", "4", "1", "1", "1", "0"], ["0", "1", "-2", "3", "-2", "3", "-2", "1", "0"], ["-3", "1", "1", "1", "0", "1", "1", "1", "-3"], ["2", "0", "2", "1", "0", "1", "2", "0", "2"], ["2", "2", "-2", "-2", "1", "-2", "-2", "2", "2"], ["3", "0", "0", "-3", "1", "-3", "0", "0", "3"]], "color": [["1", "1", "1", "1", "0", "2", "2", "2", "2"], ["0", "1", "1", "1", "0", "2", "2", "2", "2"], ["1", "1", "1", "1", "1", "0", "2", "2", "0"], ["1", "1", "1", "1", "0", "2", "2", "2", "0"], ["1", "0", "1", "0", "0", "2", "2", "2", "2"], ["1", "1", "0", "1", "2", "2", "2", "2", "0"], ["1", "0", "1", "1", "1", "0", "2", "0", "0"], ["0", "0", "1", "0", "0", "1", "0", "0", "0"], ["0", "0", "0", "0", "0", "1", "1", "1", "1"], ["0", "0", "0", "0", "0", "0", "1", "1", "1"]], "pos": [{"x": "6", "y": "8"}, {"x": "2", "y": "3"}, {"x": "4", "y": "5"}, {"x": "5", "y": "0"}]}, "q": "-0.0009110284248786918", "z": "1", "visitCount": [["12", "10", "11", "18", "12", "13", "13", "13", "14", "0", "0", "0", "0", "0", "0", "0", "0", "16", "9", "14", "12", "11", "9", "16", "11", "11", "0", "0", "0", "0", "0", "0", "0", "0", "17", "14", "9", "10", "11", "12", "12", "14", "13", "0", "0", "0", "0", "0", "0", "0", "0", "8", "12", "8", "9", "12", "14", "8", "20", "13", "0", "0", "0", "0", "0", "0", "0", "0", "15", "15", "13", "13", "16", "11", "16", "16", "19", "0", "0", "0", "0", "0", "0", "0", "0", "15", "11", "12", "14", "10", "8", "12", "7", "10", "0", "0", "0", "0", "0", "0", "0", "0", "12", "8", "9", "13", "12", "16", "13", "11", "15", "0", "0", "0", "0", "0", "0", "0", "0", "13", "13", "11", "9", "12", "14", "14", "10", "11", "0", "0", "0", "0", "0", "0", "0", "0", "15", "19", "9", "9", "10", "14", "9", "12", "13", "0", "0", "0", "0", "0", "0", "0", "0", "0", "0", "0", "0", "0", "0", "0", "0", "0", "0", "0", "0", "0", "0", "0", "0", "0", "0", "0", "0", "0", "0", "0", "0", "0", "0", "0", "0", "0", "0", "0", "0", "0", "0", "0", "0", "0", "0", "0", "0", "0", "0", "0", "0", "0", "0", "0", "0", "0", "0", "0", "0", "0", "0", "0", "0", "0", "0", "0", "0", "0", "0", "0", "0", "0", "0", "0", "0", "0", "0", "0", "0", "0", "0", "0", "0", "0", "0", "0", "0", "0", "0", "0", "0", "0", "0", "0", "0", "0", "0", "0", "0", "0", "0", "0", "0", "0", "0", "0", "0", "0", "0", "0", "0", "0", "0", "0", "0", "0", "0", "0", "0", "0", "0", "0", "0", "0", "0", "0", "0", "0", "0", "0", "0", "0", "0", "0", "0", "0", "0", "0", "0", "0", "0", "0", "0"], ["27", "19", "32", "18", "20", "0", "0", "0", "12", "0", "0", "0", "0", "0", "0", "0", "0", "14", "13", "14", "14", "10", "0", "0", "0", "23", "0", "0", "0", "0", "0", "0", "0", "0", "0", "0", "0", "0", "0", "0", "0", "0", "0", "0", "0", "0", "0", "0", "0", "0", "0", "0", "0", "0", "0", "0", "0", "0", "0", "0", "0", "0", "0", "0", "0", "0", "0", "0", "0", "0", "0", "0", "0", "0", "0", "0", "0", "0", "0", "0", "0", "0", "0", "0", "0", "21", "12", "20", "25", "24", "0", "0", "0", "34", "0", "0", "0", "0", "0", "0", "0", "0", "14", "18", "16", "20", "17", "0", "0", "0", "14", "0", "0", "0", "0", "0", "0", "0", "0", "14", "18", "12", "27", "16", "0", "0", "0", "27", "0", "0", "0", "0", "0", "0", "0", "0", "19", "14", "19", "12", "16", "0", "0", "0", "16", "0", "0", "0", "0", "0", "0", "0", "0", "0", "0", "0", "0", "0", "0", "0", "0", "0", "0", "0", "0", "0", "0", "0", "0", "0", "12", "23", "14", "25", "19", "0", "0", "0", "14", "0", "0", "0", "0", "0", "0", "0", "0", "11", "33", "16", "31", "9", "0", "0", "0", "13", "0", "0", "0", "0", "0", "0", "0", "0", "13", "24", "20", "32", "13", "0", "0", "0", "17", "0", "0", "0", "0", "0", "0", "0", "0", "0", "0", "0", "0", "0", "0", "0", "0", "0", "0", "0", "0", "0", "0", "0", "0", "0", "0", "0", "0", "0", "0", "0", "0", "0", "0", "0", "0", "0", "0", "0", "0", "0", "0", "0", "0", "0", "0", "0", "0", "0", "0", "0", "0", "0", "0", "0", "0", "0", "0", "0", "0", "0", "0", "0", "0", "0", "0", "0", "0", "0", "0", "0", "0", "0", "0", "0", "0"]]}