{"state": {"resTurn": "26", "h": "10", "w": "9", "score": [["1", "0", "0", "1", "1", "1", "0", "0", "1"], ["1", "2", "-2", "1", "0", "1", "-2", "2", "1"], ["1", "1", "1", "0", "2", "0", "1", "1", "1"], ["2", "3", "3", "0", "-3", "0", "3", "3", "2"], ["0", "1", "1", "1", "4", "1", "1", "1", "0"], ["0", "1", "-2", "3", "-2", "3", "-2", "1", "0"], ["-3", "1", "1", "1", "0", "1", "1", "1", "-3"], ["2", "0", "2", "1", "0", "1", "2", "0", "2"], ["2", "2", "-2", "-2", "1", "-2", "-2", "2", "2"], ["3", "0", "0", "-3", "1", "-3", "0", "0", "3"]], "color": [["1", "1", "1", "1", "0", "2", "2", "2", "2"], ["0", "1", "1", "1", "0", "2", "2", "2", "2"], ["1", "1", "1", "1", "1", "0", "2", "2", "0"], ["1", "1", "1", "1", "0", "2", "2", "2", "0"], ["1", "0", "1", "2", "0", "2", "2", "2", "2"], ["1", "1", "2", "1", "2", "2", "2", "2", "0"], ["1", "0", "1", "1", "1", "0", "2", "0", "0"], ["0", "0", "1", "0", "0", "1", "0", "0", "0"], ["0", "0", "0", "0", "1", "1", "1", "1", "1"], ["0", "0", "0", "0", "0", "1", "1", "1", "1"]], "pos": [{"x": "4", "y": "8"}, {"x": "3", "y": "3"}, {"x": "2", "y": "5"}, {"x": "5", "y": "0"}]}, "q": "-0.0005751970176224736", "z": "1", "visitCount": [["11", "9", "0", "11", "12", "19", "10", "9", "11", "0", "10", "0", "0", "0", "0", "0", "0", "10", "20", "0", "9", "17", "7", "9", "18", "7", "0", "10", "0", "0", "0", "0", "0", "0", "12", "9", "0", "13", "11", "12", "11", "10", "11", "0", "11", "0", "0", "0", "0", "0", "0", "23", "15", "0", "12", "12", "9", "13", "10", "11", "0", "13", "0", "0", "0", "0", "0", "0", "9", "11", "0", "9", "19", "11", "11", "10", "13", "0", "8", "0", "0", "0", "0", "0", "0", "12", "9", "0", "13", "10", "12", "10", "10", "16", "0", "12", "0", "0", "0", "0", "0", "0", "11", "15", "0", "11", "11", "14", "11", "11", "14", "0", "18", "0", "0", "0", "0", "0", "0", "14", "9", "0", "11", "12", "15", "12", "10", "12", "0", "12", "0", "0", "0", "0", "0", "0", "7", "15", "0", "13", "17", "12", "19", "24", "18", "0", "20", "0", "0", "0", "0", "0", "0", "0", "0", "0", "0", "0", "0", "0", "0", "0", "0", "0", "0", "0", "0", "0", "0", "0", "0", "0", "0", "0", "0", "0", "0", "0", "0", "0", "0", "0", "0", "0", "0", "0", "0", "0", "0", "0", "0", "0", "0", "0", "0", "0", "0", "0", "0", "0", "0", "0", "0", "0", "0", "0", "0", "0", "0", "0", "0", "0", "0", "0", "0", "0", "0", "0", "0", "0", "0", "0", "0", "0", "0", "0", "0", "0", "0", "0", "0", "0", "0", "0", "0", "0", "0", "0", "0", "0", "0", "0", "0", "0", "0", "0", "0", "0", "0", "0", "0", "0", "0", "0", "0", "0", "0", "0", "0", "0", "0", "0", "0", "0", "0", "0", "0", "0", "0", "0", "0", "0", "0", "0", "0", "0", "0", "0", "0", "0", "0", "0", "0", "0", "0", "0", "0", "0", "0"], ["18", "18", "14", "15", "20", "0", "0", "0", "20", "0", "0", "0", "0", "0", "0", "0", "0", "0", "0", "0", "0", "0", "0", "0", "0", "0", "0", "0", "0", "0", "0", "0", "0", "0", "0", "0", "0", "0", "0", "0", "0", "0", "0", "0", "0", "0", "0", "0", "0", "0", "0", "18", "20", "19", "18", "12", "0", "0", "0", "19", "0", "0", "0", "0", "0", "0", "0", "0", "0", "0", "0", "0", "0", "0", "0", "0", "0", "0", "0", "0", "0", "0", "0", "0", "0", "22", "15", "12", "21", "23", "0", "0", "0", "17", "0", "0", "0", "0", "0", "0", "0", "0", "0", "0", "0", "0", "0", "0", "0", "0", "0", "0", "0", "0", "0", "0", "0", "0", "0", "12", "11", "20", "18", "14", "0", "0", "0", "17", "0", "0", "0", "0", "0", "0", "0", "0", "0", "0", "0", "0", "0", "0", "0", "0", "0", "0", "0", "0", "0", "0", "0", "0", "0", "18", "16", "28", "13", "25", "0", "0", "0", "25", "0", "0", "0", "0", "0", "0", "0", "0", "18", "24", "19", "16", "21", "0", "0", "0", "18", "0", "0", "0", "0", "0", "0", "0", "0", "0", "0", "0", "0", "0", "0", "0", "0", "0", "0", "0", "0", "0", "0", "0", "0", "0", "14", "23", "16", "32", "20", "0", "0", "0", "23", "0", "0", "0", "0", "0", "0", "0", "0", "0", "0", "0", "0", "0", "0", "0", "0", "0", "0", "0", "0", "0", "0", "0", "0", "0", "21", "12", "8", "29", "21", "0", "0", "0", "20", "0", "0", "0", "0", "0", "0", "0", "0", "0", "0", "0", "0", "0", "0", "0", "0", "0", "0", "0", "0", "0", "0", "0", "0", "0", "17", "12", "13", "21", "25", "0", "0", "0", "19", "0", "0", "0", "0", "0", "0", "0", "0"]]}