{"state": {"resTurn": "25", "h": "10", "w": "9", "score": [["1", "0", "0", "1", "1", "1", "0", "0", "1"], ["1", "2", "-2", "1", "0", "1", "-2", "2", "1"], ["1", "1", "1", "0", "2", "0", "1", "1", "1"], ["2", "3", "3", "0", "-3", "0", "3", "3", "2"], ["0", "1", "1", "1", "4", "1", "1", "1", "0"], ["0", "1", "-2", "3", "-2", "3", "-2", "1", "0"], ["-3", "1", "1", "1", "0", "1", "1", "1", "-3"], ["2", "0", "2", "1", "0", "1", "2", "0", "2"], ["2", "2", "-2", "-2", "1", "-2", "-2", "2", "2"], ["3", "0", "0", "-3", "1", "-3", "0", "0", "3"]], "color": [["1", "1", "1", "1", "0", "2", "2", "2", "2"], ["0", "1", "1", "1", "2", "2", "2", "2", "2"], ["1", "1", "1", "1", "1", "0", "2", "2", "0"], ["1", "1", "1", "1", "0", "2", "2", "2", "0"], ["1", "0", "1", "2", "0", "2", "2", "2", "2"], ["1", "0", "2", "1", "2", "2", "2", "2", "0"], ["1", "0", "1", "1", "1", "0", "2", "0", "0"], ["0", "0", "1", "0", "0", "1", "0", "0", "0"], ["0", "0", "0", "0", "1", "1", "1", "1", "1"], ["0", "0", "0", "0", "0", "1", "1", "1", "1"]], "pos": [{"x": "5", "y": "8"}, {"x": "4", "y": "2"}, {"x": "2", "y": "5"}, {"x": "4", "y": "1"}]}, "q": "-0.0004447732077201646", "z": "1", "visitCount": [["15", "0", "13", "10", "17", "12", "0", "0", "11", "10", "0", "0", "0", "0", "12", "13", "0", "13", "0", "8", "11", "7", "14", "0", "0", "12", "7", "0", "0", "0", "0", "9", "12", "0", "13", "0", "13", "16", "12", "17", "0", "0", "19", "14", "0", "0", "0", "0", "11", "9", "0", "11", "0", "23", "20", "12", "11", "0", "0", "8", "16", "0", "0", "0", "0", "10", "11", "0", "12", "0", "7", "12", "11", "10", "0", "0", "13", "15", "0", "0", "0", "0", "14", "13", "0", "11", "0", "11", "7", "11", "17", "0", "0", "10", "13", "0", "0", "0", "0", "12", "10", "0", "15", "0", "8", "9", "11", "21", "0", "0", "10", "13", "0", "0", "0", "0", "10", "11", "0", "12", "0", "18", "12", "11", "13", "0", "0", "12", "11", "0", "0", "0", "0", "13", "14", "0", "11", "0", "17", "16", "7", "9", "0", "0", "15", "11", "0", "0", "0", "0", "16", "13", "0", "0", "0", "0", "0", "0", "0", "0", "0", "0", "0", "0", "0", "0", "0", "0", "0", "0", "0", "0", "0", "0", "0", "0", "0", "0", "0", "0", "0", "0", "0", "0", "0", "0", "0", "0", "0", "0", "0", "0", "0", "0", "0", "0", "0", "0", "0", "0", "0", "0", "0", "0", "0", "0", "0", "0", "0", "0", "0", "0", "0", "0", "0", "0", "0", "0", "0", "0", "0", "0", "0", "0", "0", "0", "0", "0", "0", "0", "0", "0", "0", "0", "0", "0", "0", "0", "0", "0", "0", "0", "0", "0", "0", "0", "0", "0", "0", "0", "0", "0", "0", "0", "0", "0", "0", "0", "0", "0", "0", "0", "0", "0", "0", "0", "0", "0", "0", "0", "0", "0", "0", "0", "0", "0", "0", "0", "0", "0", "0", "0", "0", "0", "0", "0", "0", "0", "0"], ["7", "9", "0", "0", "0", "0", "10", "12", "10", "0", "15", "18", "14", "17", "0", "0", "0", "0", "0", "0", "0", "0", "0", "0", "0", "0", "0", "0", "0", "0", "0", "0", "0", "0", "0", "0", "0", "0", "0", "0", "0", "0", "0", "0", "0", "0", "0", "0", "0", "0", "0", "15", "16", "0", "0", "0", "0", "7", "13", "10", "0", "10", "12", "19", "11", "0", "0", "0", "9", "14", "0", "0", "0", "0", "12", "7", "11", "0", "14", "19", "11", "14", "0", "0", "0", "5", "14", "0", "0", "0", "0", "10", "9", "10", "0", "10", "10", "8", "7", "0", "0", "0", "0", "0", "0", "0", "0", "0", "0", "0", "0", "0", "0", "0", "0", "0", "0", "0", "0", "10", "10", "0", "0", "0", "0", "11", "12", "14", "0", "11", "11", "12", "8", "0", "0", "0", "0", "0", "0", "0", "0", "0", "0", "0", "0", "0", "0", "0", "0", "0", "0", "0", "0", "21", "15", "0", "0", "0", "0", "10", "18", "17", "0", "18", "11", "5", "14", "0", "0", "0", "9", "9", "0", "0", "0", "0", "20", "10", "18", "0", "12", "17", "10", "20", "0", "0", "0", "0", "0", "0", "0", "0", "0", "0", "0", "0", "0", "0", "0", "0", "0", "0", "0", "0", "0", "0", "0", "0", "0", "0", "0", "0", "0", "0", "0", "0", "0", "0", "0", "0", "0", "0", "0", "0", "0", "0", "0", "0", "0", "0", "0", "0", "0", "0", "0", "0", "0", "0", "12", "13", "0", "0", "0", "0", "8", "18", "10", "0", "18", "20", "10", "12", "0", "0", "0", "0", "0", "0", "0", "0", "0", "0", "0", "0", "0", "0", "0", "0", "0", "0", "0", "0", "13", "8", "0", "0", "0", "0", "14", "9", "10", "0", "11", "11", "19", "12", "0", "0", "0"]]}