{"state": {"resTurn": "24", "h": "10", "w": "9", "score": [["1", "0", "0", "1", "1", "1", "0", "0", "1"], ["1", "2", "-2", "1", "0", "1", "-2", "2", "1"], ["1", "1", "1", "0", "2", "0", "1", "1", "1"], ["2", "3", "3", "0", "-3", "0", "3", "3", "2"], ["0", "1", "1", "1", "4", "1", "1", "1", "0"], ["0", "1", "-2", "3", "-2", "3", "-2", "1", "0"], ["-3", "1", "1", "1", "0", "1", "1", "1", "-3"], ["2", "0", "2", "1", "0", "1", "2", "0", "2"], ["2", "2", "-2", "-2", "1", "-2", "-2", "2", "2"], ["3", "0", "0", "-3", "1", "-3", "0", "0", "3"]], "color": [["1", "1", "1", "1", "0", "2", "2", "2", "2"], ["0", "1", "1", "1", "2", "2", "2", "2", "2"], ["1", "1", "1", "1", "1", "0", "2", "2", "0"], ["1", "1", "1", "1", "1", "2", "2", "2", "0"], ["1", "0", "1", "2", "0", "2", "2", "2", "2"], ["1", "0", "2", "1", "2", "2", "2", "2", "0"], ["1", "0", "1", "0", "1", "0", "2", "0", "0"], ["0", "0", "1", "0", "0", "1", "0", "0", "0"], ["0", "0", "0", "0", "1", "1", "1", "1", "1"], ["0", "0", "0", "0", "1", "1", "1", "1", "1"]], "pos": [{"x": "4", "y": "9"}, {"x": "4", "y": "3"}, {"x": "2", "y": "5"}, {"x": "4", "y": "1"}]}, "q": "-0.0006981288493509937", "z": "1", "visitCount": [["9", "0", "8", "0", "20", "27", "25", "23", "0", "15", "0", "13", "0", "0", "0", "0", "17", "0", "0", "0", "0", "0", "0", "0", "0", "0", "0", "0", "0", "0", "0", "0", "0", "0", "0", "0", "0", "0", "0", "0", "0", "0", "0", "0", "0", "0", "0", "0", "0", "0", "0", "0", "0", "0", "0", "0", "0", "0", "0", "0", "0", "0", "0", "0", "0", "0", "0", "0", "12", "0", "13", "0", "18", "10", "22", "7", "0", "10", "0", "9", "0", "0", "0", "0", "46", "21", "0", "18", "0", "13", "11", "28", "24", "0", "14", "0", "18", "0", "0", "0", "0", "20", "21", "0", "22", "0", "14", "20", "17", "42", "0", "9", "0", "16", "0", "0", "0", "0", "17", "32", "0", "40", "0", "21", "16", "19", "13", "0", "15", "0", "27", "0", "0", "0", "0", "17", "14", "0", "15", "0", "19", "13", "20", "15", "0", "23", "0", "21", "0", "0", "0", "0", "11", "0", "0", "0", "0", "0", "0", "0", "0", "0", "0", "0", "0", "0", "0", "0", "0", "0", "0", "0", "0", "0", "0", "0", "0", "0", "0", "0", "0", "0", "0", "0", "0", "0", "0", "0", "0", "0", "0", "0", "0", "0", "0", "0", "0", "0", "0", "0", "0", "0", "0", "0", "0", "0", "0", "0", "0", "0", "0", "0", "0", "0", "0", "0", "0", "0", "0", "0", "0", "0", "0", "0", "0", "0", "0", "0", "0", "0", "0", "0", "0", "0", "0", "0", "0", "0", "0", "0", "0", "0", "0", "0", "0", "0", "0", "0", "0", "0", "0", "0", "0", "0", "0", "0", "0", "0", "0", "0", "0", "0", "0", "0", "0", "0", "0", "0", "0", "0", "0", "0", "0", "0", "0", "0", "0", "0", "0", "0", "0", "0", "0", "0", "0", "0", "0", "0", "0"], ["20", "12", "0", "0", "0", "0", "12", "8", "17", "0", "9", "11", "8", "15", "0", "0", "0", "11", "9", "0", "0", "0", "0", "12", "11", "13", "0", "10", "16", "14", "14", "0", "0", "0", "0", "0", "0", "0", "0", "0", "0", "0", "0", "0", "0", "0", "0", "0", "0", "0", "0", "14", "7", "0", "0", "0", "0", "8", "9", "14", "0", "11", "7", "11", "14", "0", "0", "0", "11", "13", "0", "0", "0", "0", "7", "13", "10", "0", "9", "11", "15", "11", "0", "0", "0", "10", "14", "0", "0", "0", "0", "9", "13", "14", "0", "15", "6", "11", "11", "0", "0", "0", "0", "0", "0", "0", "0", "0", "0", "0", "0", "0", "0", "0", "0", "0", "0", "0", "0", "16", "11", "0", "0", "0", "0", "10", "19", "18", "0", "17", "10", "18", "12", "0", "0", "0", "0", "0", "0", "0", "0", "0", "0", "0", "0", "0", "0", "0", "0", "0", "0", "0", "0", "0", "0", "0", "0", "0", "0", "0", "0", "0", "0", "0", "0", "0", "0", "0", "0", "0", "14", "10", "0", "0", "0", "0", "14", "11", "19", "0", "13", "10", "14", "12", "0", "0", "0", "0", "0", "0", "0", "0", "0", "0", "0", "0", "0", "0", "0", "0", "0", "0", "0", "0", "0", "0", "0", "0", "0", "0", "0", "0", "0", "0", "0", "0", "0", "0", "0", "0", "0", "0", "0", "0", "0", "0", "0", "0", "0", "0", "0", "0", "0", "0", "0", "0", "0", "0", "19", "10", "0", "0", "0", "0", "16", "22", "8", "0", "14", "10", "11", "12", "0", "0", "0", "0", "0", "0", "0", "0", "0", "0", "0", "0", "0", "0", "0", "0", "0", "0", "0", "0", "10", "14", "0", "0", "0", "0", "11", "16", "16", "0", "8", "11", "8", "16", "0", "0", "0"]]}