{"state": {"resTurn": "23", "h": "10", "w": "9", "score": [["1", "0", "0", "1", "1", "1", "0", "0", "1"], ["1", "2", "-2", "1", "0", "1", "-2", "2", "1"], ["1", "1", "1", "0", "2", "0", "1", "1", "1"], ["2", "3", "3", "0", "-3", "0", "3", "3", "2"], ["0", "1", "1", "1", "4", "1", "1", "1", "0"], ["0", "1", "-2", "3", "-2", "3", "-2", "1", "0"], ["-3", "1", "1", "1", "0", "1", "1", "1", "-3"], ["2", "0", "2", "1", "0", "1", "2", "0", "2"], ["2", "2", "-2", "-2", "1", "-2", "-2", "2", "2"], ["3", "0", "0", "-3", "1", "-3", "0", "0", "3"]], "color": [["1", "1", "1", "1", "0", "2", "2", "2", "2"], ["0", "1", "1", "1", "2", "2", "2", "2", "2"], ["1", "1", "1", "1", "1", "0", "2", "2", "0"], ["1", "1", "1", "1", "1", "0", "2", "2", "0"], ["1", "0", "0", "2", "0", "2", "2", "2", "2"], ["1", "0", "2", "1", "2", "2", "2", "2", "0"], ["1", "0", "1", "0", "1", "0", "2", "0", "0"], ["0", "0", "1", "0", "0", "1", "0", "0", "0"], ["0", "0", "0", "0", "1", "1", "1", "1", "1"], ["0", "0", "0", "1", "1", "1", "1", "1", "1"]], "pos": [{"x": "3", "y": "9"}, {"x": "4", "y": "3"}, {"x": "2", "y": "5"}, {"x": "5", "y": "0"}]}, "q": "-0.0001645654829328104", "z": "1", "visitCount": [["14", "0", "16", "0", "29", "25", "26", "30", "17", "16", "0", "17", "0", "0", "0", "0", "0", "0", "0", "0", "0", "0", "0", "0", "0", "0", "0", "0", "0", "0", "0", "0", "0", "0", "0", "0", "0", "0", "0", "0", "0", "0", "0", "0", "0", "0", "0", "0", "0", "0", "0", "0", "0", "0", "0", "0", "0", "0", "0", "0", "0", "0", "0", "0", "0", "0", "0", "0", "15", "0", "18", "0", "18", "8", "24", "19", "20", "21", "0", "17", "0", "0", "0", "0", "0", "14", "0", "12", "0", "15", "9", "19", "20", "13", "16", "0", "21", "0", "0", "0", "0", "0", "14", "0", "20", "0", "15", "18", "16", "22", "30", "20", "0", "16", "0", "0", "0", "0", "0", "16", "0", "14", "0", "21", "16", "24", "15", "25", "21", "0", "10", "0", "0", "0", "0", "0", "16", "0", "20", "0", "32", "26", "14", "18", "16", "15", "0", "21", "0", "0", "0", "0", "0", "0", "0", "0", "0", "0", "0", "0", "0", "0", "0", "0", "0", "0", "0", "0", "0", "0", "0", "0", "0", "0", "0", "0", "0", "0", "0", "0", "0", "0", "0", "0", "0", "0", "0", "0", "0", "0", "0", "0", "0", "0", "0", "0", "0", "0", "0", "0", "0", "0", "0", "0", "0", "0", "0", "0", "0", "0", "0", "0", "0", "0", "0", "0", "0", "0", "0", "0", "0", "0", "0", "0", "0", "0", "0", "0", "0", "0", "0", "0", "0", "0", "0", "0", "0", "0", "0", "0", "0", "0", "0", "0", "0", "0", "0", "0", "0", "0", "0", "0", "0", "0", "0", "0", "0", "0", "0", "0", "0", "0", "0", "0", "0", "0", "0", "0", "0", "0", "0", "0", "0", "0", "0", "0", "0", "0", "0", "0", "0", "0", "0", "0", "0", "0", "0", "0", "0"], ["19", "22", "17", "26", "16", "0", "0", "0", "11", "0", "0", "0", "0", "0", "0", "0", "0", "20", "23", "27", "12", "23", "0", "0", "0", "18", "0", "0", "0", "0", "0", "0", "0", "0", "0", "0", "0", "0", "0", "0", "0", "0", "0", "0", "0", "0", "0", "0", "0", "0", "0", "20", "31", "18", "10", "17", "0", "0", "0", "15", "0", "0", "0", "0", "0", "0", "0", "0", "18", "23", "15", "20", "20", "0", "0", "0", "37", "0", "0", "0", "0", "0", "0", "0", "0", "20", "8", "14", "13", "11", "0", "0", "0", "17", "0", "0", "0", "0", "0", "0", "0", "0", "37", "19", "20", "10", "11", "0", "0", "0", "15", "0", "0", "0", "0", "0", "0", "0", "0", "11", "17", "12", "23", "17", "0", "0", "0", "16", "0", "0", "0", "0", "0", "0", "0", "0", "0", "0", "0", "0", "0", "0", "0", "0", "0", "0", "0", "0", "0", "0", "0", "0", "0", "0", "0", "0", "0", "0", "0", "0", "0", "0", "0", "0", "0", "0", "0", "0", "0", "0", "9", "22", "19", "20", "24", "0", "0", "0", "11", "0", "0", "0", "0", "0", "0", "0", "0", "0", "0", "0", "0", "0", "0", "0", "0", "0", "0", "0", "0", "0", "0", "0", "0", "0", "0", "0", "0", "0", "0", "0", "0", "0", "0", "0", "0", "0", "0", "0", "0", "0", "0", "0", "0", "0", "0", "0", "0", "0", "0", "0", "0", "0", "0", "0", "0", "0", "0", "0", "0", "0", "0", "0", "0", "0", "0", "0", "0", "0", "0", "0", "0", "0", "0", "0", "0", "0", "0", "0", "0", "0", "0", "0", "0", "0", "0", "0", "0", "0", "0", "0", "0", "0", "18", "25", "21", "18", "23", "0", "0", "0", "21", "0", "0", "0", "0", "0", "0", "0", "0"]]}