{"state": {"resTurn": "83", "h": "10", "w": "9", "score": [["1", "0", "0", "1", "1", "1", "0", "0", "1"], ["1", "2", "-2", "1", "0", "1", "-2", "2", "1"], ["1", "1", "1", "0", "2", "0", "1", "1", "1"], ["2", "3", "3", "0", "-3", "0", "3", "3", "2"], ["0", "1", "1", "1", "4", "1", "1", "1", "0"], ["0", "1", "-2", "3", "-2", "3", "-2", "1", "0"], ["-3", "1", "1", "1", "0", "1", "1", "1", "-3"], ["2", "0", "2", "1", "0", "1", "2", "0", "2"], ["2", "2", "-2", "-2", "1", "-2", "-2", "2", "2"], ["3", "0", "0", "-3", "1", "-3", "0", "0", "3"]], "color": [["1", "1", "0", "0", "0", "0", "0", "2", "2"], ["0", "0", "1", "1", "1", "0", "0", "2", "2"], ["1", "1", "1", "0", "0", "1", "0", "0", "0"], ["1", "1", "0", "1", "0", "2", "2", "2", "0"], ["0", "0", "0", "0", "0", "0", "0", "2", "2"], ["0", "0", "0", "0", "0", "0", "0", "2", "0"], ["0", "0", "0", "0", "0", "0", "0", "0", "0"], ["0", "0", "0", "0", "0", "0", "0", "0", "0"], ["0", "0", "0", "0", "0", "0", "0", "0", "0"], ["0", "0", "0", "0", "0", "0", "0", "0", "0"]], "pos": [{"x": "0", "y": "3"}, {"x": "5", "y": "2"}, {"x": "8", "y": "4"}, {"x": "7", "y": "0"}]}, "q": "0.0008923127103825162", "z": "1", "visitCount": [["17", "0", "0", "17", "14", "21", "17", "18", "24", "27", "23", "0", "0", "0", "0", "0", "0", "19", "0", "0", "21", "16", "18", "17", "16", "27", "15", "15", "0", "0", "0", "0", "0", "0", "12", "0", "0", "17", "13", "19", "27", "24", "15", "22", "15", "0", "0", "0", "0", "0", "0", "0", "0", "0", "0", "0", "0", "0", "0", "0", "0", "0", "0", "0", "0", "0", "0", "0", "0", "0", "0", "0", "0", "0", "0", "0", "0", "0", "0", "0", "0", "0", "0", "0", "0", "0", "0", "0", "0", "0", "0", "0", "0", "0", "0", "0", "0", "0", "0", "0", "0", "0", "12", "0", "0", "22", "11", "16", "14", "13", "19", "15", "20", "0", "0", "0", "0", "0", "0", "18", "0", "0", "20", "37", "18", "27", "24", "22", "16", "21", "0", "0", "0", "0", "0", "0", "28", "0", "0", "12", "15", "11", "20", "15", "21", "15", "14", "0", "0", "0", "0", "0", "0", "0", "0", "0", "0", "0", "0", "0", "0", "0", "0", "0", "0", "0", "0", "0", "0", "0", "0", "0", "0", "0", "0", "0", "0", "0", "0", "0", "0", "0", "0", "0", "0", "0", "0", "0", "0", "0", "0", "0", "0", "0", "0", "0", "0", "0", "0", "0", "0", "0", "0", "0", "0", "0", "0", "0", "0", "0", "0", "0", "0", "0", "0", "0", "0", "0", "0", "0", "0", "0", "0", "0", "0", "0", "0", "0", "0", "0", "0", "0", "0", "0", "0", "0", "0", "0", "0", "0", "0", "0", "0", "0", "0", "0", "0", "0", "0", "0", "0", "0", "0", "0", "0", "0", "0", "0", "0", "0", "0", "0", "0", "0", "0", "0", "0", "0", "0", "0", "0", "0", "0", "0", "0", "0", "0", "0", "0", "0", "0", "0", "0", "0", "0", "0", "0", "0", "0"], ["24", "24", "32", "21", "31", "0", "0", "0", "36", "0", "0", "0", "0", "0", "0", "0", "0", "0", "0", "0", "0", "0", "0", "0", "0", "0", "0", "0", "0", "0", "0", "0", "0", "0", "26", "22", "32", "15", "26", "0", "0", "0", "29", "0", "0", "0", "0", "0", "0", "0", "0", "28", "37", "25", "10", "26", "0", "0", "0", "34", "0", "0", "0", "0", "0", "0", "0", "0", "20", "30", "22", "35", "40", "0", "0", "0", "27", "0", "0", "0", "0", "0", "0", "0", "0", "18", "50", "24", "19", "50", "0", "0", "0", "19", "0", "0", "0", "0", "0", "0", "0", "0", "35", "24", "40", "20", "24", "0", "0", "0", "27", "0", "0", "0", "0", "0", "0", "0", "0", "0", "0", "0", "0", "0", "0", "0", "0", "0", "0", "0", "0", "0", "0", "0", "0", "0", "0", "0", "0", "0", "0", "0", "0", "0", "0", "0", "0", "0", "0", "0", "0", "0", "0", "0", "0", "0", "0", "0", "0", "0", "0", "0", "0", "0", "0", "0", "0", "0", "0", "0", "0", "0", "0", "0", "0", "0", "0", "0", "0", "0", "0", "0", "0", "0", "0", "0", "0", "0", "0", "0", "0", "0", "0", "0", "0", "0", "0", "0", "0", "0", "0", "0", "0", "0", "0", "0", "0", "0", "0", "0", "0", "0", "0", "0", "0", "0", "0", "0", "0", "0", "0", "0", "0", "0", "0", "0", "0", "0", "0", "0", "0", "0", "0", "0", "0", "0", "0", "0", "0", "0", "0", "0", "0", "0", "0", "0", "0", "0", "0", "0", "0", "0", "0", "0", "0", "0", "0", "0", "0", "0", "0", "0", "0", "0", "0", "0", "0", "0", "0", "0", "0", "0", "0", "0", "0", "0", "0", "0", "0", "0", "0", "0", "0", "0", "0", "0", "0", "0", "0"]]}