{"state": {"resTurn": "20", "h": "10", "w": "9", "score": [["1", "0", "0", "1", "1", "1", "0", "0", "1"], ["1", "2", "-2", "1", "0", "1", "-2", "2", "1"], ["1", "1", "1", "0", "2", "0", "1", "1", "1"], ["2", "3", "3", "0", "-3", "0", "3", "3", "2"], ["0", "1", "1", "1", "4", "1", "1", "1", "0"], ["0", "1", "-2", "3", "-2", "3", "-2", "1", "0"], ["-3", "1", "1", "1", "0", "1", "1", "1", "-3"], ["2", "0", "2", "1", "0", "1", "2", "0", "2"], ["2", "2", "-2", "-2", "1", "-2", "-2", "2", "2"], ["3", "0", "0", "-3", "1", "-3", "0", "0", "3"]], "color": [["1", "1", "1", "1", "0", "2", "2", "2", "2"], ["0", "1", "1", "1", "2", "2", "2", "2", "2"], ["1", "1", "1", "1", "1", "0", "2", "2", "0"], ["1", "1", "1", "1", "1", "0", "2", "2", "0"], ["1", "0", "0", "2", "0", "2", "2", "2", "2"], ["1", "2", "2", "1", "2", "2", "2", "2", "0"], ["1", "2", "1", "0", "1", "0", "2", "0", "0"], ["0", "0", "1", "0", "0", "1", "0", "0", "0"], ["0", "0", "0", "0", "1", "1", "1", "1", "1"], ["0", "0", "0", "1", "1", "1", "1", "1", "1"]], "pos": [{"x": "4", "y": "8"}, {"x": "3", "y": "3"}, {"x": "1", "y": "6"}, {"x": "7", "y": "1"}]}, "q": "-0.0001883473131036426", "z": "1", "visitCount": [["9", "15", "0", "14", "14", "10", "14", "21", "11", "0", "8", "0", "0", "0", "0", "0", "0", "9", "13", "0", "12", "13", "19", "7", "11", "8", "0", "9", "0", "0", "0", "0", "0", "0", "14", "8", "0", "12", "9", "10", "10", "11", "11", "0", "10", "0", "0", "0", "0", "0", "0", "15", "12", "0", "13", "14", "16", "11", "12", "9", "0", "10", "0", "0", "0", "0", "0", "0", "11", "12", "0", "12", "9", "8", "12", "23", "12", "0", "10", "0", "0", "0", "0", "0", "0", "16", "10", "0", "15", "11", "11", "14", "17", "12", "0", "13", "0", "0", "0", "0", "0", "0", "10", "17", "0", "10", "9", "11", "12", "13", "17", "0", "15", "0", "0", "0", "0", "0", "0", "14", "10", "0", "12", "10", "10", "9", "10", "13", "0", "12", "0", "0", "0", "0", "0", "0", "11", "41", "0", "9", "11", "14", "12", "8", "11", "0", "17", "0", "0", "0", "0", "0", "0", "0", "0", "0", "0", "0", "0", "0", "0", "0", "0", "0", "0", "0", "0", "0", "0", "0", "0", "0", "0", "0", "0", "0", "0", "0", "0", "0", "0", "0", "0", "0", "0", "0", "0", "0", "0", "0", "0", "0", "0", "0", "0", "0", "0", "0", "0", "0", "0", "0", "0", "0", "0", "0", "0", "0", "0", "0", "0", "0", "0", "0", "0", "0", "0", "0", "0", "0", "0", "0", "0", "0", "0", "0", "0", "0", "0", "0", "0", "0", "0", "0", "0", "0", "0", "0", "0", "0", "0", "0", "0", "0", "0", "0", "0", "0", "0", "0", "0", "0", "0", "0", "0", "0", "0", "0", "0", "0", "0", "0", "0", "0", "0", "0", "0", "0", "0", "0", "0", "0", "0", "0", "0", "0", "0", "0", "0", "0", "0", "0", "0", "0", "0", "0", "0", "0", "0"], ["6", "10", "14", "13", "14", "13", "8", "13", "17", "0", "0", "0", "0", "0", "0", "0", "0", "0", "0", "0", "0", "0", "0", "0", "0", "0", "0", "0", "0", "0", "0", "0", "0", "0", "15", "13", "13", "15", "11", "12", "9", "10", "13", "0", "0", "0", "0", "0", "0", "0", "0", "17", "10", "9", "8", "10", "17", "12", "13", "18", "0", "0", "0", "0", "0", "0", "0", "0", "0", "0", "0", "0", "0", "0", "0", "0", "0", "0", "0", "0", "0", "0", "0", "0", "0", "0", "0", "0", "0", "0", "0", "0", "0", "0", "0", "0", "0", "0", "0", "0", "0", "0", "13", "15", "6", "13", "8", "8", "14", "11", "7", "0", "0", "0", "0", "0", "0", "0", "0", "12", "13", "10", "12", "10", "11", "15", "10", "16", "0", "0", "0", "0", "0", "0", "0", "0", "0", "0", "0", "0", "0", "0", "0", "0", "0", "0", "0", "0", "0", "0", "0", "0", "0", "16", "7", "8", "18", "19", "21", "16", "6", "10", "0", "0", "0", "0", "0", "0", "0", "0", "0", "0", "0", "0", "0", "0", "0", "0", "0", "0", "0", "0", "0", "0", "0", "0", "0", "0", "0", "0", "0", "0", "0", "0", "0", "0", "0", "0", "0", "0", "0", "0", "0", "0", "8", "12", "9", "12", "16", "12", "21", "8", "12", "0", "0", "0", "0", "0", "0", "0", "0", "10", "9", "9", "17", "11", "10", "8", "15", "11", "0", "0", "0", "0", "0", "0", "0", "0", "0", "0", "0", "0", "0", "0", "0", "0", "0", "0", "0", "0", "0", "0", "0", "0", "0", "0", "0", "0", "0", "0", "0", "0", "0", "0", "0", "0", "0", "0", "0", "0", "0", "0", "12", "7", "9", "12", "15", "20", "21", "25", "11", "0", "0", "0", "0", "0", "0", "0", "0"]]}