{"state": {"resTurn": "19", "h": "10", "w": "9", "score": [["1", "0", "0", "1", "1", "1", "0", "0", "1"], ["1", "2", "-2", "1", "0", "1", "-2", "2", "1"], ["1", "1", "1", "0", "2", "0", "1", "1", "1"], ["2", "3", "3", "0", "-3", "0", "3", "3", "2"], ["0", "1", "1", "1", "4", "1", "1", "1", "0"], ["0", "1", "-2", "3", "-2", "3", "-2", "1", "0"], ["-3", "1", "1", "1", "0", "1", "1", "1", "-3"], ["2", "0", "2", "1", "0", "1", "2", "0", "2"], ["2", "2", "-2", "-2", "1", "-2", "-2", "2", "2"], ["3", "0", "0", "-3", "1", "-3", "0", "0", "3"]], "color": [["1", "1", "1", "1", "0", "2", "2", "2", "2"], ["0", "1", "1", "1", "2", "2", "2", "2", "2"], ["1", "1", "1", "1", "1", "0", "2", "2", "0"], ["1", "1", "1", "1", "1", "0", "2", "2", "0"], ["1", "0", "0", "2", "1", "2", "2", "2", "2"], ["1", "2", "2", "1", "2", "2", "2", "2", "0"], ["1", "2", "0", "0", "1", "0", "2", "0", "0"], ["0", "0", "1", "0", "0", "1", "0", "0", "0"], ["0", "0", "0", "0", "1", "1", "1", "1", "1"], ["0", "0", "0", "1", "1", "1", "1", "1", "1"]], "pos": [{"x": "5", "y": "8"}, {"x": "4", "y": "4"}, {"x": "1", "y": "6"}, {"x": "8", "y": "0"}]}, "q": "-0.0003712536963336447", "z": "1", "visitCount": [["15", "0", "0", "13", "0", "11", "21", "12", "0", "14", "14", "0", "10", "0", "0", "0", "12", "10", "0", "0", "8", "0", "11", "12", "15", "0", "14", "10", "0", "8", "0", "0", "0", "13", "14", "0", "0", "21", "0", "16", "15", "10", "0", "12", "14", "0", "13", "0", "0", "0", "18", "15", "0", "0", "9", "0", "9", "8", "12", "0", "11", "15", "0", "11", "0", "0", "0", "10", "11", "0", "0", "10", "0", "10", "12", "13", "0", "11", "10", "0", "10", "0", "0", "0", "9", "8", "0", "0", "12", "0", "9", "9", "12", "0", "11", "11", "0", "11", "0", "0", "0", "11", "13", "0", "0", "18", "0", "21", "19", "9", "0", "12", "10", "0", "16", "0", "0", "0", "12", "19", "0", "0", "7", "0", "8", "19", "14", "0", "18", "13", "0", "13", "0", "0", "0", "14", "16", "0", "0", "8", "0", "11", "14", "12", "0", "9", "10", "0", "10", "0", "0", "0", "9", "0", "0", "0", "0", "0", "0", "0", "0", "0", "0", "0", "0", "0", "0", "0", "0", "0", "0", "0", "0", "0", "0", "0", "0", "0", "0", "0", "0", "0", "0", "0", "0", "0", "0", "0", "0", "0", "0", "0", "0", "0", "0", "0", "0", "0", "0", "0", "0", "0", "0", "0", "0", "0", "0", "0", "0", "0", "0", "0", "0", "0", "0", "0", "0", "0", "0", "0", "0", "0", "0", "0", "0", "0", "0", "0", "0", "0", "0", "0", "0", "0", "0", "0", "0", "0", "0", "0", "0", "0", "0", "0", "0", "0", "0", "0", "0", "0", "0", "0", "0", "0", "0", "0", "0", "0", "0", "0", "0", "0", "0", "0", "0", "0", "0", "0", "0", "0", "0", "0", "0", "0", "0", "0", "0", "0", "0", "0", "0", "0", "0", "0", "0", "0", "0", "0", "0"], ["31", "0", "23", "27", "14", "0", "0", "0", "0", "0", "0", "0", "0", "0", "0", "0", "0", "0", "0", "0", "0", "0", "0", "0", "0", "0", "0", "0", "0", "0", "0", "0", "0", "0", "40", "0", "12", "30", "27", "0", "0", "0", "0", "0", "0", "0", "0", "0", "0", "0", "0", "34", "0", "16", "39", "27", "0", "0", "0", "0", "0", "0", "0", "0", "0", "0", "0", "0", "0", "0", "0", "0", "0", "0", "0", "0", "0", "0", "0", "0", "0", "0", "0", "0", "0", "0", "0", "0", "0", "0", "0", "0", "0", "0", "0", "0", "0", "0", "0", "0", "0", "0", "22", "0", "31", "33", "28", "0", "0", "0", "0", "0", "0", "0", "0", "0", "0", "0", "0", "13", "0", "24", "17", "34", "0", "0", "0", "0", "0", "0", "0", "0", "0", "0", "0", "0", "23", "0", "25", "29", "27", "0", "0", "0", "0", "0", "0", "0", "0", "0", "0", "0", "0", "20", "0", "29", "38", "20", "0", "0", "0", "0", "0", "0", "0", "0", "0", "0", "0", "0", "0", "0", "0", "0", "0", "0", "0", "0", "0", "0", "0", "0", "0", "0", "0", "0", "0", "0", "0", "0", "0", "0", "0", "0", "0", "0", "0", "0", "0", "0", "0", "0", "0", "0", "32", "0", "40", "25", "27", "0", "0", "0", "0", "0", "0", "0", "0", "0", "0", "0", "0", "17", "0", "28", "41", "57", "0", "0", "0", "0", "0", "0", "0", "0", "0", "0", "0", "0", "0", "0", "0", "0", "0", "0", "0", "0", "0", "0", "0", "0", "0", "0", "0", "0", "0", "0", "0", "0", "0", "0", "0", "0", "0", "0", "0", "0", "0", "0", "0", "0", "0", "0", "0", "0", "0", "0", "0", "0", "0", "0", "0", "0", "0", "0", "0", "0", "0", "0", "0"]]}