{"state": {"resTurn": "18", "h": "10", "w": "9", "score": [["1", "0", "0", "1", "1", "1", "0", "0", "1"], ["1", "2", "-2", "1", "0", "1", "-2", "2", "1"], ["1", "1", "1", "0", "2", "0", "1", "1", "1"], ["2", "3", "3", "0", "-3", "0", "3", "3", "2"], ["0", "1", "1", "1", "4", "1", "1", "1", "0"], ["0", "1", "-2", "3", "-2", "3", "-2", "1", "0"], ["-3", "1", "1", "1", "0", "1", "1", "1", "-3"], ["2", "0", "2", "1", "0", "1", "2", "0", "2"], ["2", "2", "-2", "-2", "1", "-2", "-2", "2", "2"], ["3", "0", "0", "-3", "1", "-3", "0", "0", "3"]], "color": [["1", "1", "1", "1", "0", "2", "2", "2", "2"], ["0", "1", "1", "1", "2", "2", "2", "2", "2"], ["1", "1", "1", "1", "1", "0", "2", "2", "0"], ["1", "1", "1", "1", "1", "0", "2", "2", "0"], ["1", "0", "0", "2", "1", "2", "2", "2", "2"], ["0", "2", "2", "1", "2", "2", "2", "2", "0"], ["1", "2", "0", "0", "1", "0", "2", "0", "0"], ["0", "0", "1", "0", "0", "1", "0", "0", "0"], ["0", "0", "0", "0", "1", "1", "1", "1", "1"], ["0", "0", "0", "1", "1", "1", "1", "1", "1"]], "pos": [{"x": "5", "y": "8"}, {"x": "4", "y": "3"}, {"x": "1", "y": "6"}, {"x": "7", "y": "0"}]}, "q": "-0.0004808475080963116", "z": "1", "visitCount": [["12", "0", "12", "0", "12", "7", "15", "10", "8", "16", "0", "10", "0", "0", "0", "0", "0", "8", "0", "10", "0", "15", "6", "12", "11", "14", "7", "0", "9", "0", "0", "0", "0", "0", "14", "0", "17", "0", "16", "14", "12", "11", "10", "13", "0", "22", "0", "0", "0", "0", "0", "9", "0", "10", "0", "12", "13", "10", "12", "20", "10", "0", "13", "0", "0", "0", "0", "0", "16", "0", "15", "0", "25", "14", "8", "11", "13", "12", "0", "12", "0", "0", "0", "0", "0", "11", "0", "8", "0", "14", "14", "14", "11", "19", "9", "0", "11", "0", "0", "0", "0", "0", "10", "0", "8", "0", "13", "7", "16", "17", "10", "12", "0", "13", "0", "0", "0", "0", "0", "13", "0", "16", "0", "10", "9", "13", "10", "15", "12", "0", "14", "0", "0", "0", "0", "0", "9", "0", "16", "0", "11", "14", "13", "12", "16", "9", "0", "13", "0", "0", "0", "0", "0", "0", "0", "0", "0", "0", "0", "0", "0", "0", "0", "0", "0", "0", "0", "0", "0", "0", "0", "0", "0", "0", "0", "0", "0", "0", "0", "0", "0", "0", "0", "0", "0", "0", "0", "0", "0", "0", "0", "0", "0", "0", "0", "0", "0", "0", "0", "0", "0", "0", "0", "0", "0", "0", "0", "0", "0", "0", "0", "0", "0", "0", "0", "0", "0", "0", "0", "0", "0", "0", "0", "0", "0", "0", "0", "0", "0", "0", "0", "0", "0", "0", "0", "0", "0", "0", "0", "0", "0", "0", "0", "0", "0", "0", "0", "0", "0", "0", "0", "0", "0", "0", "0", "0", "0", "0", "0", "0", "0", "0", "0", "0", "0", "0", "0", "0", "0", "0", "0", "0", "0", "0", "0", "0", "0", "0", "0", "0", "0", "0", "0", "0", "0", "0", "0", "0", "0"], ["12", "27", "25", "18", "13", "0", "0", "0", "20", "0", "0", "0", "0", "0", "0", "0", "0", "0", "0", "0", "0", "0", "0", "0", "0", "0", "0", "0", "0", "0", "0", "0", "0", "0", "20", "12", "18", "16", "18", "0", "0", "0", "25", "0", "0", "0", "0", "0", "0", "0", "0", "31", "24", "9", "12", "19", "0", "0", "0", "14", "0", "0", "0", "0", "0", "0", "0", "0", "0", "0", "0", "0", "0", "0", "0", "0", "0", "0", "0", "0", "0", "0", "0", "0", "0", "16", "13", "21", "31", "16", "0", "0", "0", "27", "0", "0", "0", "0", "0", "0", "0", "0", "18", "11", "14", "11", "9", "0", "0", "0", "14", "0", "0", "0", "0", "0", "0", "0", "0", "9", "11", "17", "20", "22", "0", "0", "0", "16", "0", "0", "0", "0", "0", "0", "0", "0", "15", "25", "28", "30", "21", "0", "0", "0", "7", "0", "0", "0", "0", "0", "0", "0", "0", "31", "26", "13", "29", "21", "0", "0", "0", "9", "0", "0", "0", "0", "0", "0", "0", "0", "0", "0", "0", "0", "0", "0", "0", "0", "0", "0", "0", "0", "0", "0", "0", "0", "0", "0", "0", "0", "0", "0", "0", "0", "0", "0", "0", "0", "0", "0", "0", "0", "0", "0", "17", "21", "22", "22", "16", "0", "0", "0", "18", "0", "0", "0", "0", "0", "0", "0", "0", "0", "0", "0", "0", "0", "0", "0", "0", "0", "0", "0", "0", "0", "0", "0", "0", "0", "0", "0", "0", "0", "0", "0", "0", "0", "0", "0", "0", "0", "0", "0", "0", "0", "0", "0", "0", "0", "0", "0", "0", "0", "0", "0", "0", "0", "0", "0", "0", "0", "0", "0", "0", "0", "0", "0", "0", "0", "0", "0", "0", "0", "0", "0", "0", "0", "0", "0", "0"]]}