{"state": {"resTurn": "16", "h": "10", "w": "9", "score": [["1", "0", "0", "1", "1", "1", "0", "0", "1"], ["1", "2", "-2", "1", "0", "1", "-2", "2", "1"], ["1", "1", "1", "0", "2", "0", "1", "1", "1"], ["2", "3", "3", "0", "-3", "0", "3", "3", "2"], ["0", "1", "1", "1", "4", "1", "1", "1", "0"], ["0", "1", "-2", "3", "-2", "3", "-2", "1", "0"], ["-3", "1", "1", "1", "0", "1", "1", "1", "-3"], ["2", "0", "2", "1", "0", "1", "2", "0", "2"], ["2", "2", "-2", "-2", "1", "-2", "-2", "2", "2"], ["3", "0", "0", "-3", "1", "-3", "0", "0", "3"]], "color": [["1", "1", "1", "1", "0", "2", "2", "2", "2"], ["0", "1", "1", "1", "2", "2", "2", "2", "2"], ["1", "1", "1", "1", "1", "0", "2", "2", "0"], ["1", "1", "1", "1", "1", "0", "2", "2", "0"], ["1", "0", "0", "2", "1", "2", "2", "2", "2"], ["0", "2", "2", "1", "2", "2", "2", "2", "0"], ["1", "2", "0", "0", "1", "0", "2", "0", "0"], ["2", "2", "1", "0", "0", "1", "0", "0", "0"], ["0", "0", "0", "0", "1", "1", "1", "1", "1"], ["0", "0", "0", "1", "1", "1", "1", "1", "1"]], "pos": [{"x": "5", "y": "9"}, {"x": "2", "y": "3"}, {"x": "1", "y": "7"}, {"x": "7", "y": "0"}]}, "q": "-0.0006383136261884349", "z": "1", "visitCount": [["16", "0", "14", "14", "14", "11", "17", "23", "18", "15", "0", "0", "0", "0", "0", "0", "0", "0", "0", "0", "0", "0", "0", "0", "0", "0", "0", "0", "0", "0", "0", "0", "0", "0", "0", "0", "0", "0", "0", "0", "0", "0", "0", "0", "0", "0", "0", "0", "0", "0", "0", "0", "0", "0", "0", "0", "0", "0", "0", "0", "0", "0", "0", "0", "0", "0", "0", "0", "29", "0", "22", "24", "12", "19", "18", "15", "14", "14", "0", "0", "0", "0", "0", "0", "0", "13", "0", "28", "13", "16", "8", "20", "20", "16", "15", "0", "0", "0", "0", "0", "0", "0", "22", "0", "33", "10", "19", "33", "42", "11", "30", "15", "0", "0", "0", "0", "0", "0", "0", "32", "0", "14", "14", "26", "15", "17", "12", "27", "25", "0", "0", "0", "0", "0", "0", "0", "10", "0", "14", "13", "11", "14", "25", "21", "23", "14", "0", "0", "0", "0", "0", "0", "0", "0", "0", "0", "0", "0", "0", "0", "0", "0", "0", "0", "0", "0", "0", "0", "0", "0", "0", "0", "0", "0", "0", "0", "0", "0", "0", "0", "0", "0", "0", "0", "0", "0", "0", "0", "0", "0", "0", "0", "0", "0", "0", "0", "0", "0", "0", "0", "0", "0", "0", "0", "0", "0", "0", "0", "0", "0", "0", "0", "0", "0", "0", "0", "0", "0", "0", "0", "0", "0", "0", "0", "0", "0", "0", "0", "0", "0", "0", "0", "0", "0", "0", "0", "0", "0", "0", "0", "0", "0", "0", "0", "0", "0", "0", "0", "0", "0", "0", "0", "0", "0", "0", "0", "0", "0", "0", "0", "0", "0", "0", "0", "0", "0", "0", "0", "0", "0", "0", "0", "0", "0", "0", "0", "0", "0", "0", "0", "0", "0", "0", "0", "0", "0", "0", "0", "0"], ["17", "15", "17", "15", "16", "0", "0", "0", "19", "0", "0", "0", "0", "0", "0", "0", "0", "22", "26", "22", "21", "23", "0", "0", "0", "28", "0", "0", "0", "0", "0", "0", "0", "0", "14", "15", "15", "18", "14", "0", "0", "0", "16", "0", "0", "0", "0", "0", "0", "0", "0", "18", "12", "7", "22", "7", "0", "0", "0", "17", "0", "0", "0", "0", "0", "0", "0", "0", "15", "25", "24", "16", "19", "0", "0", "0", "27", "0", "0", "0", "0", "0", "0", "0", "0", "0", "0", "0", "0", "0", "0", "0", "0", "0", "0", "0", "0", "0", "0", "0", "0", "0", "20", "17", "19", "23", "23", "0", "0", "0", "10", "0", "0", "0", "0", "0", "0", "0", "0", "18", "18", "25", "20", "17", "0", "0", "0", "18", "0", "0", "0", "0", "0", "0", "0", "0", "0", "0", "0", "0", "0", "0", "0", "0", "0", "0", "0", "0", "0", "0", "0", "0", "0", "0", "0", "0", "0", "0", "0", "0", "0", "0", "0", "0", "0", "0", "0", "0", "0", "0", "0", "0", "0", "0", "0", "0", "0", "0", "0", "0", "0", "0", "0", "0", "0", "0", "0", "0", "0", "0", "0", "0", "0", "0", "0", "0", "0", "0", "0", "0", "0", "0", "0", "0", "0", "0", "0", "0", "0", "0", "0", "0", "0", "0", "0", "0", "0", "0", "0", "0", "0", "9", "15", "18", "22", "30", "0", "0", "0", "12", "0", "0", "0", "0", "0", "0", "0", "0", "0", "0", "0", "0", "0", "0", "0", "0", "0", "0", "0", "0", "0", "0", "0", "0", "0", "0", "0", "0", "0", "0", "0", "0", "0", "0", "0", "0", "0", "0", "0", "0", "0", "0", "43", "16", "18", "12", "19", "0", "0", "0", "16", "0", "0", "0", "0", "0", "0", "0", "0"]]}