{"state": {"resTurn": "15", "h": "10", "w": "9", "score": [["1", "0", "0", "1", "1", "1", "0", "0", "1"], ["1", "2", "-2", "1", "0", "1", "-2", "2", "1"], ["1", "1", "1", "0", "2", "0", "1", "1", "1"], ["2", "3", "3", "0", "-3", "0", "3", "3", "2"], ["0", "1", "1", "1", "4", "1", "1", "1", "0"], ["0", "1", "-2", "3", "-2", "3", "-2", "1", "0"], ["-3", "1", "1", "1", "0", "1", "1", "1", "-3"], ["2", "0", "2", "1", "0", "1", "2", "0", "2"], ["2", "2", "-2", "-2", "1", "-2", "-2", "2", "2"], ["3", "0", "0", "-3", "1", "-3", "0", "0", "3"]], "color": [["1", "1", "1", "1", "0", "2", "2", "2", "2"], ["0", "1", "1", "1", "2", "2", "2", "2", "2"], ["1", "1", "1", "1", "1", "0", "2", "2", "0"], ["1", "1", "1", "1", "1", "0", "2", "2", "0"], ["1", "0", "0", "2", "1", "2", "2", "2", "2"], ["0", "2", "2", "1", "2", "2", "2", "2", "0"], ["1", "2", "0", "0", "1", "0", "2", "0", "0"], ["2", "2", "0", "0", "0", "1", "0", "0", "0"], ["0", "0", "0", "0", "1", "1", "1", "1", "1"], ["0", "0", "0", "1", "1", "1", "1", "1", "1"]], "pos": [{"x": "5", "y": "8"}, {"x": "2", "y": "2"}, {"x": "1", "y": "7"}, {"x": "7", "y": "0"}]}, "q": "-0.0008440198660289741", "z": "1", "visitCount": [["10", "12", "21", "11", "10", "10", "27", "14", "12", "0", "0", "0", "0", "0", "0", "0", "0", "23", "13", "11", "13", "13", "14", "17", "13", "9", "0", "0", "0", "0", "0", "0", "0", "0", "13", "18", "12", "13", "11", "11", "9", "8", "11", "0", "0", "0", "0", "0", "0", "0", "0", "23", "9", "15", "11", "10", "13", "13", "15", "13", "0", "0", "0", "0", "0", "0", "0", "0", "16", "14", "13", "9", "9", "11", "8", "11", "15", "0", "0", "0", "0", "0", "0", "0", "0", "14", "8", "8", "10", "10", "13", "11", "17", "8", "0", "0", "0", "0", "0", "0", "0", "0", "15", "11", "9", "10", "14", "14", "12", "12", "8", "0", "0", "0", "0", "0", "0", "0", "0", "15", "8", "13", "7", "7", "7", "9", "15", "15", "0", "0", "0", "0", "0", "0", "0", "0", "10", "12", "13", "18", "14", "11", "15", "13", "8", "0", "0", "0", "0", "0", "0", "0", "0", "0", "0", "0", "0", "0", "0", "0", "0", "0", "0", "0", "0", "0", "0", "0", "0", "0", "0", "0", "0", "0", "0", "0", "0", "0", "0", "0", "0", "0", "0", "0", "0", "0", "0", "0", "0", "0", "0", "0", "0", "0", "0", "0", "0", "0", "0", "0", "0", "0", "0", "0", "0", "0", "0", "0", "0", "0", "0", "0", "0", "0", "0", "0", "0", "0", "0", "0", "0", "0", "0", "0", "0", "0", "0", "0", "0", "0", "0", "0", "0", "0", "0", "0", "0", "0", "0", "0", "0", "0", "0", "0", "0", "0", "0", "0", "0", "0", "0", "0", "0", "0", "0", "0", "0", "0", "0", "0", "0", "0", "0", "0", "0", "0", "0", "0", "0", "0", "0", "0", "0", "0", "0", "0", "0", "0", "0", "0", "0", "0", "0", "0", "0", "0", "0", "0", "0"], ["18", "30", "25", "24", "24", "0", "0", "0", "18", "0", "0", "0", "0", "0", "0", "0", "0", "14", "11", "9", "17", "21", "0", "0", "0", "21", "0", "0", "0", "0", "0", "0", "0", "0", "17", "12", "24", "32", "22", "0", "0", "0", "26", "0", "0", "0", "0", "0", "0", "0", "0", "19", "15", "11", "14", "11", "0", "0", "0", "28", "0", "0", "0", "0", "0", "0", "0", "0", "18", "27", "15", "18", "23", "0", "0", "0", "28", "0", "0", "0", "0", "0", "0", "0", "0", "0", "0", "0", "0", "0", "0", "0", "0", "0", "0", "0", "0", "0", "0", "0", "0", "0", "19", "7", "14", "10", "18", "0", "0", "0", "19", "0", "0", "0", "0", "0", "0", "0", "0", "13", "22", "13", "24", "22", "0", "0", "0", "29", "0", "0", "0", "0", "0", "0", "0", "0", "20", "16", "14", "20", "14", "0", "0", "0", "9", "0", "0", "0", "0", "0", "0", "0", "0", "0", "0", "0", "0", "0", "0", "0", "0", "0", "0", "0", "0", "0", "0", "0", "0", "0", "0", "0", "0", "0", "0", "0", "0", "0", "0", "0", "0", "0", "0", "0", "0", "0", "0", "0", "0", "0", "0", "0", "0", "0", "0", "0", "0", "0", "0", "0", "0", "0", "0", "0", "0", "0", "0", "0", "0", "0", "0", "0", "0", "0", "0", "0", "0", "0", "0", "0", "0", "21", "12", "21", "19", "21", "0", "0", "0", "12", "0", "0", "0", "0", "0", "0", "0", "0", "0", "0", "0", "0", "0", "0", "0", "0", "0", "0", "0", "0", "0", "0", "0", "0", "0", "0", "0", "0", "0", "0", "0", "0", "0", "0", "0", "0", "0", "0", "0", "0", "0", "0", "0", "0", "0", "0", "0", "0", "0", "0", "0", "0", "0", "0", "0", "0", "0", "0", "0"]]}