{"state": {"resTurn": "14", "h": "10", "w": "9", "score": [["1", "0", "0", "1", "1", "1", "0", "0", "1"], ["1", "2", "-2", "1", "0", "1", "-2", "2", "1"], ["1", "1", "1", "0", "2", "0", "1", "1", "1"], ["2", "3", "3", "0", "-3", "0", "3", "3", "2"], ["0", "1", "1", "1", "4", "1", "1", "1", "0"], ["0", "1", "-2", "3", "-2", "3", "-2", "1", "0"], ["-3", "1", "1", "1", "0", "1", "1", "1", "-3"], ["2", "0", "2", "1", "0", "1", "2", "0", "2"], ["2", "2", "-2", "-2", "1", "-2", "-2", "2", "2"], ["3", "0", "0", "-3", "1", "-3", "0", "0", "3"]], "color": [["1", "1", "1", "1", "0", "2", "2", "2", "2"], ["0", "1", "1", "1", "2", "2", "2", "2", "2"], ["1", "1", "1", "1", "1", "0", "2", "2", "0"], ["1", "1", "1", "1", "1", "0", "2", "2", "0"], ["1", "0", "0", "2", "1", "2", "2", "2", "2"], ["0", "2", "2", "1", "2", "2", "2", "2", "0"], ["1", "2", "0", "0", "1", "0", "2", "0", "0"], ["2", "2", "0", "0", "0", "1", "0", "0", "0"], ["0", "2", "0", "0", "1", "1", "1", "1", "1"], ["0", "0", "0", "1", "1", "1", "1", "1", "1"]], "pos": [{"x": "5", "y": "8"}, {"x": "2", "y": "1"}, {"x": "1", "y": "8"}, {"x": "6", "y": "1"}]}, "q": "-0.0003558199494004374", "z": "1", "visitCount": [["11", "14", "14", "12", "12", "22", "10", "11", "11", "0", "0", "0", "0", "0", "0", "0", "0", "11", "9", "11", "10", "12", "11", "13", "10", "18", "0", "0", "0", "0", "0", "0", "0", "0", "9", "19", "9", "10", "18", "16", "22", "10", "13", "0", "0", "0", "0", "0", "0", "0", "0", "9", "8", "11", "11", "8", "8", "14", "11", "13", "0", "0", "0", "0", "0", "0", "0", "0", "10", "11", "14", "13", "17", "11", "8", "13", "10", "0", "0", "0", "0", "0", "0", "0", "0", "11", "14", "14", "12", "10", "11", "16", "11", "8", "0", "0", "0", "0", "0", "0", "0", "0", "13", "10", "9", "18", "9", "7", "14", "8", "8", "0", "0", "0", "0", "0", "0", "0", "0", "16", "11", "14", "22", "10", "11", "8", "16", "10", "0", "0", "0", "0", "0", "0", "0", "0", "19", "17", "12", "19", "8", "14", "23", "10", "9", "0", "0", "0", "0", "0", "0", "0", "0", "0", "0", "0", "0", "0", "0", "0", "0", "0", "0", "0", "0", "0", "0", "0", "0", "0", "0", "0", "0", "0", "0", "0", "0", "0", "0", "0", "0", "0", "0", "0", "0", "0", "0", "0", "0", "0", "0", "0", "0", "0", "0", "0", "0", "0", "0", "0", "0", "0", "0", "0", "0", "0", "0", "0", "0", "0", "0", "0", "0", "0", "0", "0", "0", "0", "0", "0", "0", "0", "0", "0", "0", "0", "0", "0", "0", "0", "0", "0", "0", "0", "0", "0", "0", "0", "0", "0", "0", "0", "0", "0", "0", "0", "0", "0", "0", "0", "0", "0", "0", "0", "0", "0", "0", "0", "0", "0", "0", "0", "0", "0", "0", "0", "0", "0", "0", "0", "0", "0", "0", "0", "0", "0", "0", "0", "0", "0", "0", "0", "0", "0", "0", "0", "0", "0", "0"], ["9", "11", "12", "15", "12", "11", "15", "13", "11", "0", "0", "0", "0", "0", "0", "0", "0", "19", "17", "18", "13", "18", "14", "15", "14", "9", "0", "0", "0", "0", "0", "0", "0", "0", "13", "15", "11", "14", "8", "12", "11", "9", "11", "0", "0", "0", "0", "0", "0", "0", "0", "13", "7", "12", "9", "10", "12", "11", "16", "18", "0", "0", "0", "0", "0", "0", "0", "0", "12", "11", "11", "10", "12", "15", "15", "12", "10", "0", "0", "0", "0", "0", "0", "0", "0", "14", "8", "21", "12", "14", "10", "10", "13", "6", "0", "0", "0", "0", "0", "0", "0", "0", "7", "14", "9", "9", "13", "14", "9", "6", "15", "0", "0", "0", "0", "0", "0", "0", "0", "14", "14", "16", "16", "10", "8", "17", "14", "14", "0", "0", "0", "0", "0", "0", "0", "0", "16", "14", "7", "10", "11", "12", "10", "14", "13", "0", "0", "0", "0", "0", "0", "0", "0", "0", "0", "0", "0", "0", "0", "0", "0", "0", "0", "0", "0", "0", "0", "0", "0", "0", "0", "0", "0", "0", "0", "0", "0", "0", "0", "0", "0", "0", "0", "0", "0", "0", "0", "0", "0", "0", "0", "0", "0", "0", "0", "0", "0", "0", "0", "0", "0", "0", "0", "0", "0", "0", "0", "0", "0", "0", "0", "0", "0", "0", "0", "0", "0", "0", "0", "0", "0", "0", "0", "0", "0", "0", "0", "0", "0", "0", "0", "0", "0", "0", "0", "0", "0", "0", "0", "0", "0", "0", "0", "0", "0", "0", "0", "0", "0", "0", "0", "0", "0", "0", "0", "0", "0", "0", "0", "0", "0", "0", "0", "0", "0", "0", "0", "0", "0", "0", "0", "0", "0", "0", "0", "0", "0", "0", "0", "0", "0", "0", "0", "0", "0", "0", "0", "0", "0"]]}