{"state": {"resTurn": "12", "h": "10", "w": "9", "score": [["1", "0", "0", "1", "1", "1", "0", "0", "1"], ["1", "2", "-2", "1", "0", "1", "-2", "2", "1"], ["1", "1", "1", "0", "2", "0", "1", "1", "1"], ["2", "3", "3", "0", "-3", "0", "3", "3", "2"], ["0", "1", "1", "1", "4", "1", "1", "1", "0"], ["0", "1", "-2", "3", "-2", "3", "-2", "1", "0"], ["-3", "1", "1", "1", "0", "1", "1", "1", "-3"], ["2", "0", "2", "1", "0", "1", "2", "0", "2"], ["2", "2", "-2", "-2", "1", "-2", "-2", "2", "2"], ["3", "0", "0", "-3", "1", "-3", "0", "0", "3"]], "color": [["1", "1", "1", "1", "0", "2", "2", "2", "2"], ["0", "1", "1", "1", "2", "2", "2", "2", "2"], ["1", "1", "1", "1", "1", "0", "2", "2", "0"], ["1", "1", "1", "1", "1", "0", "2", "2", "0"], ["1", "0", "0", "2", "1", "2", "2", "2", "2"], ["0", "2", "2", "1", "2", "2", "2", "2", "0"], ["1", "2", "0", "0", "1", "0", "2", "0", "0"], ["2", "2", "0", "0", "0", "1", "0", "0", "0"], ["0", "2", "0", "0", "1", "1", "1", "1", "1"], ["0", "0", "0", "1", "1", "1", "1", "1", "1"]], "pos": [{"x": "6", "y": "8"}, {"x": "2", "y": "1"}, {"x": "1", "y": "7"}, {"x": "5", "y": "1"}]}, "q": "-0.0007408083292878306", "z": "1", "visitCount": [["10", "19", "11", "8", "13", "17", "9", "13", "23", "0", "0", "0", "0", "0", "0", "0", "0", "14", "13", "8", "12", "9", "17", "17", "13", "9", "0", "0", "0", "0", "0", "0", "0", "0", "18", "8", "12", "16", "22", "11", "8", "10", "13", "0", "0", "0", "0", "0", "0", "0", "0", "16", "9", "22", "10", "9", "14", "10", "13", "20", "0", "0", "0", "0", "0", "0", "0", "0", "11", "12", "18", "18", "13", "10", "12", "11", "13", "0", "0", "0", "0", "0", "0", "0", "0", "10", "10", "11", "9", "13", "13", "11", "10", "11", "0", "0", "0", "0", "0", "0", "0", "0", "11", "9", "14", "13", "8", "10", "13", "7", "8", "0", "0", "0", "0", "0", "0", "0", "0", "10", "10", "8", "12", "10", "14", "14", "11", "21", "0", "0", "0", "0", "0", "0", "0", "0", "6", "10", "15", "12", "12", "12", "8", "8", "22", "0", "0", "0", "0", "0", "0", "0", "0", "0", "0", "0", "0", "0", "0", "0", "0", "0", "0", "0", "0", "0", "0", "0", "0", "0", "0", "0", "0", "0", "0", "0", "0", "0", "0", "0", "0", "0", "0", "0", "0", "0", "0", "0", "0", "0", "0", "0", "0", "0", "0", "0", "0", "0", "0", "0", "0", "0", "0", "0", "0", "0", "0", "0", "0", "0", "0", "0", "0", "0", "0", "0", "0", "0", "0", "0", "0", "0", "0", "0", "0", "0", "0", "0", "0", "0", "0", "0", "0", "0", "0", "0", "0", "0", "0", "0", "0", "0", "0", "0", "0", "0", "0", "0", "0", "0", "0", "0", "0", "0", "0", "0", "0", "0", "0", "0", "0", "0", "0", "0", "0", "0", "0", "0", "0", "0", "0", "0", "0", "0", "0", "0", "0", "0", "0", "0", "0", "0", "0", "0", "0", "0", "0", "0", "0"], ["12", "18", "11", "0", "13", "21", "9", "16", "15", "0", "0", "11", "0", "0", "0", "0", "0", "10", "7", "14", "0", "10", "20", "13", "7", "21", "0", "0", "14", "0", "0", "0", "0", "0", "15", "14", "7", "0", "11", "9", "14", "12", "13", "0", "0", "11", "0", "0", "0", "0", "0", "19", "11", "21", "0", "16", "10", "16", "8", "11", "0", "0", "10", "0", "0", "0", "0", "0", "9", "14", "12", "0", "12", "10", "15", "17", "11", "0", "0", "9", "0", "0", "0", "0", "0", "0", "0", "0", "0", "0", "0", "0", "0", "0", "0", "0", "0", "0", "0", "0", "0", "0", "13", "11", "9", "0", "17", "10", "12", "16", "9", "0", "0", "8", "0", "0", "0", "0", "0", "11", "15", "12", "0", "13", "11", "16", "9", "11", "0", "0", "12", "0", "0", "0", "0", "0", "20", "15", "17", "0", "12", "7", "6", "10", "13", "0", "0", "13", "0", "0", "0", "0", "0", "0", "0", "0", "0", "0", "0", "0", "0", "0", "0", "0", "0", "0", "0", "0", "0", "0", "0", "0", "0", "0", "0", "0", "0", "0", "0", "0", "0", "0", "0", "0", "0", "0", "0", "0", "0", "0", "0", "0", "0", "0", "0", "0", "0", "0", "0", "0", "0", "0", "0", "0", "0", "0", "0", "0", "0", "0", "0", "0", "0", "0", "0", "0", "0", "0", "0", "0", "0", "10", "8", "12", "0", "13", "14", "12", "7", "10", "0", "0", "7", "0", "0", "0", "0", "0", "0", "0", "0", "0", "0", "0", "0", "0", "0", "0", "0", "0", "0", "0", "0", "0", "0", "0", "0", "0", "0", "0", "0", "0", "0", "0", "0", "0", "0", "0", "0", "0", "0", "0", "0", "0", "0", "0", "0", "0", "0", "0", "0", "0", "0", "0", "0", "0", "0", "0", "0"]]}