{"state": {"resTurn": "11", "h": "10", "w": "9", "score": [["1", "0", "0", "1", "1", "1", "0", "0", "1"], ["1", "2", "-2", "1", "0", "1", "-2", "2", "1"], ["1", "1", "1", "0", "2", "0", "1", "1", "1"], ["2", "3", "3", "0", "-3", "0", "3", "3", "2"], ["0", "1", "1", "1", "4", "1", "1", "1", "0"], ["0", "1", "-2", "3", "-2", "3", "-2", "1", "0"], ["-3", "1", "1", "1", "0", "1", "1", "1", "-3"], ["2", "0", "2", "1", "0", "1", "2", "0", "2"], ["2", "2", "-2", "-2", "1", "-2", "-2", "2", "2"], ["3", "0", "0", "-3", "1", "-3", "0", "0", "3"]], "color": [["1", "1", "1", "1", "2", "2", "2", "2", "2"], ["0", "1", "1", "1", "2", "2", "2", "2", "2"], ["1", "1", "1", "1", "1", "0", "2", "2", "0"], ["1", "1", "1", "1", "1", "0", "2", "2", "0"], ["1", "0", "0", "2", "1", "2", "2", "2", "2"], ["0", "2", "2", "1", "2", "2", "2", "2", "0"], ["1", "2", "0", "0", "1", "0", "2", "0", "0"], ["2", "2", "0", "0", "0", "1", "0", "0", "0"], ["0", "2", "0", "0", "1", "1", "1", "1", "1"], ["0", "0", "0", "1", "1", "1", "1", "1", "1"]], "pos": [{"x": "6", "y": "8"}, {"x": "3", "y": "1"}, {"x": "1", "y": "7"}, {"x": "4", "y": "0"}]}, "q": "-0.000637948696995939", "z": "1", "visitCount": [["17", "11", "10", "11", "14", "11", "15", "0", "0", "0", "0", "0", "0", "0", "0", "9", "9", "11", "12", "11", "14", "9", "13", "13", "0", "0", "0", "0", "0", "0", "0", "0", "12", "17", "9", "9", "9", "23", "9", "11", "15", "0", "0", "0", "0", "0", "0", "0", "0", "13", "13", "10", "11", "18", "13", "12", "10", "9", "0", "0", "0", "0", "0", "0", "0", "0", "10", "15", "9", "16", "10", "8", "10", "6", "14", "0", "0", "0", "0", "0", "0", "0", "0", "15", "17", "10", "11", "10", "11", "7", "13", "12", "0", "0", "0", "0", "0", "0", "0", "0", "13", "14", "17", "7", "11", "16", "12", "13", "14", "0", "0", "0", "0", "0", "0", "0", "0", "13", "14", "19", "11", "10", "9", "11", "10", "14", "0", "0", "0", "0", "0", "0", "0", "0", "19", "19", "22", "12", "11", "11", "15", "12", "12", "0", "0", "0", "0", "0", "0", "0", "0", "11", "11", "0", "0", "0", "0", "0", "0", "0", "0", "0", "0", "0", "0", "0", "0", "0", "0", "0", "0", "0", "0", "0", "0", "0", "0", "0", "0", "0", "0", "0", "0", "0", "0", "0", "0", "0", "0", "0", "0", "0", "0", "0", "0", "0", "0", "0", "0", "0", "0", "0", "0", "0", "0", "0", "0", "0", "0", "0", "0", "0", "0", "0", "0", "0", "0", "0", "0", "0", "0", "0", "0", "0", "0", "0", "0", "0", "0", "0", "0", "0", "0", "0", "0", "0", "0", "0", "0", "0", "0", "0", "0", "0", "0", "0", "0", "0", "0", "0", "0", "0", "0", "0", "0", "0", "0", "0", "0", "0", "0", "0", "0", "0", "0", "0", "0", "0", "0", "0", "0", "0", "0", "0", "0", "0", "0", "0", "0", "0", "0", "0", "0", "0", "0", "0", "0", "0", "0"], ["17", "18", "25", "0", "0", "0", "0", "0", "23", "0", "0", "11", "18", "0", "0", "0", "0", "17", "11", "14", "0", "0", "0", "0", "0", "22", "0", "0", "23", "14", "0", "0", "0", "0", "32", "17", "11", "0", "0", "0", "0", "0", "11", "0", "0", "27", "16", "0", "0", "0", "0", "12", "14", "29", "0", "0", "0", "0", "0", "19", "0", "0", "22", "10", "0", "0", "0", "0", "18", "22", "15", "0", "0", "0", "0", "0", "18", "0", "0", "13", "22", "0", "0", "0", "0", "0", "0", "0", "0", "0", "0", "0", "0", "0", "0", "0", "0", "0", "0", "0", "0", "0", "16", "16", "25", "0", "0", "0", "0", "0", "31", "0", "0", "14", "20", "0", "0", "0", "0", "15", "26", "12", "0", "0", "0", "0", "0", "15", "0", "0", "19", "13", "0", "0", "0", "0", "27", "23", "23", "0", "0", "0", "0", "0", "24", "0", "0", "16", "18", "0", "0", "0", "0", "0", "0", "0", "0", "0", "0", "0", "0", "0", "0", "0", "0", "0", "0", "0", "0", "0", "0", "0", "0", "0", "0", "0", "0", "0", "0", "0", "0", "0", "0", "0", "0", "0", "0", "0", "0", "0", "0", "0", "0", "0", "0", "0", "0", "0", "0", "0", "0", "0", "0", "0", "0", "0", "0", "0", "0", "0", "0", "0", "0", "0", "0", "0", "0", "0", "0", "0", "0", "16", "10", "32", "0", "0", "0", "0", "0", "24", "0", "0", "15", "9", "0", "0", "0", "0", "0", "0", "0", "0", "0", "0", "0", "0", "0", "0", "0", "0", "0", "0", "0", "0", "0", "0", "0", "0", "0", "0", "0", "0", "0", "0", "0", "0", "0", "0", "0", "0", "0", "0", "0", "0", "0", "0", "0", "0", "0", "0", "0", "0", "0", "0", "0", "0", "0", "0", "0"]]}