{"state": {"resTurn": "82", "h": "10", "w": "9", "score": [["1", "0", "0", "1", "1", "1", "0", "0", "1"], ["1", "2", "-2", "1", "0", "1", "-2", "2", "1"], ["1", "1", "1", "0", "2", "0", "1", "1", "1"], ["2", "3", "3", "0", "-3", "0", "3", "3", "2"], ["0", "1", "1", "1", "4", "1", "1", "1", "0"], ["0", "1", "-2", "3", "-2", "3", "-2", "1", "0"], ["-3", "1", "1", "1", "0", "1", "1", "1", "-3"], ["2", "0", "2", "1", "0", "1", "2", "0", "2"], ["2", "2", "-2", "-2", "1", "-2", "-2", "2", "2"], ["3", "0", "0", "-3", "1", "-3", "0", "0", "3"]], "color": [["1", "1", "0", "0", "0", "0", "0", "2", "2"], ["0", "0", "1", "1", "1", "0", "0", "2", "2"], ["1", "1", "1", "0", "1", "1", "0", "0", "0"], ["1", "1", "0", "1", "0", "2", "2", "2", "0"], ["0", "0", "0", "0", "0", "0", "0", "2", "2"], ["0", "0", "0", "0", "0", "0", "0", "2", "0"], ["0", "0", "0", "0", "0", "0", "0", "0", "0"], ["0", "0", "0", "0", "0", "0", "0", "0", "0"], ["0", "0", "0", "0", "0", "0", "0", "0", "0"], ["0", "0", "0", "0", "0", "0", "0", "0", "0"]], "pos": [{"x": "1", "y": "2"}, {"x": "4", "y": "2"}, {"x": "7", "y": "3"}, {"x": "8", "y": "1"}]}, "q": "0.0009235978996864579", "z": "1", "visitCount": [["11", "0", "15", "15", "11", "10", "16", "12", "11", "16", "0", "0", "0", "0", "0", "0", "0", "8", "0", "10", "16", "13", "11", "13", "11", "13", "14", "0", "0", "0", "0", "0", "0", "0", "12", "0", "11", "9", "12", "15", "12", "13", "13", "15", "0", "0", "0", "0", "0", "0", "0", "13", "0", "17", "11", "11", "9", "11", "12", "10", "12", "0", "0", "0", "0", "0", "0", "0", "14", "0", "14", "14", "11", "16", "8", "13", "10", "15", "0", "0", "0", "0", "0", "0", "0", "15", "0", "12", "10", "13", "11", "9", "11", "13", "16", "0", "0", "0", "0", "0", "0", "0", "9", "0", "9", "13", "10", "12", "16", "14", "12", "9", "0", "0", "0", "0", "0", "0", "0", "14", "0", "13", "16", "10", "14", "14", "8", "11", "12", "0", "0", "0", "0", "0", "0", "0", "13", "0", "11", "14", "8", "14", "10", "15", "15", "15", "0", "0", "0", "0", "0", "0", "0", "0", "0", "0", "0", "0", "0", "0", "0", "0", "0", "0", "0", "0", "0", "0", "0", "0", "0", "0", "0", "0", "0", "0", "0", "0", "0", "0", "0", "0", "0", "0", "0", "0", "0", "0", "0", "0", "0", "0", "0", "0", "0", "0", "0", "0", "0", "0", "0", "0", "0", "0", "0", "0", "0", "0", "0", "0", "0", "0", "0", "0", "0", "0", "0", "0", "0", "0", "0", "0", "0", "0", "0", "0", "0", "0", "0", "0", "0", "0", "0", "0", "0", "0", "0", "0", "0", "0", "0", "0", "0", "0", "0", "0", "0", "0", "0", "0", "0", "0", "0", "0", "0", "0", "0", "0", "0", "0", "0", "0", "0", "0", "0", "0", "0", "0", "0", "0", "0", "0", "0", "0", "0", "0", "0", "0", "0", "0", "0", "0", "0", "0", "0", "0", "0", "0", "0"], ["34", "0", "18", "19", "14", "19", "21", "0", "0", "0", "0", "0", "0", "0", "0", "0", "0", "18", "0", "27", "14", "22", "14", "16", "0", "0", "0", "0", "0", "0", "0", "0", "0", "0", "13", "0", "25", "11", "25", "23", "27", "0", "0", "0", "0", "0", "0", "0", "0", "0", "0", "14", "0", "20", "25", "18", "20", "12", "0", "0", "0", "0", "0", "0", "0", "0", "0", "0", "22", "0", "19", "24", "15", "18", "15", "0", "0", "0", "0", "0", "0", "0", "0", "0", "0", "10", "0", "19", "14", "12", "17", "18", "0", "0", "0", "0", "0", "0", "0", "0", "0", "0", "12", "0", "10", "20", "14", "20", "17", "0", "0", "0", "0", "0", "0", "0", "0", "0", "0", "29", "0", "20", "19", "23", "15", "21", "0", "0", "0", "0", "0", "0", "0", "0", "0", "0", "14", "0", "16", "17", "28", "17", "16", "0", "0", "0", "0", "0", "0", "0", "0", "0", "0", "0", "0", "0", "0", "0", "0", "0", "0", "0", "0", "0", "0", "0", "0", "0", "0", "0", "0", "0", "0", "0", "0", "0", "0", "0", "0", "0", "0", "0", "0", "0", "0", "0", "0", "0", "0", "0", "0", "0", "0", "0", "0", "0", "0", "0", "0", "0", "0", "0", "0", "0", "0", "0", "0", "0", "0", "0", "0", "0", "0", "0", "0", "0", "0", "0", "0", "0", "0", "0", "0", "0", "0", "0", "0", "0", "0", "0", "0", "0", "0", "0", "0", "0", "0", "0", "0", "0", "0", "0", "0", "0", "0", "0", "0", "0", "0", "0", "0", "0", "0", "0", "0", "0", "0", "0", "0", "0", "0", "0", "0", "0", "0", "0", "0", "0", "0", "0", "0", "0", "0", "0", "0", "0", "0", "0", "0", "0", "0", "0", "0", "0", "0", "0", "0", "0", "0"]]}