{"state": {"resTurn": "10", "h": "10", "w": "9", "score": [["1", "0", "0", "1", "1", "1", "0", "0", "1"], ["1", "2", "-2", "1", "0", "1", "-2", "2", "1"], ["1", "1", "1", "0", "2", "0", "1", "1", "1"], ["2", "3", "3", "0", "-3", "0", "3", "3", "2"], ["0", "1", "1", "1", "4", "1", "1", "1", "0"], ["0", "1", "-2", "3", "-2", "3", "-2", "1", "0"], ["-3", "1", "1", "1", "0", "1", "1", "1", "-3"], ["2", "0", "2", "1", "0", "1", "2", "0", "2"], ["2", "2", "-2", "-2", "1", "-2", "-2", "2", "2"], ["3", "0", "0", "-3", "1", "-3", "0", "0", "3"]], "color": [["1", "1", "1", "1", "2", "2", "2", "2", "2"], ["0", "1", "1", "1", "2", "2", "2", "2", "2"], ["1", "1", "1", "1", "1", "0", "2", "2", "0"], ["1", "1", "1", "1", "1", "0", "2", "2", "0"], ["1", "0", "0", "2", "1", "2", "2", "2", "2"], ["0", "2", "2", "1", "2", "2", "2", "2", "0"], ["1", "2", "0", "0", "1", "0", "2", "0", "0"], ["2", "2", "0", "0", "0", "1", "0", "0", "0"], ["0", "2", "0", "0", "1", "1", "1", "1", "1"], ["0", "0", "0", "1", "1", "1", "1", "1", "1"]], "pos": [{"x": "6", "y": "9"}, {"x": "2", "y": "2"}, {"x": "1", "y": "8"}, {"x": "4", "y": "0"}]}, "q": "-0.0008149191926440397", "z": "1", "visitCount": [["19", "15", "26", "9", "18", "13", "18", "17", "11", "0", "0", "0", "0", "0", "0", "0", "0", "0", "0", "0", "0", "0", "0", "0", "0", "0", "0", "0", "0", "0", "0", "0", "0", "0", "0", "0", "0", "0", "0", "0", "0", "0", "0", "0", "0", "0", "0", "0", "0", "0", "0", "0", "0", "0", "0", "0", "0", "0", "0", "0", "0", "0", "0", "0", "0", "0", "0", "0", "12", "15", "14", "17", "42", "12", "32", "24", "14", "0", "0", "0", "0", "0", "0", "0", "0", "10", "19", "34", "22", "21", "20", "15", "15", "15", "0", "0", "0", "0", "0", "0", "0", "0", "14", "23", "12", "16", "22", "26", "13", "15", "20", "0", "0", "0", "0", "0", "0", "0", "0", "16", "13", "25", "20", "20", "25", "23", "14", "28", "0", "0", "0", "0", "0", "0", "0", "0", "18", "27", "15", "17", "12", "13", "22", "14", "18", "0", "0", "0", "0", "0", "0", "0", "0", "0", "0", "0", "0", "0", "0", "0", "0", "0", "0", "0", "0", "0", "0", "0", "0", "0", "0", "0", "0", "0", "0", "0", "0", "0", "0", "0", "0", "0", "0", "0", "0", "0", "0", "0", "0", "0", "0", "0", "0", "0", "0", "0", "0", "0", "0", "0", "0", "0", "0", "0", "0", "0", "0", "0", "0", "0", "0", "0", "0", "0", "0", "0", "0", "0", "0", "0", "0", "0", "0", "0", "0", "0", "0", "0", "0", "0", "0", "0", "0", "0", "0", "0", "0", "0", "0", "0", "0", "0", "0", "0", "0", "0", "0", "0", "0", "0", "0", "0", "0", "0", "0", "0", "0", "0", "0", "0", "0", "0", "0", "0", "0", "0", "0", "0", "0", "0", "0", "0", "0", "0", "0", "0", "0", "0", "0", "0", "0", "0", "0", "0", "0", "0", "0", "0", "0"], ["28", "12", "19", "0", "0", "0", "0", "0", "27", "0", "0", "23", "23", "0", "0", "0", "0", "36", "10", "9", "0", "0", "0", "0", "0", "22", "0", "0", "20", "29", "0", "0", "0", "0", "8", "9", "22", "0", "0", "0", "0", "0", "11", "0", "0", "11", "15", "0", "0", "0", "0", "8", "11", "11", "0", "0", "0", "0", "0", "21", "0", "0", "22", "27", "0", "0", "0", "0", "25", "19", "23", "0", "0", "0", "0", "0", "20", "0", "0", "24", "8", "0", "0", "0", "0", "21", "17", "17", "0", "0", "0", "0", "0", "16", "0", "0", "31", "9", "0", "0", "0", "0", "29", "27", "23", "0", "0", "0", "0", "0", "13", "0", "0", "16", "17", "0", "0", "0", "0", "22", "15", "20", "0", "0", "0", "0", "0", "24", "0", "0", "18", "8", "0", "0", "0", "0", "14", "9", "25", "0", "0", "0", "0", "0", "11", "0", "0", "30", "15", "0", "0", "0", "0", "0", "0", "0", "0", "0", "0", "0", "0", "0", "0", "0", "0", "0", "0", "0", "0", "0", "0", "0", "0", "0", "0", "0", "0", "0", "0", "0", "0", "0", "0", "0", "0", "0", "0", "0", "0", "0", "0", "0", "0", "0", "0", "0", "0", "0", "0", "0", "0", "0", "0", "0", "0", "0", "0", "0", "0", "0", "0", "0", "0", "0", "0", "0", "0", "0", "0", "0", "0", "0", "0", "0", "0", "0", "0", "0", "0", "0", "0", "0", "0", "0", "0", "0", "0", "0", "0", "0", "0", "0", "0", "0", "0", "0", "0", "0", "0", "0", "0", "0", "0", "0", "0", "0", "0", "0", "0", "0", "0", "0", "0", "0", "0", "0", "0", "0", "0", "0", "0", "0", "0", "0", "0", "0", "0", "0", "0", "0", "0", "0", "0", "0", "0", "0", "0", "0", "0"]]}