{"state": {"resTurn": "8", "h": "10", "w": "9", "score": [["1", "0", "0", "1", "1", "1", "0", "0", "1"], ["1", "2", "-2", "1", "0", "1", "-2", "2", "1"], ["1", "1", "1", "0", "2", "0", "1", "1", "1"], ["2", "3", "3", "0", "-3", "0", "3", "3", "2"], ["0", "1", "1", "1", "4", "1", "1", "1", "0"], ["0", "1", "-2", "3", "-2", "3", "-2", "1", "0"], ["-3", "1", "1", "1", "0", "1", "1", "1", "-3"], ["2", "0", "2", "1", "0", "1", "2", "0", "2"], ["2", "2", "-2", "-2", "1", "-2", "-2", "2", "2"], ["3", "0", "0", "-3", "1", "-3", "0", "0", "3"]], "color": [["1", "1", "1", "1", "2", "2", "2", "2", "2"], ["0", "1", "1", "1", "2", "2", "2", "2", "2"], ["1", "1", "1", "1", "1", "0", "2", "2", "0"], ["1", "1", "1", "1", "1", "0", "2", "2", "0"], ["1", "0", "0", "2", "1", "2", "2", "2", "2"], ["0", "2", "2", "1", "2", "2", "2", "2", "0"], ["1", "2", "0", "0", "1", "0", "2", "0", "0"], ["2", "2", "0", "0", "0", "1", "0", "0", "0"], ["0", "2", "2", "0", "1", "1", "1", "1", "1"], ["0", "0", "2", "1", "1", "1", "1", "1", "1"]], "pos": [{"x": "5", "y": "9"}, {"x": "2", "y": "2"}, {"x": "2", "y": "8"}, {"x": "4", "y": "1"}]}, "q": "-0.001251313966397429", "z": "1", "visitCount": [["13", "16", "14", "20", "17", "16", "18", "19", "23", "0", "0", "0", "0", "0", "0", "0", "0", "0", "0", "0", "0", "0", "0", "0", "0", "0", "0", "0", "0", "0", "0", "0", "0", "0", "0", "0", "0", "0", "0", "0", "0", "0", "0", "0", "0", "0", "0", "0", "0", "0", "0", "0", "0", "0", "0", "0", "0", "0", "0", "0", "0", "0", "0", "0", "0", "0", "0", "0", "14", "19", "15", "15", "16", "29", "15", "18", "21", "0", "0", "0", "0", "0", "0", "0", "0", "17", "28", "16", "25", "22", "18", "23", "20", "15", "0", "0", "0", "0", "0", "0", "0", "0", "13", "27", "15", "31", "17", "23", "16", "10", "26", "0", "0", "0", "0", "0", "0", "0", "0", "14", "14", "13", "18", "18", "13", "17", "22", "29", "0", "0", "0", "0", "0", "0", "0", "0", "15", "20", "28", "9", "24", "14", "20", "14", "18", "0", "0", "0", "0", "0", "0", "0", "0", "0", "0", "0", "0", "0", "0", "0", "0", "0", "0", "0", "0", "0", "0", "0", "0", "0", "0", "0", "0", "0", "0", "0", "0", "0", "0", "0", "0", "0", "0", "0", "0", "0", "0", "0", "0", "0", "0", "0", "0", "0", "0", "0", "0", "0", "0", "0", "0", "0", "0", "0", "0", "0", "0", "0", "0", "0", "0", "0", "0", "0", "0", "0", "0", "0", "0", "0", "0", "0", "0", "0", "0", "0", "0", "0", "0", "0", "0", "0", "0", "0", "0", "0", "0", "0", "0", "0", "0", "0", "0", "0", "0", "0", "0", "0", "0", "0", "0", "0", "0", "0", "0", "0", "0", "0", "0", "0", "0", "0", "0", "0", "0", "0", "0", "0", "0", "0", "0", "0", "0", "0", "0", "0", "0", "0", "0", "0", "0", "0", "0", "0", "0", "0", "0", "0", "0"], ["15", "11", "0", "0", "0", "0", "11", "9", "25", "0", "12", "15", "13", "12", "0", "0", "0", "0", "0", "0", "0", "0", "0", "0", "0", "0", "0", "0", "0", "0", "0", "0", "0", "0", "17", "11", "0", "0", "0", "0", "16", "15", "12", "0", "11", "7", "13", "10", "0", "0", "0", "10", "11", "0", "0", "0", "0", "10", "8", "14", "0", "10", "10", "13", "11", "0", "0", "0", "18", "8", "0", "0", "0", "0", "14", "13", "10", "0", "13", "7", "15", "10", "0", "0", "0", "22", "13", "0", "0", "0", "0", "9", "8", "14", "0", "9", "12", "8", "15", "0", "0", "0", "15", "9", "0", "0", "0", "0", "14", "11", "7", "0", "11", "18", "11", "11", "0", "0", "0", "11", "14", "0", "0", "0", "0", "9", "9", "20", "0", "8", "10", "8", "14", "0", "0", "0", "16", "16", "0", "0", "0", "0", "9", "10", "14", "0", "22", "17", "10", "16", "0", "0", "0", "10", "7", "0", "0", "0", "0", "7", "16", "12", "0", "12", "15", "12", "19", "0", "0", "0", "0", "0", "0", "0", "0", "0", "0", "0", "0", "0", "0", "0", "0", "0", "0", "0", "0", "0", "0", "0", "0", "0", "0", "0", "0", "0", "0", "0", "0", "0", "0", "0", "0", "0", "0", "0", "0", "0", "0", "0", "0", "0", "0", "0", "0", "0", "0", "0", "0", "0", "0", "0", "0", "0", "0", "0", "0", "0", "0", "0", "0", "0", "0", "0", "0", "0", "0", "0", "0", "0", "0", "0", "0", "0", "0", "0", "0", "0", "0", "0", "0", "0", "0", "0", "0", "0", "0", "0", "0", "0", "0", "0", "0", "0", "0", "0", "0", "0", "0", "0", "0", "0", "0", "0", "0", "0", "0", "0", "0", "0", "0", "0", "0", "0", "0", "0", "0", "0", "0"]]}