{"state": {"resTurn": "7", "h": "10", "w": "9", "score": [["1", "0", "0", "1", "1", "1", "0", "0", "1"], ["1", "2", "-2", "1", "0", "1", "-2", "2", "1"], ["1", "1", "1", "0", "2", "0", "1", "1", "1"], ["2", "3", "3", "0", "-3", "0", "3", "3", "2"], ["0", "1", "1", "1", "4", "1", "1", "1", "0"], ["0", "1", "-2", "3", "-2", "3", "-2", "1", "0"], ["-3", "1", "1", "1", "0", "1", "1", "1", "-3"], ["2", "0", "2", "1", "0", "1", "2", "0", "2"], ["2", "2", "-2", "-2", "1", "-2", "-2", "2", "2"], ["3", "0", "0", "-3", "1", "-3", "0", "0", "3"]], "color": [["1", "1", "1", "1", "2", "2", "2", "2", "2"], ["0", "1", "1", "1", "2", "2", "2", "2", "2"], ["1", "1", "1", "1", "1", "0", "2", "2", "0"], ["1", "1", "1", "1", "1", "0", "2", "2", "0"], ["1", "0", "0", "2", "1", "2", "2", "2", "2"], ["0", "2", "2", "1", "2", "2", "2", "2", "0"], ["1", "2", "0", "0", "1", "0", "2", "0", "0"], ["2", "2", "0", "0", "0", "1", "0", "0", "0"], ["0", "2", "2", "0", "1", "1", "1", "1", "1"], ["0", "0", "2", "1", "1", "1", "1", "1", "1"]], "pos": [{"x": "5", "y": "8"}, {"x": "1", "y": "3"}, {"x": "2", "y": "8"}, {"x": "5", "y": "1"}]}, "q": "-0.0006265281129473575", "z": "1", "visitCount": [["10", "13", "13", "16", "15", "30", "8", "21", "7", "0", "0", "0", "0", "0", "0", "0", "0", "17", "13", "11", "17", "11", "8", "16", "11", "10", "0", "0", "0", "0", "0", "0", "0", "0", "12", "16", "13", "13", "9", "7", "15", "22", "14", "0", "0", "0", "0", "0", "0", "0", "0", "10", "10", "11", "13", "10", "13", "15", "11", "11", "0", "0", "0", "0", "0", "0", "0", "0", "15", "8", "14", "11", "10", "13", "9", "9", "7", "0", "0", "0", "0", "0", "0", "0", "0", "13", "15", "10", "12", "10", "22", "9", "15", "12", "0", "0", "0", "0", "0", "0", "0", "0", "9", "10", "12", "8", "11", "10", "14", "15", "12", "0", "0", "0", "0", "0", "0", "0", "0", "10", "12", "11", "7", "11", "19", "9", "7", "8", "0", "0", "0", "0", "0", "0", "0", "0", "10", "17", "16", "9", "8", "14", "17", "15", "13", "0", "0", "0", "0", "0", "0", "0", "0", "0", "0", "0", "0", "0", "0", "0", "0", "0", "0", "0", "0", "0", "0", "0", "0", "0", "0", "0", "0", "0", "0", "0", "0", "0", "0", "0", "0", "0", "0", "0", "0", "0", "0", "0", "0", "0", "0", "0", "0", "0", "0", "0", "0", "0", "0", "0", "0", "0", "0", "0", "0", "0", "0", "0", "0", "0", "0", "0", "0", "0", "0", "0", "0", "0", "0", "0", "0", "0", "0", "0", "0", "0", "0", "0", "0", "0", "0", "0", "0", "0", "0", "0", "0", "0", "0", "0", "0", "0", "0", "0", "0", "0", "0", "0", "0", "0", "0", "0", "0", "0", "0", "0", "0", "0", "0", "0", "0", "0", "0", "0", "0", "0", "0", "0", "0", "0", "0", "0", "0", "0", "0", "0", "0", "0", "0", "0", "0", "0", "0", "0", "0", "0", "0", "0", "0"], ["12", "12", "12", "0", "12", "13", "13", "13", "16", "0", "0", "15", "0", "0", "0", "0", "0", "0", "0", "0", "0", "0", "0", "0", "0", "0", "0", "0", "0", "0", "0", "0", "0", "0", "20", "9", "11", "0", "17", "9", "12", "9", "10", "0", "0", "5", "0", "0", "0", "0", "0", "9", "16", "15", "0", "12", "12", "16", "7", "11", "0", "0", "19", "0", "0", "0", "0", "0", "13", "14", "12", "0", "12", "12", "14", "11", "11", "0", "0", "13", "0", "0", "0", "0", "0", "10", "16", "12", "0", "12", "18", "15", "18", "11", "0", "0", "9", "0", "0", "0", "0", "0", "16", "17", "7", "0", "11", "14", "15", "16", "14", "0", "0", "9", "0", "0", "0", "0", "0", "12", "11", "17", "0", "8", "8", "12", "10", "11", "0", "0", "10", "0", "0", "0", "0", "0", "11", "15", "12", "0", "14", "11", "11", "17", "7", "0", "0", "8", "0", "0", "0", "0", "0", "10", "14", "14", "0", "5", "14", "14", "11", "8", "0", "0", "16", "0", "0", "0", "0", "0", "0", "0", "0", "0", "0", "0", "0", "0", "0", "0", "0", "0", "0", "0", "0", "0", "0", "0", "0", "0", "0", "0", "0", "0", "0", "0", "0", "0", "0", "0", "0", "0", "0", "0", "0", "0", "0", "0", "0", "0", "0", "0", "0", "0", "0", "0", "0", "0", "0", "0", "0", "0", "0", "0", "0", "0", "0", "0", "0", "0", "0", "0", "0", "0", "0", "0", "0", "0", "0", "0", "0", "0", "0", "0", "0", "0", "0", "0", "0", "0", "0", "0", "0", "0", "0", "0", "0", "0", "0", "0", "0", "0", "0", "0", "0", "0", "0", "0", "0", "0", "0", "0", "0", "0", "0", "0", "0", "0", "0", "0", "0", "0", "0", "0", "0", "0", "0", "0", "0"]]}