{"state": {"resTurn": "6", "h": "10", "w": "9", "score": [["1", "0", "0", "1", "1", "1", "0", "0", "1"], ["1", "2", "-2", "1", "0", "1", "-2", "2", "1"], ["1", "1", "1", "0", "2", "0", "1", "1", "1"], ["2", "3", "3", "0", "-3", "0", "3", "3", "2"], ["0", "1", "1", "1", "4", "1", "1", "1", "0"], ["0", "1", "-2", "3", "-2", "3", "-2", "1", "0"], ["-3", "1", "1", "1", "0", "1", "1", "1", "-3"], ["2", "0", "2", "1", "0", "1", "2", "0", "2"], ["2", "2", "-2", "-2", "1", "-2", "-2", "2", "2"], ["3", "0", "0", "-3", "1", "-3", "0", "0", "3"]], "color": [["1", "1", "1", "1", "2", "2", "2", "2", "2"], ["0", "1", "1", "1", "2", "2", "2", "2", "2"], ["1", "1", "1", "1", "1", "0", "2", "2", "0"], ["1", "1", "1", "1", "1", "0", "2", "2", "0"], ["1", "0", "0", "2", "1", "2", "2", "2", "2"], ["0", "2", "2", "1", "2", "2", "2", "2", "0"], ["1", "2", "0", "0", "1", "0", "2", "0", "0"], ["2", "2", "0", "0", "0", "1", "0", "0", "0"], ["0", "2", "2", "0", "1", "1", "1", "1", "1"], ["0", "0", "2", "1", "1", "1", "1", "1", "1"]], "pos": [{"x": "5", "y": "8"}, {"x": "0", "y": "2"}, {"x": "2", "y": "9"}, {"x": "5", "y": "1"}]}, "q": "-0.0006751747233931733", "z": "1", "visitCount": [["24", "19", "19", "0", "0", "0", "17", "14", "26", "0", "0", "0", "0", "0", "0", "0", "0", "27", "13", "18", "0", "0", "0", "15", "19", "12", "0", "0", "0", "0", "0", "0", "0", "0", "37", "12", "19", "0", "0", "0", "22", "24", "15", "0", "0", "0", "0", "0", "0", "0", "0", "15", "22", "12", "0", "0", "0", "14", "13", "17", "0", "0", "0", "0", "0", "0", "0", "0", "20", "19", "16", "0", "0", "0", "14", "12", "22", "0", "0", "0", "0", "0", "0", "0", "0", "16", "17", "15", "0", "0", "0", "14", "13", "39", "0", "0", "0", "0", "0", "0", "0", "0", "24", "24", "17", "0", "0", "0", "27", "14", "30", "0", "0", "0", "0", "0", "0", "0", "0", "21", "16", "21", "0", "0", "0", "22", "16", "16", "0", "0", "0", "0", "0", "0", "0", "0", "12", "15", "19", "0", "0", "0", "15", "16", "14", "0", "0", "0", "0", "0", "0", "0", "0", "0", "0", "0", "0", "0", "0", "0", "0", "0", "0", "0", "0", "0", "0", "0", "0", "0", "0", "0", "0", "0", "0", "0", "0", "0", "0", "0", "0", "0", "0", "0", "0", "0", "0", "0", "0", "0", "0", "0", "0", "0", "0", "0", "0", "0", "0", "0", "0", "0", "0", "0", "0", "0", "0", "0", "0", "0", "0", "0", "0", "0", "0", "0", "0", "0", "0", "0", "0", "0", "0", "0", "0", "0", "0", "0", "0", "0", "0", "0", "0", "0", "0", "0", "0", "0", "0", "0", "0", "0", "0", "0", "0", "0", "0", "0", "0", "0", "0", "0", "0", "0", "0", "0", "0", "0", "0", "0", "0", "0", "0", "0", "0", "0", "0", "0", "0", "0", "0", "0", "0", "0", "0", "0", "0", "0", "0", "0", "0", "0", "0", "0", "0", "0", "0", "0", "0"], ["17", "16", "19", "0", "20", "15", "20", "24", "20", "0", "0", "12", "0", "0", "0", "0", "0", "0", "0", "0", "0", "0", "0", "0", "0", "0", "0", "0", "0", "0", "0", "0", "0", "0", "0", "0", "0", "0", "0", "0", "0", "0", "0", "0", "0", "0", "0", "0", "0", "0", "0", "0", "0", "0", "0", "0", "0", "0", "0", "0", "0", "0", "0", "0", "0", "0", "0", "0", "21", "13", "21", "0", "19", "17", "11", "22", "31", "0", "0", "12", "0", "0", "0", "0", "0", "26", "23", "19", "0", "18", "13", "10", "21", "15", "0", "0", "10", "0", "0", "0", "0", "0", "9", "10", "22", "0", "19", "10", "21", "20", "11", "0", "0", "18", "0", "0", "0", "0", "0", "19", "17", "16", "0", "25", "18", "26", "19", "28", "0", "0", "27", "0", "0", "0", "0", "0", "0", "0", "0", "0", "0", "0", "0", "0", "0", "0", "0", "0", "0", "0", "0", "0", "0", "0", "0", "0", "0", "0", "0", "0", "0", "0", "0", "0", "0", "0", "0", "0", "0", "0", "0", "0", "0", "0", "0", "0", "0", "0", "0", "0", "0", "0", "0", "0", "0", "0", "0", "0", "0", "0", "0", "0", "0", "0", "0", "0", "0", "0", "0", "0", "0", "0", "0", "0", "0", "0", "0", "0", "0", "0", "0", "0", "0", "0", "0", "0", "0", "0", "0", "0", "0", "0", "0", "0", "0", "0", "0", "0", "0", "0", "0", "0", "0", "0", "0", "0", "0", "0", "0", "0", "0", "0", "0", "0", "0", "0", "0", "0", "0", "0", "0", "0", "0", "0", "0", "0", "0", "0", "0", "0", "0", "0", "0", "0", "0", "0", "0", "0", "0", "0", "0", "0", "21", "26", "24", "0", "12", "17", "13", "33", "13", "0", "0", "22", "0", "0", "0", "0", "0"]]}