{"state": {"resTurn": "5", "h": "10", "w": "9", "score": [["1", "0", "0", "1", "1", "1", "0", "0", "1"], ["1", "2", "-2", "1", "0", "1", "-2", "2", "1"], ["1", "1", "1", "0", "2", "0", "1", "1", "1"], ["2", "3", "3", "0", "-3", "0", "3", "3", "2"], ["0", "1", "1", "1", "4", "1", "1", "1", "0"], ["0", "1", "-2", "3", "-2", "3", "-2", "1", "0"], ["-3", "1", "1", "1", "0", "1", "1", "1", "-3"], ["2", "0", "2", "1", "0", "1", "2", "0", "2"], ["2", "2", "-2", "-2", "1", "-2", "-2", "2", "2"], ["3", "0", "0", "-3", "1", "-3", "0", "0", "3"]], "color": [["1", "1", "1", "1", "2", "2", "2", "2", "2"], ["0", "1", "1", "1", "2", "2", "2", "2", "2"], ["1", "1", "1", "1", "1", "0", "2", "2", "0"], ["1", "1", "1", "1", "1", "0", "2", "2", "0"], ["1", "0", "0", "2", "1", "2", "2", "2", "2"], ["0", "2", "2", "1", "2", "2", "2", "2", "0"], ["1", "2", "0", "0", "1", "0", "2", "0", "0"], ["2", "2", "0", "0", "1", "1", "0", "0", "0"], ["0", "2", "2", "0", "1", "1", "1", "1", "1"], ["0", "0", "2", "0", "1", "1", "1", "1", "1"]], "pos": [{"x": "4", "y": "7"}, {"x": "1", "y": "2"}, {"x": "2", "y": "9"}, {"x": "6", "y": "0"}]}, "q": "-0.0003526005787561717", "z": "1", "visitCount": [["13", "20", "12", "10", "12", "13", "12", "8", "10", "0", "0", "0", "0", "0", "0", "0", "0", "23", "20", "10", "8", "11", "14", "11", "16", "18", "0", "0", "0", "0", "0", "0", "0", "0", "13", "18", "12", "8", "12", "15", "11", "10", "10", "0", "0", "0", "0", "0", "0", "0", "0", "12", "13", "11", "15", "9", "14", "9", "17", "14", "0", "0", "0", "0", "0", "0", "0", "0", "7", "10", "11", "15", "12", "14", "17", "10", "12", "0", "0", "0", "0", "0", "0", "0", "0", "13", "15", "14", "13", "11", "12", "11", "14", "13", "0", "0", "0", "0", "0", "0", "0", "0", "16", "11", "16", "19", "15", "12", "11", "9", "12", "0", "0", "0", "0", "0", "0", "0", "0", "10", "8", "11", "13", "8", "10", "11", "13", "11", "0", "0", "0", "0", "0", "0", "0", "0", "8", "10", "14", "14", "13", "9", "11", "11", "7", "0", "0", "0", "0", "0", "0", "0", "0", "0", "0", "0", "0", "0", "0", "0", "0", "0", "0", "0", "0", "0", "0", "0", "0", "0", "0", "0", "0", "0", "0", "0", "0", "0", "0", "0", "0", "0", "0", "0", "0", "0", "0", "0", "0", "0", "0", "0", "0", "0", "0", "0", "0", "0", "0", "0", "0", "0", "0", "0", "0", "0", "0", "0", "0", "0", "0", "0", "0", "0", "0", "0", "0", "0", "0", "0", "0", "0", "0", "0", "0", "0", "0", "0", "0", "0", "0", "0", "0", "0", "0", "0", "0", "0", "0", "0", "0", "0", "0", "0", "0", "0", "0", "0", "0", "0", "0", "0", "0", "0", "0", "0", "0", "0", "0", "0", "0", "0", "0", "0", "0", "0", "0", "0", "0", "0", "0", "0", "0", "0", "0", "0", "0", "0", "0", "0", "0", "0", "0", "0", "0", "0", "0", "0", "0"], ["39", "15", "29", "31", "19", "0", "0", "0", "11", "0", "0", "0", "0", "0", "0", "0", "0", "0", "0", "0", "0", "0", "0", "0", "0", "0", "0", "0", "0", "0", "0", "0", "0", "0", "0", "0", "0", "0", "0", "0", "0", "0", "0", "0", "0", "0", "0", "0", "0", "0", "0", "0", "0", "0", "0", "0", "0", "0", "0", "0", "0", "0", "0", "0", "0", "0", "0", "0", "34", "27", "26", "15", "24", "0", "0", "0", "30", "0", "0", "0", "0", "0", "0", "0", "0", "27", "22", "35", "24", "25", "0", "0", "0", "34", "0", "0", "0", "0", "0", "0", "0", "0", "23", "46", "25", "34", "19", "0", "0", "0", "48", "0", "0", "0", "0", "0", "0", "0", "0", "32", "44", "34", "16", "32", "0", "0", "0", "25", "0", "0", "0", "0", "0", "0", "0", "0", "29", "21", "37", "41", "18", "0", "0", "0", "10", "0", "0", "0", "0", "0", "0", "0", "0", "0", "0", "0", "0", "0", "0", "0", "0", "0", "0", "0", "0", "0", "0", "0", "0", "0", "0", "0", "0", "0", "0", "0", "0", "0", "0", "0", "0", "0", "0", "0", "0", "0", "0", "0", "0", "0", "0", "0", "0", "0", "0", "0", "0", "0", "0", "0", "0", "0", "0", "0", "0", "0", "0", "0", "0", "0", "0", "0", "0", "0", "0", "0", "0", "0", "0", "0", "0", "0", "0", "0", "0", "0", "0", "0", "0", "0", "0", "0", "0", "0", "0", "0", "0", "0", "0", "0", "0", "0", "0", "0", "0", "0", "0", "0", "0", "0", "0", "0", "0", "0", "0", "0", "0", "0", "0", "0", "0", "0", "0", "0", "0", "0", "0", "0", "0", "0", "0", "0", "0", "0", "0", "0", "0", "0", "0", "0", "0", "0", "0", "0", "0", "0", "0", "0", "0"]]}