{"state": {"resTurn": "4", "h": "10", "w": "9", "score": [["1", "0", "0", "1", "1", "1", "0", "0", "1"], ["1", "2", "-2", "1", "0", "1", "-2", "2", "1"], ["1", "1", "1", "0", "2", "0", "1", "1", "1"], ["2", "3", "3", "0", "-3", "0", "3", "3", "2"], ["0", "1", "1", "1", "4", "1", "1", "1", "0"], ["0", "1", "-2", "3", "-2", "3", "-2", "1", "0"], ["-3", "1", "1", "1", "0", "1", "1", "1", "-3"], ["2", "0", "2", "1", "0", "1", "2", "0", "2"], ["2", "2", "-2", "-2", "1", "-2", "-2", "2", "2"], ["3", "0", "0", "-3", "1", "-3", "0", "0", "3"]], "color": [["1", "1", "1", "1", "2", "2", "2", "2", "2"], ["0", "1", "1", "1", "2", "2", "2", "2", "2"], ["1", "1", "1", "1", "1", "0", "2", "2", "0"], ["1", "1", "1", "1", "1", "0", "2", "2", "0"], ["1", "0", "0", "2", "1", "2", "2", "2", "2"], ["0", "2", "2", "1", "2", "2", "2", "2", "0"], ["1", "2", "0", "0", "1", "0", "2", "0", "0"], ["2", "2", "0", "0", "1", "1", "0", "0", "0"], ["0", "2", "2", "0", "1", "1", "1", "1", "1"], ["0", "0", "2", "0", "1", "1", "1", "1", "1"]], "pos": [{"x": "5", "y": "8"}, {"x": "1", "y": "2"}, {"x": "2", "y": "8"}, {"x": "7", "y": "0"}]}, "q": "-0.000451529704922125", "z": "1", "visitCount": [["16", "16", "10", "11", "11", "12", "15", "12", "14", "0", "0", "0", "0", "0", "0", "0", "0", "18", "16", "11", "10", "19", "16", "8", "11", "14", "0", "0", "0", "0", "0", "0", "0", "0", "19", "13", "11", "10", "18", "15", "13", "10", "13", "0", "0", "0", "0", "0", "0", "0", "0", "11", "9", "15", "9", "11", "14", "10", "13", "12", "0", "0", "0", "0", "0", "0", "0", "0", "20", "15", "10", "7", "7", "13", "13", "12", "11", "0", "0", "0", "0", "0", "0", "0", "0", "16", "9", "7", "16", "8", "11", "10", "19", "13", "0", "0", "0", "0", "0", "0", "0", "0", "17", "8", "13", "12", "10", "8", "15", "9", "11", "0", "0", "0", "0", "0", "0", "0", "0", "9", "13", "13", "13", "13", "11", "11", "7", "11", "0", "0", "0", "0", "0", "0", "0", "0", "13", "12", "11", "14", "12", "9", "12", "13", "18", "0", "0", "0", "0", "0", "0", "0", "0", "0", "0", "0", "0", "0", "0", "0", "0", "0", "0", "0", "0", "0", "0", "0", "0", "0", "0", "0", "0", "0", "0", "0", "0", "0", "0", "0", "0", "0", "0", "0", "0", "0", "0", "0", "0", "0", "0", "0", "0", "0", "0", "0", "0", "0", "0", "0", "0", "0", "0", "0", "0", "0", "0", "0", "0", "0", "0", "0", "0", "0", "0", "0", "0", "0", "0", "0", "0", "0", "0", "0", "0", "0", "0", "0", "0", "0", "0", "0", "0", "0", "0", "0", "0", "0", "0", "0", "0", "0", "0", "0", "0", "0", "0", "0", "0", "0", "0", "0", "0", "0", "0", "0", "0", "0", "0", "0", "0", "0", "0", "0", "0", "0", "0", "0", "0", "0", "0", "0", "0", "0", "0", "0", "0", "0", "0", "0", "0", "0", "0", "0", "0", "0", "0", "0", "0"], ["25", "9", "23", "10", "10", "0", "0", "0", "17", "0", "0", "0", "0", "0", "0", "0", "0", "24", "21", "15", "30", "15", "0", "0", "0", "13", "0", "0", "0", "0", "0", "0", "0", "0", "25", "12", "12", "11", "17", "0", "0", "0", "16", "0", "0", "0", "0", "0", "0", "0", "0", "17", "17", "15", "20", "30", "0", "0", "0", "17", "0", "0", "0", "0", "0", "0", "0", "0", "28", "22", "20", "25", "16", "0", "0", "0", "20", "0", "0", "0", "0", "0", "0", "0", "0", "12", "25", "20", "13", "26", "0", "0", "0", "15", "0", "0", "0", "0", "0", "0", "0", "0", "25", "24", "11", "15", "15", "0", "0", "0", "19", "0", "0", "0", "0", "0", "0", "0", "0", "15", "13", "27", "28", "10", "0", "0", "0", "21", "0", "0", "0", "0", "0", "0", "0", "0", "26", "17", "17", "15", "20", "0", "0", "0", "20", "0", "0", "0", "0", "0", "0", "0", "0", "0", "0", "0", "0", "0", "0", "0", "0", "0", "0", "0", "0", "0", "0", "0", "0", "0", "0", "0", "0", "0", "0", "0", "0", "0", "0", "0", "0", "0", "0", "0", "0", "0", "0", "0", "0", "0", "0", "0", "0", "0", "0", "0", "0", "0", "0", "0", "0", "0", "0", "0", "0", "0", "0", "0", "0", "0", "0", "0", "0", "0", "0", "0", "0", "0", "0", "0", "0", "0", "0", "0", "0", "0", "0", "0", "0", "0", "0", "0", "0", "0", "0", "0", "0", "0", "0", "0", "0", "0", "0", "0", "0", "0", "0", "0", "0", "0", "0", "0", "0", "0", "0", "0", "0", "0", "0", "0", "0", "0", "0", "0", "0", "0", "0", "0", "0", "0", "0", "0", "0", "0", "0", "0", "0", "0", "0", "0", "0", "0", "0", "0", "0", "0", "0", "0", "0"]]}