{"state": {"resTurn": "3", "h": "10", "w": "9", "score": [["1", "0", "0", "1", "1", "1", "0", "0", "1"], ["1", "2", "-2", "1", "0", "1", "-2", "2", "1"], ["1", "1", "1", "0", "2", "0", "1", "1", "1"], ["2", "3", "3", "0", "-3", "0", "3", "3", "2"], ["0", "1", "1", "1", "4", "1", "1", "1", "0"], ["0", "1", "-2", "3", "-2", "3", "-2", "1", "0"], ["-3", "1", "1", "1", "0", "1", "1", "1", "-3"], ["2", "0", "2", "1", "0", "1", "2", "0", "2"], ["2", "2", "-2", "-2", "1", "-2", "-2", "2", "2"], ["3", "0", "0", "-3", "1", "-3", "0", "0", "3"]], "color": [["1", "1", "1", "1", "2", "2", "2", "2", "2"], ["0", "1", "1", "1", "2", "2", "2", "2", "2"], ["1", "1", "1", "1", "1", "0", "2", "2", "0"], ["1", "1", "1", "1", "1", "0", "2", "2", "0"], ["1", "0", "0", "2", "1", "2", "2", "2", "2"], ["0", "2", "2", "1", "2", "2", "2", "2", "0"], ["1", "2", "0", "0", "1", "0", "2", "0", "0"], ["2", "2", "0", "0", "1", "1", "0", "0", "0"], ["0", "2", "2", "0", "1", "1", "1", "1", "1"], ["0", "0", "2", "2", "1", "1", "1", "1", "1"]], "pos": [{"x": "4", "y": "8"}, {"x": "1", "y": "2"}, {"x": "3", "y": "9"}, {"x": "6", "y": "1"}]}, "q": "-0.000387854284634184", "z": "1", "visitCount": [["13", "16", "12", "9", "12", "20", "16", "7", "11", "0", "0", "0", "0", "0", "0", "0", "0", "16", "15", "15", "11", "12", "16", "8", "12", "18", "0", "0", "0", "0", "0", "0", "0", "0", "14", "8", "10", "11", "14", "15", "8", "13", "14", "0", "0", "0", "0", "0", "0", "0", "0", "0", "0", "0", "0", "0", "0", "0", "0", "0", "0", "0", "0", "0", "0", "0", "0", "0", "10", "11", "9", "16", "16", "12", "13", "8", "11", "0", "0", "0", "0", "0", "0", "0", "0", "17", "12", "11", "10", "11", "12", "10", "16", "9", "0", "0", "0", "0", "0", "0", "0", "0", "15", "8", "10", "7", "8", "8", "9", "16", "12", "0", "0", "0", "0", "0", "0", "0", "0", "10", "9", "12", "11", "13", "13", "15", "12", "12", "0", "0", "0", "0", "0", "0", "0", "0", "9", "16", "14", "11", "13", "12", "16", "11", "10", "0", "0", "0", "0", "0", "0", "0", "0", "0", "0", "0", "0", "0", "0", "0", "0", "0", "0", "0", "0", "0", "0", "0", "0", "0", "0", "0", "0", "0", "0", "0", "0", "0", "0", "0", "0", "0", "0", "0", "0", "0", "0", "24", "14", "8", "12", "14", "12", "18", "12", "15", "0", "0", "0", "0", "0", "0", "0", "0", "0", "0", "0", "0", "0", "0", "0", "0", "0", "0", "0", "0", "0", "0", "0", "0", "0", "0", "0", "0", "0", "0", "0", "0", "0", "0", "0", "0", "0", "0", "0", "0", "0", "0", "0", "0", "0", "0", "0", "0", "0", "0", "0", "0", "0", "0", "0", "0", "0", "0", "0", "0", "0", "0", "0", "0", "0", "0", "0", "0", "0", "0", "0", "0", "0", "0", "0", "0", "0", "0", "0", "0", "0", "0", "0", "0", "0", "0", "0", "0", "0", "0", "0", "0", "0"], ["26", "20", "9", "20", "17", "18", "22", "16", "12", "0", "0", "0", "0", "0", "0", "0", "0", "0", "0", "0", "0", "0", "0", "0", "0", "0", "0", "0", "0", "0", "0", "0", "0", "0", "0", "0", "0", "0", "0", "0", "0", "0", "0", "0", "0", "0", "0", "0", "0", "0", "0", "0", "0", "0", "0", "0", "0", "0", "0", "0", "0", "0", "0", "0", "0", "0", "0", "0", "16", "30", "16", "12", "16", "10", "14", "21", "15", "0", "0", "0", "0", "0", "0", "0", "0", "18", "21", "15", "9", "18", "20", "24", "12", "17", "0", "0", "0", "0", "0", "0", "0", "0", "13", "16", "13", "25", "27", "20", "17", "18", "21", "0", "0", "0", "0", "0", "0", "0", "0", "0", "0", "0", "0", "0", "0", "0", "0", "0", "0", "0", "0", "0", "0", "0", "0", "0", "0", "0", "0", "0", "0", "0", "0", "0", "0", "0", "0", "0", "0", "0", "0", "0", "0", "0", "0", "0", "0", "0", "0", "0", "0", "0", "0", "0", "0", "0", "0", "0", "0", "0", "0", "0", "0", "0", "0", "0", "0", "0", "0", "0", "0", "0", "0", "0", "0", "0", "0", "0", "0", "0", "0", "0", "0", "0", "0", "0", "0", "0", "0", "0", "0", "0", "0", "0", "0", "0", "0", "0", "0", "0", "0", "0", "0", "0", "0", "0", "0", "0", "0", "0", "0", "0", "0", "0", "0", "0", "0", "0", "0", "0", "0", "0", "0", "0", "0", "0", "0", "0", "0", "0", "0", "0", "0", "0", "0", "0", "0", "0", "0", "0", "0", "0", "0", "0", "0", "24", "25", "16", "21", "20", "22", "25", "14", "15", "0", "0", "0", "0", "0", "0", "0", "0", "22", "12", "25", "18", "31", "24", "21", "17", "15", "0", "0", "0", "0", "0", "0", "0", "0"]]}