{"state": {"resTurn": "2", "h": "10", "w": "9", "score": [["1", "0", "0", "1", "1", "1", "0", "0", "1"], ["1", "2", "-2", "1", "0", "1", "-2", "2", "1"], ["1", "1", "1", "0", "2", "0", "1", "1", "1"], ["2", "3", "3", "0", "-3", "0", "3", "3", "2"], ["0", "1", "1", "1", "4", "1", "1", "1", "0"], ["0", "1", "-2", "3", "-2", "3", "-2", "1", "0"], ["-3", "1", "1", "1", "0", "1", "1", "1", "-3"], ["2", "0", "2", "1", "0", "1", "2", "0", "2"], ["2", "2", "-2", "-2", "1", "-2", "-2", "2", "2"], ["3", "0", "0", "-3", "1", "-3", "0", "0", "3"]], "color": [["1", "1", "1", "1", "2", "2", "2", "2", "2"], ["0", "1", "1", "1", "2", "2", "2", "2", "2"], ["1", "1", "1", "1", "1", "0", "2", "2", "0"], ["1", "1", "1", "1", "1", "0", "2", "2", "0"], ["1", "0", "0", "2", "1", "2", "2", "2", "2"], ["0", "2", "2", "1", "2", "2", "2", "2", "0"], ["1", "2", "0", "0", "1", "0", "2", "0", "0"], ["2", "2", "0", "0", "1", "1", "0", "0", "0"], ["0", "2", "2", "0", "1", "1", "1", "1", "1"], ["0", "0", "2", "2", "0", "1", "1", "1", "1"]], "pos": [{"x": "4", "y": "8"}, {"x": "1", "y": "2"}, {"x": "3", "y": "9"}, {"x": "5", "y": "1"}]}, "q": "-0.0005717049179453474", "z": "1", "visitCount": [["10", "17", "14", "11", "11", "11", "11", "12", "12", "0", "0", "0", "0", "0", "0", "0", "0", "7", "13", "16", "12", "16", "12", "13", "10", "15", "0", "0", "0", "0", "0", "0", "0", "0", "16", "13", "14", "14", "16", "9", "10", "14", "12", "0", "0", "0", "0", "0", "0", "0", "0", "0", "0", "0", "0", "0", "0", "0", "0", "0", "0", "0", "0", "0", "0", "0", "0", "0", "12", "16", "11", "13", "9", "10", "12", "9", "11", "0", "0", "0", "0", "0", "0", "0", "0", "12", "11", "11", "12", "13", "13", "10", "13", "11", "0", "0", "0", "0", "0", "0", "0", "0", "10", "13", "9", "11", "13", "14", "13", "12", "13", "0", "0", "0", "0", "0", "0", "0", "0", "14", "9", "16", "12", "14", "11", "10", "16", "9", "0", "0", "0", "0", "0", "0", "0", "0", "8", "16", "14", "9", "15", "23", "15", "11", "10", "0", "0", "0", "0", "0", "0", "0", "0", "0", "0", "0", "0", "0", "0", "0", "0", "0", "0", "0", "0", "0", "0", "0", "0", "0", "0", "0", "0", "0", "0", "0", "0", "0", "0", "0", "0", "0", "0", "0", "0", "0", "0", "10", "9", "15", "9", "20", "11", "12", "15", "9", "0", "0", "0", "0", "0", "0", "0", "0", "0", "0", "0", "0", "0", "0", "0", "0", "0", "0", "0", "0", "0", "0", "0", "0", "0", "0", "0", "0", "0", "0", "0", "0", "0", "0", "0", "0", "0", "0", "0", "0", "0", "0", "0", "0", "0", "0", "0", "0", "0", "0", "0", "0", "0", "0", "0", "0", "0", "0", "0", "0", "0", "0", "0", "0", "0", "0", "0", "0", "0", "0", "0", "0", "0", "0", "0", "0", "0", "0", "0", "0", "0", "0", "0", "0", "0", "0", "0", "0", "0", "0", "0", "0", "0"], ["23", "12", "24", "0", "8", "29", "14", "17", "16", "0", "0", "17", "0", "0", "0", "0", "0", "0", "0", "0", "0", "0", "0", "0", "0", "0", "0", "0", "0", "0", "0", "0", "0", "0", "0", "0", "0", "0", "0", "0", "0", "0", "0", "0", "0", "0", "0", "0", "0", "0", "0", "0", "0", "0", "0", "0", "0", "0", "0", "0", "0", "0", "0", "0", "0", "0", "0", "0", "17", "17", "18", "0", "17", "18", "14", "19", "13", "0", "0", "13", "0", "0", "0", "0", "0", "24", "17", "17", "0", "22", "22", "14", "43", "17", "0", "0", "23", "0", "0", "0", "0", "0", "22", "21", "19", "0", "27", "19", "13", "15", "21", "0", "0", "26", "0", "0", "0", "0", "0", "0", "0", "0", "0", "0", "0", "0", "0", "0", "0", "0", "0", "0", "0", "0", "0", "0", "19", "20", "15", "0", "21", "13", "23", "16", "23", "0", "0", "15", "0", "0", "0", "0", "0", "0", "0", "0", "0", "0", "0", "0", "0", "0", "0", "0", "0", "0", "0", "0", "0", "0", "0", "0", "0", "0", "0", "0", "0", "0", "0", "0", "0", "0", "0", "0", "0", "0", "0", "0", "0", "0", "0", "0", "0", "0", "0", "0", "0", "0", "0", "0", "0", "0", "0", "0", "0", "0", "0", "0", "0", "0", "0", "0", "0", "0", "0", "0", "0", "0", "0", "0", "0", "0", "0", "0", "0", "0", "0", "0", "0", "0", "0", "0", "0", "0", "0", "0", "0", "0", "0", "0", "0", "0", "0", "0", "0", "0", "0", "0", "0", "0", "0", "0", "0", "0", "0", "19", "16", "17", "0", "12", "19", "18", "13", "18", "0", "0", "15", "0", "0", "0", "0", "0", "0", "0", "0", "0", "0", "0", "0", "0", "0", "0", "0", "0", "0", "0", "0", "0", "0"]]}