{"state": {"resTurn": "81", "h": "10", "w": "9", "score": [["1", "0", "0", "1", "1", "1", "0", "0", "1"], ["1", "2", "-2", "1", "0", "1", "-2", "2", "1"], ["1", "1", "1", "0", "2", "0", "1", "1", "1"], ["2", "3", "3", "0", "-3", "0", "3", "3", "2"], ["0", "1", "1", "1", "4", "1", "1", "1", "0"], ["0", "1", "-2", "3", "-2", "3", "-2", "1", "0"], ["-3", "1", "1", "1", "0", "1", "1", "1", "-3"], ["2", "0", "2", "1", "0", "1", "2", "0", "2"], ["2", "2", "-2", "-2", "1", "-2", "-2", "2", "2"], ["3", "0", "0", "-3", "1", "-3", "0", "0", "3"]], "color": [["1", "1", "0", "0", "0", "0", "0", "2", "2"], ["0", "0", "1", "1", "1", "0", "0", "2", "2"], ["1", "1", "1", "0", "1", "1", "0", "0", "0"], ["1", "1", "0", "1", "1", "2", "2", "2", "0"], ["0", "0", "0", "0", "0", "0", "0", "2", "2"], ["0", "0", "0", "0", "0", "0", "0", "2", "0"], ["0", "0", "0", "0", "0", "0", "0", "0", "0"], ["0", "0", "0", "0", "0", "0", "0", "0", "0"], ["0", "0", "0", "0", "0", "0", "0", "0", "0"], ["0", "0", "0", "0", "0", "0", "0", "0", "0"]], "pos": [{"x": "0", "y": "3"}, {"x": "4", "y": "3"}, {"x": "7", "y": "3"}, {"x": "8", "y": "1"}]}, "q": "0.0009402548208340308", "z": "1", "visitCount": [["21", "20", "14", "18", "15", "25", "15", "27", "0", "0", "0", "0", "0", "0", "0", "0", "18", "17", "18", "11", "17", "15", "28", "22", "14", "0", "0", "0", "0", "0", "0", "0", "0", "18", "9", "21", "17", "15", "18", "20", "21", "21", "0", "0", "0", "0", "0", "0", "0", "0", "30", "0", "0", "0", "0", "0", "0", "0", "0", "0", "0", "0", "0", "0", "0", "0", "0", "0", "0", "0", "0", "0", "0", "0", "0", "0", "0", "0", "0", "0", "0", "0", "0", "0", "0", "0", "0", "0", "0", "0", "0", "0", "0", "0", "0", "0", "0", "0", "0", "0", "0", "0", "14", "14", "15", "22", "14", "15", "19", "15", "0", "0", "0", "0", "0", "0", "0", "0", "19", "24", "15", "16", "21", "18", "23", "17", "31", "0", "0", "0", "0", "0", "0", "0", "0", "17", "13", "25", "18", "17", "14", "15", "15", "28", "0", "0", "0", "0", "0", "0", "0", "0", "21", "0", "0", "0", "0", "0", "0", "0", "0", "0", "0", "0", "0", "0", "0", "0", "0", "0", "0", "0", "0", "0", "0", "0", "0", "0", "0", "0", "0", "0", "0", "0", "0", "0", "0", "0", "0", "0", "0", "0", "0", "0", "0", "0", "0", "0", "0", "0", "0", "0", "0", "0", "0", "0", "0", "0", "0", "0", "0", "0", "0", "0", "0", "0", "0", "0", "0", "0", "0", "0", "0", "0", "0", "0", "0", "0", "0", "0", "0", "0", "0", "0", "0", "0", "0", "0", "0", "0", "0", "0", "0", "0", "0", "0", "0", "0", "0", "0", "0", "0", "0", "0", "0", "0", "0", "0", "0", "0", "0", "0", "0", "0", "0", "0", "0", "0", "0", "0", "0", "0", "0", "0", "0", "0", "0", "0", "0", "0", "0", "0", "0", "0", "0", "0", "0", "0", "0"], ["26", "0", "20", "27", "17", "12", "11", "0", "0", "0", "0", "0", "0", "0", "0", "0", "0", "9", "0", "14", "22", "27", "17", "20", "0", "0", "0", "0", "0", "0", "0", "0", "0", "0", "20", "0", "16", "16", "14", "19", "16", "0", "0", "0", "0", "0", "0", "0", "0", "0", "0", "12", "0", "16", "19", "14", "11", "17", "0", "0", "0", "0", "0", "0", "0", "0", "0", "0", "16", "0", "21", "21", "21", "31", "27", "0", "0", "0", "0", "0", "0", "0", "0", "0", "0", "19", "0", "18", "25", "19", "14", "23", "0", "0", "0", "0", "0", "0", "0", "0", "0", "0", "25", "0", "17", "17", "16", "18", "21", "0", "0", "0", "0", "0", "0", "0", "0", "0", "0", "22", "0", "11", "24", "19", "22", "16", "0", "0", "0", "0", "0", "0", "0", "0", "0", "0", "11", "0", "10", "16", "23", "17", "28", "0", "0", "0", "0", "0", "0", "0", "0", "0", "0", "0", "0", "0", "0", "0", "0", "0", "0", "0", "0", "0", "0", "0", "0", "0", "0", "0", "0", "0", "0", "0", "0", "0", "0", "0", "0", "0", "0", "0", "0", "0", "0", "0", "0", "0", "0", "0", "0", "0", "0", "0", "0", "0", "0", "0", "0", "0", "0", "0", "0", "0", "0", "0", "0", "0", "0", "0", "0", "0", "0", "0", "0", "0", "0", "0", "0", "0", "0", "0", "0", "0", "0", "0", "0", "0", "0", "0", "0", "0", "0", "0", "0", "0", "0", "0", "0", "0", "0", "0", "0", "0", "0", "0", "0", "0", "0", "0", "0", "0", "0", "0", "0", "0", "0", "0", "0", "0", "0", "0", "0", "0", "0", "0", "0", "0", "0", "0", "0", "0", "0", "0", "0", "0", "0", "0", "0", "0", "0", "0", "0", "0", "0", "0", "0", "0", "0"]]}