{"state": {"resTurn": "111", "h": "6", "w": "12", "score": [["0", "0", "0", "0", "-1", "0", "0", "-1", "0", "0", "0", "0"], ["0", "0", "0", "1", "1", "1", "1", "1", "1", "0", "0", "0"], ["0", "1", "0", "1", "0", "0", "0", "0", "1", "0", "1", "0"], ["0", "1", "0", "0", "1", "0", "0", "1", "0", "0", "1", "0"], ["0", "0", "0", "0", "1", "1", "1", "1", "0", "0", "0", "0"], ["-1", "1", "0", "0", "1", "-1", "-1", "1", "0", "0", "1", "-1"]], "color": [["0", "0", "0", "0", "0", "0", "0", "0", "0", "0", "0", "0"], ["0", "0", "0", "0", "0", "0", "0", "0", "0", "0", "0", "0"], ["0", "2", "0", "0", "0", "0", "0", "0", "0", "0", "1", "0"], ["0", "0", "1", "0", "0", "0", "0", "0", "0", "2", "0", "0"], ["0", "0", "0", "0", "0", "0", "0", "0", "0", "0", "0", "0"], ["0", "0", "0", "0", "0", "0", "0", "0", "0", "0", "0", "0"]], "pos": [{"x": "10", "y": "2"}, {"x": "2", "y": "3"}, {"x": "1", "y": "2"}, {"x": "9", "y": "3"}]}, "q": "0.0008170801996994983", "z": "1", "visitCount": [["12", "12", "14", "13", "13", "0", "13", "14", "12", "0", "0", "0", "0", "13", "0", "0", "0", "13", "12", "13", "13", "13", "0", "13", "11", "14", "0", "0", "0", "0", "14", "0", "0", "0", "14", "14", "12", "14", "12", "0", "12", "13", "13", "0", "0", "0", "0", "12", "0", "0", "0", "0", "0", "0", "0", "0", "0", "0", "0", "0", "0", "0", "0", "0", "0", "0", "0", "0", "12", "13", "11", "12", "12", "0", "11", "11", "13", "0", "0", "0", "0", "12", "0", "0", "0", "11", "12", "10", "10", "11", "0", "12", "12", "13", "0", "0", "0", "0", "10", "0", "0", "0", "12", "12", "14", "12", "12", "0", "12", "12", "13", "0", "0", "0", "0", "12", "0", "0", "0", "13", "12", "12", "12", "12", "0", "14", "13", "12", "0", "0", "0", "0", "11", "0", "0", "0", "12", "12", "12", "13", "13", "0", "12", "11", "13", "0", "0", "0", "0", "12", "0", "0", "0", "0", "0", "0", "0", "0", "0", "0", "0", "0", "0", "0", "0", "0", "0", "0", "0", "0", "0", "0", "0", "0", "0", "0", "0", "0", "0", "0", "0", "0", "0", "0", "0", "0", "0", "12", "13", "12", "13", "13", "0", "13", "12", "12", "0", "0", "0", "0", "12", "0", "0", "0", "0", "0", "0", "0", "0", "0", "0", "0", "0", "0", "0", "0", "0", "0", "0", "0", "0", "0", "0", "0", "0", "0", "0", "0", "0", "0", "0", "0", "0", "0", "0", "0", "0", "0", "0", "0", "0", "0", "0", "0", "0", "0", "0", "0", "0", "0", "0", "0", "0", "0", "0", "0", "0", "0", "0", "0", "0", "0", "0", "0", "0", "0", "0", "0", "0", "0", "0", "0", "0", "0", "0", "0", "0", "0", "0", "0", "0", "0", "0", "0", "0", "0", "0", "0", "0"], ["13", "12", "12", "12", "12", "12", "13", "0", "13", "0", "0", "0", "0", "0", "0", "12", "0", "0", "0", "0", "0", "0", "0", "0", "0", "0", "0", "0", "0", "0", "0", "0", "0", "0", "11", "14", "12", "13", "12", "11", "12", "0", "11", "0", "0", "0", "0", "0", "0", "12", "0", "13", "13", "14", "11", "12", "11", "12", "0", "13", "0", "0", "0", "0", "0", "0", "11", "0", "12", "13", "13", "13", "14", "12", "12", "0", "14", "0", "0", "0", "0", "0", "0", "14", "0", "14", "11", "11", "14", "13", "12", "12", "0", "12", "0", "0", "0", "0", "0", "0", "10", "0", "12", "12", "12", "12", "13", "11", "13", "0", "13", "0", "0", "0", "0", "0", "0", "12", "0", "12", "13", "11", "14", "14", "12", "13", "0", "13", "0", "0", "0", "0", "0", "0", "13", "0", "12", "12", "11", "14", "12", "12", "12", "0", "13", "0", "0", "0", "0", "0", "0", "12", "0", "12", "13", "13", "11", "13", "12", "11", "0", "12", "0", "0", "0", "0", "0", "0", "13", "0", "0", "0", "0", "0", "0", "0", "0", "0", "0", "0", "0", "0", "0", "0", "0", "0", "0", "0", "0", "0", "0", "0", "0", "0", "0", "0", "0", "0", "0", "0", "0", "0", "0", "0", "0", "0", "0", "0", "0", "0", "0", "0", "0", "0", "0", "0", "0", "0", "0", "0", "0", "0", "0", "0", "0", "0", "0", "0", "0", "0", "0", "0", "0", "0", "0", "0", "0", "0", "0", "0", "0", "0", "0", "0", "0", "0", "0", "0", "0", "0", "0", "0", "0", "0", "0", "0", "0", "0", "0", "0", "0", "0", "0", "0", "0", "0", "0", "0", "0", "0", "0", "0", "0", "0", "0", "0", "0", "0", "0", "0", "0", "0", "0", "0", "0", "0", "0", "0", "0"]]}