{"state": {"resTurn": "110", "h": "6", "w": "12", "score": [["0", "0", "0", "0", "-1", "0", "0", "-1", "0", "0", "0", "0"], ["0", "0", "0", "1", "1", "1", "1", "1", "1", "0", "0", "0"], ["0", "1", "0", "1", "0", "0", "0", "0", "1", "0", "1", "0"], ["0", "1", "0", "0", "1", "0", "0", "1", "0", "0", "1", "0"], ["0", "0", "0", "0", "1", "1", "1", "1", "0", "0", "0", "0"], ["-1", "1", "0", "0", "1", "-1", "-1", "1", "0", "0", "1", "-1"]], "color": [["0", "0", "0", "0", "0", "0", "0", "0", "0", "0", "0", "0"], ["0", "0", "0", "0", "0", "0", "0", "0", "0", "0", "0", "0"], ["0", "2", "0", "0", "0", "0", "0", "0", "0", "0", "1", "0"], ["0", "2", "1", "0", "0", "0", "0", "0", "0", "2", "0", "0"], ["0", "0", "1", "0", "0", "0", "0", "0", "0", "0", "2", "0"], ["0", "0", "0", "0", "0", "0", "0", "0", "0", "0", "0", "0"]], "pos": [{"x": "10", "y": "2"}, {"x": "2", "y": "4"}, {"x": "1", "y": "3"}, {"x": "10", "y": "4"}]}, "q": "0.0008840276751291069", "z": "1", "visitCount": [["13", "12", "13", "12", "13", "0", "13", "12", "12", "0", "0", "0", "0", "12", "0", "0", "0", "12", "12", "12", "12", "12", "0", "12", "13", "14", "0", "0", "0", "0", "11", "0", "0", "0", "11", "14", "14", "11", "13", "0", "12", "12", "13", "0", "0", "0", "0", "15", "0", "0", "0", "0", "0", "0", "0", "0", "0", "0", "0", "0", "0", "0", "0", "0", "0", "0", "0", "0", "13", "12", "11", "12", "12", "0", "12", "12", "12", "0", "0", "0", "0", "12", "0", "0", "0", "12", "12", "9", "10", "12", "0", "12", "10", "11", "0", "0", "0", "0", "12", "0", "0", "0", "13", "12", "13", "12", "12", "0", "13", "13", "13", "0", "0", "0", "0", "13", "0", "0", "0", "13", "13", "12", "13", "12", "0", "12", "14", "12", "0", "0", "0", "0", "12", "0", "0", "0", "13", "13", "13", "12", "13", "0", "15", "12", "12", "0", "0", "0", "0", "13", "0", "0", "0", "0", "0", "0", "0", "0", "0", "0", "0", "0", "0", "0", "0", "0", "0", "0", "0", "0", "0", "0", "0", "0", "0", "0", "0", "0", "0", "0", "0", "0", "0", "0", "0", "0", "0", "11", "13", "13", "13", "13", "0", "12", "12", "12", "0", "0", "0", "0", "13", "0", "0", "0", "0", "0", "0", "0", "0", "0", "0", "0", "0", "0", "0", "0", "0", "0", "0", "0", "0", "0", "0", "0", "0", "0", "0", "0", "0", "0", "0", "0", "0", "0", "0", "0", "0", "0", "0", "0", "0", "0", "0", "0", "0", "0", "0", "0", "0", "0", "0", "0", "0", "0", "0", "0", "0", "0", "0", "0", "0", "0", "0", "0", "0", "0", "0", "0", "0", "0", "0", "0", "0", "0", "0", "0", "0", "0", "0", "0", "0", "0", "0", "0", "0", "0", "0", "0", "0"], ["12", "13", "13", "13", "10", "12", "12", "12", "12", "0", "0", "0", "0", "0", "0", "0", "0", "0", "0", "0", "0", "0", "0", "0", "0", "0", "0", "0", "0", "0", "0", "0", "0", "0", "13", "12", "12", "13", "13", "14", "12", "13", "13", "0", "0", "0", "0", "0", "0", "0", "0", "12", "12", "13", "12", "12", "12", "11", "13", "12", "0", "0", "0", "0", "0", "0", "0", "0", "13", "12", "14", "12", "12", "13", "12", "13", "13", "0", "0", "0", "0", "0", "0", "0", "0", "11", "12", "13", "12", "11", "12", "12", "12", "13", "0", "0", "0", "0", "0", "0", "0", "0", "11", "13", "11", "13", "12", "15", "11", "13", "14", "0", "0", "0", "0", "0", "0", "0", "0", "11", "12", "12", "13", "12", "13", "13", "13", "12", "0", "0", "0", "0", "0", "0", "0", "0", "0", "0", "0", "0", "0", "0", "0", "0", "0", "0", "0", "0", "0", "0", "0", "0", "0", "12", "13", "12", "12", "12", "12", "12", "12", "13", "0", "0", "0", "0", "0", "0", "0", "0", "0", "0", "0", "0", "0", "0", "0", "0", "0", "0", "0", "0", "0", "0", "0", "0", "0", "0", "0", "0", "0", "0", "0", "0", "0", "0", "0", "0", "0", "0", "0", "0", "0", "0", "0", "0", "0", "0", "0", "0", "0", "0", "0", "0", "0", "0", "0", "0", "0", "0", "0", "0", "0", "0", "0", "0", "0", "0", "0", "0", "0", "0", "0", "0", "0", "0", "0", "0", "0", "0", "0", "0", "0", "0", "0", "0", "0", "0", "0", "0", "0", "0", "0", "0", "0", "0", "0", "0", "0", "0", "0", "0", "0", "0", "0", "0", "0", "0", "0", "0", "0", "0", "12", "13", "11", "13", "12", "12", "13", "13", "12", "0", "0", "0", "0", "0", "0", "0", "0"]]}