{"state": {"resTurn": "11", "h": "6", "w": "12", "score": [["0", "0", "0", "0", "-1", "0", "0", "-1", "0", "0", "0", "0"], ["0", "0", "0", "1", "1", "1", "1", "1", "1", "0", "0", "0"], ["0", "1", "0", "1", "0", "0", "0", "0", "1", "0", "1", "0"], ["0", "1", "0", "0", "1", "0", "0", "1", "0", "0", "1", "0"], ["0", "0", "0", "0", "1", "1", "1", "1", "0", "0", "0", "0"], ["-1", "1", "0", "0", "1", "-1", "-1", "1", "0", "0", "1", "-1"]], "color": [["1", "1", "1", "1", "1", "1", "0", "1", "0", "2", "2", "2"], ["2", "2", "1", "1", "1", "1", "1", "1", "1", "2", "2", "2"], ["2", "2", "0", "0", "1", "1", "0", "0", "0", "2", "2", "2"], ["2", "2", "2", "0", "1", "1", "0", "1", "1", "2", "0", "2"], ["2", "2", "2", "2", "2", "0", "1", "1", "1", "2", "2", "2"], ["0", "2", "2", "2", "2", "0", "1", "1", "1", "1", "1", "2"]], "pos": [{"x": "7", "y": "4"}, {"x": "7", "y": "1"}, {"x": "2", "y": "3"}, {"x": "11", "y": "5"}]}, "q": "0.0004946235755256344", "z": "1", "visitCount": [["13", "13", "13", "14", "15", "12", "12", "11", "13", "0", "0", "0", "0", "0", "0", "0", "0", "12", "12", "12", "13", "12", "14", "11", "13", "13", "0", "0", "0", "0", "0", "0", "0", "0", "13", "12", "12", "13", "13", "12", "13", "13", "12", "0", "0", "0", "0", "0", "0", "0", "0", "13", "12", "12", "13", "12", "12", "13", "13", "15", "0", "0", "0", "0", "0", "0", "0", "0", "12", "13", "13", "12", "10", "12", "11", "13", "12", "0", "0", "0", "0", "0", "0", "0", "0", "10", "12", "12", "12", "13", "12", "12", "12", "11", "0", "0", "0", "0", "0", "0", "0", "0", "12", "13", "12", "11", "13", "14", "13", "12", "13", "0", "0", "0", "0", "0", "0", "0", "0", "12", "12", "12", "13", "13", "12", "11", "12", "11", "0", "0", "0", "0", "0", "0", "0", "0", "12", "13", "12", "10", "12", "13", "12", "13", "12", "0", "0", "0", "0", "0", "0", "0", "0", "0", "0", "0", "0", "0", "0", "0", "0", "0", "0", "0", "0", "0", "0", "0", "0", "0", "0", "0", "0", "0", "0", "0", "0", "0", "0", "0", "0", "0", "0", "0", "0", "0", "0", "0", "0", "0", "0", "0", "0", "0", "0", "0", "0", "0", "0", "0", "0", "0", "0", "0", "0", "0", "0", "0", "0", "0", "0", "0", "0", "0", "0", "0", "0", "0", "0", "0", "0", "0", "0", "0", "0", "0", "0", "0", "0", "0", "0", "0", "0", "0", "0", "0", "0", "0", "0", "0", "0", "0", "0", "0", "0", "0", "0", "0", "0", "0", "0", "0", "0", "0", "0", "0", "0", "0", "0", "0", "0", "0", "0", "0", "0", "0", "0", "0", "0", "0", "0", "0", "0", "0", "0", "0", "0", "0", "0", "0", "0", "0", "0", "0", "0", "0", "0", "0", "0"], ["27", "0", "0", "0", "0", "28", "30", "0", "0", "0", "0", "0", "27", "0", "0", "0", "0", "28", "0", "0", "0", "0", "30", "24", "0", "0", "0", "0", "0", "27", "0", "0", "0", "0", "26", "0", "0", "0", "0", "30", "28", "0", "0", "0", "0", "0", "34", "0", "0", "0", "0", "24", "0", "0", "0", "0", "25", "29", "0", "0", "0", "0", "0", "27", "0", "0", "0", "0", "32", "0", "0", "0", "0", "27", "27", "0", "0", "0", "0", "0", "24", "0", "0", "0", "0", "28", "0", "0", "0", "0", "28", "30", "0", "0", "0", "0", "0", "26", "0", "0", "0", "0", "25", "0", "0", "0", "0", "24", "25", "0", "0", "0", "0", "0", "25", "0", "0", "0", "0", "27", "0", "0", "0", "0", "28", "31", "0", "0", "0", "0", "0", "32", "0", "0", "0", "0", "30", "0", "0", "0", "0", "27", "27", "0", "0", "0", "0", "0", "33", "0", "0", "0", "0", "0", "0", "0", "0", "0", "0", "0", "0", "0", "0", "0", "0", "0", "0", "0", "0", "0", "0", "0", "0", "0", "0", "0", "0", "0", "0", "0", "0", "0", "0", "0", "0", "0", "0", "0", "0", "0", "0", "0", "0", "0", "0", "0", "0", "0", "0", "0", "0", "0", "0", "0", "0", "0", "0", "0", "0", "0", "0", "0", "0", "0", "0", "0", "0", "0", "0", "0", "0", "0", "0", "0", "0", "0", "0", "0", "0", "0", "0", "0", "0", "0", "0", "0", "0", "0", "0", "0", "0", "0", "0", "0", "0", "0", "0", "0", "0", "0", "0", "0", "0", "0", "0", "0", "0", "0", "0", "0", "0", "0", "0", "0", "0", "0", "0", "0", "0", "0", "0", "0", "0", "0", "0", "0", "0", "0", "0", "0", "0", "0", "0", "0", "0", "0", "0", "0", "0"]]}