{"state": {"resTurn": "10", "h": "6", "w": "12", "score": [["0", "0", "0", "0", "-1", "0", "0", "-1", "0", "0", "0", "0"], ["0", "0", "0", "1", "1", "1", "1", "1", "1", "0", "0", "0"], ["0", "1", "0", "1", "0", "0", "0", "0", "1", "0", "1", "0"], ["0", "1", "0", "0", "1", "0", "0", "1", "0", "0", "1", "0"], ["0", "0", "0", "0", "1", "1", "1", "1", "0", "0", "0", "0"], ["-1", "1", "0", "0", "1", "-1", "-1", "1", "0", "0", "1", "-1"]], "color": [["1", "1", "1", "1", "1", "1", "0", "1", "0", "2", "2", "2"], ["2", "2", "1", "1", "1", "1", "1", "1", "1", "2", "2", "2"], ["2", "2", "0", "0", "1", "1", "0", "0", "0", "2", "2", "2"], ["2", "2", "2", "0", "1", "1", "0", "1", "1", "2", "0", "2"], ["2", "2", "2", "2", "2", "0", "1", "1", "1", "2", "2", "2"], ["0", "2", "2", "2", "2", "0", "1", "1", "1", "1", "0", "2"]], "pos": [{"x": "7", "y": "4"}, {"x": "6", "y": "1"}, {"x": "2", "y": "4"}, {"x": "11", "y": "5"}]}, "q": "0.0005977028419513362", "z": "1", "visitCount": [["12", "13", "13", "12", "12", "11", "13", "11", "13", "0", "0", "0", "0", "0", "0", "0", "0", "12", "16", "11", "11", "11", "13", "13", "13", "13", "0", "0", "0", "0", "0", "0", "0", "0", "13", "12", "13", "13", "14", "13", "12", "14", "12", "0", "0", "0", "0", "0", "0", "0", "0", "11", "11", "10", "12", "11", "13", "15", "12", "11", "0", "0", "0", "0", "0", "0", "0", "0", "12", "13", "11", "12", "15", "13", "11", "13", "14", "0", "0", "0", "0", "0", "0", "0", "0", "11", "11", "13", "13", "12", "13", "11", "11", "12", "0", "0", "0", "0", "0", "0", "0", "0", "12", "11", "12", "13", "13", "13", "14", "12", "12", "0", "0", "0", "0", "0", "0", "0", "0", "12", "13", "13", "12", "12", "11", "11", "11", "12", "0", "0", "0", "0", "0", "0", "0", "0", "13", "12", "13", "13", "12", "11", "15", "13", "13", "0", "0", "0", "0", "0", "0", "0", "0", "0", "0", "0", "0", "0", "0", "0", "0", "0", "0", "0", "0", "0", "0", "0", "0", "0", "0", "0", "0", "0", "0", "0", "0", "0", "0", "0", "0", "0", "0", "0", "0", "0", "0", "0", "0", "0", "0", "0", "0", "0", "0", "0", "0", "0", "0", "0", "0", "0", "0", "0", "0", "0", "0", "0", "0", "0", "0", "0", "0", "0", "0", "0", "0", "0", "0", "0", "0", "0", "0", "0", "0", "0", "0", "0", "0", "0", "0", "0", "0", "0", "0", "0", "0", "0", "0", "0", "0", "0", "0", "0", "0", "0", "0", "0", "0", "0", "0", "0", "0", "0", "0", "0", "0", "0", "0", "0", "0", "0", "0", "0", "0", "0", "0", "0", "0", "0", "0", "0", "0", "0", "0", "0", "0", "0", "0", "0", "0", "0", "0", "0", "0", "0", "0", "0", "0"], ["27", "0", "0", "0", "30", "30", "25", "0", "0", "0", "0", "0", "0", "0", "0", "0", "0", "27", "0", "0", "0", "26", "30", "27", "0", "0", "0", "0", "0", "0", "0", "0", "0", "0", "25", "0", "0", "0", "24", "30", "27", "0", "0", "0", "0", "0", "0", "0", "0", "0", "0", "25", "0", "0", "0", "26", "41", "26", "0", "0", "0", "0", "0", "0", "0", "0", "0", "0", "28", "0", "0", "0", "22", "29", "26", "0", "0", "0", "0", "0", "0", "0", "0", "0", "0", "27", "0", "0", "0", "22", "30", "31", "0", "0", "0", "0", "0", "0", "0", "0", "0", "0", "37", "0", "0", "0", "29", "26", "35", "0", "0", "0", "0", "0", "0", "0", "0", "0", "0", "27", "0", "0", "0", "23", "31", "24", "0", "0", "0", "0", "0", "0", "0", "0", "0", "0", "28", "0", "0", "0", "26", "24", "29", "0", "0", "0", "0", "0", "0", "0", "0", "0", "0", "0", "0", "0", "0", "0", "0", "0", "0", "0", "0", "0", "0", "0", "0", "0", "0", "0", "0", "0", "0", "0", "0", "0", "0", "0", "0", "0", "0", "0", "0", "0", "0", "0", "0", "0", "0", "0", "0", "0", "0", "0", "0", "0", "0", "0", "0", "0", "0", "0", "0", "0", "0", "0", "0", "0", "0", "0", "0", "0", "0", "0", "0", "0", "0", "0", "0", "0", "0", "0", "0", "0", "0", "0", "0", "0", "0", "0", "0", "0", "0", "0", "0", "0", "0", "0", "0", "0", "0", "0", "0", "0", "0", "0", "0", "0", "0", "0", "0", "0", "0", "0", "0", "0", "0", "0", "0", "0", "0", "0", "0", "0", "0", "0", "0", "0", "0", "0", "0", "0", "0", "0", "0", "0", "0", "0", "0", "0", "0", "0", "0", "0", "0", "0", "0", "0", "0"]]}