{"state": {"resTurn": "8", "h": "6", "w": "12", "score": [["0", "0", "0", "0", "-1", "0", "0", "-1", "0", "0", "0", "0"], ["0", "0", "0", "1", "1", "1", "1", "1", "1", "0", "0", "0"], ["0", "1", "0", "1", "0", "0", "0", "0", "1", "0", "1", "0"], ["0", "1", "0", "0", "1", "0", "0", "1", "0", "0", "1", "0"], ["0", "0", "0", "0", "1", "1", "1", "1", "0", "0", "0", "0"], ["-1", "1", "0", "0", "1", "-1", "-1", "1", "0", "0", "1", "-1"]], "color": [["1", "1", "1", "1", "1", "1", "0", "1", "0", "2", "2", "2"], ["2", "2", "1", "1", "1", "1", "1", "1", "1", "2", "2", "2"], ["2", "2", "0", "0", "1", "1", "0", "1", "0", "2", "2", "2"], ["2", "2", "2", "0", "1", "1", "0", "1", "1", "2", "0", "2"], ["2", "2", "2", "2", "2", "0", "1", "1", "1", "2", "2", "2"], ["0", "2", "2", "2", "2", "0", "1", "1", "1", "0", "0", "2"]], "pos": [{"x": "8", "y": "4"}, {"x": "8", "y": "3"}, {"x": "1", "y": "5"}, {"x": "10", "y": "4"}]}, "q": "0.0004425583073007716", "z": "1", "visitCount": [["12", "0", "12", "11", "11", "13", "14", "0", "0", "13", "0", "0", "0", "0", "0", "13", "13", "13", "0", "13", "13", "14", "11", "14", "0", "0", "13", "0", "0", "0", "0", "0", "13", "12", "11", "0", "12", "12", "11", "11", "12", "0", "0", "12", "0", "0", "0", "0", "0", "12", "12", "11", "0", "13", "11", "12", "11", "13", "0", "0", "12", "0", "0", "0", "0", "0", "13", "13", "15", "0", "14", "13", "12", "13", "10", "0", "0", "13", "0", "0", "0", "0", "0", "12", "12", "11", "0", "12", "12", "13", "12", "11", "0", "0", "13", "0", "0", "0", "0", "0", "13", "11", "13", "0", "12", "11", "12", "12", "12", "0", "0", "11", "0", "0", "0", "0", "0", "13", "14", "0", "0", "0", "0", "0", "0", "0", "0", "0", "0", "0", "0", "0", "0", "0", "0", "0", "0", "0", "0", "0", "0", "0", "0", "0", "0", "0", "0", "0", "0", "0", "0", "0", "0", "0", "0", "0", "0", "0", "0", "0", "0", "0", "0", "0", "0", "0", "0", "0", "0", "0", "0", "0", "0", "0", "0", "0", "0", "0", "0", "0", "0", "0", "0", "0", "0", "0", "0", "0", "0", "0", "0", "0", "0", "0", "0", "0", "0", "0", "0", "0", "0", "0", "0", "0", "0", "0", "0", "0", "0", "0", "0", "0", "0", "0", "0", "0", "0", "0", "0", "0", "0", "0", "0", "0", "0", "0", "0", "0", "0", "0", "0", "0", "0", "0", "0", "0", "0", "0", "0", "0", "0", "0", "0", "0", "0", "0", "0", "0", "0", "0", "0", "0", "0", "0", "0", "12", "0", "15", "12", "12", "12", "14", "0", "0", "12", "0", "0", "0", "0", "0", "13", "13", "11", "0", "10", "13", "12", "14", "12", "0", "0", "12", "0", "0", "0", "0", "0", "12", "15"], ["19", "17", "19", "20", "22", "18", "21", "18", "20", "0", "0", "0", "0", "0", "0", "0", "0", "0", "0", "0", "0", "0", "0", "0", "0", "0", "0", "0", "0", "0", "0", "0", "0", "0", "0", "0", "0", "0", "0", "0", "0", "0", "0", "0", "0", "0", "0", "0", "0", "0", "0", "0", "0", "0", "0", "0", "0", "0", "0", "0", "0", "0", "0", "0", "0", "0", "0", "0", "20", "16", "17", "18", "19", "17", "17", "15", "18", "0", "0", "0", "0", "0", "0", "0", "0", "17", "18", "17", "18", "18", "16", "21", "19", "16", "0", "0", "0", "0", "0", "0", "0", "0", "18", "19", "20", "17", "20", "18", "16", "18", "20", "0", "0", "0", "0", "0", "0", "0", "0", "22", "19", "21", "19", "17", "18", "18", "18", "17", "0", "0", "0", "0", "0", "0", "0", "0", "21", "21", "18", "16", "22", "21", "17", "19", "19", "0", "0", "0", "0", "0", "0", "0", "0", "0", "0", "0", "0", "0", "0", "0", "0", "0", "0", "0", "0", "0", "0", "0", "0", "0", "0", "0", "0", "0", "0", "0", "0", "0", "0", "0", "0", "0", "0", "0", "0", "0", "0", "0", "0", "0", "0", "0", "0", "0", "0", "0", "0", "0", "0", "0", "0", "0", "0", "0", "0", "0", "0", "0", "0", "0", "0", "0", "0", "0", "0", "0", "0", "0", "0", "0", "0", "0", "0", "0", "0", "0", "0", "0", "0", "0", "0", "0", "0", "0", "0", "0", "0", "0", "0", "0", "0", "0", "0", "0", "0", "0", "0", "0", "0", "0", "0", "0", "0", "0", "0", "0", "0", "0", "0", "0", "0", "0", "0", "0", "0", "0", "0", "0", "0", "0", "0", "0", "0", "0", "0", "0", "0", "0", "0", "0", "0", "0", "0", "0", "0", "0", "0", "0", "0"]]}