{"state": {"resTurn": "7", "h": "6", "w": "12", "score": [["0", "0", "0", "0", "-1", "0", "0", "-1", "0", "0", "0", "0"], ["0", "0", "0", "1", "1", "1", "1", "1", "1", "0", "0", "0"], ["0", "1", "0", "1", "0", "0", "0", "0", "1", "0", "1", "0"], ["0", "1", "0", "0", "1", "0", "0", "1", "0", "0", "1", "0"], ["0", "0", "0", "0", "1", "1", "1", "1", "0", "0", "0", "0"], ["-1", "1", "0", "0", "1", "-1", "-1", "1", "0", "0", "1", "-1"]], "color": [["1", "1", "1", "1", "1", "1", "0", "1", "0", "2", "2", "2"], ["2", "2", "1", "1", "1", "1", "1", "1", "1", "2", "2", "2"], ["2", "2", "0", "0", "1", "1", "0", "1", "0", "2", "2", "2"], ["2", "2", "2", "0", "1", "1", "0", "1", "1", "2", "0", "2"], ["2", "2", "2", "2", "2", "0", "1", "1", "1", "2", "2", "2"], ["0", "2", "2", "2", "2", "0", "1", "1", "1", "0", "0", "2"]], "pos": [{"x": "7", "y": "4"}, {"x": "8", "y": "3"}, {"x": "1", "y": "5"}, {"x": "9", "y": "4"}]}, "q": "0.0005543667446321711", "z": "1", "visitCount": [["14", "0", "13", "13", "12", "13", "13", "0", "0", "13", "0", "0", "0", "0", "0", "12", "12", "11", "0", "13", "13", "11", "14", "11", "0", "0", "13", "0", "0", "0", "0", "0", "11", "12", "13", "0", "13", "11", "13", "12", "11", "0", "0", "12", "0", "0", "0", "0", "0", "14", "12", "12", "0", "14", "13", "11", "14", "13", "0", "0", "13", "0", "0", "0", "0", "0", "11", "11", "14", "0", "11", "14", "13", "11", "13", "0", "0", "14", "0", "0", "0", "0", "0", "13", "14", "12", "0", "11", "11", "12", "9", "11", "0", "0", "11", "0", "0", "0", "0", "0", "11", "11", "11", "0", "13", "11", "14", "12", "12", "0", "0", "12", "0", "0", "0", "0", "0", "12", "13", "12", "0", "13", "12", "13", "11", "13", "0", "0", "12", "0", "0", "0", "0", "0", "14", "13", "14", "0", "13", "12", "11", "12", "14", "0", "0", "13", "0", "0", "0", "0", "0", "12", "13", "0", "0", "0", "0", "0", "0", "0", "0", "0", "0", "0", "0", "0", "0", "0", "0", "0", "0", "0", "0", "0", "0", "0", "0", "0", "0", "0", "0", "0", "0", "0", "0", "0", "0", "0", "0", "0", "0", "0", "0", "0", "0", "0", "0", "0", "0", "0", "0", "0", "0", "0", "0", "0", "0", "0", "0", "0", "0", "0", "0", "0", "0", "0", "0", "0", "0", "0", "0", "0", "0", "0", "0", "0", "0", "0", "0", "0", "0", "0", "0", "0", "0", "0", "0", "0", "0", "0", "0", "0", "0", "0", "0", "0", "0", "0", "0", "0", "0", "0", "0", "0", "0", "0", "0", "0", "0", "0", "0", "0", "0", "0", "0", "0", "0", "0", "0", "0", "0", "0", "0", "0", "0", "0", "0", "0", "0", "0", "0", "0", "0", "0", "0", "0", "0", "0", "0"], ["18", "18", "20", "0", "0", "0", "16", "18", "19", "0", "0", "17", "19", "16", "0", "0", "0", "0", "0", "0", "0", "0", "0", "0", "0", "0", "0", "0", "0", "0", "0", "0", "0", "0", "0", "0", "0", "0", "0", "0", "0", "0", "0", "0", "0", "0", "0", "0", "0", "0", "0", "0", "0", "0", "0", "0", "0", "0", "0", "0", "0", "0", "0", "0", "0", "0", "0", "0", "22", "18", "19", "0", "0", "0", "18", "17", "19", "0", "0", "16", "20", "18", "0", "0", "0", "19", "19", "20", "0", "0", "0", "19", "15", "20", "0", "0", "20", "22", "18", "0", "0", "0", "20", "20", "18", "0", "0", "0", "17", "21", "19", "0", "0", "17", "16", "17", "0", "0", "0", "17", "19", "19", "0", "0", "0", "20", "16", "18", "0", "0", "18", "22", "19", "0", "0", "0", "18", "18", "20", "0", "0", "0", "19", "17", "16", "0", "0", "17", "22", "20", "0", "0", "0", "0", "0", "0", "0", "0", "0", "0", "0", "0", "0", "0", "0", "0", "0", "0", "0", "0", "0", "0", "0", "0", "0", "0", "0", "0", "0", "0", "0", "0", "0", "0", "0", "0", "0", "0", "0", "0", "0", "0", "0", "0", "0", "0", "0", "0", "0", "0", "0", "0", "0", "0", "0", "0", "0", "0", "0", "0", "0", "0", "0", "0", "0", "0", "0", "0", "0", "0", "0", "0", "0", "0", "0", "0", "0", "0", "0", "0", "0", "0", "0", "0", "0", "0", "0", "0", "0", "0", "0", "0", "0", "0", "0", "0", "0", "0", "0", "0", "0", "0", "0", "0", "0", "0", "0", "0", "0", "0", "0", "0", "0", "0", "0", "0", "0", "0", "0", "0", "0", "0", "0", "0", "0", "0", "0", "0", "0", "0", "0", "0", "0", "0", "0", "0", "0", "0", "0"]]}