{"state": {"resTurn": "6", "h": "6", "w": "12", "score": [["0", "0", "0", "0", "-1", "0", "0", "-1", "0", "0", "0", "0"], ["0", "0", "0", "1", "1", "1", "1", "1", "1", "0", "0", "0"], ["0", "1", "0", "1", "0", "0", "0", "0", "1", "0", "1", "0"], ["0", "1", "0", "0", "1", "0", "0", "1", "0", "0", "1", "0"], ["0", "0", "0", "0", "1", "1", "1", "1", "0", "0", "0", "0"], ["-1", "1", "0", "0", "1", "-1", "-1", "1", "0", "0", "1", "-1"]], "color": [["1", "1", "1", "1", "1", "1", "0", "1", "0", "2", "2", "2"], ["2", "2", "1", "1", "1", "1", "1", "1", "1", "2", "2", "2"], ["2", "2", "0", "0", "1", "1", "0", "1", "0", "2", "2", "2"], ["2", "2", "2", "0", "1", "1", "0", "1", "1", "2", "0", "2"], ["2", "2", "2", "2", "2", "0", "1", "1", "1", "2", "2", "2"], ["2", "2", "2", "2", "2", "0", "1", "1", "1", "0", "0", "2"]], "pos": [{"x": "7", "y": "4"}, {"x": "8", "y": "3"}, {"x": "0", "y": "5"}, {"x": "9", "y": "4"}]}, "q": "0.0001857626926600633", "z": "1", "visitCount": [["13", "0", "14", "9", "13", "11", "12", "0", "0", "11", "0", "0", "0", "0", "0", "13", "12", "15", "0", "11", "13", "13", "13", "12", "0", "0", "14", "0", "0", "0", "0", "0", "11", "13", "12", "0", "14", "12", "14", "12", "12", "0", "0", "12", "0", "0", "0", "0", "0", "12", "12", "11", "0", "12", "12", "12", "14", "14", "0", "0", "13", "0", "0", "0", "0", "0", "12", "14", "11", "0", "13", "12", "12", "13", "13", "0", "0", "13", "0", "0", "0", "0", "0", "12", "13", "14", "0", "11", "11", "12", "14", "11", "0", "0", "12", "0", "0", "0", "0", "0", "10", "11", "13", "0", "12", "14", "13", "12", "12", "0", "0", "15", "0", "0", "0", "0", "0", "13", "12", "13", "0", "11", "11", "12", "10", "10", "0", "0", "14", "0", "0", "0", "0", "0", "11", "12", "12", "0", "14", "11", "12", "14", "12", "0", "0", "14", "0", "0", "0", "0", "0", "11", "13", "0", "0", "0", "0", "0", "0", "0", "0", "0", "0", "0", "0", "0", "0", "0", "0", "0", "0", "0", "0", "0", "0", "0", "0", "0", "0", "0", "0", "0", "0", "0", "0", "0", "0", "0", "0", "0", "0", "0", "0", "0", "0", "0", "0", "0", "0", "0", "0", "0", "0", "0", "0", "0", "0", "0", "0", "0", "0", "0", "0", "0", "0", "0", "0", "0", "0", "0", "0", "0", "0", "0", "0", "0", "0", "0", "0", "0", "0", "0", "0", "0", "0", "0", "0", "0", "0", "0", "0", "0", "0", "0", "0", "0", "0", "0", "0", "0", "0", "0", "0", "0", "0", "0", "0", "0", "0", "0", "0", "0", "0", "0", "0", "0", "0", "0", "0", "0", "0", "0", "0", "0", "0", "0", "0", "0", "0", "0", "0", "0", "0", "0", "0", "0", "0", "0", "0"], ["24", "30", "23", "0", "0", "0", "28", "23", "24", "0", "0", "31", "27", "35", "0", "0", "0", "0", "0", "0", "0", "0", "0", "0", "0", "0", "0", "0", "0", "0", "0", "0", "0", "0", "0", "0", "0", "0", "0", "0", "0", "0", "0", "0", "0", "0", "0", "0", "0", "0", "0", "0", "0", "0", "0", "0", "0", "0", "0", "0", "0", "0", "0", "0", "0", "0", "0", "0", "0", "0", "0", "0", "0", "0", "0", "0", "0", "0", "0", "0", "0", "0", "0", "0", "0", "0", "0", "0", "0", "0", "0", "0", "0", "0", "0", "0", "0", "0", "0", "0", "0", "0", "28", "28", "30", "0", "0", "0", "25", "21", "23", "0", "0", "29", "31", "33", "0", "0", "0", "27", "24", "31", "0", "0", "0", "28", "32", "30", "0", "0", "28", "32", "27", "0", "0", "0", "26", "24", "31", "0", "0", "0", "28", "30", "36", "0", "0", "22", "28", "23", "0", "0", "0", "0", "0", "0", "0", "0", "0", "0", "0", "0", "0", "0", "0", "0", "0", "0", "0", "0", "0", "0", "0", "0", "0", "0", "0", "0", "0", "0", "0", "0", "0", "0", "0", "0", "0", "0", "0", "0", "0", "0", "0", "0", "0", "0", "0", "0", "0", "0", "0", "0", "0", "0", "0", "0", "0", "0", "0", "0", "0", "0", "0", "0", "0", "0", "0", "0", "0", "0", "0", "0", "0", "0", "0", "0", "0", "0", "0", "0", "0", "0", "0", "0", "0", "0", "0", "0", "0", "0", "0", "0", "0", "0", "0", "0", "0", "0", "0", "0", "0", "0", "0", "0", "0", "0", "0", "0", "0", "0", "0", "0", "0", "0", "0", "0", "0", "0", "0", "0", "0", "0", "0", "0", "0", "0", "0", "0", "0", "0", "0", "0", "0", "0", "0", "0", "0", "0", "0"]]}