{"state": {"resTurn": "5", "h": "6", "w": "12", "score": [["0", "0", "0", "0", "-1", "0", "0", "-1", "0", "0", "0", "0"], ["0", "0", "0", "1", "1", "1", "1", "1", "1", "0", "0", "0"], ["0", "1", "0", "1", "0", "0", "0", "0", "1", "0", "1", "0"], ["0", "1", "0", "0", "1", "0", "0", "1", "0", "0", "1", "0"], ["0", "0", "0", "0", "1", "1", "1", "1", "0", "0", "0", "0"], ["-1", "1", "0", "0", "1", "-1", "-1", "1", "0", "0", "1", "-1"]], "color": [["1", "1", "1", "1", "1", "1", "0", "1", "0", "2", "2", "2"], ["2", "2", "1", "1", "1", "1", "1", "1", "1", "2", "2", "2"], ["2", "2", "0", "0", "1", "1", "0", "1", "0", "2", "2", "2"], ["2", "2", "2", "0", "1", "1", "0", "1", "1", "2", "0", "2"], ["2", "2", "2", "2", "2", "0", "1", "1", "1", "2", "2", "2"], ["2", "2", "2", "2", "2", "0", "1", "1", "1", "0", "0", "2"]], "pos": [{"x": "8", "y": "5"}, {"x": "8", "y": "3"}, {"x": "1", "y": "5"}, {"x": "10", "y": "4"}]}, "q": "0.0003684034896305529", "z": "1", "visitCount": [["20", "0", "18", "18", "18", "17", "19", "0", "0", "18", "0", "0", "0", "0", "0", "21", "18", "0", "0", "0", "0", "0", "0", "0", "0", "0", "0", "0", "0", "0", "0", "0", "0", "0", "0", "0", "0", "0", "0", "0", "0", "0", "0", "0", "0", "0", "0", "0", "0", "0", "0", "0", "0", "0", "0", "0", "0", "0", "0", "0", "0", "0", "0", "0", "0", "0", "0", "0", "18", "0", "20", "18", "18", "22", "21", "0", "0", "19", "0", "0", "0", "0", "0", "20", "19", "17", "0", "17", "17", "18", "16", "20", "0", "0", "21", "0", "0", "0", "0", "0", "20", "26", "20", "0", "20", "16", "20", "18", "16", "0", "0", "20", "0", "0", "0", "0", "0", "17", "16", "0", "0", "0", "0", "0", "0", "0", "0", "0", "0", "0", "0", "0", "0", "0", "0", "0", "19", "0", "23", "17", "16", "16", "17", "0", "0", "18", "0", "0", "0", "0", "0", "18", "18", "0", "0", "0", "0", "0", "0", "0", "0", "0", "0", "0", "0", "0", "0", "0", "0", "0", "0", "0", "0", "0", "0", "0", "0", "0", "0", "0", "0", "0", "0", "0", "0", "0", "0", "0", "0", "0", "0", "0", "0", "0", "0", "0", "0", "0", "0", "0", "0", "0", "0", "0", "0", "0", "0", "0", "0", "0", "0", "0", "0", "0", "0", "0", "0", "0", "0", "0", "0", "0", "0", "0", "0", "0", "0", "0", "0", "0", "0", "0", "0", "0", "0", "0", "0", "0", "0", "0", "0", "0", "0", "0", "0", "0", "0", "0", "0", "0", "0", "0", "0", "0", "0", "19", "0", "17", "19", "18", "20", "18", "0", "0", "19", "0", "0", "0", "0", "0", "15", "16", "0", "0", "0", "0", "0", "0", "0", "0", "0", "0", "0", "0", "0", "0", "0", "0", "0"], ["18", "21", "20", "18", "17", "18", "18", "22", "21", "0", "0", "0", "0", "0", "0", "0", "0", "0", "0", "0", "0", "0", "0", "0", "0", "0", "0", "0", "0", "0", "0", "0", "0", "0", "0", "0", "0", "0", "0", "0", "0", "0", "0", "0", "0", "0", "0", "0", "0", "0", "0", "0", "0", "0", "0", "0", "0", "0", "0", "0", "0", "0", "0", "0", "0", "0", "0", "0", "16", "19", "17", "18", "20", "18", "20", "18", "18", "0", "0", "0", "0", "0", "0", "0", "0", "17", "18", "18", "18", "16", "20", "15", "17", "19", "0", "0", "0", "0", "0", "0", "0", "0", "20", "20", "20", "19", "20", "19", "16", "20", "18", "0", "0", "0", "0", "0", "0", "0", "0", "21", "23", "18", "19", "20", "17", "17", "20", "19", "0", "0", "0", "0", "0", "0", "0", "0", "19", "15", "17", "19", "16", "22", "19", "16", "16", "0", "0", "0", "0", "0", "0", "0", "0", "0", "0", "0", "0", "0", "0", "0", "0", "0", "0", "0", "0", "0", "0", "0", "0", "0", "0", "0", "0", "0", "0", "0", "0", "0", "0", "0", "0", "0", "0", "0", "0", "0", "0", "0", "0", "0", "0", "0", "0", "0", "0", "0", "0", "0", "0", "0", "0", "0", "0", "0", "0", "0", "0", "0", "0", "0", "0", "0", "0", "0", "0", "0", "0", "0", "0", "0", "0", "0", "0", "0", "0", "0", "0", "0", "0", "0", "0", "0", "0", "0", "0", "0", "0", "0", "0", "0", "0", "0", "0", "0", "0", "0", "0", "0", "0", "0", "0", "0", "0", "0", "0", "0", "0", "0", "0", "0", "0", "0", "0", "0", "0", "0", "0", "0", "0", "0", "0", "0", "0", "0", "0", "0", "0", "0", "0", "0", "0", "0", "0", "0", "0", "0", "0", "0", "0"]]}