{"state": {"resTurn": "4", "h": "6", "w": "12", "score": [["0", "0", "0", "0", "-1", "0", "0", "-1", "0", "0", "0", "0"], ["0", "0", "0", "1", "1", "1", "1", "1", "1", "0", "0", "0"], ["0", "1", "0", "1", "0", "0", "0", "0", "1", "0", "1", "0"], ["0", "1", "0", "0", "1", "0", "0", "1", "0", "0", "1", "0"], ["0", "0", "0", "0", "1", "1", "1", "1", "0", "0", "0", "0"], ["-1", "1", "0", "0", "1", "-1", "-1", "1", "0", "0", "1", "-1"]], "color": [["1", "1", "1", "1", "1", "1", "0", "1", "0", "2", "2", "2"], ["2", "2", "1", "1", "1", "1", "1", "1", "1", "2", "2", "2"], ["2", "2", "0", "0", "1", "1", "0", "1", "0", "2", "2", "2"], ["2", "2", "2", "0", "1", "1", "0", "1", "1", "0", "0", "2"], ["2", "2", "2", "2", "2", "0", "1", "1", "1", "2", "2", "2"], ["2", "2", "2", "2", "2", "0", "1", "1", "1", "0", "0", "2"]], "pos": [{"x": "7", "y": "4"}, {"x": "8", "y": "3"}, {"x": "2", "y": "4"}, {"x": "11", "y": "5"}]}, "q": "0.000363724146635126", "z": "1", "visitCount": [["14", "0", "14", "12", "13", "11", "13", "0", "13", "11", "0", "0", "0", "0", "0", "12", "0", "12", "0", "12", "10", "12", "12", "13", "0", "12", "12", "0", "0", "0", "0", "0", "12", "0", "12", "0", "12", "12", "12", "13", "15", "0", "13", "12", "0", "0", "0", "0", "0", "14", "0", "14", "0", "12", "13", "12", "13", "14", "0", "12", "13", "0", "0", "0", "0", "0", "14", "0", "12", "0", "12", "12", "14", "12", "14", "0", "13", "13", "0", "0", "0", "0", "0", "11", "0", "12", "0", "12", "11", "12", "12", "12", "0", "11", "13", "0", "0", "0", "0", "0", "10", "0", "13", "0", "13", "12", "13", "12", "10", "0", "13", "13", "0", "0", "0", "0", "0", "10", "0", "13", "0", "11", "11", "13", "12", "12", "0", "11", "13", "0", "0", "0", "0", "0", "14", "0", "14", "0", "13", "12", "12", "13", "12", "0", "11", "12", "0", "0", "0", "0", "0", "12", "0", "0", "0", "0", "0", "0", "0", "0", "0", "0", "0", "0", "0", "0", "0", "0", "0", "0", "0", "0", "0", "0", "0", "0", "0", "0", "0", "0", "0", "0", "0", "0", "0", "0", "0", "0", "0", "0", "0", "0", "0", "0", "0", "0", "0", "0", "0", "0", "0", "0", "0", "0", "0", "0", "0", "0", "0", "0", "0", "0", "0", "0", "0", "0", "0", "0", "0", "0", "0", "0", "0", "0", "0", "0", "0", "0", "0", "0", "0", "0", "0", "0", "0", "0", "0", "0", "0", "0", "0", "0", "0", "0", "0", "0", "0", "0", "0", "0", "0", "0", "0", "0", "0", "0", "0", "0", "0", "0", "0", "0", "0", "0", "0", "0", "0", "0", "0", "0", "0", "0", "0", "0", "0", "0", "0", "0", "0", "0", "0", "0", "0", "0", "0", "0", "0", "0", "0"], ["27", "0", "0", "0", "29", "33", "29", "0", "0", "0", "0", "0", "0", "0", "0", "0", "0", "24", "0", "0", "0", "22", "37", "30", "0", "0", "0", "0", "0", "0", "0", "0", "0", "0", "31", "0", "0", "0", "25", "28", "21", "0", "0", "0", "0", "0", "0", "0", "0", "0", "0", "26", "0", "0", "0", "24", "28", "25", "0", "0", "0", "0", "0", "0", "0", "0", "0", "0", "26", "0", "0", "0", "31", "33", "21", "0", "0", "0", "0", "0", "0", "0", "0", "0", "0", "35", "0", "0", "0", "26", "25", "33", "0", "0", "0", "0", "0", "0", "0", "0", "0", "0", "37", "0", "0", "0", "30", "26", "26", "0", "0", "0", "0", "0", "0", "0", "0", "0", "0", "27", "0", "0", "0", "26", "26", "26", "0", "0", "0", "0", "0", "0", "0", "0", "0", "0", "28", "0", "0", "0", "26", "26", "27", "0", "0", "0", "0", "0", "0", "0", "0", "0", "0", "0", "0", "0", "0", "0", "0", "0", "0", "0", "0", "0", "0", "0", "0", "0", "0", "0", "0", "0", "0", "0", "0", "0", "0", "0", "0", "0", "0", "0", "0", "0", "0", "0", "0", "0", "0", "0", "0", "0", "0", "0", "0", "0", "0", "0", "0", "0", "0", "0", "0", "0", "0", "0", "0", "0", "0", "0", "0", "0", "0", "0", "0", "0", "0", "0", "0", "0", "0", "0", "0", "0", "0", "0", "0", "0", "0", "0", "0", "0", "0", "0", "0", "0", "0", "0", "0", "0", "0", "0", "0", "0", "0", "0", "0", "0", "0", "0", "0", "0", "0", "0", "0", "0", "0", "0", "0", "0", "0", "0", "0", "0", "0", "0", "0", "0", "0", "0", "0", "0", "0", "0", "0", "0", "0", "0", "0", "0", "0", "0", "0", "0", "0", "0", "0", "0", "0"]]}