{"state": {"resTurn": "3", "h": "6", "w": "12", "score": [["0", "0", "0", "0", "-1", "0", "0", "-1", "0", "0", "0", "0"], ["0", "0", "0", "1", "1", "1", "1", "1", "1", "0", "0", "0"], ["0", "1", "0", "1", "0", "0", "0", "0", "1", "0", "1", "0"], ["0", "1", "0", "0", "1", "0", "0", "1", "0", "0", "1", "0"], ["0", "0", "0", "0", "1", "1", "1", "1", "0", "0", "0", "0"], ["-1", "1", "0", "0", "1", "-1", "-1", "1", "0", "0", "1", "-1"]], "color": [["1", "1", "1", "1", "1", "1", "0", "1", "0", "2", "2", "2"], ["2", "2", "1", "1", "1", "1", "1", "1", "1", "2", "2", "2"], ["2", "2", "0", "0", "1", "1", "0", "1", "1", "2", "2", "2"], ["2", "2", "2", "0", "1", "1", "0", "1", "1", "0", "0", "2"], ["2", "2", "2", "2", "2", "0", "1", "1", "1", "2", "2", "2"], ["2", "2", "2", "2", "2", "0", "1", "1", "1", "0", "0", "2"]], "pos": [{"x": "7", "y": "5"}, {"x": "8", "y": "2"}, {"x": "3", "y": "5"}, {"x": "10", "y": "4"}]}, "q": "0.0005139527278596947", "z": "1", "visitCount": [["21", "17", "17", "19", "16", "18", "22", "0", "0", "0", "0", "0", "0", "0", "0", "18", "18", "0", "0", "0", "0", "0", "0", "0", "0", "0", "0", "0", "0", "0", "0", "0", "0", "0", "0", "0", "0", "0", "0", "0", "0", "0", "0", "0", "0", "0", "0", "0", "0", "0", "0", "0", "0", "0", "0", "0", "0", "0", "0", "0", "0", "0", "0", "0", "0", "0", "0", "0", "19", "18", "18", "21", "18", "23", "17", "0", "0", "0", "0", "0", "0", "0", "0", "18", "18", "18", "20", "19", "17", "19", "22", "18", "0", "0", "0", "0", "0", "0", "0", "0", "17", "17", "18", "17", "19", "15", "23", "18", "18", "0", "0", "0", "0", "0", "0", "0", "0", "17", "25", "16", "18", "21", "21", "18", "18", "19", "0", "0", "0", "0", "0", "0", "0", "0", "19", "18", "21", "17", "17", "18", "16", "21", "18", "0", "0", "0", "0", "0", "0", "0", "0", "17", "14", "0", "0", "0", "0", "0", "0", "0", "0", "0", "0", "0", "0", "0", "0", "0", "0", "0", "0", "0", "0", "0", "0", "0", "0", "0", "0", "0", "0", "0", "0", "0", "0", "0", "0", "0", "0", "0", "0", "0", "0", "0", "0", "0", "0", "0", "0", "0", "0", "0", "0", "0", "0", "0", "0", "0", "0", "0", "0", "0", "0", "0", "0", "0", "0", "0", "0", "0", "0", "0", "0", "0", "0", "0", "0", "0", "0", "0", "0", "0", "0", "0", "0", "0", "0", "0", "0", "0", "0", "0", "0", "0", "0", "0", "0", "0", "0", "0", "0", "0", "0", "0", "0", "0", "0", "0", "0", "0", "0", "0", "0", "0", "0", "0", "0", "0", "0", "0", "0", "0", "0", "0", "0", "0", "0", "0", "0", "0", "0", "0", "0", "0", "0", "0", "0", "0", "0"], ["15", "17", "17", "19", "17", "17", "19", "18", "18", "0", "0", "0", "0", "0", "0", "0", "0", "0", "0", "0", "0", "0", "0", "0", "0", "0", "0", "0", "0", "0", "0", "0", "0", "0", "0", "0", "0", "0", "0", "0", "0", "0", "0", "0", "0", "0", "0", "0", "0", "0", "0", "0", "0", "0", "0", "0", "0", "0", "0", "0", "0", "0", "0", "0", "0", "0", "0", "0", "17", "18", "19", "19", "17", "18", "18", "22", "21", "0", "0", "0", "0", "0", "0", "0", "0", "18", "17", "17", "18", "18", "16", "18", "21", "19", "0", "0", "0", "0", "0", "0", "0", "0", "20", "16", "16", "20", "16", "20", "16", "25", "18", "0", "0", "0", "0", "0", "0", "0", "0", "22", "21", "17", "20", "23", "20", "21", "21", "21", "0", "0", "0", "0", "0", "0", "0", "0", "19", "16", "18", "17", "17", "17", "19", "18", "18", "0", "0", "0", "0", "0", "0", "0", "0", "0", "0", "0", "0", "0", "0", "0", "0", "0", "0", "0", "0", "0", "0", "0", "0", "0", "0", "0", "0", "0", "0", "0", "0", "0", "0", "0", "0", "0", "0", "0", "0", "0", "0", "0", "0", "0", "0", "0", "0", "0", "0", "0", "0", "0", "0", "0", "0", "0", "0", "0", "0", "0", "0", "0", "0", "0", "0", "0", "0", "0", "0", "0", "0", "0", "0", "0", "0", "0", "0", "0", "0", "0", "0", "0", "0", "0", "0", "0", "0", "0", "0", "0", "0", "0", "0", "0", "0", "0", "0", "0", "0", "0", "0", "0", "0", "0", "0", "0", "0", "0", "0", "0", "0", "0", "0", "0", "0", "0", "0", "0", "0", "0", "0", "0", "0", "0", "0", "0", "0", "0", "0", "0", "0", "0", "0", "0", "0", "0", "0", "0", "0", "0", "0", "0", "0"]]}