{"state": {"resTurn": "2", "h": "6", "w": "12", "score": [["0", "0", "0", "0", "-1", "0", "0", "-1", "0", "0", "0", "0"], ["0", "0", "0", "1", "1", "1", "1", "1", "1", "0", "0", "0"], ["0", "1", "0", "1", "0", "0", "0", "0", "1", "0", "1", "0"], ["0", "1", "0", "0", "1", "0", "0", "1", "0", "0", "1", "0"], ["0", "0", "0", "0", "1", "1", "1", "1", "0", "0", "0", "0"], ["-1", "1", "0", "0", "1", "-1", "-1", "1", "0", "0", "1", "-1"]], "color": [["1", "1", "1", "1", "1", "1", "0", "1", "0", "2", "2", "2"], ["2", "2", "1", "1", "1", "1", "1", "1", "1", "2", "2", "2"], ["2", "2", "0", "0", "1", "1", "0", "1", "1", "0", "2", "2"], ["2", "2", "2", "0", "1", "1", "0", "1", "1", "0", "0", "2"], ["2", "2", "2", "2", "2", "0", "1", "1", "1", "2", "2", "2"], ["2", "2", "2", "2", "2", "0", "1", "1", "1", "0", "0", "2"]], "pos": [{"x": "7", "y": "4"}, {"x": "8", "y": "2"}, {"x": "3", "y": "4"}, {"x": "11", "y": "3"}]}, "q": "0.0007071783059405852", "z": "1", "visitCount": [["13", "13", "13", "12", "12", "12", "14", "0", "15", "0", "0", "0", "0", "0", "0", "13", "0", "13", "12", "12", "13", "12", "12", "13", "0", "11", "0", "0", "0", "0", "0", "0", "12", "0", "13", "12", "14", "12", "12", "13", "13", "0", "10", "0", "0", "0", "0", "0", "0", "13", "0", "14", "12", "13", "13", "14", "13", "15", "0", "12", "0", "0", "0", "0", "0", "0", "13", "0", "13", "13", "12", "12", "11", "12", "14", "0", "13", "0", "0", "0", "0", "0", "0", "10", "0", "12", "13", "13", "12", "11", "14", "12", "0", "12", "0", "0", "0", "0", "0", "0", "10", "0", "12", "13", "11", "13", "12", "12", "12", "0", "12", "0", "0", "0", "0", "0", "0", "11", "0", "12", "11", "10", "10", "12", "11", "11", "0", "11", "0", "0", "0", "0", "0", "0", "12", "0", "14", "11", "11", "16", "12", "13", "14", "0", "13", "0", "0", "0", "0", "0", "0", "11", "0", "0", "0", "0", "0", "0", "0", "0", "0", "0", "0", "0", "0", "0", "0", "0", "0", "0", "0", "0", "0", "0", "0", "0", "0", "0", "0", "0", "0", "0", "0", "0", "0", "0", "0", "0", "0", "0", "0", "0", "0", "0", "0", "0", "0", "0", "0", "0", "0", "0", "0", "0", "0", "0", "0", "0", "0", "0", "0", "0", "0", "0", "0", "0", "0", "0", "0", "0", "0", "0", "0", "0", "0", "0", "0", "0", "0", "0", "0", "0", "0", "0", "0", "0", "0", "0", "0", "0", "0", "0", "0", "0", "0", "0", "0", "0", "0", "0", "0", "0", "0", "0", "0", "0", "0", "0", "0", "0", "0", "0", "0", "0", "0", "0", "0", "0", "0", "0", "0", "0", "0", "0", "0", "0", "0", "0", "0", "0", "0", "0", "0", "0", "0", "0", "0", "0", "0"], ["17", "0", "19", "16", "17", "19", "15", "0", "0", "0", "0", "0", "0", "0", "0", "0", "0", "18", "0", "19", "20", "19", "20", "19", "0", "0", "0", "0", "0", "0", "0", "0", "0", "0", "18", "0", "19", "20", "21", "20", "22", "0", "0", "0", "0", "0", "0", "0", "0", "0", "0", "22", "0", "20", "19", "19", "15", "19", "0", "0", "0", "0", "0", "0", "0", "0", "0", "0", "19", "0", "18", "20", "21", "19", "18", "0", "0", "0", "0", "0", "0", "0", "0", "0", "0", "19", "0", "18", "18", "22", "18", "16", "0", "0", "0", "0", "0", "0", "0", "0", "0", "0", "17", "0", "20", "17", "17", "16", "16", "0", "0", "0", "0", "0", "0", "0", "0", "0", "0", "0", "0", "0", "0", "0", "0", "0", "0", "0", "0", "0", "0", "0", "0", "0", "0", "0", "18", "0", "19", "27", "17", "15", "21", "0", "0", "0", "0", "0", "0", "0", "0", "0", "0", "0", "0", "0", "0", "0", "0", "0", "0", "0", "0", "0", "0", "0", "0", "0", "0", "0", "0", "0", "0", "0", "0", "0", "0", "0", "0", "0", "0", "0", "0", "0", "0", "0", "0", "0", "0", "0", "0", "0", "0", "0", "0", "0", "0", "0", "0", "0", "0", "0", "0", "0", "0", "0", "0", "0", "0", "0", "0", "0", "0", "0", "0", "0", "0", "0", "0", "0", "0", "0", "0", "0", "0", "0", "0", "0", "0", "0", "0", "0", "0", "0", "0", "0", "0", "0", "0", "0", "0", "0", "0", "0", "0", "0", "0", "0", "0", "0", "0", "0", "0", "0", "0", "15", "0", "18", "17", "17", "17", "18", "0", "0", "0", "0", "0", "0", "0", "0", "0", "0", "0", "0", "0", "0", "0", "0", "0", "0", "0", "0", "0", "0", "0", "0", "0", "0", "0"]]}