{"state": {"resTurn": "100", "h": "6", "w": "12", "score": [["0", "0", "0", "0", "-1", "0", "0", "-1", "0", "0", "0", "0"], ["0", "0", "0", "1", "1", "1", "1", "1", "1", "0", "0", "0"], ["0", "1", "0", "1", "0", "0", "0", "0", "1", "0", "1", "0"], ["0", "1", "0", "0", "1", "0", "0", "1", "0", "0", "1", "0"], ["0", "0", "0", "0", "1", "1", "1", "1", "0", "0", "0", "0"], ["-1", "1", "0", "0", "1", "-1", "-1", "1", "0", "0", "1", "-1"]], "color": [["0", "2", "0", "1", "0", "0", "0", "0", "0", "0", "0", "0"], ["2", "2", "2", "0", "1", "0", "0", "0", "0", "0", "0", "0"], ["2", "2", "1", "1", "0", "0", "0", "0", "0", "0", "1", "1"], ["0", "0", "1", "1", "1", "0", "2", "2", "0", "0", "1", "0"], ["0", "0", "1", "0", "0", "2", "2", "2", "2", "0", "0", "1"], ["0", "0", "0", "0", "0", "2", "2", "0", "0", "0", "1", "1"]], "pos": [{"x": "10", "y": "5"}, {"x": "3", "y": "0"}, {"x": "1", "y": "0"}, {"x": "6", "y": "5"}]}, "q": "0.0008810698732133762", "z": "1", "visitCount": [["31", "31", "33", "0", "33", "0", "0", "0", "26", "0", "0", "29", "0", "0", "0", "0", "0", "0", "0", "0", "0", "0", "0", "0", "0", "0", "0", "0", "0", "0", "0", "0", "0", "0", "0", "0", "0", "0", "0", "0", "0", "0", "0", "0", "0", "0", "0", "0", "0", "0", "0", "0", "0", "0", "0", "0", "0", "0", "0", "0", "0", "0", "0", "0", "0", "0", "0", "0", "28", "23", "41", "0", "26", "0", "0", "0", "30", "0", "0", "26", "0", "0", "0", "0", "0", "27", "27", "25", "0", "25", "0", "0", "0", "28", "0", "0", "25", "0", "0", "0", "0", "0", "20", "26", "23", "0", "31", "0", "0", "0", "25", "0", "0", "29", "0", "0", "0", "0", "0", "24", "23", "23", "0", "24", "0", "0", "0", "29", "0", "0", "34", "0", "0", "0", "0", "0", "33", "28", "27", "0", "28", "0", "0", "0", "30", "0", "0", "29", "0", "0", "0", "0", "0", "0", "0", "0", "0", "0", "0", "0", "0", "0", "0", "0", "0", "0", "0", "0", "0", "0", "0", "0", "0", "0", "0", "0", "0", "0", "0", "0", "0", "0", "0", "0", "0", "0", "0", "0", "0", "0", "0", "0", "0", "0", "0", "0", "0", "0", "0", "0", "0", "0", "0", "0", "0", "0", "0", "0", "0", "0", "0", "0", "0", "0", "0", "0", "0", "0", "0", "0", "0", "0", "0", "0", "0", "0", "0", "0", "0", "0", "0", "0", "0", "0", "0", "0", "0", "0", "0", "0", "0", "0", "0", "0", "0", "0", "0", "0", "0", "0", "0", "0", "0", "0", "0", "0", "0", "0", "0", "0", "0", "0", "0", "0", "0", "0", "0", "0", "0", "0", "0", "0", "0", "0", "0", "0", "0", "0", "0", "0", "0", "0", "0", "0", "0", "0", "0", "0", "0"], ["28", "0", "0", "0", "32", "27", "24", "25", "21", "0", "0", "0", "0", "0", "0", "0", "0", "26", "0", "0", "0", "28", "29", "29", "35", "27", "0", "0", "0", "0", "0", "0", "0", "0", "29", "0", "0", "0", "30", "27", "31", "34", "23", "0", "0", "0", "0", "0", "0", "0", "0", "29", "0", "0", "0", "27", "28", "30", "22", "28", "0", "0", "0", "0", "0", "0", "0", "0", "31", "0", "0", "0", "32", "31", "28", "26", "21", "0", "0", "0", "0", "0", "0", "0", "0", "0", "0", "0", "0", "0", "0", "0", "0", "0", "0", "0", "0", "0", "0", "0", "0", "0", "0", "0", "0", "0", "0", "0", "0", "0", "0", "0", "0", "0", "0", "0", "0", "0", "0", "0", "0", "0", "0", "0", "0", "0", "0", "0", "0", "0", "0", "0", "0", "0", "0", "0", "27", "0", "0", "0", "26", "28", "25", "27", "29", "0", "0", "0", "0", "0", "0", "0", "0", "0", "0", "0", "0", "0", "0", "0", "0", "0", "0", "0", "0", "0", "0", "0", "0", "0", "0", "0", "0", "0", "0", "0", "0", "0", "0", "0", "0", "0", "0", "0", "0", "0", "0", "0", "0", "0", "0", "0", "0", "0", "0", "0", "0", "0", "0", "0", "0", "0", "0", "0", "0", "0", "0", "0", "0", "0", "0", "0", "0", "0", "0", "0", "0", "0", "0", "0", "0", "0", "0", "0", "0", "0", "0", "0", "0", "0", "0", "0", "0", "0", "0", "0", "0", "0", "0", "0", "0", "0", "0", "0", "0", "0", "0", "0", "0", "0", "0", "0", "0", "0", "0", "0", "0", "0", "0", "0", "0", "0", "0", "0", "0", "0", "0", "0", "0", "0", "0", "0", "0", "0", "0", "0", "0", "0", "0", "0", "0", "0", "0", "0", "0", "0", "0", "0", "0"]]}