{"state": {"resTurn": "1", "h": "6", "w": "12", "score": [["0", "0", "0", "0", "-1", "0", "0", "-1", "0", "0", "0", "0"], ["0", "0", "0", "1", "1", "1", "1", "1", "1", "0", "0", "0"], ["0", "1", "0", "1", "0", "0", "0", "0", "1", "0", "1", "0"], ["0", "1", "0", "0", "1", "0", "0", "1", "0", "0", "1", "0"], ["0", "0", "0", "0", "1", "1", "1", "1", "0", "0", "0", "0"], ["-1", "1", "0", "0", "1", "-1", "-1", "1", "0", "0", "1", "-1"]], "color": [["1", "1", "1", "1", "1", "1", "0", "1", "0", "2", "2", "2"], ["2", "2", "1", "1", "1", "1", "1", "1", "1", "2", "2", "2"], ["2", "2", "0", "0", "1", "1", "0", "1", "1", "0", "2", "2"], ["2", "2", "2", "0", "1", "1", "0", "1", "1", "0", "0", "2"], ["2", "2", "2", "2", "2", "0", "1", "1", "1", "2", "2", "2"], ["2", "2", "2", "2", "2", "0", "1", "1", "1", "0", "0", "2"]], "pos": [{"x": "8", "y": "4"}, {"x": "7", "y": "3"}, {"x": "4", "y": "4"}, {"x": "10", "y": "4"}]}, "q": "0.0005557510334748762", "z": "1", "visitCount": [["12", "11", "12", "12", "13", "11", "12", "14", "12", "0", "0", "0", "0", "0", "0", "0", "0", "12", "10", "13", "12", "12", "14", "13", "14", "12", "0", "0", "0", "0", "0", "0", "0", "0", "13", "11", "12", "10", "12", "12", "12", "12", "14", "0", "0", "0", "0", "0", "0", "0", "0", "11", "14", "12", "14", "12", "11", "11", "12", "13", "0", "0", "0", "0", "0", "0", "0", "0", "14", "13", "12", "13", "14", "11", "14", "14", "12", "0", "0", "0", "0", "0", "0", "0", "0", "15", "13", "13", "13", "11", "13", "13", "13", "13", "0", "0", "0", "0", "0", "0", "0", "0", "10", "12", "13", "12", "11", "13", "11", "11", "12", "0", "0", "0", "0", "0", "0", "0", "0", "14", "12", "11", "12", "12", "10", "13", "13", "12", "0", "0", "0", "0", "0", "0", "0", "0", "0", "0", "0", "0", "0", "0", "0", "0", "0", "0", "0", "0", "0", "0", "0", "0", "0", "0", "0", "0", "0", "0", "0", "0", "0", "0", "0", "0", "0", "0", "0", "0", "0", "0", "0", "0", "0", "0", "0", "0", "0", "0", "0", "0", "0", "0", "0", "0", "0", "0", "0", "0", "0", "0", "0", "0", "0", "0", "0", "0", "0", "0", "0", "0", "0", "0", "0", "0", "0", "0", "0", "0", "0", "0", "0", "0", "0", "0", "0", "0", "0", "0", "0", "0", "0", "0", "0", "0", "0", "0", "0", "0", "0", "0", "0", "0", "0", "0", "0", "0", "0", "0", "0", "0", "0", "0", "0", "0", "0", "0", "0", "0", "0", "0", "0", "0", "0", "0", "0", "0", "0", "0", "0", "0", "0", "0", "0", "0", "0", "0", "0", "0", "0", "0", "0", "0", "14", "12", "10", "11", "13", "16", "12", "12", "13", "0", "0", "0", "0", "0", "0", "0", "0"], ["12", "11", "10", "12", "13", "14", "14", "13", "11", "0", "0", "0", "0", "0", "0", "0", "0", "15", "15", "12", "13", "14", "10", "12", "14", "12", "0", "0", "0", "0", "0", "0", "0", "0", "12", "12", "11", "12", "13", "14", "11", "13", "12", "0", "0", "0", "0", "0", "0", "0", "0", "14", "11", "12", "11", "14", "12", "11", "12", "12", "0", "0", "0", "0", "0", "0", "0", "0", "12", "11", "11", "12", "11", "11", "10", "13", "12", "0", "0", "0", "0", "0", "0", "0", "0", "13", "12", "13", "12", "13", "13", "12", "13", "12", "0", "0", "0", "0", "0", "0", "0", "0", "0", "0", "0", "0", "0", "0", "0", "0", "0", "0", "0", "0", "0", "0", "0", "0", "0", "0", "0", "0", "0", "0", "0", "0", "0", "0", "0", "0", "0", "0", "0", "0", "0", "0", "12", "12", "12", "11", "11", "12", "12", "11", "13", "0", "0", "0", "0", "0", "0", "0", "0", "0", "0", "0", "0", "0", "0", "0", "0", "0", "0", "0", "0", "0", "0", "0", "0", "0", "0", "0", "0", "0", "0", "0", "0", "0", "0", "0", "0", "0", "0", "0", "0", "0", "0", "0", "0", "0", "0", "0", "0", "0", "0", "0", "0", "0", "0", "0", "0", "0", "0", "0", "0", "0", "0", "0", "0", "0", "0", "0", "0", "0", "0", "0", "0", "0", "0", "0", "0", "0", "0", "0", "0", "0", "0", "0", "0", "0", "0", "0", "0", "0", "0", "0", "0", "0", "13", "15", "14", "12", "16", "11", "12", "12", "12", "0", "0", "0", "0", "0", "0", "0", "0", "15", "10", "12", "15", "11", "11", "14", "14", "13", "0", "0", "0", "0", "0", "0", "0", "0", "0", "0", "0", "0", "0", "0", "0", "0", "0", "0", "0", "0", "0", "0", "0", "0", "0"]]}