{"state": {"resTurn": "99", "h": "6", "w": "12", "score": [["0", "0", "0", "0", "-1", "0", "0", "-1", "0", "0", "0", "0"], ["0", "0", "0", "1", "1", "1", "1", "1", "1", "0", "0", "0"], ["0", "1", "0", "1", "0", "0", "0", "0", "1", "0", "1", "0"], ["0", "1", "0", "0", "1", "0", "0", "1", "0", "0", "1", "0"], ["0", "0", "0", "0", "1", "1", "1", "1", "0", "0", "0", "0"], ["-1", "1", "0", "0", "1", "-1", "-1", "1", "0", "0", "1", "-1"]], "color": [["0", "2", "0", "1", "0", "0", "0", "0", "0", "0", "0", "0"], ["2", "2", "2", "1", "1", "0", "0", "0", "0", "0", "0", "0"], ["2", "2", "1", "1", "0", "0", "0", "0", "0", "0", "1", "1"], ["0", "0", "1", "1", "1", "0", "2", "2", "0", "0", "1", "0"], ["0", "0", "1", "0", "0", "2", "2", "2", "2", "0", "0", "1"], ["0", "0", "0", "0", "0", "2", "2", "0", "0", "1", "1", "1"]], "pos": [{"x": "9", "y": "5"}, {"x": "3", "y": "1"}, {"x": "2", "y": "1"}, {"x": "7", "y": "4"}]}, "q": "0.0007592262388830413", "z": "1", "visitCount": [["19", "15", "17", "16", "0", "21", "21", "18", "14", "0", "0", "0", "20", "0", "0", "0", "0", "0", "0", "0", "0", "0", "0", "0", "0", "0", "0", "0", "0", "0", "0", "0", "0", "0", "0", "0", "0", "0", "0", "0", "0", "0", "0", "0", "0", "0", "0", "0", "0", "0", "0", "0", "0", "0", "0", "0", "0", "0", "0", "0", "0", "0", "0", "0", "0", "0", "0", "0", "16", "18", "18", "21", "0", "17", "18", "19", "22", "0", "0", "0", "19", "0", "0", "0", "0", "0", "0", "0", "0", "0", "0", "0", "0", "0", "0", "0", "0", "0", "0", "0", "0", "0", "17", "20", "17", "21", "0", "19", "17", "17", "14", "0", "0", "0", "18", "0", "0", "0", "0", "19", "18", "19", "20", "0", "20", "19", "19", "18", "0", "0", "0", "21", "0", "0", "0", "0", "19", "18", "23", "21", "0", "22", "20", "18", "19", "0", "0", "0", "16", "0", "0", "0", "0", "0", "0", "0", "0", "0", "0", "0", "0", "0", "0", "0", "0", "0", "0", "0", "0", "0", "0", "0", "0", "0", "0", "0", "0", "0", "0", "0", "0", "0", "0", "0", "0", "0", "0", "0", "0", "0", "0", "0", "0", "0", "0", "0", "0", "0", "0", "0", "0", "0", "0", "0", "0", "0", "0", "0", "0", "0", "0", "0", "0", "0", "0", "0", "0", "0", "0", "0", "0", "22", "17", "16", "16", "0", "22", "16", "18", "17", "0", "0", "0", "18", "0", "0", "0", "0", "0", "0", "0", "0", "0", "0", "0", "0", "0", "0", "0", "0", "0", "0", "0", "0", "0", "0", "0", "0", "0", "0", "0", "0", "0", "0", "0", "0", "0", "0", "0", "0", "0", "0", "0", "0", "0", "0", "0", "0", "0", "0", "0", "0", "0", "0", "0", "0", "0", "0", "0"], ["11", "13", "12", "13", "13", "12", "12", "12", "12", "0", "0", "0", "0", "0", "0", "0", "0", "0", "0", "0", "0", "0", "0", "0", "0", "0", "0", "0", "0", "0", "0", "0", "0", "0", "0", "0", "0", "0", "0", "0", "0", "0", "0", "0", "0", "0", "0", "0", "0", "0", "0", "13", "13", "10", "14", "13", "13", "11", "12", "12", "0", "0", "0", "0", "0", "0", "0", "0", "13", "13", "12", "15", "12", "11", "12", "14", "16", "0", "0", "0", "0", "0", "0", "0", "0", "12", "13", "11", "14", "11", "13", "13", "13", "11", "0", "0", "0", "0", "0", "0", "0", "0", "13", "13", "12", "13", "13", "13", "14", "12", "15", "0", "0", "0", "0", "0", "0", "0", "0", "0", "0", "0", "0", "0", "0", "0", "0", "0", "0", "0", "0", "0", "0", "0", "0", "0", "0", "0", "0", "0", "0", "0", "0", "0", "0", "0", "0", "0", "0", "0", "0", "0", "0", "10", "12", "13", "11", "13", "12", "13", "13", "13", "0", "0", "0", "0", "0", "0", "0", "0", "13", "12", "12", "14", "11", "11", "13", "11", "13", "0", "0", "0", "0", "0", "0", "0", "0", "0", "0", "0", "0", "0", "0", "0", "0", "0", "0", "0", "0", "0", "0", "0", "0", "0", "0", "0", "0", "0", "0", "0", "0", "0", "0", "0", "0", "0", "0", "0", "0", "0", "0", "0", "0", "0", "0", "0", "0", "0", "0", "0", "0", "0", "0", "0", "0", "0", "0", "0", "0", "0", "0", "0", "0", "0", "0", "0", "0", "0", "0", "0", "0", "0", "0", "0", "0", "13", "12", "12", "14", "10", "13", "12", "13", "11", "0", "0", "0", "0", "0", "0", "0", "0", "10", "12", "12", "12", "11", "10", "11", "12", "12", "0", "0", "0", "0", "0", "0", "0", "0"]]}