{"state": {"resTurn": "98", "h": "6", "w": "12", "score": [["0", "0", "0", "0", "-1", "0", "0", "-1", "0", "0", "0", "0"], ["0", "0", "0", "1", "1", "1", "1", "1", "1", "0", "0", "0"], ["0", "1", "0", "1", "0", "0", "0", "0", "1", "0", "1", "0"], ["0", "1", "0", "0", "1", "0", "0", "1", "0", "0", "1", "0"], ["0", "0", "0", "0", "1", "1", "1", "1", "0", "0", "0", "0"], ["-1", "1", "0", "0", "1", "-1", "-1", "1", "0", "0", "1", "-1"]], "color": [["0", "2", "0", "1", "0", "0", "0", "0", "0", "0", "0", "0"], ["2", "2", "2", "1", "1", "0", "0", "0", "0", "0", "0", "0"], ["2", "2", "1", "1", "0", "0", "0", "0", "0", "0", "1", "1"], ["0", "0", "1", "1", "1", "0", "2", "2", "0", "0", "1", "0"], ["0", "0", "1", "0", "0", "2", "2", "2", "2", "0", "0", "1"], ["0", "0", "0", "0", "0", "2", "2", "0", "0", "1", "1", "1"]], "pos": [{"x": "10", "y": "5"}, {"x": "3", "y": "2"}, {"x": "1", "y": "1"}, {"x": "8", "y": "4"}]}, "q": "0.0008416397952348052", "z": "1", "visitCount": [["19", "21", "21", "19", "19", "0", "15", "20", "17", "0", "0", "0", "0", "16", "0", "0", "0", "0", "0", "0", "0", "0", "0", "0", "0", "0", "0", "0", "0", "0", "0", "0", "0", "0", "0", "0", "0", "0", "0", "0", "0", "0", "0", "0", "0", "0", "0", "0", "0", "0", "0", "0", "0", "0", "0", "0", "0", "0", "0", "0", "0", "0", "0", "0", "0", "0", "0", "0", "17", "21", "19", "18", "25", "0", "21", "16", "21", "0", "0", "0", "0", "14", "0", "0", "0", "15", "14", "18", "20", "18", "0", "19", "21", "17", "0", "0", "0", "0", "19", "0", "0", "0", "19", "18", "17", "18", "16", "0", "21", "17", "18", "0", "0", "0", "0", "20", "0", "0", "0", "19", "15", "16", "17", "16", "0", "20", "20", "22", "0", "0", "0", "0", "18", "0", "0", "0", "19", "17", "21", "17", "23", "0", "18", "24", "17", "0", "0", "0", "0", "17", "0", "0", "0", "0", "0", "0", "0", "0", "0", "0", "0", "0", "0", "0", "0", "0", "0", "0", "0", "0", "0", "0", "0", "0", "0", "0", "0", "0", "0", "0", "0", "0", "0", "0", "0", "0", "0", "0", "0", "0", "0", "0", "0", "0", "0", "0", "0", "0", "0", "0", "0", "0", "0", "0", "0", "0", "0", "0", "0", "0", "0", "0", "0", "0", "0", "0", "0", "0", "0", "0", "0", "0", "0", "0", "0", "0", "0", "0", "0", "0", "0", "0", "0", "0", "0", "0", "0", "0", "0", "0", "0", "0", "0", "0", "0", "0", "0", "0", "0", "0", "0", "0", "0", "0", "0", "0", "0", "0", "0", "0", "0", "0", "0", "0", "0", "0", "0", "0", "0", "0", "0", "0", "0", "0", "0", "0", "0", "0", "0", "0", "0", "0", "0", "0", "0", "0", "0", "0", "0"], ["13", "0", "13", "12", "13", "13", "13", "12", "13", "15", "0", "0", "0", "0", "0", "0", "0", "0", "0", "0", "0", "0", "0", "0", "0", "0", "0", "0", "0", "0", "0", "0", "0", "0", "13", "0", "11", "11", "12", "13", "10", "12", "12", "14", "0", "0", "0", "0", "0", "0", "0", "13", "0", "12", "13", "13", "15", "12", "12", "12", "15", "0", "0", "0", "0", "0", "0", "0", "13", "0", "11", "13", "11", "11", "11", "14", "13", "13", "0", "0", "0", "0", "0", "0", "0", "12", "0", "12", "11", "12", "13", "13", "12", "12", "13", "0", "0", "0", "0", "0", "0", "0", "15", "0", "12", "11", "11", "11", "13", "11", "11", "11", "0", "0", "0", "0", "0", "0", "0", "12", "0", "12", "14", "13", "14", "10", "11", "13", "12", "0", "0", "0", "0", "0", "0", "0", "13", "0", "12", "13", "11", "14", "12", "12", "11", "12", "0", "0", "0", "0", "0", "0", "0", "13", "0", "13", "11", "14", "12", "12", "11", "13", "12", "0", "0", "0", "0", "0", "0", "0", "0", "0", "0", "0", "0", "0", "0", "0", "0", "0", "0", "0", "0", "0", "0", "0", "0", "0", "0", "0", "0", "0", "0", "0", "0", "0", "0", "0", "0", "0", "0", "0", "0", "0", "0", "0", "0", "0", "0", "0", "0", "0", "0", "0", "0", "0", "0", "0", "0", "0", "0", "0", "0", "0", "0", "0", "0", "0", "0", "0", "0", "0", "0", "0", "0", "0", "0", "0", "0", "0", "0", "0", "0", "0", "0", "0", "0", "0", "0", "0", "0", "0", "0", "0", "0", "0", "0", "0", "0", "0", "0", "0", "0", "0", "0", "0", "0", "0", "0", "0", "0", "0", "0", "0", "0", "0", "0", "0", "0", "0", "0", "0", "0", "0", "0", "0", "0", "0", "0"]]}