{"state": {"resTurn": "97", "h": "6", "w": "12", "score": [["0", "0", "0", "0", "-1", "0", "0", "-1", "0", "0", "0", "0"], ["0", "0", "0", "1", "1", "1", "1", "1", "1", "0", "0", "0"], ["0", "1", "0", "1", "0", "0", "0", "0", "1", "0", "1", "0"], ["0", "1", "0", "0", "1", "0", "0", "1", "0", "0", "1", "0"], ["0", "0", "0", "0", "1", "1", "1", "1", "0", "0", "0", "0"], ["-1", "1", "0", "0", "1", "-1", "-1", "1", "0", "0", "1", "-1"]], "color": [["0", "2", "0", "1", "0", "0", "0", "0", "0", "0", "0", "0"], ["2", "2", "2", "1", "1", "0", "0", "0", "0", "0", "0", "0"], ["2", "2", "1", "1", "0", "0", "0", "0", "0", "0", "1", "1"], ["0", "0", "1", "1", "1", "0", "2", "2", "0", "0", "1", "0"], ["0", "0", "1", "0", "0", "2", "2", "2", "2", "0", "0", "1"], ["0", "0", "0", "0", "0", "2", "2", "0", "0", "1", "1", "1"]], "pos": [{"x": "9", "y": "5"}, {"x": "2", "y": "2"}, {"x": "1", "y": "1"}, {"x": "8", "y": "4"}]}, "q": "0.0009474252795306238", "z": "1", "visitCount": [["20", "17", "19", "17", "0", "0", "0", "24", "17", "0", "0", "0", "21", "17", "17", "0", "0", "0", "0", "0", "0", "0", "0", "0", "0", "0", "0", "0", "0", "0", "0", "0", "0", "0", "0", "0", "0", "0", "0", "0", "0", "0", "0", "0", "0", "0", "0", "0", "0", "0", "0", "0", "0", "0", "0", "0", "0", "0", "0", "0", "0", "0", "0", "0", "0", "0", "0", "0", "18", "17", "18", "18", "0", "0", "0", "18", "16", "0", "0", "0", "21", "15", "20", "0", "0", "0", "0", "0", "0", "0", "0", "0", "0", "0", "0", "0", "0", "0", "0", "0", "0", "0", "17", "19", "20", "18", "0", "0", "0", "18", "17", "0", "0", "0", "19", "18", "22", "0", "0", "16", "17", "22", "20", "0", "0", "0", "22", "20", "0", "0", "0", "20", "20", "14", "0", "0", "18", "17", "20", "17", "0", "0", "0", "23", "21", "0", "0", "0", "17", "19", "16", "0", "0", "0", "0", "0", "0", "0", "0", "0", "0", "0", "0", "0", "0", "0", "0", "0", "0", "0", "0", "0", "0", "0", "0", "0", "0", "0", "0", "0", "0", "0", "0", "0", "0", "0", "0", "0", "0", "0", "0", "0", "0", "0", "0", "0", "0", "0", "0", "0", "0", "0", "0", "0", "0", "0", "0", "0", "0", "0", "0", "0", "0", "0", "0", "0", "0", "0", "0", "0", "0", "19", "24", "18", "19", "0", "0", "0", "18", "14", "0", "0", "0", "17", "17", "17", "0", "0", "0", "0", "0", "0", "0", "0", "0", "0", "0", "0", "0", "0", "0", "0", "0", "0", "0", "0", "0", "0", "0", "0", "0", "0", "0", "0", "0", "0", "0", "0", "0", "0", "0", "0", "0", "0", "0", "0", "0", "0", "0", "0", "0", "0", "0", "0", "0", "0", "0", "0", "0"], ["11", "0", "13", "16", "13", "12", "11", "12", "14", "12", "0", "0", "0", "0", "0", "0", "0", "0", "0", "0", "0", "0", "0", "0", "0", "0", "0", "0", "0", "0", "0", "0", "0", "0", "11", "0", "13", "12", "13", "12", "13", "12", "13", "12", "0", "0", "0", "0", "0", "0", "0", "14", "0", "11", "13", "12", "11", "14", "12", "12", "13", "0", "0", "0", "0", "0", "0", "0", "13", "0", "12", "9", "11", "13", "13", "11", "13", "13", "0", "0", "0", "0", "0", "0", "0", "11", "0", "11", "14", "14", "13", "12", "12", "13", "12", "0", "0", "0", "0", "0", "0", "0", "13", "0", "11", "11", "14", "12", "15", "13", "12", "14", "0", "0", "0", "0", "0", "0", "0", "13", "0", "11", "12", "11", "12", "13", "12", "11", "14", "0", "0", "0", "0", "0", "0", "0", "12", "0", "11", "12", "13", "12", "11", "11", "12", "13", "0", "0", "0", "0", "0", "0", "0", "10", "0", "14", "11", "13", "13", "13", "12", "13", "13", "0", "0", "0", "0", "0", "0", "0", "0", "0", "0", "0", "0", "0", "0", "0", "0", "0", "0", "0", "0", "0", "0", "0", "0", "0", "0", "0", "0", "0", "0", "0", "0", "0", "0", "0", "0", "0", "0", "0", "0", "0", "0", "0", "0", "0", "0", "0", "0", "0", "0", "0", "0", "0", "0", "0", "0", "0", "0", "0", "0", "0", "0", "0", "0", "0", "0", "0", "0", "0", "0", "0", "0", "0", "0", "0", "0", "0", "0", "0", "0", "0", "0", "0", "0", "0", "0", "0", "0", "0", "0", "0", "0", "0", "0", "0", "0", "0", "0", "0", "0", "0", "0", "0", "0", "0", "0", "0", "0", "0", "0", "0", "0", "0", "0", "0", "0", "0", "0", "0", "0", "0", "0", "0", "0", "0", "0"]]}