{"state": {"resTurn": "96", "h": "6", "w": "12", "score": [["0", "0", "0", "0", "-1", "0", "0", "-1", "0", "0", "0", "0"], ["0", "0", "0", "1", "1", "1", "1", "1", "1", "0", "0", "0"], ["0", "1", "0", "1", "0", "0", "0", "0", "1", "0", "1", "0"], ["0", "1", "0", "0", "1", "0", "0", "1", "0", "0", "1", "0"], ["0", "0", "0", "0", "1", "1", "1", "1", "0", "0", "0", "0"], ["-1", "1", "0", "0", "1", "-1", "-1", "1", "0", "0", "1", "-1"]], "color": [["0", "2", "0", "1", "0", "0", "0", "0", "0", "0", "0", "0"], ["2", "2", "2", "1", "1", "0", "0", "0", "0", "0", "0", "0"], ["2", "2", "1", "1", "0", "0", "0", "0", "0", "0", "1", "1"], ["0", "0", "1", "1", "1", "0", "2", "2", "0", "0", "1", "0"], ["0", "0", "1", "0", "0", "2", "2", "2", "2", "0", "0", "1"], ["0", "0", "0", "0", "0", "2", "2", "2", "0", "1", "1", "1"]], "pos": [{"x": "9", "y": "5"}, {"x": "3", "y": "1"}, {"x": "1", "y": "1"}, {"x": "7", "y": "5"}]}, "q": "0.0007782782459075098", "z": "1", "visitCount": [["19", "18", "17", "20", "0", "18", "19", "16", "20", "0", "0", "0", "17", "0", "0", "0", "0", "0", "0", "0", "0", "0", "0", "0", "0", "0", "0", "0", "0", "0", "0", "0", "0", "0", "0", "0", "0", "0", "0", "0", "0", "0", "0", "0", "0", "0", "0", "0", "0", "0", "0", "0", "0", "0", "0", "0", "0", "0", "0", "0", "0", "0", "0", "0", "0", "0", "0", "0", "18", "16", "15", "18", "0", "23", "18", "18", "15", "0", "0", "0", "20", "0", "0", "0", "0", "0", "0", "0", "0", "0", "0", "0", "0", "0", "0", "0", "0", "0", "0", "0", "0", "0", "20", "17", "16", "17", "0", "19", "19", "20", "19", "0", "0", "0", "18", "0", "0", "0", "0", "19", "21", "17", "20", "0", "21", "17", "16", "21", "0", "0", "0", "19", "0", "0", "0", "0", "20", "20", "18", "20", "0", "21", "22", "19", "20", "0", "0", "0", "22", "0", "0", "0", "0", "0", "0", "0", "0", "0", "0", "0", "0", "0", "0", "0", "0", "0", "0", "0", "0", "0", "0", "0", "0", "0", "0", "0", "0", "0", "0", "0", "0", "0", "0", "0", "0", "0", "0", "0", "0", "0", "0", "0", "0", "0", "0", "0", "0", "0", "0", "0", "0", "0", "0", "0", "0", "0", "0", "0", "0", "0", "0", "0", "0", "0", "0", "0", "0", "0", "0", "0", "0", "22", "15", "16", "17", "0", "21", "18", "15", "16", "0", "0", "0", "17", "0", "0", "0", "0", "0", "0", "0", "0", "0", "0", "0", "0", "0", "0", "0", "0", "0", "0", "0", "0", "0", "0", "0", "0", "0", "0", "0", "0", "0", "0", "0", "0", "0", "0", "0", "0", "0", "0", "0", "0", "0", "0", "0", "0", "0", "0", "0", "0", "0", "0", "0", "0", "0", "0", "0"], ["22", "0", "0", "0", "23", "14", "14", "17", "21", "0", "0", "0", "0", "0", "0", "0", "0", "0", "0", "0", "0", "0", "0", "0", "0", "0", "0", "0", "0", "0", "0", "0", "0", "0", "23", "0", "0", "0", "18", "19", "19", "19", "16", "0", "0", "0", "0", "0", "0", "0", "0", "18", "0", "0", "0", "17", "16", "20", "19", "19", "0", "0", "0", "0", "0", "0", "0", "0", "15", "0", "0", "0", "21", "19", "16", "24", "19", "0", "0", "0", "0", "0", "0", "0", "0", "18", "0", "0", "0", "16", "16", "16", "22", "19", "0", "0", "0", "0", "0", "0", "0", "0", "20", "0", "0", "0", "17", "19", "16", "15", "19", "0", "0", "0", "0", "0", "0", "0", "0", "19", "0", "0", "0", "19", "16", "19", "18", "20", "0", "0", "0", "0", "0", "0", "0", "0", "20", "0", "0", "0", "21", "18", "20", "15", "20", "0", "0", "0", "0", "0", "0", "0", "0", "19", "0", "0", "0", "17", "23", "18", "20", "17", "0", "0", "0", "0", "0", "0", "0", "0", "0", "0", "0", "0", "0", "0", "0", "0", "0", "0", "0", "0", "0", "0", "0", "0", "0", "0", "0", "0", "0", "0", "0", "0", "0", "0", "0", "0", "0", "0", "0", "0", "0", "0", "0", "0", "0", "0", "0", "0", "0", "0", "0", "0", "0", "0", "0", "0", "0", "0", "0", "0", "0", "0", "0", "0", "0", "0", "0", "0", "0", "0", "0", "0", "0", "0", "0", "0", "0", "0", "0", "0", "0", "0", "0", "0", "0", "0", "0", "0", "0", "0", "0", "0", "0", "0", "0", "0", "0", "0", "0", "0", "0", "0", "0", "0", "0", "0", "0", "0", "0", "0", "0", "0", "0", "0", "0", "0", "0", "0", "0", "0", "0", "0", "0", "0", "0", "0", "0"]]}