{"state": {"resTurn": "95", "h": "6", "w": "12", "score": [["0", "0", "0", "0", "-1", "0", "0", "-1", "0", "0", "0", "0"], ["0", "0", "0", "1", "1", "1", "1", "1", "1", "0", "0", "0"], ["0", "1", "0", "1", "0", "0", "0", "0", "1", "0", "1", "0"], ["0", "1", "0", "0", "1", "0", "0", "1", "0", "0", "1", "0"], ["0", "0", "0", "0", "1", "1", "1", "1", "0", "0", "0", "0"], ["-1", "1", "0", "0", "1", "-1", "-1", "1", "0", "0", "1", "-1"]], "color": [["0", "2", "1", "1", "0", "0", "0", "0", "0", "0", "0", "0"], ["2", "2", "2", "1", "1", "0", "0", "0", "0", "0", "0", "0"], ["2", "2", "1", "1", "0", "0", "0", "0", "0", "0", "1", "1"], ["0", "0", "1", "1", "1", "0", "2", "2", "0", "0", "1", "0"], ["0", "0", "1", "0", "0", "2", "2", "2", "2", "0", "0", "1"], ["0", "0", "0", "0", "0", "2", "2", "2", "1", "1", "1", "1"]], "pos": [{"x": "8", "y": "5"}, {"x": "2", "y": "0"}, {"x": "0", "y": "1"}, {"x": "8", "y": "4"}]}, "q": "0.0007516728399712878", "z": "1", "visitCount": [["22", "35", "0", "0", "0", "0", "0", "0", "29", "0", "37", "30", "34", "0", "0", "0", "0", "0", "0", "0", "0", "0", "0", "0", "0", "0", "0", "0", "0", "0", "0", "0", "0", "0", "0", "0", "0", "0", "0", "0", "0", "0", "0", "0", "0", "0", "0", "0", "0", "0", "0", "0", "0", "0", "0", "0", "0", "0", "0", "0", "0", "0", "0", "0", "0", "0", "0", "0", "0", "0", "0", "0", "0", "0", "0", "0", "0", "0", "0", "0", "0", "0", "0", "0", "0", "0", "0", "0", "0", "0", "0", "0", "0", "0", "0", "0", "0", "0", "0", "0", "0", "0", "0", "0", "0", "0", "0", "0", "0", "0", "0", "0", "0", "0", "0", "0", "0", "0", "0", "30", "24", "0", "0", "0", "0", "0", "0", "21", "0", "26", "27", "22", "0", "0", "0", "0", "29", "23", "0", "0", "0", "0", "0", "0", "19", "0", "22", "31", "37", "0", "0", "0", "0", "0", "0", "0", "0", "0", "0", "0", "0", "0", "0", "0", "0", "0", "0", "0", "0", "0", "0", "0", "0", "0", "0", "0", "0", "0", "0", "0", "0", "0", "0", "0", "0", "0", "0", "0", "0", "0", "0", "0", "0", "0", "0", "0", "0", "0", "0", "0", "0", "0", "0", "0", "27", "27", "0", "0", "0", "0", "0", "0", "25", "0", "31", "26", "37", "0", "0", "0", "0", "33", "23", "0", "0", "0", "0", "0", "0", "24", "0", "37", "36", "29", "0", "0", "0", "0", "19", "23", "0", "0", "0", "0", "0", "0", "27", "0", "25", "23", "30", "0", "0", "0", "0", "0", "0", "0", "0", "0", "0", "0", "0", "0", "0", "0", "0", "0", "0", "0", "0", "0", "0", "0", "0", "0", "0", "0", "0", "0", "0", "0", "0", "0", "0", "0", "0", "0", "0"], ["17", "0", "0", "20", "17", "19", "19", "23", "17", "20", "20", "0", "0", "0", "0", "0", "0", "15", "0", "0", "21", "21", "20", "20", "16", "18", "15", "20", "0", "0", "0", "0", "0", "0", "17", "0", "0", "21", "18", "19", "22", "17", "19", "19", "17", "0", "0", "0", "0", "0", "0", "0", "0", "0", "0", "0", "0", "0", "0", "0", "0", "0", "0", "0", "0", "0", "0", "0", "0", "0", "0", "0", "0", "0", "0", "0", "0", "0", "0", "0", "0", "0", "0", "0", "0", "0", "0", "0", "0", "0", "0", "0", "0", "0", "0", "0", "0", "0", "0", "0", "0", "0", "14", "0", "0", "16", "16", "19", "23", "12", "18", "16", "19", "0", "0", "0", "0", "0", "0", "19", "0", "0", "19", "17", "14", "20", "17", "20", "22", "20", "0", "0", "0", "0", "0", "0", "19", "0", "0", "18", "19", "17", "19", "18", "20", "22", "20", "0", "0", "0", "0", "0", "0", "0", "0", "0", "0", "0", "0", "0", "0", "0", "0", "0", "0", "0", "0", "0", "0", "0", "0", "0", "0", "0", "0", "0", "0", "0", "0", "0", "0", "0", "0", "0", "0", "0", "0", "0", "0", "0", "0", "0", "0", "0", "0", "0", "0", "0", "0", "0", "0", "0", "0", "0", "0", "0", "0", "0", "0", "0", "0", "0", "0", "0", "0", "0", "0", "0", "0", "0", "0", "0", "0", "0", "0", "0", "0", "0", "0", "0", "0", "0", "0", "0", "0", "0", "0", "0", "0", "0", "0", "0", "0", "0", "0", "0", "0", "0", "0", "0", "0", "0", "0", "0", "0", "0", "0", "0", "0", "0", "0", "0", "0", "0", "0", "0", "0", "0", "0", "0", "0", "0", "0", "0", "0", "0", "0", "0", "0", "0", "0", "0", "0", "0", "0", "0", "0", "0", "0"]]}