{"state": {"resTurn": "94", "h": "6", "w": "12", "score": [["0", "0", "0", "0", "-1", "0", "0", "-1", "0", "0", "0", "0"], ["0", "0", "0", "1", "1", "1", "1", "1", "1", "0", "0", "0"], ["0", "1", "0", "1", "0", "0", "0", "0", "1", "0", "1", "0"], ["0", "1", "0", "0", "1", "0", "0", "1", "0", "0", "1", "0"], ["0", "0", "0", "0", "1", "1", "1", "1", "0", "0", "0", "0"], ["-1", "1", "0", "0", "1", "-1", "-1", "1", "0", "0", "1", "-1"]], "color": [["0", "2", "1", "1", "0", "0", "0", "0", "0", "0", "0", "0"], ["2", "2", "0", "1", "1", "0", "0", "0", "0", "0", "0", "0"], ["2", "2", "1", "1", "0", "0", "0", "0", "0", "0", "1", "1"], ["0", "0", "1", "1", "1", "0", "2", "2", "0", "2", "1", "0"], ["0", "0", "1", "0", "0", "2", "2", "2", "2", "0", "0", "1"], ["0", "0", "0", "0", "0", "2", "2", "2", "1", "1", "1", "1"]], "pos": [{"x": "8", "y": "5"}, {"x": "2", "y": "0"}, {"x": "0", "y": "1"}, {"x": "9", "y": "3"}]}, "q": "0.0001493637507189704", "z": "1", "visitCount": [["25", "27", "36", "0", "0", "0", "0", "0", "27", "0", "0", "28", "25", "0", "0", "0", "0", "0", "0", "0", "0", "0", "0", "0", "0", "0", "0", "0", "0", "0", "0", "0", "0", "0", "0", "0", "0", "0", "0", "0", "0", "0", "0", "0", "0", "0", "0", "0", "0", "0", "0", "0", "0", "0", "0", "0", "0", "0", "0", "0", "0", "0", "0", "0", "0", "0", "0", "0", "0", "0", "0", "0", "0", "0", "0", "0", "0", "0", "0", "0", "0", "0", "0", "0", "0", "0", "0", "0", "0", "0", "0", "0", "0", "0", "0", "0", "0", "0", "0", "0", "0", "0", "0", "0", "0", "0", "0", "0", "0", "0", "0", "0", "0", "0", "0", "0", "0", "0", "0", "22", "27", "24", "0", "0", "0", "0", "0", "26", "0", "0", "40", "32", "0", "0", "0", "0", "28", "26", "31", "0", "0", "0", "0", "0", "29", "0", "0", "27", "25", "0", "0", "0", "0", "0", "0", "0", "0", "0", "0", "0", "0", "0", "0", "0", "0", "0", "0", "0", "0", "0", "0", "0", "0", "0", "0", "0", "0", "0", "0", "0", "0", "0", "0", "0", "0", "0", "0", "0", "0", "0", "0", "0", "0", "0", "0", "0", "0", "0", "0", "0", "0", "0", "0", "0", "32", "27", "27", "0", "0", "0", "0", "0", "29", "0", "0", "31", "20", "0", "0", "0", "0", "35", "31", "25", "0", "0", "0", "0", "0", "27", "0", "0", "36", "30", "0", "0", "0", "0", "31", "15", "24", "0", "0", "0", "0", "0", "19", "0", "0", "30", "26", "0", "0", "0", "0", "0", "0", "0", "0", "0", "0", "0", "0", "0", "0", "0", "0", "0", "0", "0", "0", "0", "0", "0", "0", "0", "0", "0", "0", "0", "0", "0", "0", "0", "0", "0", "0", "0", "0"], ["23", "19", "25", "19", "21", "22", "18", "0", "0", "0", "0", "0", "0", "0", "0", "19", "17", "18", "18", "20", "19", "17", "17", "19", "0", "0", "0", "0", "0", "0", "0", "0", "25", "19", "19", "19", "17", "21", "15", "15", "19", "0", "0", "0", "0", "0", "0", "0", "0", "19", "13", "0", "0", "0", "0", "0", "0", "0", "0", "0", "0", "0", "0", "0", "0", "0", "0", "0", "0", "0", "0", "0", "0", "0", "0", "0", "0", "0", "0", "0", "0", "0", "0", "0", "0", "0", "0", "0", "0", "0", "0", "0", "0", "0", "0", "0", "0", "0", "0", "0", "0", "0", "17", "19", "17", "23", "13", "16", "17", "0", "0", "0", "0", "0", "0", "0", "0", "17", "18", "19", "23", "19", "17", "21", "15", "16", "0", "0", "0", "0", "0", "0", "0", "0", "15", "22", "20", "17", "20", "18", "18", "17", "20", "0", "0", "0", "0", "0", "0", "0", "0", "18", "16", "0", "0", "0", "0", "0", "0", "0", "0", "0", "0", "0", "0", "0", "0", "0", "0", "0", "0", "0", "0", "0", "0", "0", "0", "0", "0", "0", "0", "0", "0", "0", "0", "0", "0", "0", "0", "0", "0", "0", "0", "0", "0", "0", "0", "0", "0", "0", "0", "0", "0", "0", "0", "0", "0", "0", "0", "0", "0", "0", "0", "0", "0", "0", "0", "0", "0", "0", "0", "0", "0", "0", "0", "0", "0", "0", "0", "0", "0", "0", "0", "0", "0", "0", "0", "0", "0", "0", "0", "0", "0", "0", "0", "0", "0", "0", "0", "0", "0", "0", "0", "0", "0", "0", "0", "0", "0", "0", "0", "0", "0", "0", "0", "0", "0", "0", "0", "0", "0", "0", "0", "0", "0", "0", "0", "0", "0", "0", "0", "0", "0", "0", "0", "0", "0", "0", "0"]]}