{"state": {"resTurn": "93", "h": "6", "w": "12", "score": [["0", "0", "0", "0", "-1", "0", "0", "-1", "0", "0", "0", "0"], ["0", "0", "0", "1", "1", "1", "1", "1", "1", "0", "0", "0"], ["0", "1", "0", "1", "0", "0", "0", "0", "1", "0", "1", "0"], ["0", "1", "0", "0", "1", "0", "0", "1", "0", "0", "1", "0"], ["0", "0", "0", "0", "1", "1", "1", "1", "0", "0", "0", "0"], ["-1", "1", "0", "0", "1", "-1", "-1", "1", "0", "0", "1", "-1"]], "color": [["0", "2", "1", "1", "0", "0", "0", "0", "0", "0", "0", "0"], ["2", "0", "0", "1", "1", "0", "0", "0", "0", "0", "0", "0"], ["2", "2", "1", "1", "0", "0", "0", "0", "0", "0", "1", "1"], ["0", "0", "1", "1", "1", "0", "2", "2", "0", "2", "1", "0"], ["0", "0", "1", "0", "0", "2", "2", "2", "2", "0", "0", "1"], ["0", "0", "0", "0", "0", "2", "2", "2", "1", "1", "1", "1"]], "pos": [{"x": "8", "y": "5"}, {"x": "2", "y": "0"}, {"x": "0", "y": "1"}, {"x": "9", "y": "3"}]}, "q": "0.0006252646291831048", "z": "1", "visitCount": [["20", "24", "23", "29", "0", "0", "0", "0", "25", "0", "0", "0", "31", "0", "0", "0", "0", "0", "0", "0", "0", "0", "0", "0", "0", "0", "0", "0", "0", "0", "0", "0", "0", "0", "0", "0", "0", "0", "0", "0", "0", "0", "0", "0", "0", "0", "0", "0", "0", "0", "0", "0", "0", "0", "0", "0", "0", "0", "0", "0", "0", "0", "0", "0", "0", "0", "0", "0", "0", "0", "0", "0", "0", "0", "0", "0", "0", "0", "0", "0", "0", "0", "0", "0", "0", "0", "0", "0", "0", "0", "0", "0", "0", "0", "0", "0", "0", "0", "0", "0", "0", "0", "0", "0", "0", "0", "0", "0", "0", "0", "0", "0", "0", "0", "0", "0", "0", "0", "0", "28", "24", "37", "29", "0", "0", "0", "0", "36", "0", "0", "0", "39", "0", "0", "0", "0", "28", "27", "34", "26", "0", "0", "0", "0", "25", "0", "0", "0", "28", "0", "0", "0", "0", "0", "0", "0", "0", "0", "0", "0", "0", "0", "0", "0", "0", "0", "0", "0", "0", "0", "0", "0", "0", "0", "0", "0", "0", "0", "0", "0", "0", "0", "0", "0", "0", "0", "0", "0", "0", "0", "0", "0", "0", "0", "0", "0", "0", "0", "0", "0", "0", "0", "0", "0", "22", "26", "38", "25", "0", "0", "0", "0", "27", "0", "0", "0", "30", "0", "0", "0", "0", "26", "22", "35", "24", "0", "0", "0", "0", "31", "0", "0", "0", "36", "0", "0", "0", "0", "22", "25", "23", "29", "0", "0", "0", "0", "25", "0", "0", "0", "21", "0", "0", "0", "0", "0", "0", "0", "0", "0", "0", "0", "0", "0", "0", "0", "0", "0", "0", "0", "0", "0", "0", "0", "0", "0", "0", "0", "0", "0", "0", "0", "0", "0", "0", "0", "0", "0", "0"], ["22", "16", "21", "19", "17", "18", "18", "0", "0", "0", "0", "0", "0", "0", "0", "21", "21", "17", "16", "17", "17", "27", "22", "17", "0", "0", "0", "0", "0", "0", "0", "0", "15", "17", "20", "15", "23", "17", "22", "21", "17", "0", "0", "0", "0", "0", "0", "0", "0", "21", "14", "0", "0", "0", "0", "0", "0", "0", "0", "0", "0", "0", "0", "0", "0", "0", "0", "0", "0", "0", "0", "0", "0", "0", "0", "0", "0", "0", "0", "0", "0", "0", "0", "0", "0", "0", "0", "0", "0", "0", "0", "0", "0", "0", "0", "0", "0", "0", "0", "0", "0", "0", "16", "21", "15", "20", "19", "22", "17", "0", "0", "0", "0", "0", "0", "0", "0", "19", "14", "20", "16", "16", "19", "20", "18", "18", "0", "0", "0", "0", "0", "0", "0", "0", "15", "17", "22", "23", "18", "17", "21", "15", "20", "0", "0", "0", "0", "0", "0", "0", "0", "17", "17", "0", "0", "0", "0", "0", "0", "0", "0", "0", "0", "0", "0", "0", "0", "0", "0", "0", "0", "0", "0", "0", "0", "0", "0", "0", "0", "0", "0", "0", "0", "0", "0", "0", "0", "0", "0", "0", "0", "0", "0", "0", "0", "0", "0", "0", "0", "0", "0", "0", "0", "0", "0", "0", "0", "0", "0", "0", "0", "0", "0", "0", "0", "0", "0", "0", "0", "0", "0", "0", "0", "0", "0", "0", "0", "0", "0", "0", "0", "0", "0", "0", "0", "0", "0", "0", "0", "0", "0", "0", "0", "0", "0", "0", "0", "0", "0", "0", "0", "0", "0", "0", "0", "0", "0", "0", "0", "0", "0", "0", "0", "0", "0", "0", "0", "0", "0", "0", "0", "0", "0", "0", "0", "0", "0", "0", "0", "0", "0", "0", "0", "0", "0", "0", "0", "0", "0"]]}