{"state": {"resTurn": "92", "h": "6", "w": "12", "score": [["0", "0", "0", "0", "-1", "0", "0", "-1", "0", "0", "0", "0"], ["0", "0", "0", "1", "1", "1", "1", "1", "1", "0", "0", "0"], ["0", "1", "0", "1", "0", "0", "0", "0", "1", "0", "1", "0"], ["0", "1", "0", "0", "1", "0", "0", "1", "0", "0", "1", "0"], ["0", "0", "0", "0", "1", "1", "1", "1", "0", "0", "0", "0"], ["-1", "1", "0", "0", "1", "-1", "-1", "1", "0", "0", "1", "-1"]], "color": [["0", "0", "1", "1", "0", "0", "0", "0", "0", "0", "0", "0"], ["2", "0", "0", "1", "1", "0", "0", "0", "0", "0", "0", "0"], ["2", "2", "1", "1", "0", "0", "0", "0", "0", "0", "1", "1"], ["0", "0", "1", "1", "1", "0", "2", "2", "2", "2", "1", "0"], ["0", "0", "1", "0", "0", "2", "2", "2", "2", "1", "0", "1"], ["0", "0", "0", "0", "0", "2", "2", "2", "1", "1", "1", "1"]], "pos": [{"x": "9", "y": "4"}, {"x": "2", "y": "0"}, {"x": "1", "y": "2"}, {"x": "8", "y": "3"}]}, "q": "0.0007052139243996654", "z": "1", "visitCount": [["17", "16", "20", "14", "17", "0", "0", "0", "16", "0", "0", "0", "0", "0", "0", "0", "0", "20", "19", "20", "20", "20", "0", "0", "0", "14", "0", "0", "0", "0", "0", "0", "0", "0", "16", "17", "17", "22", "17", "0", "0", "0", "17", "0", "0", "0", "0", "0", "0", "0", "0", "20", "24", "21", "19", "17", "0", "0", "0", "23", "0", "0", "0", "0", "0", "0", "0", "0", "0", "0", "0", "0", "0", "0", "0", "0", "0", "0", "0", "0", "0", "0", "0", "0", "0", "0", "0", "0", "0", "0", "0", "0", "0", "0", "0", "0", "0", "0", "0", "0", "0", "0", "0", "0", "0", "0", "0", "0", "0", "0", "0", "0", "0", "0", "0", "0", "0", "0", "0", "17", "18", "15", "18", "21", "0", "0", "0", "21", "0", "0", "0", "0", "0", "0", "0", "0", "15", "15", "15", "19", "20", "0", "0", "0", "17", "0", "0", "0", "0", "0", "0", "0", "0", "0", "0", "0", "0", "0", "0", "0", "0", "0", "0", "0", "0", "0", "0", "0", "0", "0", "0", "0", "0", "0", "0", "0", "0", "0", "0", "0", "0", "0", "0", "0", "0", "0", "0", "0", "0", "0", "0", "0", "0", "0", "0", "0", "0", "0", "0", "0", "0", "0", "0", "0", "19", "17", "22", "18", "21", "0", "0", "0", "20", "0", "0", "0", "0", "0", "0", "0", "0", "19", "17", "20", "18", "21", "0", "0", "0", "19", "0", "0", "0", "0", "0", "0", "0", "0", "17", "20", "22", "16", "19", "0", "0", "0", "21", "0", "0", "0", "0", "0", "0", "0", "0", "0", "0", "0", "0", "0", "0", "0", "0", "0", "0", "0", "0", "0", "0", "0", "0", "0", "0", "0", "0", "0", "0", "0", "0", "0", "0", "0", "0", "0", "0", "0", "0", "0", "0"], ["13", "0", "11", "13", "15", "12", "12", "12", "11", "13", "0", "0", "0", "0", "0", "0", "0", "0", "0", "0", "0", "0", "0", "0", "0", "0", "0", "0", "0", "0", "0", "0", "0", "0", "11", "0", "11", "13", "12", "13", "13", "12", "12", "13", "0", "0", "0", "0", "0", "0", "0", "15", "0", "13", "12", "14", "14", "12", "12", "10", "10", "0", "0", "0", "0", "0", "0", "0", "11", "0", "16", "13", "10", "13", "13", "12", "11", "12", "0", "0", "0", "0", "0", "0", "0", "15", "0", "11", "11", "14", "11", "12", "13", "13", "12", "0", "0", "0", "0", "0", "0", "0", "11", "0", "13", "10", "12", "14", "15", "14", "12", "13", "0", "0", "0", "0", "0", "0", "0", "10", "0", "12", "14", "10", "13", "10", "11", "13", "14", "0", "0", "0", "0", "0", "0", "0", "0", "0", "0", "0", "0", "0", "0", "0", "0", "0", "0", "0", "0", "0", "0", "0", "0", "14", "0", "14", "14", "11", "11", "13", "12", "11", "13", "0", "0", "0", "0", "0", "0", "0", "0", "0", "0", "0", "0", "0", "0", "0", "0", "0", "0", "0", "0", "0", "0", "0", "0", "0", "0", "0", "0", "0", "0", "0", "0", "0", "0", "0", "0", "0", "0", "0", "0", "0", "0", "0", "0", "0", "0", "0", "0", "0", "0", "0", "0", "0", "0", "0", "0", "0", "0", "0", "0", "0", "0", "0", "0", "0", "0", "0", "0", "0", "0", "0", "0", "0", "0", "0", "0", "0", "0", "0", "0", "0", "0", "0", "0", "0", "0", "0", "0", "0", "0", "0", "0", "0", "0", "0", "0", "0", "0", "0", "0", "0", "0", "0", "0", "0", "0", "0", "0", "0", "11", "0", "11", "12", "10", "12", "13", "15", "12", "13", "0", "0", "0", "0", "0", "0", "0"]]}