{"state": {"resTurn": "109", "h": "6", "w": "12", "score": [["0", "0", "0", "0", "-1", "0", "0", "-1", "0", "0", "0", "0"], ["0", "0", "0", "1", "1", "1", "1", "1", "1", "0", "0", "0"], ["0", "1", "0", "1", "0", "0", "0", "0", "1", "0", "1", "0"], ["0", "1", "0", "0", "1", "0", "0", "1", "0", "0", "1", "0"], ["0", "0", "0", "0", "1", "1", "1", "1", "0", "0", "0", "0"], ["-1", "1", "0", "0", "1", "-1", "-1", "1", "0", "0", "1", "-1"]], "color": [["0", "0", "0", "0", "0", "0", "0", "0", "0", "0", "0", "0"], ["0", "0", "0", "0", "0", "0", "0", "0", "0", "0", "0", "0"], ["0", "2", "0", "0", "0", "0", "0", "0", "0", "0", "1", "0"], ["0", "0", "1", "0", "0", "0", "0", "0", "0", "2", "1", "0"], ["0", "0", "1", "0", "0", "0", "0", "0", "0", "0", "2", "0"], ["0", "0", "0", "0", "0", "0", "0", "0", "0", "0", "0", "0"]], "pos": [{"x": "10", "y": "3"}, {"x": "2", "y": "4"}, {"x": "1", "y": "2"}, {"x": "9", "y": "3"}]}, "q": "0.0006433039081790484", "z": "1", "visitCount": [["14", "12", "13", "11", "12", "12", "11", "13", "14", "0", "0", "0", "0", "0", "0", "0", "0", "13", "12", "12", "12", "13", "13", "14", "12", "12", "0", "0", "0", "0", "0", "0", "0", "0", "0", "0", "0", "0", "0", "0", "0", "0", "0", "0", "0", "0", "0", "0", "0", "0", "0", "12", "12", "12", "14", "11", "11", "13", "14", "13", "0", "0", "0", "0", "0", "0", "0", "0", "0", "0", "0", "0", "0", "0", "0", "0", "0", "0", "0", "0", "0", "0", "0", "0", "0", "11", "10", "13", "13", "11", "14", "13", "13", "12", "0", "0", "0", "0", "0", "0", "0", "0", "12", "12", "13", "11", "12", "11", "14", "12", "12", "0", "0", "0", "0", "0", "0", "0", "0", "11", "11", "13", "10", "13", "12", "12", "13", "12", "0", "0", "0", "0", "0", "0", "0", "0", "14", "12", "13", "13", "11", "11", "12", "12", "12", "0", "0", "0", "0", "0", "0", "0", "0", "0", "0", "0", "0", "0", "0", "0", "0", "0", "0", "0", "0", "0", "0", "0", "0", "0", "13", "13", "13", "11", "11", "11", "12", "14", "12", "0", "0", "0", "0", "0", "0", "0", "0", "0", "0", "0", "0", "0", "0", "0", "0", "0", "0", "0", "0", "0", "0", "0", "0", "0", "12", "13", "13", "12", "13", "14", "15", "12", "13", "0", "0", "0", "0", "0", "0", "0", "0", "0", "0", "0", "0", "0", "0", "0", "0", "0", "0", "0", "0", "0", "0", "0", "0", "0", "0", "0", "0", "0", "0", "0", "0", "0", "0", "0", "0", "0", "0", "0", "0", "0", "0", "0", "0", "0", "0", "0", "0", "0", "0", "0", "0", "0", "0", "0", "0", "0", "0", "0", "0", "0", "0", "0", "0", "0", "0", "0", "0", "0", "0", "0", "0", "0", "0", "0", "0"], ["13", "13", "13", "12", "12", "13", "11", "0", "0", "0", "0", "0", "0", "0", "0", "12", "14", "0", "0", "0", "0", "0", "0", "0", "0", "0", "0", "0", "0", "0", "0", "0", "0", "0", "11", "13", "11", "11", "11", "12", "13", "0", "0", "0", "0", "0", "0", "0", "0", "13", "12", "12", "13", "13", "12", "12", "12", "13", "0", "0", "0", "0", "0", "0", "0", "0", "13", "12", "13", "13", "12", "12", "12", "12", "12", "0", "0", "0", "0", "0", "0", "0", "0", "12", "12", "11", "12", "12", "15", "13", "12", "13", "0", "0", "0", "0", "0", "0", "0", "0", "14", "12", "12", "13", "13", "12", "10", "12", "12", "0", "0", "0", "0", "0", "0", "0", "0", "11", "11", "11", "12", "12", "14", "13", "11", "11", "0", "0", "0", "0", "0", "0", "0", "0", "13", "12", "13", "13", "13", "12", "12", "12", "12", "0", "0", "0", "0", "0", "0", "0", "0", "13", "15", "14", "12", "11", "12", "11", "13", "12", "0", "0", "0", "0", "0", "0", "0", "0", "14", "15", "0", "0", "0", "0", "0", "0", "0", "0", "0", "0", "0", "0", "0", "0", "0", "0", "0", "0", "0", "0", "0", "0", "0", "0", "0", "0", "0", "0", "0", "0", "0", "0", "0", "0", "0", "0", "0", "0", "0", "0", "0", "0", "0", "0", "0", "0", "0", "0", "0", "0", "0", "0", "0", "0", "0", "0", "0", "0", "0", "0", "0", "0", "0", "0", "0", "0", "0", "0", "0", "0", "0", "0", "0", "0", "0", "0", "0", "0", "0", "0", "0", "0", "0", "0", "0", "0", "0", "0", "0", "0", "0", "0", "0", "0", "0", "0", "0", "0", "0", "0", "0", "0", "0", "0", "0", "0", "0", "0", "0", "0", "0", "0", "0", "0", "0", "0", "0", "0", "0"]]}