{"state": {"resTurn": "89", "h": "6", "w": "12", "score": [["0", "0", "0", "0", "-1", "0", "0", "-1", "0", "0", "0", "0"], ["0", "0", "0", "1", "1", "1", "1", "1", "1", "0", "0", "0"], ["0", "1", "0", "1", "0", "0", "0", "0", "1", "0", "1", "0"], ["0", "1", "0", "0", "1", "0", "0", "1", "0", "0", "1", "0"], ["0", "0", "0", "0", "1", "1", "1", "1", "0", "0", "0", "0"], ["-1", "1", "0", "0", "1", "-1", "-1", "1", "0", "0", "1", "-1"]], "color": [["0", "0", "1", "1", "1", "0", "0", "0", "0", "0", "0", "0"], ["2", "0", "0", "1", "1", "0", "0", "0", "0", "0", "0", "0"], ["2", "2", "1", "1", "0", "0", "0", "0", "0", "0", "1", "1"], ["2", "0", "1", "1", "1", "0", "2", "2", "2", "2", "1", "0"], ["0", "2", "1", "0", "0", "2", "2", "2", "2", "0", "0", "1"], ["0", "0", "0", "0", "0", "2", "2", "2", "1", "1", "1", "1"]], "pos": [{"x": "8", "y": "5"}, {"x": "4", "y": "0"}, {"x": "1", "y": "4"}, {"x": "7", "y": "4"}]}, "q": "0.0009191423706802304", "z": "1", "visitCount": [["25", "25", "26", "34", "25", "0", "0", "0", "23", "0", "0", "0", "0", "0", "0", "0", "0", "0", "0", "0", "0", "0", "0", "0", "0", "0", "0", "0", "0", "0", "0", "0", "0", "0", "0", "0", "0", "0", "0", "0", "0", "0", "0", "0", "0", "0", "0", "0", "0", "0", "0", "0", "0", "0", "0", "0", "0", "0", "0", "0", "0", "0", "0", "0", "0", "0", "0", "0", "0", "0", "0", "0", "0", "0", "0", "0", "0", "0", "0", "0", "0", "0", "0", "0", "0", "0", "0", "0", "0", "0", "0", "0", "0", "0", "0", "0", "0", "0", "0", "0", "0", "0", "0", "0", "0", "0", "0", "0", "0", "0", "0", "0", "0", "0", "0", "0", "0", "0", "0", "29", "27", "24", "30", "26", "0", "0", "0", "30", "0", "0", "0", "0", "0", "0", "0", "0", "26", "28", "22", "33", "28", "0", "0", "0", "23", "0", "0", "0", "0", "0", "0", "0", "0", "0", "0", "0", "0", "0", "0", "0", "0", "0", "0", "0", "0", "0", "0", "0", "0", "0", "0", "0", "0", "0", "0", "0", "0", "0", "0", "0", "0", "0", "0", "0", "0", "0", "0", "0", "0", "0", "0", "0", "0", "0", "0", "0", "0", "0", "0", "0", "0", "0", "0", "0", "30", "30", "30", "31", "29", "0", "0", "0", "25", "0", "0", "0", "0", "0", "0", "0", "0", "29", "22", "42", "33", "28", "0", "0", "0", "31", "0", "0", "0", "0", "0", "0", "0", "0", "25", "25", "27", "25", "31", "0", "0", "0", "23", "0", "0", "0", "0", "0", "0", "0", "0", "0", "0", "0", "0", "0", "0", "0", "0", "0", "0", "0", "0", "0", "0", "0", "0", "0", "0", "0", "0", "0", "0", "0", "0", "0", "0", "0", "0", "0", "0", "0", "0", "0", "0"], ["15", "0", "14", "12", "12", "10", "13", "12", "16", "14", "0", "0", "0", "0", "0", "0", "0", "11", "0", "11", "14", "12", "17", "13", "11", "12", "11", "0", "0", "0", "0", "0", "0", "0", "12", "0", "11", "9", "13", "12", "14", "13", "12", "14", "0", "0", "0", "0", "0", "0", "0", "12", "0", "12", "14", "13", "13", "11", "12", "12", "10", "0", "0", "0", "0", "0", "0", "0", "13", "0", "12", "11", "12", "11", "11", "12", "12", "13", "0", "0", "0", "0", "0", "0", "0", "12", "0", "12", "12", "12", "13", "13", "13", "13", "13", "0", "0", "0", "0", "0", "0", "0", "11", "0", "13", "12", "11", "12", "13", "12", "13", "14", "0", "0", "0", "0", "0", "0", "0", "0", "0", "0", "0", "0", "0", "0", "0", "0", "0", "0", "0", "0", "0", "0", "0", "0", "0", "0", "0", "0", "0", "0", "0", "0", "0", "0", "0", "0", "0", "0", "0", "0", "0", "0", "0", "0", "0", "0", "0", "0", "0", "0", "0", "0", "0", "0", "0", "0", "0", "0", "0", "0", "0", "0", "0", "0", "0", "0", "0", "0", "0", "0", "0", "0", "0", "0", "0", "0", "0", "0", "0", "0", "0", "0", "0", "0", "0", "0", "0", "0", "0", "0", "0", "0", "0", "0", "0", "0", "0", "0", "0", "0", "0", "0", "0", "0", "0", "0", "0", "0", "0", "0", "0", "0", "0", "0", "0", "0", "0", "0", "0", "0", "0", "0", "0", "0", "0", "0", "0", "0", "0", "0", "0", "0", "0", "0", "0", "0", "0", "0", "0", "0", "0", "0", "0", "12", "0", "11", "15", "10", "12", "12", "14", "11", "12", "0", "0", "0", "0", "0", "0", "0", "14", "0", "11", "13", "11", "12", "11", "12", "13", "14", "0", "0", "0", "0", "0", "0", "0"]]}