{"state": {"resTurn": "87", "h": "6", "w": "12", "score": [["0", "0", "0", "0", "-1", "0", "0", "-1", "0", "0", "0", "0"], ["0", "0", "0", "1", "1", "1", "1", "1", "1", "0", "0", "0"], ["0", "1", "0", "1", "0", "0", "0", "0", "1", "0", "1", "0"], ["0", "1", "0", "0", "1", "0", "0", "1", "0", "0", "1", "0"], ["0", "0", "0", "0", "1", "1", "1", "1", "0", "0", "0", "0"], ["-1", "1", "0", "0", "1", "-1", "-1", "1", "0", "0", "1", "-1"]], "color": [["0", "0", "1", "1", "1", "0", "0", "0", "0", "0", "0", "0"], ["2", "0", "0", "1", "1", "1", "0", "0", "0", "0", "0", "0"], ["2", "2", "1", "1", "0", "0", "0", "0", "0", "0", "1", "1"], ["2", "0", "1", "1", "1", "0", "2", "2", "2", "2", "1", "0"], ["0", "2", "1", "0", "0", "2", "2", "1", "2", "0", "0", "1"], ["0", "0", "2", "2", "0", "2", "2", "2", "1", "1", "1", "1"]], "pos": [{"x": "7", "y": "4"}, {"x": "5", "y": "1"}, {"x": "3", "y": "5"}, {"x": "5", "y": "4"}]}, "q": "0.0005712336608784667", "z": "1", "visitCount": [["10", "14", "12", "13", "11", "13", "12", "13", "13", "0", "0", "0", "0", "0", "0", "0", "0", "11", "9", "11", "11", "12", "10", "13", "12", "12", "0", "0", "0", "0", "0", "0", "0", "0", "0", "0", "0", "0", "0", "0", "0", "0", "0", "0", "0", "0", "0", "0", "0", "0", "0", "0", "0", "0", "0", "0", "0", "0", "0", "0", "0", "0", "0", "0", "0", "0", "0", "0", "0", "0", "0", "0", "0", "0", "0", "0", "0", "0", "0", "0", "0", "0", "0", "0", "0", "0", "0", "0", "0", "0", "0", "0", "0", "0", "0", "0", "0", "0", "0", "0", "0", "0", "0", "0", "0", "0", "0", "0", "0", "0", "0", "0", "0", "0", "0", "0", "0", "0", "0", "0", "0", "0", "0", "0", "0", "0", "0", "0", "0", "0", "0", "0", "0", "0", "0", "0", "0", "0", "0", "0", "0", "0", "0", "0", "0", "0", "0", "0", "0", "0", "0", "0", "0", "0", "0", "0", "0", "0", "0", "0", "0", "0", "0", "0", "0", "0", "0", "0", "0", "0", "14", "11", "11", "12", "12", "13", "12", "13", "12", "0", "0", "0", "0", "0", "0", "0", "0", "14", "12", "11", "11", "13", "13", "12", "12", "16", "0", "0", "0", "0", "0", "0", "0", "0", "12", "12", "12", "12", "13", "13", "15", "14", "12", "0", "0", "0", "0", "0", "0", "0", "0", "11", "14", "14", "13", "12", "13", "12", "11", "12", "0", "0", "0", "0", "0", "0", "0", "0", "12", "12", "10", "14", "12", "16", "15", "12", "14", "0", "0", "0", "0", "0", "0", "0", "0", "10", "12", "12", "13", "13", "12", "12", "12", "12", "0", "0", "0", "0", "0", "0", "0", "0", "12", "11", "12", "11", "13", "14", "13", "12", "14", "0", "0", "0", "0", "0", "0", "0", "0"], ["22", "19", "18", "18", "17", "0", "15", "18", "17", "0", "0", "0", "0", "21", "0", "0", "0", "0", "0", "0", "0", "0", "0", "0", "0", "0", "0", "0", "0", "0", "0", "0", "0", "0", "0", "0", "0", "0", "0", "0", "0", "0", "0", "0", "0", "0", "0", "0", "0", "0", "0", "0", "0", "0", "0", "0", "0", "0", "0", "0", "0", "0", "0", "0", "0", "0", "0", "0", "18", "19", "21", "16", "17", "0", "18", "18", "18", "0", "0", "0", "0", "16", "0", "0", "0", "0", "0", "0", "0", "0", "0", "0", "0", "0", "0", "0", "0", "0", "0", "0", "0", "0", "20", "18", "17", "18", "20", "0", "18", "18", "18", "0", "0", "0", "0", "17", "0", "0", "0", "20", "19", "17", "17", "18", "0", "17", "19", "20", "0", "0", "0", "0", "19", "0", "0", "0", "17", "19", "19", "17", "21", "0", "20", "18", "19", "0", "0", "0", "0", "19", "0", "0", "0", "0", "0", "0", "0", "0", "0", "0", "0", "0", "0", "0", "0", "0", "0", "0", "0", "0", "0", "0", "0", "0", "0", "0", "0", "0", "0", "0", "0", "0", "0", "0", "0", "0", "0", "0", "0", "0", "0", "0", "0", "0", "0", "0", "0", "0", "0", "0", "0", "0", "0", "0", "0", "0", "0", "0", "0", "0", "0", "0", "0", "0", "0", "0", "0", "0", "0", "0", "0", "20", "18", "20", "20", "19", "0", "18", "21", "23", "0", "0", "0", "0", "16", "0", "0", "0", "0", "0", "0", "0", "0", "0", "0", "0", "0", "0", "0", "0", "0", "0", "0", "0", "0", "0", "0", "0", "0", "0", "0", "0", "0", "0", "0", "0", "0", "0", "0", "0", "0", "0", "0", "0", "0", "0", "0", "0", "0", "0", "0", "0", "0", "0", "0", "0", "0", "0", "0"]]}