{"state": {"resTurn": "86", "h": "6", "w": "12", "score": [["0", "0", "0", "0", "-1", "0", "0", "-1", "0", "0", "0", "0"], ["0", "0", "0", "1", "1", "1", "1", "1", "1", "0", "0", "0"], ["0", "1", "0", "1", "0", "0", "0", "0", "1", "0", "1", "0"], ["0", "1", "0", "0", "1", "0", "0", "1", "0", "0", "1", "0"], ["0", "0", "0", "0", "1", "1", "1", "1", "0", "0", "0", "0"], ["-1", "1", "0", "0", "1", "-1", "-1", "1", "0", "0", "1", "-1"]], "color": [["0", "0", "1", "1", "1", "0", "0", "0", "0", "0", "0", "0"], ["2", "0", "0", "1", "1", "1", "1", "0", "0", "0", "0", "0"], ["2", "2", "1", "1", "0", "0", "0", "0", "0", "0", "1", "1"], ["2", "0", "1", "1", "1", "0", "2", "2", "2", "2", "1", "0"], ["0", "2", "0", "0", "0", "2", "2", "1", "2", "0", "0", "1"], ["0", "0", "2", "2", "0", "2", "0", "2", "1", "1", "1", "1"]], "pos": [{"x": "7", "y": "4"}, {"x": "6", "y": "1"}, {"x": "3", "y": "5"}, {"x": "6", "y": "4"}]}, "q": "0.0004554615032163424", "z": "1", "visitCount": [["14", "13", "11", "14", "13", "13", "10", "12", "12", "0", "0", "0", "0", "0", "0", "0", "0", "11", "13", "10", "12", "12", "13", "12", "13", "11", "0", "0", "0", "0", "0", "0", "0", "0", "0", "0", "0", "0", "0", "0", "0", "0", "0", "0", "0", "0", "0", "0", "0", "0", "0", "10", "14", "13", "11", "11", "14", "14", "13", "13", "0", "0", "0", "0", "0", "0", "0", "0", "0", "0", "0", "0", "0", "0", "0", "0", "0", "0", "0", "0", "0", "0", "0", "0", "0", "0", "0", "0", "0", "0", "0", "0", "0", "0", "0", "0", "0", "0", "0", "0", "0", "0", "0", "0", "0", "0", "0", "0", "0", "0", "0", "0", "0", "0", "0", "0", "0", "0", "0", "0", "0", "0", "0", "0", "0", "0", "0", "0", "0", "0", "0", "0", "0", "0", "0", "0", "0", "0", "0", "0", "0", "0", "0", "0", "0", "0", "0", "0", "0", "0", "0", "0", "0", "0", "0", "0", "0", "0", "0", "0", "0", "0", "0", "0", "0", "0", "0", "0", "0", "0", "12", "12", "12", "13", "12", "13", "13", "11", "12", "0", "0", "0", "0", "0", "0", "0", "0", "0", "0", "0", "0", "0", "0", "0", "0", "0", "0", "0", "0", "0", "0", "0", "0", "0", "14", "13", "14", "13", "13", "13", "11", "13", "12", "0", "0", "0", "0", "0", "0", "0", "0", "11", "10", "12", "13", "14", "13", "11", "11", "13", "0", "0", "0", "0", "0", "0", "0", "0", "12", "12", "12", "13", "13", "13", "12", "13", "13", "0", "0", "0", "0", "0", "0", "0", "0", "12", "12", "12", "13", "12", "11", "13", "12", "11", "0", "0", "0", "0", "0", "0", "0", "0", "12", "11", "11", "13", "14", "15", "13", "12", "12", "0", "0", "0", "0", "0", "0", "0", "0"], ["18", "18", "16", "18", "15", "16", "19", "15", "0", "0", "0", "0", "0", "0", "0", "0", "23", "0", "0", "0", "0", "0", "0", "0", "0", "0", "0", "0", "0", "0", "0", "0", "0", "0", "0", "0", "0", "0", "0", "0", "0", "0", "0", "0", "0", "0", "0", "0", "0", "0", "0", "0", "0", "0", "0", "0", "0", "0", "0", "0", "0", "0", "0", "0", "0", "0", "0", "0", "22", "17", "22", "15", "20", "19", "17", "20", "0", "0", "0", "0", "0", "0", "0", "0", "18", "18", "18", "20", "18", "19", "14", "18", "19", "0", "0", "0", "0", "0", "0", "0", "0", "19", "18", "18", "18", "20", "23", "21", "19", "18", "0", "0", "0", "0", "0", "0", "0", "0", "20", "19", "17", "19", "26", "19", "17", "19", "17", "0", "0", "0", "0", "0", "0", "0", "0", "19", "20", "20", "20", "18", "18", "17", "18", "17", "0", "0", "0", "0", "0", "0", "0", "0", "14", "0", "0", "0", "0", "0", "0", "0", "0", "0", "0", "0", "0", "0", "0", "0", "0", "0", "0", "0", "0", "0", "0", "0", "0", "0", "0", "0", "0", "0", "0", "0", "0", "0", "0", "0", "0", "0", "0", "0", "0", "0", "0", "0", "0", "0", "0", "0", "0", "0", "0", "0", "0", "0", "0", "0", "0", "0", "0", "0", "0", "0", "0", "0", "0", "0", "0", "0", "0", "0", "0", "0", "0", "0", "0", "0", "0", "0", "0", "0", "0", "0", "0", "0", "0", "0", "0", "0", "0", "0", "0", "0", "0", "0", "0", "0", "0", "0", "0", "0", "0", "0", "0", "0", "0", "0", "0", "0", "0", "0", "0", "0", "0", "0", "0", "0", "0", "0", "0", "0", "0", "0", "0", "0", "0", "0", "0", "0", "0", "0", "0", "0", "0", "0", "0", "0", "0"]]}