{"state": {"resTurn": "84", "h": "6", "w": "12", "score": [["0", "0", "0", "0", "-1", "0", "0", "-1", "0", "0", "0", "0"], ["0", "0", "0", "1", "1", "1", "1", "1", "1", "0", "0", "0"], ["0", "1", "0", "1", "0", "0", "0", "0", "1", "0", "1", "0"], ["0", "1", "0", "0", "1", "0", "0", "1", "0", "0", "1", "0"], ["0", "0", "0", "0", "1", "1", "1", "1", "0", "0", "0", "0"], ["-1", "1", "0", "0", "1", "-1", "-1", "1", "0", "0", "1", "-1"]], "color": [["0", "0", "1", "1", "1", "1", "0", "0", "0", "0", "0", "0"], ["2", "0", "0", "1", "1", "1", "1", "0", "0", "0", "0", "0"], ["2", "2", "1", "1", "0", "0", "0", "0", "0", "0", "1", "1"], ["2", "0", "1", "1", "1", "0", "2", "0", "2", "2", "1", "0"], ["0", "2", "0", "0", "2", "2", "2", "1", "0", "0", "0", "1"], ["0", "0", "2", "2", "0", "2", "2", "2", "1", "1", "1", "1"]], "pos": [{"x": "7", "y": "4"}, {"x": "5", "y": "1"}, {"x": "3", "y": "5"}, {"x": "6", "y": "5"}]}, "q": "0.0007302719984763259", "z": "1", "visitCount": [["11", "13", "13", "12", "11", "14", "13", "12", "13", "0", "0", "0", "0", "0", "0", "0", "0", "13", "10", "13", "11", "11", "10", "13", "13", "11", "0", "0", "0", "0", "0", "0", "0", "0", "0", "0", "0", "0", "0", "0", "0", "0", "0", "0", "0", "0", "0", "0", "0", "0", "0", "0", "0", "0", "0", "0", "0", "0", "0", "0", "0", "0", "0", "0", "0", "0", "0", "0", "0", "0", "0", "0", "0", "0", "0", "0", "0", "0", "0", "0", "0", "0", "0", "0", "0", "0", "0", "0", "0", "0", "0", "0", "0", "0", "0", "0", "0", "0", "0", "0", "0", "0", "12", "11", "11", "13", "13", "12", "13", "11", "11", "0", "0", "0", "0", "0", "0", "0", "0", "0", "0", "0", "0", "0", "0", "0", "0", "0", "0", "0", "0", "0", "0", "0", "0", "0", "12", "12", "13", "13", "11", "13", "12", "13", "12", "0", "0", "0", "0", "0", "0", "0", "0", "0", "0", "0", "0", "0", "0", "0", "0", "0", "0", "0", "0", "0", "0", "0", "0", "0", "13", "13", "13", "11", "11", "12", "13", "11", "13", "0", "0", "0", "0", "0", "0", "0", "0", "12", "12", "13", "14", "12", "13", "14", "12", "13", "0", "0", "0", "0", "0", "0", "0", "0", "10", "11", "13", "12", "12", "14", "12", "14", "14", "0", "0", "0", "0", "0", "0", "0", "0", "12", "13", "12", "12", "13", "10", "13", "13", "14", "0", "0", "0", "0", "0", "0", "0", "0", "0", "0", "0", "0", "0", "0", "0", "0", "0", "0", "0", "0", "0", "0", "0", "0", "0", "15", "14", "11", "12", "11", "15", "12", "13", "13", "0", "0", "0", "0", "0", "0", "0", "0", "0", "0", "0", "0", "0", "0", "0", "0", "0", "0", "0", "0", "0", "0", "0", "0", "0"], ["29", "0", "0", "0", "27", "24", "28", "0", "35", "0", "0", "0", "0", "0", "0", "27", "0", "0", "0", "0", "0", "0", "0", "0", "0", "0", "0", "0", "0", "0", "0", "0", "0", "0", "0", "0", "0", "0", "0", "0", "0", "0", "0", "0", "0", "0", "0", "0", "0", "0", "0", "0", "0", "0", "0", "0", "0", "0", "0", "0", "0", "0", "0", "0", "0", "0", "0", "0", "26", "0", "0", "0", "24", "24", "27", "0", "30", "0", "0", "0", "0", "0", "0", "20", "0", "27", "0", "0", "0", "30", "27", "26", "0", "27", "0", "0", "0", "0", "0", "0", "31", "0", "22", "0", "0", "0", "36", "25", "23", "0", "22", "0", "0", "0", "0", "0", "0", "27", "0", "28", "0", "0", "0", "33", "33", "34", "0", "33", "0", "0", "0", "0", "0", "0", "30", "0", "27", "0", "0", "0", "32", "27", "25", "0", "31", "0", "0", "0", "0", "0", "0", "23", "0", "0", "0", "0", "0", "0", "0", "0", "0", "0", "0", "0", "0", "0", "0", "0", "0", "0", "0", "0", "0", "0", "0", "0", "0", "0", "0", "0", "0", "0", "0", "0", "0", "0", "0", "0", "0", "0", "0", "0", "0", "0", "0", "0", "0", "0", "0", "0", "0", "0", "0", "0", "0", "0", "0", "0", "0", "0", "0", "0", "0", "0", "0", "0", "0", "0", "0", "0", "0", "0", "0", "0", "0", "0", "0", "0", "0", "0", "0", "0", "0", "0", "0", "0", "0", "0", "0", "0", "0", "0", "0", "0", "0", "0", "0", "0", "0", "0", "0", "0", "0", "0", "0", "0", "0", "0", "0", "0", "0", "0", "0", "0", "0", "0", "0", "0", "0", "0", "0", "0", "0", "0", "0", "0", "0", "0", "0", "0", "0", "0", "0", "0", "0", "0", "0", "0", "0"]]}