{"state": {"resTurn": "83", "h": "6", "w": "12", "score": [["0", "0", "0", "0", "-1", "0", "0", "-1", "0", "0", "0", "0"], ["0", "0", "0", "1", "1", "1", "1", "1", "1", "0", "0", "0"], ["0", "1", "0", "1", "0", "0", "0", "0", "1", "0", "1", "0"], ["0", "1", "0", "0", "1", "0", "0", "1", "0", "0", "1", "0"], ["0", "0", "0", "0", "1", "1", "1", "1", "0", "0", "0", "0"], ["-1", "1", "0", "0", "1", "-1", "-1", "1", "0", "0", "1", "-1"]], "color": [["0", "0", "1", "1", "1", "1", "0", "0", "0", "0", "0", "0"], ["2", "0", "0", "1", "1", "1", "1", "0", "0", "0", "0", "0"], ["2", "2", "1", "1", "0", "0", "0", "0", "0", "0", "1", "1"], ["2", "0", "1", "1", "1", "0", "2", "0", "0", "2", "1", "0"], ["0", "2", "0", "2", "2", "2", "2", "1", "0", "0", "0", "1"], ["0", "0", "2", "2", "0", "2", "2", "2", "1", "1", "1", "1"]], "pos": [{"x": "7", "y": "4"}, {"x": "5", "y": "1"}, {"x": "3", "y": "4"}, {"x": "5", "y": "5"}]}, "q": "0.0005591821251697553", "z": "1", "visitCount": [["12", "14", "11", "11", "13", "9", "11", "13", "12", "0", "0", "0", "0", "0", "0", "0", "0", "11", "12", "12", "13", "11", "12", "12", "13", "11", "0", "0", "0", "0", "0", "0", "0", "0", "0", "0", "0", "0", "0", "0", "0", "0", "0", "0", "0", "0", "0", "0", "0", "0", "0", "0", "0", "0", "0", "0", "0", "0", "0", "0", "0", "0", "0", "0", "0", "0", "0", "0", "0", "0", "0", "0", "0", "0", "0", "0", "0", "0", "0", "0", "0", "0", "0", "0", "0", "0", "0", "0", "0", "0", "0", "0", "0", "0", "0", "0", "0", "0", "0", "0", "0", "0", "13", "14", "12", "11", "12", "15", "13", "13", "12", "0", "0", "0", "0", "0", "0", "0", "0", "12", "10", "13", "12", "14", "13", "14", "12", "11", "0", "0", "0", "0", "0", "0", "0", "0", "11", "14", "11", "11", "11", "13", "12", "13", "14", "0", "0", "0", "0", "0", "0", "0", "0", "0", "0", "0", "0", "0", "0", "0", "0", "0", "0", "0", "0", "0", "0", "0", "0", "0", "12", "15", "10", "13", "13", "14", "12", "12", "11", "0", "0", "0", "0", "0", "0", "0", "0", "14", "12", "13", "12", "11", "14", "11", "12", "11", "0", "0", "0", "0", "0", "0", "0", "0", "13", "13", "13", "12", "14", "13", "13", "14", "13", "0", "0", "0", "0", "0", "0", "0", "0", "12", "12", "13", "11", "14", "13", "12", "12", "12", "0", "0", "0", "0", "0", "0", "0", "0", "0", "0", "0", "0", "0", "0", "0", "0", "0", "0", "0", "0", "0", "0", "0", "0", "0", "0", "0", "0", "0", "0", "0", "0", "0", "0", "0", "0", "0", "0", "0", "0", "0", "0", "0", "0", "0", "0", "0", "0", "0", "0", "0", "0", "0", "0", "0", "0", "0", "0", "0"], ["20", "0", "0", "0", "17", "18", "15", "18", "17", "0", "0", "0", "0", "0", "0", "0", "0", "20", "0", "0", "0", "20", "19", "19", "20", "19", "0", "0", "0", "0", "0", "0", "0", "0", "16", "0", "0", "0", "20", "15", "17", "17", "18", "0", "0", "0", "0", "0", "0", "0", "0", "21", "0", "0", "0", "17", "16", "16", "22", "18", "0", "0", "0", "0", "0", "0", "0", "0", "18", "0", "0", "0", "16", "20", "16", "20", "20", "0", "0", "0", "0", "0", "0", "0", "0", "0", "0", "0", "0", "0", "0", "0", "0", "0", "0", "0", "0", "0", "0", "0", "0", "0", "0", "0", "0", "0", "0", "0", "0", "0", "0", "0", "0", "0", "0", "0", "0", "0", "0", "0", "0", "0", "0", "0", "0", "0", "0", "0", "0", "0", "0", "0", "0", "0", "0", "0", "19", "0", "0", "0", "20", "22", "21", "18", "20", "0", "0", "0", "0", "0", "0", "0", "0", "0", "0", "0", "0", "0", "0", "0", "0", "0", "0", "0", "0", "0", "0", "0", "0", "0", "0", "0", "0", "0", "0", "0", "0", "0", "0", "0", "0", "0", "0", "0", "0", "0", "0", "0", "0", "0", "0", "0", "0", "0", "0", "0", "0", "0", "0", "0", "0", "0", "0", "0", "0", "0", "0", "0", "0", "0", "0", "0", "0", "0", "0", "0", "0", "0", "0", "0", "0", "20", "0", "0", "0", "21", "17", "16", "18", "19", "0", "0", "0", "0", "0", "0", "0", "0", "19", "0", "0", "0", "18", "21", "18", "23", "20", "0", "0", "0", "0", "0", "0", "0", "0", "18", "0", "0", "0", "16", "16", "18", "20", "17", "0", "0", "0", "0", "0", "0", "0", "0", "0", "0", "0", "0", "0", "0", "0", "0", "0", "0", "0", "0", "0", "0", "0", "0", "0"]]}