{"state": {"resTurn": "82", "h": "6", "w": "12", "score": [["0", "0", "0", "0", "-1", "0", "0", "-1", "0", "0", "0", "0"], ["0", "0", "0", "1", "1", "1", "1", "1", "1", "0", "0", "0"], ["0", "1", "0", "1", "0", "0", "0", "0", "1", "0", "1", "0"], ["0", "1", "0", "0", "1", "0", "0", "1", "0", "0", "1", "0"], ["0", "0", "0", "0", "1", "1", "1", "1", "0", "0", "0", "0"], ["-1", "1", "0", "0", "1", "-1", "-1", "1", "0", "0", "1", "-1"]], "color": [["0", "0", "1", "1", "1", "1", "0", "0", "0", "0", "0", "0"], ["2", "0", "0", "1", "1", "1", "1", "0", "0", "0", "0", "0"], ["2", "2", "1", "1", "0", "0", "0", "0", "0", "0", "1", "1"], ["2", "0", "1", "0", "1", "0", "2", "1", "0", "2", "1", "0"], ["0", "2", "0", "2", "2", "2", "2", "1", "0", "0", "0", "1"], ["0", "0", "2", "2", "0", "2", "2", "2", "1", "1", "1", "1"]], "pos": [{"x": "7", "y": "3"}, {"x": "4", "y": "0"}, {"x": "3", "y": "4"}, {"x": "6", "y": "4"}]}, "q": "0.0006423114940659876", "z": "1", "visitCount": [["17", "21", "19", "17", "21", "0", "0", "0", "19", "0", "0", "0", "0", "0", "0", "0", "0", "17", "20", "18", "18", "21", "0", "0", "0", "19", "0", "0", "0", "0", "0", "0", "0", "0", "18", "16", "19", "22", "18", "0", "0", "0", "17", "0", "0", "0", "0", "0", "0", "0", "0", "0", "0", "0", "0", "0", "0", "0", "0", "0", "0", "0", "0", "0", "0", "0", "0", "0", "0", "0", "0", "0", "0", "0", "0", "0", "0", "0", "0", "0", "0", "0", "0", "0", "0", "21", "14", "19", "17", "15", "0", "0", "0", "17", "0", "0", "0", "0", "0", "0", "0", "0", "18", "19", "22", "18", "18", "0", "0", "0", "20", "0", "0", "0", "0", "0", "0", "0", "0", "16", "18", "18", "16", "15", "0", "0", "0", "17", "0", "0", "0", "0", "0", "0", "0", "0", "17", "16", "15", "19", "19", "0", "0", "0", "22", "0", "0", "0", "0", "0", "0", "0", "0", "0", "0", "0", "0", "0", "0", "0", "0", "0", "0", "0", "0", "0", "0", "0", "0", "0", "0", "0", "0", "0", "0", "0", "0", "0", "0", "0", "0", "0", "0", "0", "0", "0", "0", "21", "20", "22", "20", "17", "0", "0", "0", "19", "0", "0", "0", "0", "0", "0", "0", "0", "18", "21", "20", "20", "19", "0", "0", "0", "20", "0", "0", "0", "0", "0", "0", "0", "0", "0", "0", "0", "0", "0", "0", "0", "0", "0", "0", "0", "0", "0", "0", "0", "0", "0", "0", "0", "0", "0", "0", "0", "0", "0", "0", "0", "0", "0", "0", "0", "0", "0", "0", "0", "0", "0", "0", "0", "0", "0", "0", "0", "0", "0", "0", "0", "0", "0", "0", "0", "0", "0", "0", "0", "0", "0", "0", "0", "0", "0", "0", "0", "0", "0", "0", "0", "0"], ["13", "11", "11", "13", "14", "11", "10", "0", "0", "0", "0", "0", "0", "0", "0", "11", "12", "13", "12", "12", "12", "12", "12", "12", "0", "0", "0", "0", "0", "0", "0", "0", "15", "12", "13", "13", "14", "14", "13", "12", "13", "0", "0", "0", "0", "0", "0", "0", "0", "12", "13", "12", "13", "11", "12", "12", "14", "12", "0", "0", "0", "0", "0", "0", "0", "0", "14", "13", "12", "13", "14", "12", "15", "11", "12", "0", "0", "0", "0", "0", "0", "0", "0", "13", "12", "0", "0", "0", "0", "0", "0", "0", "0", "0", "0", "0", "0", "0", "0", "0", "0", "0", "14", "13", "12", "11", "12", "10", "12", "0", "0", "0", "0", "0", "0", "0", "0", "11", "12", "0", "0", "0", "0", "0", "0", "0", "0", "0", "0", "0", "0", "0", "0", "0", "0", "0", "13", "13", "13", "15", "12", "13", "12", "0", "0", "0", "0", "0", "0", "0", "0", "12", "11", "0", "0", "0", "0", "0", "0", "0", "0", "0", "0", "0", "0", "0", "0", "0", "0", "0", "0", "0", "0", "0", "0", "0", "0", "0", "0", "0", "0", "0", "0", "0", "0", "0", "0", "0", "0", "0", "0", "0", "0", "0", "0", "0", "0", "0", "0", "0", "0", "0", "0", "0", "0", "0", "0", "0", "0", "0", "0", "0", "0", "0", "0", "0", "0", "0", "0", "0", "0", "14", "11", "12", "11", "12", "12", "13", "0", "0", "0", "0", "0", "0", "0", "0", "13", "12", "0", "0", "0", "0", "0", "0", "0", "0", "0", "0", "0", "0", "0", "0", "0", "0", "0", "13", "10", "11", "12", "11", "13", "13", "0", "0", "0", "0", "0", "0", "0", "0", "11", "13", "0", "0", "0", "0", "0", "0", "0", "0", "0", "0", "0", "0", "0", "0", "0", "0", "0"]]}