{"state": {"resTurn": "108", "h": "6", "w": "12", "score": [["0", "0", "0", "0", "-1", "0", "0", "-1", "0", "0", "0", "0"], ["0", "0", "0", "1", "1", "1", "1", "1", "1", "0", "0", "0"], ["0", "1", "0", "1", "0", "0", "0", "0", "1", "0", "1", "0"], ["0", "1", "0", "0", "1", "0", "0", "1", "0", "0", "1", "0"], ["0", "0", "0", "0", "1", "1", "1", "1", "0", "0", "0", "0"], ["-1", "1", "0", "0", "1", "-1", "-1", "1", "0", "0", "1", "-1"]], "color": [["0", "0", "0", "0", "0", "0", "0", "0", "0", "0", "0", "0"], ["2", "0", "0", "0", "0", "0", "0", "0", "0", "0", "0", "0"], ["0", "2", "0", "0", "0", "0", "0", "0", "0", "0", "1", "0"], ["0", "0", "1", "0", "0", "0", "0", "0", "0", "0", "1", "0"], ["0", "0", "1", "0", "0", "0", "0", "0", "2", "0", "2", "0"], ["0", "0", "0", "0", "0", "0", "0", "0", "0", "0", "0", "0"]], "pos": [{"x": "10", "y": "3"}, {"x": "2", "y": "3"}, {"x": "0", "y": "1"}, {"x": "8", "y": "4"}]}, "q": "0.0006144520749779754", "z": "1", "visitCount": [["13", "13", "11", "11", "13", "0", "11", "12", "13", "0", "0", "0", "0", "15", "0", "0", "0", "13", "12", "13", "11", "12", "0", "13", "11", "12", "0", "0", "0", "0", "13", "0", "0", "0", "0", "0", "0", "0", "0", "0", "0", "0", "0", "0", "0", "0", "0", "0", "0", "0", "0", "13", "12", "12", "13", "13", "0", "13", "13", "13", "0", "0", "0", "0", "12", "0", "0", "0", "12", "13", "12", "12", "11", "0", "12", "12", "13", "0", "0", "0", "0", "14", "0", "0", "0", "12", "11", "13", "11", "10", "0", "11", "11", "12", "0", "0", "0", "0", "14", "0", "0", "0", "11", "14", "11", "12", "12", "0", "13", "11", "13", "0", "0", "0", "0", "13", "0", "0", "0", "14", "12", "12", "13", "10", "0", "13", "11", "11", "0", "0", "0", "0", "16", "0", "0", "0", "13", "12", "11", "14", "13", "0", "15", "13", "11", "0", "0", "0", "0", "13", "0", "0", "0", "0", "0", "0", "0", "0", "0", "0", "0", "0", "0", "0", "0", "0", "0", "0", "0", "0", "11", "13", "12", "12", "13", "0", "12", "15", "10", "0", "0", "0", "0", "13", "0", "0", "0", "0", "0", "0", "0", "0", "0", "0", "0", "0", "0", "0", "0", "0", "0", "0", "0", "0", "0", "0", "0", "0", "0", "0", "0", "0", "0", "0", "0", "0", "0", "0", "0", "0", "0", "0", "0", "0", "0", "0", "0", "0", "0", "0", "0", "0", "0", "0", "0", "0", "0", "0", "0", "0", "0", "0", "0", "0", "0", "0", "0", "0", "0", "0", "0", "0", "0", "0", "0", "0", "0", "0", "0", "0", "0", "0", "0", "0", "0", "0", "0", "0", "0", "0", "0", "0", "0", "0", "0", "0", "0", "0", "0", "0", "0", "0", "0", "0", "0", "0", "0", "0", "0"], ["18", "17", "19", "17", "22", "17", "20", "18", "17", "0", "0", "0", "0", "0", "0", "0", "0", "17", "19", "18", "19", "18", "19", "21", "18", "21", "0", "0", "0", "0", "0", "0", "0", "0", "19", "14", "18", "19", "22", "21", "16", "18", "19", "0", "0", "0", "0", "0", "0", "0", "0", "0", "0", "0", "0", "0", "0", "0", "0", "0", "0", "0", "0", "0", "0", "0", "0", "0", "0", "0", "0", "0", "0", "0", "0", "0", "0", "0", "0", "0", "0", "0", "0", "0", "0", "0", "0", "0", "0", "0", "0", "0", "0", "0", "0", "0", "0", "0", "0", "0", "0", "0", "18", "20", "20", "15", "20", "20", "18", "19", "19", "0", "0", "0", "0", "0", "0", "0", "0", "20", "19", "17", "19", "18", "22", "18", "15", "17", "0", "0", "0", "0", "0", "0", "0", "0", "19", "18", "16", "19", "21", "20", "20", "14", "18", "0", "0", "0", "0", "0", "0", "0", "0", "0", "0", "0", "0", "0", "0", "0", "0", "0", "0", "0", "0", "0", "0", "0", "0", "0", "0", "0", "0", "0", "0", "0", "0", "0", "0", "0", "0", "0", "0", "0", "0", "0", "0", "0", "0", "0", "0", "0", "0", "0", "0", "0", "0", "0", "0", "0", "0", "0", "0", "0", "0", "0", "0", "0", "0", "0", "0", "0", "0", "0", "0", "0", "0", "0", "0", "0", "0", "0", "0", "0", "0", "0", "0", "0", "0", "0", "0", "0", "0", "0", "0", "0", "0", "0", "0", "0", "0", "0", "0", "0", "0", "0", "0", "0", "0", "0", "0", "0", "0", "0", "0", "0", "0", "0", "0", "0", "0", "0", "0", "0", "0", "0", "0", "0", "0", "0", "0", "0", "0", "0", "0", "0", "0", "0", "0", "0", "0", "0", "0", "0", "0", "0", "0", "0", "0"]]}