{"state": {"resTurn": "81", "h": "6", "w": "12", "score": [["0", "0", "0", "0", "-1", "0", "0", "-1", "0", "0", "0", "0"], ["0", "0", "0", "1", "1", "1", "1", "1", "1", "0", "0", "0"], ["0", "1", "0", "1", "0", "0", "0", "0", "1", "0", "1", "0"], ["0", "1", "0", "0", "1", "0", "0", "1", "0", "0", "1", "0"], ["0", "0", "0", "0", "1", "1", "1", "1", "0", "0", "0", "0"], ["-1", "1", "0", "0", "1", "-1", "-1", "1", "0", "0", "1", "-1"]], "color": [["0", "0", "1", "1", "1", "1", "0", "0", "0", "0", "0", "0"], ["2", "0", "0", "1", "1", "1", "1", "0", "0", "0", "0", "0"], ["2", "2", "1", "1", "0", "0", "0", "0", "0", "0", "1", "1"], ["2", "0", "1", "0", "1", "0", "2", "0", "0", "2", "1", "0"], ["0", "2", "0", "2", "2", "2", "2", "1", "0", "0", "0", "1"], ["0", "0", "2", "2", "2", "2", "2", "2", "1", "1", "1", "1"]], "pos": [{"x": "7", "y": "4"}, {"x": "3", "y": "1"}, {"x": "4", "y": "5"}, {"x": "6", "y": "4"}]}, "q": "0.0006829234663691023", "z": "1", "visitCount": [["11", "12", "12", "11", "11", "11", "12", "11", "13", "0", "0", "0", "0", "0", "0", "0", "0", "11", "10", "10", "14", "11", "13", "13", "12", "12", "0", "0", "0", "0", "0", "0", "0", "0", "0", "0", "0", "0", "0", "0", "0", "0", "0", "0", "0", "0", "0", "0", "0", "0", "0", "0", "0", "0", "0", "0", "0", "0", "0", "0", "0", "0", "0", "0", "0", "0", "0", "0", "0", "0", "0", "0", "0", "0", "0", "0", "0", "0", "0", "0", "0", "0", "0", "0", "0", "0", "0", "0", "0", "0", "0", "0", "0", "0", "0", "0", "0", "0", "0", "0", "0", "0", "13", "12", "13", "13", "13", "12", "13", "13", "13", "0", "0", "0", "0", "0", "0", "0", "0", "13", "12", "13", "14", "11", "11", "12", "13", "15", "0", "0", "0", "0", "0", "0", "0", "0", "11", "14", "11", "13", "13", "13", "12", "12", "16", "0", "0", "0", "0", "0", "0", "0", "0", "0", "0", "0", "0", "0", "0", "0", "0", "0", "0", "0", "0", "0", "0", "0", "0", "0", "14", "12", "11", "12", "13", "14", "11", "11", "13", "0", "0", "0", "0", "0", "0", "0", "0", "14", "11", "12", "11", "11", "12", "11", "12", "13", "0", "0", "0", "0", "0", "0", "0", "0", "13", "13", "12", "14", "13", "15", "13", "13", "12", "0", "0", "0", "0", "0", "0", "0", "0", "13", "11", "13", "12", "12", "12", "12", "13", "12", "0", "0", "0", "0", "0", "0", "0", "0", "0", "0", "0", "0", "0", "0", "0", "0", "0", "0", "0", "0", "0", "0", "0", "0", "0", "0", "0", "0", "0", "0", "0", "0", "0", "0", "0", "0", "0", "0", "0", "0", "0", "0", "0", "0", "0", "0", "0", "0", "0", "0", "0", "0", "0", "0", "0", "0", "0", "0", "0"], ["20", "18", "18", "18", "21", "19", "16", "17", "0", "0", "0", "0", "0", "0", "0", "0", "17", "0", "0", "0", "0", "0", "0", "0", "0", "0", "0", "0", "0", "0", "0", "0", "0", "0", "0", "0", "0", "0", "0", "0", "0", "0", "0", "0", "0", "0", "0", "0", "0", "0", "0", "0", "0", "0", "0", "0", "0", "0", "0", "0", "0", "0", "0", "0", "0", "0", "0", "0", "20", "20", "18", "20", "17", "18", "19", "19", "0", "0", "0", "0", "0", "0", "0", "0", "23", "15", "19", "20", "18", "18", "17", "20", "19", "0", "0", "0", "0", "0", "0", "0", "0", "16", "18", "20", "18", "20", "15", "17", "17", "19", "0", "0", "0", "0", "0", "0", "0", "0", "18", "21", "18", "19", "21", "20", "16", "19", "22", "0", "0", "0", "0", "0", "0", "0", "0", "17", "19", "20", "19", "14", "23", "18", "18", "17", "0", "0", "0", "0", "0", "0", "0", "0", "17", "0", "0", "0", "0", "0", "0", "0", "0", "0", "0", "0", "0", "0", "0", "0", "0", "0", "0", "0", "0", "0", "0", "0", "0", "0", "0", "0", "0", "0", "0", "0", "0", "0", "0", "0", "0", "0", "0", "0", "0", "0", "0", "0", "0", "0", "0", "0", "0", "0", "0", "0", "0", "0", "0", "0", "0", "0", "0", "0", "0", "0", "0", "0", "0", "0", "0", "0", "0", "0", "0", "0", "0", "0", "0", "0", "0", "0", "0", "0", "0", "0", "0", "0", "0", "0", "0", "0", "0", "0", "0", "0", "0", "0", "0", "0", "0", "0", "0", "0", "0", "0", "0", "0", "0", "0", "0", "0", "0", "0", "0", "0", "0", "0", "0", "0", "0", "0", "0", "0", "0", "0", "0", "0", "0", "0", "0", "0", "0", "0", "0", "0", "0", "0", "0", "0", "0"]]}