{"state": {"resTurn": "80", "h": "6", "w": "12", "score": [["0", "0", "0", "0", "-1", "0", "0", "-1", "0", "0", "0", "0"], ["0", "0", "0", "1", "1", "1", "1", "1", "1", "0", "0", "0"], ["0", "1", "0", "1", "0", "0", "0", "0", "1", "0", "1", "0"], ["0", "1", "0", "0", "1", "0", "0", "1", "0", "0", "1", "0"], ["0", "0", "0", "0", "1", "1", "1", "1", "0", "0", "0", "0"], ["-1", "1", "0", "0", "1", "-1", "-1", "1", "0", "0", "1", "-1"]], "color": [["0", "0", "1", "1", "1", "1", "0", "0", "0", "0", "0", "0"], ["2", "0", "0", "1", "1", "1", "1", "0", "0", "0", "0", "0"], ["2", "2", "1", "1", "0", "0", "0", "0", "0", "0", "1", "1"], ["2", "0", "1", "0", "1", "0", "2", "0", "0", "2", "1", "0"], ["0", "2", "0", "2", "2", "2", "2", "0", "1", "0", "0", "1"], ["0", "0", "2", "2", "2", "2", "2", "2", "1", "1", "1", "1"]], "pos": [{"x": "8", "y": "4"}, {"x": "4", "y": "1"}, {"x": "3", "y": "5"}, {"x": "6", "y": "4"}]}, "q": "0.0008310194808833757", "z": "1", "visitCount": [["13", "12", "12", "14", "14", "13", "13", "13", "12", "0", "0", "0", "0", "0", "0", "0", "0", "13", "11", "11", "12", "13", "12", "13", "13", "11", "0", "0", "0", "0", "0", "0", "0", "0", "11", "13", "12", "13", "13", "14", "13", "12", "14", "0", "0", "0", "0", "0", "0", "0", "0", "0", "0", "0", "0", "0", "0", "0", "0", "0", "0", "0", "0", "0", "0", "0", "0", "0", "12", "11", "13", "11", "13", "11", "12", "13", "11", "0", "0", "0", "0", "0", "0", "0", "0", "15", "12", "12", "13", "12", "13", "11", "14", "13", "0", "0", "0", "0", "0", "0", "0", "0", "12", "11", "11", "13", "12", "13", "12", "14", "11", "0", "0", "0", "0", "0", "0", "0", "0", "0", "0", "0", "0", "0", "0", "0", "0", "0", "0", "0", "0", "0", "0", "0", "0", "0", "13", "12", "10", "12", "13", "13", "13", "12", "12", "0", "0", "0", "0", "0", "0", "0", "0", "0", "0", "0", "0", "0", "0", "0", "0", "0", "0", "0", "0", "0", "0", "0", "0", "0", "0", "0", "0", "0", "0", "0", "0", "0", "0", "0", "0", "0", "0", "0", "0", "0", "0", "13", "11", "12", "11", "10", "14", "12", "14", "11", "0", "0", "0", "0", "0", "0", "0", "0", "0", "0", "0", "0", "0", "0", "0", "0", "0", "0", "0", "0", "0", "0", "0", "0", "0", "0", "0", "0", "0", "0", "0", "0", "0", "0", "0", "0", "0", "0", "0", "0", "0", "0", "0", "0", "0", "0", "0", "0", "0", "0", "0", "0", "0", "0", "0", "0", "0", "0", "0", "13", "12", "12", "13", "12", "13", "13", "12", "11", "0", "0", "0", "0", "0", "0", "0", "0", "0", "0", "0", "0", "0", "0", "0", "0", "0", "0", "0", "0", "0", "0", "0", "0", "0"], ["20", "16", "16", "21", "24", "17", "17", "21", "19", "0", "0", "0", "0", "0", "0", "0", "0", "0", "0", "0", "0", "0", "0", "0", "0", "0", "0", "0", "0", "0", "0", "0", "0", "0", "0", "0", "0", "0", "0", "0", "0", "0", "0", "0", "0", "0", "0", "0", "0", "0", "0", "0", "0", "0", "0", "0", "0", "0", "0", "0", "0", "0", "0", "0", "0", "0", "0", "0", "17", "19", "17", "21", "15", "16", "17", "18", "18", "0", "0", "0", "0", "0", "0", "0", "0", "19", "20", "18", "22", "16", "16", "18", "20", "20", "0", "0", "0", "0", "0", "0", "0", "0", "16", "21", "17", "19", "20", "19", "18", "17", "17", "0", "0", "0", "0", "0", "0", "0", "0", "18", "19", "20", "18", "21", "17", "19", "19", "20", "0", "0", "0", "0", "0", "0", "0", "0", "19", "20", "17", "20", "18", "17", "21", "19", "16", "0", "0", "0", "0", "0", "0", "0", "0", "0", "0", "0", "0", "0", "0", "0", "0", "0", "0", "0", "0", "0", "0", "0", "0", "0", "0", "0", "0", "0", "0", "0", "0", "0", "0", "0", "0", "0", "0", "0", "0", "0", "0", "0", "0", "0", "0", "0", "0", "0", "0", "0", "0", "0", "0", "0", "0", "0", "0", "0", "0", "0", "0", "0", "0", "0", "0", "0", "0", "0", "0", "0", "0", "0", "0", "0", "0", "0", "0", "0", "0", "0", "0", "0", "0", "0", "0", "0", "0", "0", "0", "0", "0", "0", "0", "0", "0", "0", "0", "0", "0", "0", "0", "0", "0", "0", "0", "0", "0", "0", "0", "0", "0", "0", "0", "0", "0", "0", "0", "0", "0", "0", "0", "0", "0", "0", "0", "0", "0", "0", "0", "0", "0", "0", "0", "0", "0", "0", "0", "0", "0", "0", "0", "0", "0"]]}