{"state": {"resTurn": "79", "h": "6", "w": "12", "score": [["0", "0", "0", "0", "-1", "0", "0", "-1", "0", "0", "0", "0"], ["0", "0", "0", "1", "1", "1", "1", "1", "1", "0", "0", "0"], ["0", "1", "0", "1", "0", "0", "0", "0", "1", "0", "1", "0"], ["0", "1", "0", "0", "1", "0", "0", "1", "0", "0", "1", "0"], ["0", "0", "0", "0", "1", "1", "1", "1", "0", "0", "0", "0"], ["-1", "1", "0", "0", "1", "-1", "-1", "1", "0", "0", "1", "-1"]], "color": [["0", "0", "1", "1", "1", "1", "0", "0", "0", "0", "0", "0"], ["2", "0", "0", "1", "1", "1", "1", "0", "0", "0", "0", "0"], ["2", "2", "1", "1", "0", "0", "0", "0", "0", "0", "1", "1"], ["2", "0", "1", "0", "1", "0", "2", "1", "0", "2", "1", "0"], ["0", "2", "0", "2", "2", "2", "2", "0", "1", "0", "0", "1"], ["0", "0", "2", "2", "2", "2", "2", "2", "1", "1", "1", "1"]], "pos": [{"x": "7", "y": "3"}, {"x": "4", "y": "1"}, {"x": "3", "y": "5"}, {"x": "5", "y": "4"}]}, "q": "0.0005461128502870854", "z": "1", "visitCount": [["12", "12", "11", "13", "12", "13", "14", "12", "15", "0", "0", "0", "0", "0", "0", "0", "0", "13", "13", "12", "12", "12", "13", "12", "12", "12", "0", "0", "0", "0", "0", "0", "0", "0", "12", "13", "13", "12", "15", "13", "12", "14", "12", "0", "0", "0", "0", "0", "0", "0", "0", "0", "0", "0", "0", "0", "0", "0", "0", "0", "0", "0", "0", "0", "0", "0", "0", "0", "0", "0", "0", "0", "0", "0", "0", "0", "0", "0", "0", "0", "0", "0", "0", "0", "0", "12", "12", "12", "13", "12", "12", "12", "13", "13", "0", "0", "0", "0", "0", "0", "0", "0", "12", "12", "11", "12", "13", "12", "12", "11", "12", "0", "0", "0", "0", "0", "0", "0", "0", "12", "11", "12", "12", "13", "13", "11", "12", "13", "0", "0", "0", "0", "0", "0", "0", "0", "13", "12", "11", "11", "11", "11", "13", "11", "12", "0", "0", "0", "0", "0", "0", "0", "0", "0", "0", "0", "0", "0", "0", "0", "0", "0", "0", "0", "0", "0", "0", "0", "0", "0", "0", "0", "0", "0", "0", "0", "0", "0", "0", "0", "0", "0", "0", "0", "0", "0", "0", "13", "13", "12", "12", "13", "13", "13", "13", "13", "0", "0", "0", "0", "0", "0", "0", "0", "12", "13", "12", "12", "13", "13", "12", "12", "13", "0", "0", "0", "0", "0", "0", "0", "0", "0", "0", "0", "0", "0", "0", "0", "0", "0", "0", "0", "0", "0", "0", "0", "0", "0", "0", "0", "0", "0", "0", "0", "0", "0", "0", "0", "0", "0", "0", "0", "0", "0", "0", "0", "0", "0", "0", "0", "0", "0", "0", "0", "0", "0", "0", "0", "0", "0", "0", "0", "0", "0", "0", "0", "0", "0", "0", "0", "0", "0", "0", "0", "0", "0", "0", "0", "0"], ["19", "20", "18", "17", "21", "0", "17", "19", "23", "0", "0", "0", "0", "21", "0", "0", "0", "0", "0", "0", "0", "0", "0", "0", "0", "0", "0", "0", "0", "0", "0", "0", "0", "0", "0", "0", "0", "0", "0", "0", "0", "0", "0", "0", "0", "0", "0", "0", "0", "0", "0", "0", "0", "0", "0", "0", "0", "0", "0", "0", "0", "0", "0", "0", "0", "0", "0", "0", "16", "20", "19", "19", "17", "0", "18", "19", "17", "0", "0", "0", "0", "17", "0", "0", "0", "20", "18", "18", "20", "19", "0", "18", "20", "21", "0", "0", "0", "0", "17", "0", "0", "0", "18", "18", "19", "18", "17", "0", "15", "17", "17", "0", "0", "0", "0", "18", "0", "0", "0", "23", "16", "22", "19", "19", "0", "20", "17", "20", "0", "0", "0", "0", "21", "0", "0", "0", "17", "18", "16", "19", "17", "0", "18", "19", "21", "0", "0", "0", "0", "13", "0", "0", "0", "0", "0", "0", "0", "0", "0", "0", "0", "0", "0", "0", "0", "0", "0", "0", "0", "0", "0", "0", "0", "0", "0", "0", "0", "0", "0", "0", "0", "0", "0", "0", "0", "0", "0", "0", "0", "0", "0", "0", "0", "0", "0", "0", "0", "0", "0", "0", "0", "0", "0", "0", "0", "0", "0", "0", "0", "0", "0", "0", "0", "0", "0", "0", "0", "0", "0", "0", "0", "0", "0", "0", "0", "0", "0", "0", "0", "0", "0", "0", "0", "0", "0", "0", "0", "0", "0", "0", "0", "0", "0", "0", "0", "0", "0", "0", "0", "0", "0", "0", "0", "0", "0", "0", "0", "0", "0", "0", "0", "0", "0", "0", "0", "0", "0", "0", "0", "0", "0", "0", "0", "0", "0", "0", "0", "0", "0", "0", "0", "0", "0", "0", "0", "0", "0", "0", "0"]]}