{"state": {"resTurn": "78", "h": "6", "w": "12", "score": [["0", "0", "0", "0", "-1", "0", "0", "-1", "0", "0", "0", "0"], ["0", "0", "0", "1", "1", "1", "1", "1", "1", "0", "0", "0"], ["0", "1", "0", "1", "0", "0", "0", "0", "1", "0", "1", "0"], ["0", "1", "0", "0", "1", "0", "0", "1", "0", "0", "1", "0"], ["0", "0", "0", "0", "1", "1", "1", "1", "0", "0", "0", "0"], ["-1", "1", "0", "0", "1", "-1", "-1", "1", "0", "0", "1", "-1"]], "color": [["0", "0", "1", "1", "1", "1", "0", "0", "0", "0", "0", "0"], ["2", "0", "0", "1", "1", "1", "1", "0", "0", "0", "0", "0"], ["2", "2", "1", "1", "0", "0", "0", "0", "0", "0", "1", "1"], ["2", "0", "1", "0", "1", "0", "2", "1", "0", "2", "1", "0"], ["0", "2", "0", "2", "2", "2", "2", "0", "1", "0", "0", "1"], ["0", "0", "2", "2", "2", "2", "2", "2", "1", "1", "1", "1"]], "pos": [{"x": "7", "y": "3"}, {"x": "5", "y": "1"}, {"x": "3", "y": "5"}, {"x": "6", "y": "4"}]}, "q": "0.0005993773712551111", "z": "1", "visitCount": [["12", "12", "12", "13", "13", "13", "12", "12", "12", "0", "0", "0", "0", "0", "0", "0", "0", "11", "12", "12", "13", "14", "12", "13", "13", "13", "0", "0", "0", "0", "0", "0", "0", "0", "13", "11", "15", "12", "12", "13", "11", "12", "11", "0", "0", "0", "0", "0", "0", "0", "0", "0", "0", "0", "0", "0", "0", "0", "0", "0", "0", "0", "0", "0", "0", "0", "0", "0", "0", "0", "0", "0", "0", "0", "0", "0", "0", "0", "0", "0", "0", "0", "0", "0", "0", "13", "13", "11", "12", "12", "13", "12", "13", "11", "0", "0", "0", "0", "0", "0", "0", "0", "12", "12", "12", "11", "13", "12", "13", "12", "13", "0", "0", "0", "0", "0", "0", "0", "0", "12", "13", "13", "11", "10", "12", "13", "12", "11", "0", "0", "0", "0", "0", "0", "0", "0", "13", "13", "12", "10", "11", "11", "12", "12", "12", "0", "0", "0", "0", "0", "0", "0", "0", "0", "0", "0", "0", "0", "0", "0", "0", "0", "0", "0", "0", "0", "0", "0", "0", "0", "0", "0", "0", "0", "0", "0", "0", "0", "0", "0", "0", "0", "0", "0", "0", "0", "0", "13", "15", "14", "13", "14", "12", "14", "13", "13", "0", "0", "0", "0", "0", "0", "0", "0", "13", "12", "12", "12", "12", "13", "12", "13", "13", "0", "0", "0", "0", "0", "0", "0", "0", "0", "0", "0", "0", "0", "0", "0", "0", "0", "0", "0", "0", "0", "0", "0", "0", "0", "0", "0", "0", "0", "0", "0", "0", "0", "0", "0", "0", "0", "0", "0", "0", "0", "0", "0", "0", "0", "0", "0", "0", "0", "0", "0", "0", "0", "0", "0", "0", "0", "0", "0", "0", "0", "0", "0", "0", "0", "0", "0", "0", "0", "0", "0", "0", "0", "0", "0", "0"], ["19", "19", "18", "20", "19", "19", "18", "0", "19", "0", "0", "0", "0", "0", "0", "18", "0", "0", "0", "0", "0", "0", "0", "0", "0", "0", "0", "0", "0", "0", "0", "0", "0", "0", "0", "0", "0", "0", "0", "0", "0", "0", "0", "0", "0", "0", "0", "0", "0", "0", "0", "0", "0", "0", "0", "0", "0", "0", "0", "0", "0", "0", "0", "0", "0", "0", "0", "0", "18", "17", "20", "18", "20", "17", "19", "0", "20", "0", "0", "0", "0", "0", "0", "17", "0", "21", "22", "19", "20", "19", "19", "20", "0", "21", "0", "0", "0", "0", "0", "0", "19", "0", "18", "17", "17", "18", "18", "18", "19", "0", "19", "0", "0", "0", "0", "0", "0", "16", "0", "18", "18", "18", "20", "19", "20", "17", "0", "20", "0", "0", "0", "0", "0", "0", "19", "0", "18", "18", "17", "18", "17", "16", "17", "0", "17", "0", "0", "0", "0", "0", "0", "18", "0", "0", "0", "0", "0", "0", "0", "0", "0", "0", "0", "0", "0", "0", "0", "0", "0", "0", "0", "0", "0", "0", "0", "0", "0", "0", "0", "0", "0", "0", "0", "0", "0", "0", "0", "0", "0", "0", "0", "0", "0", "0", "0", "0", "0", "0", "0", "0", "0", "0", "0", "0", "0", "0", "0", "0", "0", "0", "0", "0", "0", "0", "0", "0", "0", "0", "0", "0", "0", "0", "0", "0", "0", "0", "0", "0", "0", "0", "0", "0", "0", "0", "0", "0", "0", "0", "0", "0", "0", "0", "0", "0", "0", "0", "0", "0", "0", "0", "0", "0", "0", "0", "0", "0", "0", "0", "0", "0", "0", "0", "0", "0", "0", "0", "0", "0", "0", "0", "0", "0", "0", "0", "0", "0", "0", "0", "0", "0", "0", "0", "0", "0", "0", "0", "0", "0", "0"]]}