{"state": {"resTurn": "77", "h": "6", "w": "12", "score": [["0", "0", "0", "0", "-1", "0", "0", "-1", "0", "0", "0", "0"], ["0", "0", "0", "1", "1", "1", "1", "1", "1", "0", "0", "0"], ["0", "1", "0", "1", "0", "0", "0", "0", "1", "0", "1", "0"], ["0", "1", "0", "0", "1", "0", "0", "1", "0", "0", "1", "0"], ["0", "0", "0", "0", "1", "1", "1", "1", "0", "0", "0", "0"], ["-1", "1", "0", "0", "1", "-1", "-1", "1", "0", "0", "1", "-1"]], "color": [["0", "0", "1", "1", "1", "1", "0", "0", "0", "0", "0", "0"], ["2", "0", "0", "1", "1", "1", "1", "0", "0", "0", "0", "0"], ["2", "2", "1", "1", "0", "1", "0", "0", "0", "0", "1", "1"], ["2", "0", "1", "0", "1", "0", "2", "1", "0", "2", "1", "0"], ["0", "2", "2", "2", "2", "2", "2", "1", "1", "0", "0", "1"], ["0", "0", "2", "2", "2", "2", "2", "2", "1", "1", "1", "1"]], "pos": [{"x": "7", "y": "4"}, {"x": "5", "y": "2"}, {"x": "2", "y": "4"}, {"x": "7", "y": "5"}]}, "q": "0.0006550206290323558", "z": "1", "visitCount": [["13", "0", "12", "12", "12", "12", "12", "13", "12", "12", "0", "0", "0", "0", "0", "0", "0", "13", "0", "12", "12", "11", "12", "12", "12", "12", "12", "0", "0", "0", "0", "0", "0", "0", "0", "0", "0", "0", "0", "0", "0", "0", "0", "0", "0", "0", "0", "0", "0", "0", "0", "0", "0", "0", "0", "0", "0", "0", "0", "0", "0", "0", "0", "0", "0", "0", "0", "0", "0", "0", "0", "0", "0", "0", "0", "0", "0", "0", "0", "0", "0", "0", "0", "0", "0", "0", "0", "0", "0", "0", "0", "0", "0", "0", "0", "0", "0", "0", "0", "0", "0", "0", "12", "0", "10", "12", "11", "13", "12", "12", "12", "12", "0", "0", "0", "0", "0", "0", "0", "11", "0", "12", "12", "11", "12", "13", "13", "14", "13", "0", "0", "0", "0", "0", "0", "0", "11", "0", "12", "13", "12", "12", "12", "13", "11", "12", "0", "0", "0", "0", "0", "0", "0", "0", "0", "0", "0", "0", "0", "0", "0", "0", "0", "0", "0", "0", "0", "0", "0", "0", "12", "0", "13", "13", "12", "11", "12", "13", "12", "12", "0", "0", "0", "0", "0", "0", "0", "15", "0", "13", "15", "12", "13", "13", "14", "13", "12", "0", "0", "0", "0", "0", "0", "0", "13", "0", "12", "13", "12", "14", "13", "14", "13", "12", "0", "0", "0", "0", "0", "0", "0", "12", "0", "13", "13", "12", "12", "11", "13", "11", "14", "0", "0", "0", "0", "0", "0", "0", "0", "0", "0", "0", "0", "0", "0", "0", "0", "0", "0", "0", "0", "0", "0", "0", "0", "0", "0", "0", "0", "0", "0", "0", "0", "0", "0", "0", "0", "0", "0", "0", "0", "0", "0", "0", "0", "0", "0", "0", "0", "0", "0", "0", "0", "0", "0", "0", "0", "0", "0"], ["17", "0", "0", "0", "20", "21", "0", "0", "0", "0", "0", "0", "0", "0", "19", "19", "19", "19", "0", "0", "0", "17", "19", "0", "0", "0", "0", "0", "0", "0", "0", "20", "19", "18", "20", "0", "0", "0", "17", "16", "0", "0", "0", "0", "0", "0", "0", "0", "18", "19", "18", "20", "0", "0", "0", "17", "19", "0", "0", "0", "0", "0", "0", "0", "0", "19", "20", "18", "20", "0", "0", "0", "19", "17", "0", "0", "0", "0", "0", "0", "0", "0", "18", "21", "18", "17", "0", "0", "0", "18", "17", "0", "0", "0", "0", "0", "0", "0", "0", "20", "21", "17", "0", "0", "0", "0", "0", "0", "0", "0", "0", "0", "0", "0", "0", "0", "0", "0", "0", "17", "0", "0", "0", "16", "20", "0", "0", "0", "0", "0", "0", "0", "0", "17", "20", "18", "19", "0", "0", "0", "18", "15", "0", "0", "0", "0", "0", "0", "0", "0", "18", "21", "20", "0", "0", "0", "0", "0", "0", "0", "0", "0", "0", "0", "0", "0", "0", "0", "0", "0", "0", "0", "0", "0", "0", "0", "0", "0", "0", "0", "0", "0", "0", "0", "0", "0", "0", "0", "0", "0", "0", "0", "0", "0", "0", "0", "0", "0", "0", "0", "0", "0", "0", "0", "0", "0", "0", "0", "0", "0", "0", "0", "0", "0", "0", "0", "0", "0", "0", "0", "0", "0", "0", "0", "0", "0", "0", "0", "0", "0", "0", "0", "0", "0", "0", "0", "0", "0", "19", "0", "0", "0", "18", "19", "0", "0", "0", "0", "0", "0", "0", "0", "17", "19", "18", "0", "0", "0", "0", "0", "0", "0", "0", "0", "0", "0", "0", "0", "0", "0", "0", "0", "0", "0", "0", "0", "0", "0", "0", "0", "0", "0", "0", "0", "0", "0", "0", "0", "0"]]}