{"state": {"resTurn": "76", "h": "6", "w": "12", "score": [["0", "0", "0", "0", "-1", "0", "0", "-1", "0", "0", "0", "0"], ["0", "0", "0", "1", "1", "1", "1", "1", "1", "0", "0", "0"], ["0", "1", "0", "1", "0", "0", "0", "0", "1", "0", "1", "0"], ["0", "1", "0", "0", "1", "0", "0", "1", "0", "0", "1", "0"], ["0", "0", "0", "0", "1", "1", "1", "1", "0", "0", "0", "0"], ["-1", "1", "0", "0", "1", "-1", "-1", "1", "0", "0", "1", "-1"]], "color": [["0", "0", "1", "1", "1", "1", "0", "0", "0", "0", "0", "0"], ["2", "0", "0", "1", "1", "1", "1", "0", "0", "0", "0", "0"], ["2", "2", "1", "1", "0", "1", "0", "0", "0", "0", "1", "1"], ["2", "0", "1", "0", "1", "0", "2", "1", "0", "2", "1", "0"], ["0", "2", "2", "2", "2", "2", "2", "1", "1", "0", "0", "1"], ["0", "0", "2", "2", "2", "2", "0", "2", "1", "1", "1", "1"]], "pos": [{"x": "7", "y": "4"}, {"x": "5", "y": "2"}, {"x": "2", "y": "4"}, {"x": "6", "y": "4"}]}, "q": "0.0003899967840896926", "z": "1", "visitCount": [["13", "0", "14", "13", "12", "14", "12", "13", "13", "13", "0", "0", "0", "0", "0", "0", "0", "13", "0", "12", "13", "11", "13", "13", "11", "11", "11", "0", "0", "0", "0", "0", "0", "0", "0", "0", "0", "0", "0", "0", "0", "0", "0", "0", "0", "0", "0", "0", "0", "0", "0", "12", "0", "12", "13", "11", "12", "13", "12", "11", "13", "0", "0", "0", "0", "0", "0", "0", "0", "0", "0", "0", "0", "0", "0", "0", "0", "0", "0", "0", "0", "0", "0", "0", "0", "0", "0", "0", "0", "0", "0", "0", "0", "0", "0", "0", "0", "0", "0", "0", "0", "0", "14", "0", "13", "12", "12", "13", "14", "13", "11", "13", "0", "0", "0", "0", "0", "0", "0", "11", "0", "12", "12", "12", "12", "12", "11", "13", "12", "0", "0", "0", "0", "0", "0", "0", "13", "0", "12", "12", "12", "12", "11", "13", "12", "12", "0", "0", "0", "0", "0", "0", "0", "0", "0", "0", "0", "0", "0", "0", "0", "0", "0", "0", "0", "0", "0", "0", "0", "0", "14", "0", "12", "12", "10", "12", "11", "14", "11", "12", "0", "0", "0", "0", "0", "0", "0", "0", "0", "0", "0", "0", "0", "0", "0", "0", "0", "0", "0", "0", "0", "0", "0", "0", "13", "0", "12", "14", "11", "14", "14", "12", "12", "14", "0", "0", "0", "0", "0", "0", "0", "12", "0", "11", "13", "13", "13", "14", "12", "12", "11", "0", "0", "0", "0", "0", "0", "0", "0", "0", "0", "0", "0", "0", "0", "0", "0", "0", "0", "0", "0", "0", "0", "0", "0", "0", "0", "0", "0", "0", "0", "0", "0", "0", "0", "0", "0", "0", "0", "0", "0", "0", "0", "0", "0", "0", "0", "0", "0", "0", "0", "0", "0", "0", "0", "0", "0", "0", "0"], ["13", "12", "12", "12", "12", "12", "13", "0", "0", "0", "0", "0", "0", "0", "0", "11", "13", "12", "13", "13", "14", "13", "12", "12", "0", "0", "0", "0", "0", "0", "0", "0", "13", "12", "12", "12", "12", "12", "13", "13", "12", "0", "0", "0", "0", "0", "0", "0", "0", "14", "13", "13", "13", "13", "12", "13", "12", "12", "0", "0", "0", "0", "0", "0", "0", "0", "12", "13", "13", "12", "13", "12", "13", "11", "13", "0", "0", "0", "0", "0", "0", "0", "0", "12", "12", "12", "11", "13", "13", "14", "13", "13", "0", "0", "0", "0", "0", "0", "0", "0", "13", "12", "0", "0", "0", "0", "0", "0", "0", "0", "0", "0", "0", "0", "0", "0", "0", "0", "0", "11", "12", "12", "11", "11", "11", "13", "0", "0", "0", "0", "0", "0", "0", "0", "13", "12", "11", "13", "13", "13", "12", "11", "12", "0", "0", "0", "0", "0", "0", "0", "0", "13", "13", "0", "0", "0", "0", "0", "0", "0", "0", "0", "0", "0", "0", "0", "0", "0", "0", "0", "0", "0", "0", "0", "0", "0", "0", "0", "0", "0", "0", "0", "0", "0", "0", "0", "0", "0", "0", "0", "0", "0", "0", "0", "0", "0", "0", "0", "0", "0", "0", "0", "0", "0", "0", "0", "0", "0", "0", "0", "0", "0", "0", "0", "0", "0", "0", "0", "0", "0", "0", "0", "0", "0", "0", "0", "0", "0", "0", "0", "0", "0", "0", "0", "0", "0", "0", "0", "12", "13", "12", "12", "12", "12", "12", "0", "0", "0", "0", "0", "0", "0", "0", "11", "12", "0", "0", "0", "0", "0", "0", "0", "0", "0", "0", "0", "0", "0", "0", "0", "0", "0", "0", "0", "0", "0", "0", "0", "0", "0", "0", "0", "0", "0", "0", "0", "0", "0", "0"]]}