{"state": {"resTurn": "73", "h": "6", "w": "12", "score": [["0", "0", "0", "0", "-1", "0", "0", "-1", "0", "0", "0", "0"], ["0", "0", "0", "1", "1", "1", "1", "1", "1", "0", "0", "0"], ["0", "1", "0", "1", "0", "0", "0", "0", "1", "0", "1", "0"], ["0", "1", "0", "0", "1", "0", "0", "1", "0", "0", "1", "0"], ["0", "0", "0", "0", "1", "1", "1", "1", "0", "0", "0", "0"], ["-1", "1", "0", "0", "1", "-1", "-1", "1", "0", "0", "1", "-1"]], "color": [["0", "0", "1", "1", "1", "1", "0", "0", "0", "0", "0", "0"], ["2", "0", "0", "1", "1", "1", "1", "0", "0", "0", "0", "0"], ["2", "2", "1", "1", "1", "1", "0", "0", "0", "0", "1", "1"], ["2", "0", "1", "0", "1", "1", "2", "1", "0", "2", "1", "0"], ["0", "2", "2", "2", "2", "2", "2", "1", "1", "0", "0", "1"], ["0", "0", "2", "2", "2", "2", "0", "2", "1", "1", "1", "1"]], "pos": [{"x": "7", "y": "4"}, {"x": "4", "y": "2"}, {"x": "4", "y": "4"}, {"x": "5", "y": "5"}]}, "q": "0.0007171744512422588", "z": "1", "visitCount": [["11", "12", "13", "13", "13", "11", "14", "12", "12", "0", "0", "0", "0", "0", "0", "0", "0", "13", "11", "13", "12", "13", "12", "12", "12", "10", "0", "0", "0", "0", "0", "0", "0", "0", "0", "0", "0", "0", "0", "0", "0", "0", "0", "0", "0", "0", "0", "0", "0", "0", "0", "12", "12", "12", "13", "13", "13", "12", "12", "13", "0", "0", "0", "0", "0", "0", "0", "0", "0", "0", "0", "0", "0", "0", "0", "0", "0", "0", "0", "0", "0", "0", "0", "0", "0", "0", "0", "0", "0", "0", "0", "0", "0", "0", "0", "0", "0", "0", "0", "0", "0", "0", "13", "12", "13", "13", "11", "12", "12", "13", "13", "0", "0", "0", "0", "0", "0", "0", "0", "11", "11", "12", "13", "11", "13", "13", "11", "12", "0", "0", "0", "0", "0", "0", "0", "0", "12", "12", "13", "13", "11", "13", "13", "12", "14", "0", "0", "0", "0", "0", "0", "0", "0", "0", "0", "0", "0", "0", "0", "0", "0", "0", "0", "0", "0", "0", "0", "0", "0", "0", "11", "11", "13", "12", "12", "11", "12", "12", "11", "0", "0", "0", "0", "0", "0", "0", "0", "0", "0", "0", "0", "0", "0", "0", "0", "0", "0", "0", "0", "0", "0", "0", "0", "0", "12", "12", "15", "14", "12", "13", "12", "13", "14", "0", "0", "0", "0", "0", "0", "0", "0", "12", "12", "13", "12", "14", "13", "13", "13", "13", "0", "0", "0", "0", "0", "0", "0", "0", "0", "0", "0", "0", "0", "0", "0", "0", "0", "0", "0", "0", "0", "0", "0", "0", "0", "0", "0", "0", "0", "0", "0", "0", "0", "0", "0", "0", "0", "0", "0", "0", "0", "0", "0", "0", "0", "0", "0", "0", "0", "0", "0", "0", "0", "0", "0", "0", "0", "0", "0"], ["19", "0", "0", "0", "22", "18", "19", "21", "20", "0", "0", "0", "0", "0", "0", "0", "0", "18", "0", "0", "0", "17", "19", "17", "23", "18", "0", "0", "0", "0", "0", "0", "0", "0", "19", "0", "0", "0", "17", "18", "19", "17", "19", "0", "0", "0", "0", "0", "0", "0", "0", "18", "0", "0", "0", "19", "18", "16", "18", "19", "0", "0", "0", "0", "0", "0", "0", "0", "21", "0", "0", "0", "20", "22", "18", "19", "17", "0", "0", "0", "0", "0", "0", "0", "0", "18", "0", "0", "0", "16", "14", "17", "17", "22", "0", "0", "0", "0", "0", "0", "0", "0", "0", "0", "0", "0", "0", "0", "0", "0", "0", "0", "0", "0", "0", "0", "0", "0", "0", "0", "0", "0", "0", "0", "0", "0", "0", "0", "0", "0", "0", "0", "0", "0", "0", "0", "18", "0", "0", "0", "18", "17", "18", "18", "18", "0", "0", "0", "0", "0", "0", "0", "0", "0", "0", "0", "0", "0", "0", "0", "0", "0", "0", "0", "0", "0", "0", "0", "0", "0", "0", "0", "0", "0", "0", "0", "0", "0", "0", "0", "0", "0", "0", "0", "0", "0", "0", "0", "0", "0", "0", "0", "0", "0", "0", "0", "0", "0", "0", "0", "0", "0", "0", "0", "0", "0", "0", "0", "0", "0", "0", "0", "0", "0", "0", "0", "0", "0", "0", "0", "0", "0", "0", "0", "0", "0", "0", "0", "0", "0", "0", "0", "0", "0", "0", "0", "0", "0", "16", "0", "0", "0", "19", "18", "16", "20", "19", "0", "0", "0", "0", "0", "0", "0", "0", "21", "0", "0", "0", "19", "19", "18", "18", "21", "0", "0", "0", "0", "0", "0", "0", "0", "0", "0", "0", "0", "0", "0", "0", "0", "0", "0", "0", "0", "0", "0", "0", "0", "0"]]}