{"state": {"resTurn": "72", "h": "6", "w": "12", "score": [["0", "0", "0", "0", "-1", "0", "0", "-1", "0", "0", "0", "0"], ["0", "0", "0", "1", "1", "1", "1", "1", "1", "0", "0", "0"], ["0", "1", "0", "1", "0", "0", "0", "0", "1", "0", "1", "0"], ["0", "1", "0", "0", "1", "0", "0", "1", "0", "0", "1", "0"], ["0", "0", "0", "0", "1", "1", "1", "1", "0", "0", "0", "0"], ["-1", "1", "0", "0", "1", "-1", "-1", "1", "0", "0", "1", "-1"]], "color": [["0", "0", "1", "1", "1", "1", "0", "0", "0", "0", "0", "0"], ["2", "0", "0", "1", "1", "1", "1", "0", "0", "0", "0", "0"], ["2", "2", "1", "1", "1", "1", "0", "0", "0", "0", "1", "1"], ["2", "0", "1", "0", "1", "1", "2", "1", "0", "2", "1", "0"], ["0", "2", "2", "2", "2", "2", "2", "1", "1", "0", "0", "1"], ["0", "0", "2", "2", "2", "2", "0", "2", "1", "1", "1", "1"]], "pos": [{"x": "7", "y": "4"}, {"x": "4", "y": "3"}, {"x": "5", "y": "5"}, {"x": "6", "y": "4"}]}, "q": "0.0007167666767148809", "z": "1", "visitCount": [["12", "0", "0", "0", "13", "14", "13", "12", "13", "12", "12", "14", "0", "0", "0", "0", "0", "12", "0", "0", "0", "13", "14", "14", "10", "11", "13", "13", "11", "0", "0", "0", "0", "0", "0", "0", "0", "0", "0", "0", "0", "0", "0", "0", "0", "0", "0", "0", "0", "0", "0", "13", "0", "0", "0", "14", "12", "11", "13", "12", "12", "13", "12", "0", "0", "0", "0", "0", "0", "0", "0", "0", "0", "0", "0", "0", "0", "0", "0", "0", "0", "0", "0", "0", "0", "0", "0", "0", "0", "0", "0", "0", "0", "0", "0", "0", "0", "0", "0", "0", "0", "0", "13", "0", "0", "0", "13", "11", "11", "12", "13", "12", "13", "13", "0", "0", "0", "0", "0", "11", "0", "0", "0", "12", "12", "12", "12", "12", "10", "13", "13", "0", "0", "0", "0", "0", "13", "0", "0", "0", "12", "12", "12", "12", "12", "12", "14", "12", "0", "0", "0", "0", "0", "0", "0", "0", "0", "0", "0", "0", "0", "0", "0", "0", "0", "0", "0", "0", "0", "0", "10", "0", "0", "0", "12", "15", "11", "12", "12", "11", "13", "13", "0", "0", "0", "0", "0", "0", "0", "0", "0", "0", "0", "0", "0", "0", "0", "0", "0", "0", "0", "0", "0", "0", "12", "0", "0", "0", "12", "12", "13", "11", "12", "13", "13", "14", "0", "0", "0", "0", "0", "13", "0", "0", "0", "13", "12", "13", "13", "12", "13", "12", "11", "0", "0", "0", "0", "0", "0", "0", "0", "0", "0", "0", "0", "0", "0", "0", "0", "0", "0", "0", "0", "0", "0", "0", "0", "0", "0", "0", "0", "0", "0", "0", "0", "0", "0", "0", "0", "0", "0", "0", "0", "0", "0", "0", "0", "0", "0", "0", "0", "0", "0", "0", "0", "0", "0", "0", "0"], ["20", "18", "17", "18", "18", "0", "18", "0", "0", "0", "0", "0", "0", "20", "0", "17", "18", "0", "0", "0", "0", "0", "0", "0", "0", "0", "0", "0", "0", "0", "0", "0", "0", "0", "0", "0", "0", "0", "0", "0", "0", "0", "0", "0", "0", "0", "0", "0", "0", "0", "0", "0", "0", "0", "0", "0", "0", "0", "0", "0", "0", "0", "0", "0", "0", "0", "0", "0", "16", "18", "17", "18", "21", "0", "16", "0", "0", "0", "0", "0", "0", "17", "0", "19", "18", "21", "20", "21", "18", "20", "0", "19", "0", "0", "0", "0", "0", "0", "21", "0", "20", "21", "18", "19", "17", "20", "18", "0", "17", "0", "0", "0", "0", "0", "0", "16", "0", "18", "16", "18", "17", "17", "18", "20", "0", "17", "0", "0", "0", "0", "0", "0", "18", "0", "22", "19", "20", "19", "19", "20", "19", "0", "18", "0", "0", "0", "0", "0", "0", "17", "0", "20", "18", "0", "0", "0", "0", "0", "0", "0", "0", "0", "0", "0", "0", "0", "0", "0", "0", "0", "0", "0", "0", "0", "0", "0", "0", "0", "0", "0", "0", "0", "0", "0", "0", "0", "0", "0", "0", "0", "0", "0", "0", "0", "0", "0", "0", "0", "0", "0", "0", "0", "0", "0", "0", "0", "0", "0", "0", "0", "0", "0", "0", "0", "0", "0", "0", "0", "0", "0", "0", "0", "0", "0", "0", "0", "0", "0", "0", "0", "0", "0", "0", "0", "0", "0", "0", "0", "0", "0", "0", "0", "0", "0", "0", "0", "0", "0", "0", "0", "0", "0", "0", "0", "0", "0", "0", "0", "0", "0", "0", "0", "0", "0", "0", "0", "0", "0", "0", "0", "0", "0", "0", "0", "0", "0", "0", "0", "0", "0", "0", "0", "0", "0", "0", "0", "0", "0", "0"]]}