{"state": {"resTurn": "71", "h": "6", "w": "12", "score": [["0", "0", "0", "0", "-1", "0", "0", "-1", "0", "0", "0", "0"], ["0", "0", "0", "1", "1", "1", "1", "1", "1", "0", "0", "0"], ["0", "1", "0", "1", "0", "0", "0", "0", "1", "0", "1", "0"], ["0", "1", "0", "0", "1", "0", "0", "1", "0", "0", "1", "0"], ["0", "0", "0", "0", "1", "1", "1", "1", "0", "0", "0", "0"], ["-1", "1", "0", "0", "1", "-1", "-1", "1", "0", "0", "1", "-1"]], "color": [["0", "0", "1", "1", "1", "1", "0", "0", "0", "0", "0", "0"], ["2", "0", "0", "1", "1", "1", "1", "0", "0", "0", "0", "0"], ["2", "2", "1", "1", "1", "1", "0", "0", "0", "0", "1", "1"], ["2", "0", "1", "0", "1", "1", "2", "0", "0", "2", "1", "0"], ["0", "2", "2", "2", "2", "2", "2", "1", "1", "0", "0", "1"], ["0", "0", "2", "2", "2", "2", "0", "0", "1", "1", "1", "1"]], "pos": [{"x": "7", "y": "4"}, {"x": "3", "y": "2"}, {"x": "5", "y": "5"}, {"x": "6", "y": "4"}]}, "q": "0.0008570536011504588", "z": "1", "visitCount": [["11", "12", "12", "13", "12", "13", "14", "14", "12", "0", "0", "0", "0", "0", "0", "0", "0", "12", "14", "13", "12", "14", "12", "13", "11", "12", "0", "0", "0", "0", "0", "0", "0", "0", "12", "13", "14", "11", "13", "11", "11", "13", "13", "0", "0", "0", "0", "0", "0", "0", "0", "13", "12", "13", "14", "15", "13", "13", "12", "13", "0", "0", "0", "0", "0", "0", "0", "0", "0", "0", "0", "0", "0", "0", "0", "0", "0", "0", "0", "0", "0", "0", "0", "0", "0", "0", "0", "0", "0", "0", "0", "0", "0", "0", "0", "0", "0", "0", "0", "0", "0", "0", "11", "13", "11", "13", "13", "12", "12", "12", "12", "0", "0", "0", "0", "0", "0", "0", "0", "13", "13", "11", "13", "12", "12", "11", "11", "12", "0", "0", "0", "0", "0", "0", "0", "0", "11", "13", "13", "12", "12", "11", "13", "12", "12", "0", "0", "0", "0", "0", "0", "0", "0", "0", "0", "0", "0", "0", "0", "0", "0", "0", "0", "0", "0", "0", "0", "0", "0", "0", "0", "0", "0", "0", "0", "0", "0", "0", "0", "0", "0", "0", "0", "0", "0", "0", "0", "0", "0", "0", "0", "0", "0", "0", "0", "0", "0", "0", "0", "0", "0", "0", "0", "0", "13", "12", "11", "12", "12", "13", "13", "11", "12", "0", "0", "0", "0", "0", "0", "0", "0", "13", "10", "12", "13", "12", "11", "13", "14", "12", "0", "0", "0", "0", "0", "0", "0", "0", "0", "0", "0", "0", "0", "0", "0", "0", "0", "0", "0", "0", "0", "0", "0", "0", "0", "0", "0", "0", "0", "0", "0", "0", "0", "0", "0", "0", "0", "0", "0", "0", "0", "0", "0", "0", "0", "0", "0", "0", "0", "0", "0", "0", "0", "0", "0", "0", "0", "0", "0"], ["20", "20", "18", "17", "17", "0", "20", "21", "0", "0", "0", "0", "0", "18", "0", "0", "19", "0", "0", "0", "0", "0", "0", "0", "0", "0", "0", "0", "0", "0", "0", "0", "0", "0", "0", "0", "0", "0", "0", "0", "0", "0", "0", "0", "0", "0", "0", "0", "0", "0", "0", "0", "0", "0", "0", "0", "0", "0", "0", "0", "0", "0", "0", "0", "0", "0", "0", "0", "15", "20", "19", "19", "16", "0", "17", "20", "0", "0", "0", "0", "0", "15", "0", "0", "22", "20", "19", "17", "19", "18", "0", "18", "19", "0", "0", "0", "0", "0", "19", "0", "0", "18", "18", "16", "20", "17", "20", "0", "18", "20", "0", "0", "0", "0", "0", "17", "0", "0", "20", "19", "19", "17", "17", "16", "0", "19", "18", "0", "0", "0", "0", "0", "21", "0", "0", "17", "17", "19", "20", "17", "19", "0", "19", "21", "0", "0", "0", "0", "0", "18", "0", "0", "21", "0", "0", "0", "0", "0", "0", "0", "0", "0", "0", "0", "0", "0", "0", "0", "0", "0", "0", "0", "0", "0", "0", "0", "0", "0", "0", "0", "0", "0", "0", "0", "0", "0", "0", "0", "0", "0", "0", "0", "0", "0", "0", "0", "0", "0", "0", "0", "0", "0", "0", "0", "0", "0", "0", "0", "0", "0", "0", "0", "0", "0", "0", "0", "0", "0", "0", "0", "0", "0", "0", "0", "0", "0", "0", "0", "0", "0", "0", "0", "0", "0", "0", "0", "0", "0", "0", "0", "0", "0", "0", "0", "0", "0", "0", "0", "0", "0", "0", "0", "0", "0", "0", "0", "0", "0", "0", "0", "0", "0", "0", "0", "0", "0", "0", "0", "0", "0", "0", "0", "0", "0", "0", "0", "0", "0", "0", "0", "0", "0", "0", "0", "0", "0", "0", "0", "0"]]}