{"state": {"resTurn": "70", "h": "6", "w": "12", "score": [["0", "0", "0", "0", "-1", "0", "0", "-1", "0", "0", "0", "0"], ["0", "0", "0", "1", "1", "1", "1", "1", "1", "0", "0", "0"], ["0", "1", "0", "1", "0", "0", "0", "0", "1", "0", "1", "0"], ["0", "1", "0", "0", "1", "0", "0", "1", "0", "0", "1", "0"], ["0", "0", "0", "0", "1", "1", "1", "1", "0", "0", "0", "0"], ["-1", "1", "0", "0", "1", "-1", "-1", "1", "0", "0", "1", "-1"]], "color": [["0", "0", "1", "1", "1", "1", "0", "0", "0", "0", "0", "0"], ["2", "0", "0", "1", "1", "1", "1", "0", "0", "0", "0", "0"], ["2", "2", "1", "1", "1", "1", "0", "0", "0", "0", "1", "1"], ["2", "0", "1", "0", "1", "1", "2", "0", "0", "2", "1", "0"], ["0", "2", "2", "2", "2", "2", "2", "0", "1", "0", "0", "1"], ["0", "0", "2", "2", "2", "2", "1", "0", "1", "1", "1", "1"]], "pos": [{"x": "6", "y": "5"}, {"x": "2", "y": "2"}, {"x": "4", "y": "5"}, {"x": "6", "y": "4"}]}, "q": "0.000928428362636718", "z": "1", "visitCount": [["18", "20", "16", "20", "0", "19", "19", "20", "19", "0", "0", "0", "16", "0", "0", "0", "0", "0", "0", "0", "0", "0", "0", "0", "0", "0", "0", "0", "0", "0", "0", "0", "0", "0", "0", "0", "0", "0", "0", "0", "0", "0", "0", "0", "0", "0", "0", "0", "0", "0", "0", "0", "0", "0", "0", "0", "0", "0", "0", "0", "0", "0", "0", "0", "0", "0", "0", "0", "0", "0", "0", "0", "0", "0", "0", "0", "0", "0", "0", "0", "0", "0", "0", "0", "0", "0", "0", "0", "0", "0", "0", "0", "0", "0", "0", "0", "0", "0", "0", "0", "0", "0", "0", "0", "0", "0", "0", "0", "0", "0", "0", "0", "0", "0", "0", "0", "0", "0", "0", "20", "19", "19", "15", "0", "17", "21", "18", "18", "0", "0", "0", "22", "0", "0", "0", "0", "17", "20", "17", "17", "0", "18", "22", "19", "16", "0", "0", "0", "18", "0", "0", "0", "0", "0", "0", "0", "0", "0", "0", "0", "0", "0", "0", "0", "0", "0", "0", "0", "0", "0", "0", "0", "0", "0", "0", "0", "0", "0", "0", "0", "0", "0", "0", "0", "0", "0", "0", "0", "0", "0", "0", "0", "0", "0", "0", "0", "0", "0", "0", "0", "0", "0", "0", "0", "18", "22", "18", "20", "0", "20", "19", "20", "16", "0", "0", "0", "20", "0", "0", "0", "0", "21", "18", "18", "19", "0", "15", "16", "18", "17", "0", "0", "0", "16", "0", "0", "0", "0", "17", "18", "23", "20", "0", "16", "19", "19", "19", "0", "0", "0", "18", "0", "0", "0", "0", "0", "0", "0", "0", "0", "0", "0", "0", "0", "0", "0", "0", "0", "0", "0", "0", "0", "0", "0", "0", "0", "0", "0", "0", "0", "0", "0", "0", "0", "0", "0", "0", "0", "0"], ["19", "19", "0", "17", "19", "0", "18", "22", "20", "0", "18", "0", "0", "19", "0", "0", "0", "0", "0", "0", "0", "0", "0", "0", "0", "0", "0", "0", "0", "0", "0", "0", "0", "0", "0", "0", "0", "0", "0", "0", "0", "0", "0", "0", "0", "0", "0", "0", "0", "0", "0", "0", "0", "0", "0", "0", "0", "0", "0", "0", "0", "0", "0", "0", "0", "0", "0", "0", "16", "18", "0", "21", "19", "0", "18", "19", "17", "0", "19", "0", "0", "18", "0", "0", "0", "17", "20", "0", "22", "17", "0", "15", "16", "23", "0", "15", "0", "0", "17", "0", "0", "0", "22", "16", "0", "20", "18", "0", "20", "20", "21", "0", "19", "0", "0", "21", "0", "0", "0", "20", "16", "0", "18", "17", "0", "18", "20", "19", "0", "20", "0", "0", "16", "0", "0", "0", "18", "16", "0", "21", "16", "0", "17", "19", "17", "0", "19", "0", "0", "18", "0", "0", "0", "0", "0", "0", "0", "0", "0", "0", "0", "0", "0", "0", "0", "0", "0", "0", "0", "0", "0", "0", "0", "0", "0", "0", "0", "0", "0", "0", "0", "0", "0", "0", "0", "0", "0", "0", "0", "0", "0", "0", "0", "0", "0", "0", "0", "0", "0", "0", "0", "0", "0", "0", "0", "0", "0", "0", "0", "0", "0", "0", "0", "0", "0", "0", "0", "0", "0", "0", "0", "0", "0", "0", "0", "0", "0", "0", "0", "0", "0", "0", "0", "0", "0", "0", "0", "0", "0", "0", "0", "0", "0", "0", "0", "0", "0", "0", "0", "0", "0", "0", "0", "0", "0", "0", "0", "0", "0", "0", "0", "0", "0", "0", "0", "0", "0", "0", "0", "0", "0", "0", "0", "0", "0", "0", "0", "0", "0", "0", "0", "0", "0", "0", "0", "0", "0", "0", "0"]]}