{"state": {"resTurn": "69", "h": "6", "w": "12", "score": [["0", "0", "0", "0", "-1", "0", "0", "-1", "0", "0", "0", "0"], ["0", "0", "0", "1", "1", "1", "1", "1", "1", "0", "0", "0"], ["0", "1", "0", "1", "0", "0", "0", "0", "1", "0", "1", "0"], ["0", "1", "0", "0", "1", "0", "0", "1", "0", "0", "1", "0"], ["0", "0", "0", "0", "1", "1", "1", "1", "0", "0", "0", "0"], ["-1", "1", "0", "0", "1", "-1", "-1", "1", "0", "0", "1", "-1"]], "color": [["0", "0", "1", "1", "1", "1", "0", "0", "0", "0", "0", "0"], ["2", "0", "0", "1", "1", "1", "1", "0", "0", "0", "0", "0"], ["2", "2", "1", "1", "1", "1", "0", "0", "0", "0", "1", "1"], ["2", "0", "1", "0", "1", "1", "2", "0", "0", "2", "1", "0"], ["0", "2", "2", "2", "2", "2", "0", "2", "1", "0", "0", "1"], ["0", "0", "2", "2", "2", "2", "1", "0", "1", "1", "1", "1"]], "pos": [{"x": "6", "y": "5"}, {"x": "2", "y": "3"}, {"x": "3", "y": "4"}, {"x": "7", "y": "4"}]}, "q": "0.0008338790113497602", "z": "1", "visitCount": [["18", "0", "0", "0", "16", "0", "20", "17", "18", "17", "19", "20", "0", "22", "0", "0", "0", "0", "0", "0", "0", "0", "0", "0", "0", "0", "0", "0", "0", "0", "0", "0", "0", "0", "0", "0", "0", "0", "0", "0", "0", "0", "0", "0", "0", "0", "0", "0", "0", "0", "0", "0", "0", "0", "0", "0", "0", "0", "0", "0", "0", "0", "0", "0", "0", "0", "0", "0", "0", "0", "0", "0", "0", "0", "0", "0", "0", "0", "0", "0", "0", "0", "0", "0", "0", "0", "0", "0", "0", "0", "0", "0", "0", "0", "0", "0", "0", "0", "0", "0", "0", "0", "19", "0", "0", "0", "18", "0", "18", "21", "18", "19", "18", "17", "0", "16", "0", "0", "0", "0", "0", "0", "0", "0", "0", "0", "0", "0", "0", "0", "0", "0", "0", "0", "0", "0", "18", "0", "0", "0", "20", "0", "17", "17", "21", "19", "21", "17", "0", "18", "0", "0", "0", "0", "0", "0", "0", "0", "0", "0", "0", "0", "0", "0", "0", "0", "0", "0", "0", "0", "0", "0", "0", "0", "0", "0", "0", "0", "0", "0", "0", "0", "0", "0", "0", "0", "0", "0", "0", "0", "0", "0", "0", "0", "0", "0", "0", "0", "0", "0", "0", "0", "0", "0", "16", "0", "0", "0", "19", "0", "23", "16", "20", "18", "17", "17", "0", "17", "0", "0", "0", "20", "0", "0", "0", "16", "0", "17", "17", "17", "18", "16", "21", "0", "20", "0", "0", "0", "0", "0", "0", "0", "0", "0", "0", "0", "0", "0", "0", "0", "0", "0", "0", "0", "0", "19", "0", "0", "0", "22", "0", "19", "18", "18", "18", "20", "22", "0", "20", "0", "0", "0", "0", "0", "0", "0", "0", "0", "0", "0", "0", "0", "0", "0", "0", "0", "0", "0", "0"], ["14", "0", "12", "0", "11", "12", "12", "12", "0", "13", "0", "15", "0", "0", "0", "0", "13", "12", "0", "12", "0", "13", "12", "12", "11", "0", "11", "0", "13", "0", "0", "0", "0", "14", "14", "0", "13", "0", "13", "13", "12", "13", "0", "12", "0", "13", "0", "0", "0", "0", "13", "11", "0", "12", "0", "12", "10", "11", "12", "0", "14", "0", "12", "0", "0", "0", "0", "12", "13", "0", "13", "0", "13", "12", "12", "13", "0", "13", "0", "12", "0", "0", "0", "0", "13", "0", "0", "0", "0", "0", "0", "0", "0", "0", "0", "0", "0", "0", "0", "0", "0", "0", "12", "0", "11", "0", "13", "12", "12", "12", "0", "12", "0", "12", "0", "0", "0", "0", "13", "0", "0", "0", "0", "0", "0", "0", "0", "0", "0", "0", "0", "0", "0", "0", "0", "0", "12", "0", "13", "0", "12", "12", "13", "11", "0", "13", "0", "12", "0", "0", "0", "0", "14", "0", "0", "0", "0", "0", "0", "0", "0", "0", "0", "0", "0", "0", "0", "0", "0", "0", "0", "0", "0", "0", "0", "0", "0", "0", "0", "0", "0", "0", "0", "0", "0", "0", "0", "0", "0", "0", "0", "0", "0", "0", "0", "0", "0", "0", "0", "0", "0", "0", "0", "0", "0", "0", "0", "0", "0", "0", "0", "0", "0", "0", "0", "0", "0", "0", "0", "0", "0", "12", "0", "12", "0", "10", "12", "12", "11", "0", "13", "0", "13", "0", "0", "0", "0", "13", "0", "0", "0", "0", "0", "0", "0", "0", "0", "0", "0", "0", "0", "0", "0", "0", "0", "13", "0", "12", "0", "13", "11", "12", "13", "0", "11", "0", "13", "0", "0", "0", "0", "13", "0", "0", "0", "0", "0", "0", "0", "0", "0", "0", "0", "0", "0", "0", "0", "0", "0"]]}