{"state": {"resTurn": "68", "h": "6", "w": "12", "score": [["0", "0", "0", "0", "-1", "0", "0", "-1", "0", "0", "0", "0"], ["0", "0", "0", "1", "1", "1", "1", "1", "1", "0", "0", "0"], ["0", "1", "0", "1", "0", "0", "0", "0", "1", "0", "1", "0"], ["0", "1", "0", "0", "1", "0", "0", "1", "0", "0", "1", "0"], ["0", "0", "0", "0", "1", "1", "1", "1", "0", "0", "0", "0"], ["-1", "1", "0", "0", "1", "-1", "-1", "1", "0", "0", "1", "-1"]], "color": [["0", "0", "1", "1", "1", "1", "0", "0", "0", "0", "0", "0"], ["2", "0", "0", "1", "1", "1", "1", "0", "0", "0", "0", "0"], ["2", "2", "1", "1", "1", "1", "0", "0", "0", "0", "1", "1"], ["2", "0", "1", "0", "1", "1", "2", "0", "0", "2", "1", "0"], ["0", "2", "2", "2", "2", "2", "0", "2", "1", "0", "0", "1"], ["0", "0", "2", "2", "2", "0", "1", "0", "1", "1", "1", "1"]], "pos": [{"x": "6", "y": "5"}, {"x": "2", "y": "2"}, {"x": "3", "y": "4"}, {"x": "7", "y": "4"}]}, "q": "0.001117095067652627", "z": "1", "visitCount": [["19", "18", "18", "21", "0", "16", "19", "21", "19", "0", "0", "0", "17", "0", "0", "0", "0", "0", "0", "0", "0", "0", "0", "0", "0", "0", "0", "0", "0", "0", "0", "0", "0", "0", "0", "0", "0", "0", "0", "0", "0", "0", "0", "0", "0", "0", "0", "0", "0", "0", "0", "0", "0", "0", "0", "0", "0", "0", "0", "0", "0", "0", "0", "0", "0", "0", "0", "0", "19", "17", "18", "17", "0", "18", "20", "18", "15", "0", "0", "0", "20", "0", "0", "0", "0", "0", "0", "0", "0", "0", "0", "0", "0", "0", "0", "0", "0", "0", "0", "0", "0", "0", "17", "18", "20", "16", "0", "20", "19", "18", "14", "0", "0", "0", "18", "0", "0", "0", "0", "0", "0", "0", "0", "0", "0", "0", "0", "0", "0", "0", "0", "0", "0", "0", "0", "0", "17", "21", "20", "19", "0", "19", "17", "15", "20", "0", "0", "0", "23", "0", "0", "0", "0", "0", "0", "0", "0", "0", "0", "0", "0", "0", "0", "0", "0", "0", "0", "0", "0", "0", "0", "0", "0", "0", "0", "0", "0", "0", "0", "0", "0", "0", "0", "0", "0", "0", "0", "0", "0", "0", "0", "0", "0", "0", "0", "0", "0", "0", "0", "0", "0", "0", "0", "0", "0", "0", "0", "0", "0", "0", "0", "0", "0", "0", "0", "0", "0", "0", "0", "0", "0", "18", "21", "19", "15", "0", "16", "18", "19", "17", "0", "0", "0", "19", "0", "0", "0", "0", "0", "0", "0", "0", "0", "0", "0", "0", "0", "0", "0", "0", "0", "0", "0", "0", "0", "19", "23", "20", "20", "0", "21", "21", "18", "17", "0", "0", "0", "18", "0", "0", "0", "0", "0", "0", "0", "0", "0", "0", "0", "0", "0", "0", "0", "0", "0", "0", "0", "0", "0"], ["13", "0", "11", "0", "11", "12", "11", "15", "0", "13", "0", "12", "0", "0", "0", "0", "11", "11", "0", "11", "0", "12", "11", "13", "12", "0", "13", "0", "11", "0", "0", "0", "0", "13", "13", "0", "13", "0", "12", "12", "12", "12", "0", "14", "0", "15", "0", "0", "0", "0", "15", "12", "0", "12", "0", "14", "14", "13", "12", "0", "11", "0", "13", "0", "0", "0", "0", "13", "13", "0", "12", "0", "12", "12", "12", "14", "0", "12", "0", "11", "0", "0", "0", "0", "12", "0", "0", "0", "0", "0", "0", "0", "0", "0", "0", "0", "0", "0", "0", "0", "0", "0", "11", "0", "12", "0", "12", "12", "13", "11", "0", "12", "0", "11", "0", "0", "0", "0", "12", "0", "0", "0", "0", "0", "0", "0", "0", "0", "0", "0", "0", "0", "0", "0", "0", "0", "13", "0", "13", "0", "12", "14", "12", "14", "0", "13", "0", "12", "0", "0", "0", "0", "14", "0", "0", "0", "0", "0", "0", "0", "0", "0", "0", "0", "0", "0", "0", "0", "0", "0", "0", "0", "0", "0", "0", "0", "0", "0", "0", "0", "0", "0", "0", "0", "0", "0", "0", "0", "0", "0", "0", "0", "0", "0", "0", "0", "0", "0", "0", "0", "0", "0", "0", "0", "0", "0", "0", "0", "0", "0", "0", "0", "0", "0", "0", "0", "0", "0", "0", "0", "0", "14", "0", "13", "0", "14", "11", "12", "10", "0", "12", "0", "12", "0", "0", "0", "0", "13", "0", "0", "0", "0", "0", "0", "0", "0", "0", "0", "0", "0", "0", "0", "0", "0", "0", "12", "0", "13", "0", "11", "12", "11", "14", "0", "12", "0", "11", "0", "0", "0", "0", "12", "0", "0", "0", "0", "0", "0", "0", "0", "0", "0", "0", "0", "0", "0", "0", "0", "0"]]}