{"state": {"resTurn": "67", "h": "6", "w": "12", "score": [["0", "0", "0", "0", "-1", "0", "0", "-1", "0", "0", "0", "0"], ["0", "0", "0", "1", "1", "1", "1", "1", "1", "0", "0", "0"], ["0", "1", "0", "1", "0", "0", "0", "0", "1", "0", "1", "0"], ["0", "1", "0", "0", "1", "0", "0", "1", "0", "0", "1", "0"], ["0", "0", "0", "0", "1", "1", "1", "1", "0", "0", "0", "0"], ["-1", "1", "0", "0", "1", "-1", "-1", "1", "0", "0", "1", "-1"]], "color": [["0", "0", "1", "1", "1", "1", "0", "0", "0", "0", "0", "0"], ["2", "0", "0", "1", "1", "1", "1", "0", "0", "0", "0", "0"], ["2", "0", "1", "1", "1", "1", "0", "0", "0", "0", "1", "1"], ["2", "0", "1", "0", "1", "1", "2", "0", "2", "2", "1", "0"], ["0", "2", "2", "2", "2", "2", "0", "2", "1", "0", "0", "1"], ["0", "0", "2", "2", "2", "0", "1", "1", "1", "1", "1", "1"]], "pos": [{"x": "7", "y": "5"}, {"x": "2", "y": "2"}, {"x": "3", "y": "4"}, {"x": "8", "y": "3"}]}, "q": "0.000896717330653743", "z": "1", "visitCount": [["17", "18", "22", "18", "18", "21", "20", "19", "20", "0", "0", "0", "0", "0", "0", "0", "0", "0", "0", "0", "0", "0", "0", "0", "0", "0", "0", "0", "0", "0", "0", "0", "0", "0", "0", "0", "0", "0", "0", "0", "0", "0", "0", "0", "0", "0", "0", "0", "0", "0", "0", "0", "0", "0", "0", "0", "0", "0", "0", "0", "0", "0", "0", "0", "0", "0", "0", "0", "17", "18", "17", "19", "20", "20", "24", "19", "16", "0", "0", "0", "0", "0", "0", "0", "0", "16", "19", "16", "19", "17", "16", "16", "19", "15", "0", "0", "0", "0", "0", "0", "0", "0", "0", "0", "0", "0", "0", "0", "0", "0", "0", "0", "0", "0", "0", "0", "0", "0", "0", "23", "17", "19", "19", "16", "19", "19", "16", "18", "0", "0", "0", "0", "0", "0", "0", "0", "17", "18", "19", "19", "18", "17", "18", "18", "18", "0", "0", "0", "0", "0", "0", "0", "0", "0", "0", "0", "0", "0", "0", "0", "0", "0", "0", "0", "0", "0", "0", "0", "0", "0", "0", "0", "0", "0", "0", "0", "0", "0", "0", "0", "0", "0", "0", "0", "0", "0", "0", "0", "0", "0", "0", "0", "0", "0", "0", "0", "0", "0", "0", "0", "0", "0", "0", "0", "0", "0", "0", "0", "0", "0", "0", "0", "0", "0", "0", "0", "0", "0", "0", "0", "0", "0", "0", "0", "0", "0", "0", "0", "0", "0", "0", "0", "0", "0", "0", "0", "0", "0", "18", "20", "19", "18", "20", "21", "20", "21", "19", "0", "0", "0", "0", "0", "0", "0", "0", "0", "0", "0", "0", "0", "0", "0", "0", "0", "0", "0", "0", "0", "0", "0", "0", "0", "0", "0", "0", "0", "0", "0", "0", "0", "0", "0", "0", "0", "0", "0", "0", "0", "0"], ["11", "11", "0", "14", "12", "12", "13", "13", "12", "0", "11", "0", "0", "0", "0", "0", "0", "13", "11", "0", "11", "12", "12", "13", "13", "11", "0", "12", "0", "0", "0", "0", "0", "0", "14", "11", "0", "13", "14", "13", "11", "12", "12", "0", "10", "0", "0", "0", "0", "0", "0", "12", "12", "0", "13", "14", "11", "12", "14", "12", "0", "12", "0", "0", "0", "0", "0", "0", "12", "12", "0", "12", "12", "12", "11", "12", "12", "0", "14", "0", "0", "0", "0", "0", "0", "0", "0", "0", "0", "0", "0", "0", "0", "0", "0", "0", "0", "0", "0", "0", "0", "0", "12", "12", "0", "12", "13", "13", "13", "13", "12", "0", "13", "0", "0", "0", "0", "0", "0", "0", "0", "0", "0", "0", "0", "0", "0", "0", "0", "0", "0", "0", "0", "0", "0", "0", "13", "13", "0", "14", "16", "12", "12", "11", "11", "0", "11", "0", "0", "0", "0", "0", "0", "0", "0", "0", "0", "0", "0", "0", "0", "0", "0", "0", "0", "0", "0", "0", "0", "0", "0", "0", "0", "0", "0", "0", "0", "0", "0", "0", "0", "0", "0", "0", "0", "0", "0", "0", "0", "0", "0", "0", "0", "0", "0", "0", "0", "0", "0", "0", "0", "0", "0", "0", "0", "0", "0", "0", "0", "0", "0", "0", "0", "0", "0", "0", "0", "0", "0", "0", "0", "13", "11", "0", "12", "12", "12", "11", "11", "17", "0", "13", "0", "0", "0", "0", "0", "0", "0", "0", "0", "0", "0", "0", "0", "0", "0", "0", "0", "0", "0", "0", "0", "0", "0", "13", "12", "0", "13", "13", "12", "13", "12", "13", "0", "13", "0", "0", "0", "0", "0", "0", "0", "0", "0", "0", "0", "0", "0", "0", "0", "0", "0", "0", "0", "0", "0", "0", "0"]]}