{"state": {"resTurn": "66", "h": "6", "w": "12", "score": [["0", "0", "0", "0", "-1", "0", "0", "-1", "0", "0", "0", "0"], ["0", "0", "0", "1", "1", "1", "1", "1", "1", "0", "0", "0"], ["0", "1", "0", "1", "0", "0", "0", "0", "1", "0", "1", "0"], ["0", "1", "0", "0", "1", "0", "0", "1", "0", "0", "1", "0"], ["0", "0", "0", "0", "1", "1", "1", "1", "0", "0", "0", "0"], ["-1", "1", "0", "0", "1", "-1", "-1", "1", "0", "0", "1", "-1"]], "color": [["0", "0", "1", "1", "1", "1", "0", "0", "0", "0", "0", "0"], ["2", "0", "1", "1", "1", "1", "1", "0", "0", "0", "0", "0"], ["2", "0", "1", "1", "1", "1", "0", "0", "0", "0", "1", "1"], ["2", "0", "0", "0", "1", "1", "2", "0", "2", "2", "1", "0"], ["0", "2", "2", "2", "2", "2", "0", "2", "1", "0", "0", "1"], ["0", "0", "2", "2", "2", "0", "1", "1", "1", "1", "1", "1"]], "pos": [{"x": "6", "y": "5"}, {"x": "2", "y": "1"}, {"x": "3", "y": "4"}, {"x": "9", "y": "3"}]}, "q": "0.0005378156768085612", "z": "1", "visitCount": [["17", "22", "21", "22", "17", "17", "17", "21", "20", "0", "0", "0", "0", "0", "0", "0", "0", "0", "0", "0", "0", "0", "0", "0", "0", "0", "0", "0", "0", "0", "0", "0", "0", "0", "0", "0", "0", "0", "0", "0", "0", "0", "0", "0", "0", "0", "0", "0", "0", "0", "0", "0", "0", "0", "0", "0", "0", "0", "0", "0", "0", "0", "0", "0", "0", "0", "0", "0", "18", "16", "21", "19", "17", "17", "16", "16", "19", "0", "0", "0", "0", "0", "0", "0", "0", "0", "0", "0", "0", "0", "0", "0", "0", "0", "0", "0", "0", "0", "0", "0", "0", "0", "17", "22", "17", "18", "19", "17", "16", "19", "19", "0", "0", "0", "0", "0", "0", "0", "0", "0", "0", "0", "0", "0", "0", "0", "0", "0", "0", "0", "0", "0", "0", "0", "0", "0", "15", "18", "16", "21", "21", "18", "19", "20", "19", "0", "0", "0", "0", "0", "0", "0", "0", "0", "0", "0", "0", "0", "0", "0", "0", "0", "0", "0", "0", "0", "0", "0", "0", "0", "0", "0", "0", "0", "0", "0", "0", "0", "0", "0", "0", "0", "0", "0", "0", "0", "0", "0", "0", "0", "0", "0", "0", "0", "0", "0", "0", "0", "0", "0", "0", "0", "0", "0", "0", "0", "0", "0", "0", "0", "0", "0", "0", "0", "0", "0", "0", "0", "0", "0", "0", "20", "17", "16", "19", "18", "18", "21", "17", "17", "0", "0", "0", "0", "0", "0", "0", "0", "0", "0", "0", "0", "0", "0", "0", "0", "0", "0", "0", "0", "0", "0", "0", "0", "0", "20", "19", "17", "18", "17", "18", "19", "24", "21", "0", "0", "0", "0", "0", "0", "0", "0", "0", "0", "0", "0", "0", "0", "0", "0", "0", "0", "0", "0", "0", "0", "0", "0", "0"], ["13", "15", "11", "0", "12", "13", "11", "0", "0", "0", "0", "12", "0", "0", "0", "11", "12", "10", "12", "11", "0", "15", "12", "11", "0", "0", "0", "0", "13", "0", "0", "0", "11", "13", "14", "12", "14", "0", "14", "12", "14", "0", "0", "0", "0", "11", "0", "0", "0", "12", "12", "13", "13", "12", "0", "12", "12", "13", "0", "0", "0", "0", "12", "0", "0", "0", "12", "11", "14", "12", "12", "0", "13", "12", "12", "0", "0", "0", "0", "13", "0", "0", "0", "14", "12", "13", "13", "13", "0", "13", "12", "12", "0", "0", "0", "0", "10", "0", "0", "0", "16", "13", "13", "13", "12", "0", "11", "13", "11", "0", "0", "0", "0", "11", "0", "0", "0", "11", "12", "0", "0", "0", "0", "0", "0", "0", "0", "0", "0", "0", "0", "0", "0", "0", "0", "0", "13", "12", "12", "0", "14", "11", "13", "0", "0", "0", "0", "13", "0", "0", "0", "12", "12", "0", "0", "0", "0", "0", "0", "0", "0", "0", "0", "0", "0", "0", "0", "0", "0", "0", "0", "0", "0", "0", "0", "0", "0", "0", "0", "0", "0", "0", "0", "0", "0", "0", "0", "0", "0", "0", "0", "0", "0", "0", "0", "0", "0", "0", "0", "0", "0", "0", "0", "0", "0", "0", "0", "0", "0", "0", "0", "0", "0", "0", "0", "0", "0", "0", "0", "0", "0", "0", "0", "0", "0", "0", "0", "0", "0", "0", "0", "0", "0", "0", "0", "0", "0", "0", "0", "0", "0", "0", "0", "0", "0", "0", "0", "0", "0", "0", "0", "0", "0", "0", "0", "12", "13", "12", "0", "10", "12", "13", "0", "0", "0", "0", "11", "0", "0", "0", "13", "13", "0", "0", "0", "0", "0", "0", "0", "0", "0", "0", "0", "0", "0", "0", "0", "0", "0"]]}