{"state": {"resTurn": "65", "h": "6", "w": "12", "score": [["0", "0", "0", "0", "-1", "0", "0", "-1", "0", "0", "0", "0"], ["0", "0", "0", "1", "1", "1", "1", "1", "1", "0", "0", "0"], ["0", "1", "0", "1", "0", "0", "0", "0", "1", "0", "1", "0"], ["0", "1", "0", "0", "1", "0", "0", "1", "0", "0", "1", "0"], ["0", "0", "0", "0", "1", "1", "1", "1", "0", "0", "0", "0"], ["-1", "1", "0", "0", "1", "-1", "-1", "1", "0", "0", "1", "-1"]], "color": [["0", "0", "1", "1", "1", "1", "0", "0", "0", "0", "0", "0"], ["2", "0", "1", "1", "1", "1", "1", "0", "0", "0", "0", "0"], ["2", "0", "1", "1", "1", "1", "0", "0", "0", "0", "0", "1"], ["2", "0", "2", "0", "1", "1", "2", "0", "2", "2", "1", "0"], ["0", "2", "2", "2", "2", "2", "0", "0", "1", "0", "0", "1"], ["0", "0", "2", "2", "2", "0", "1", "1", "1", "1", "1", "1"]], "pos": [{"x": "6", "y": "5"}, {"x": "3", "y": "0"}, {"x": "2", "y": "3"}, {"x": "9", "y": "3"}]}, "q": "0.0006811836108356303", "z": "1", "visitCount": [["22", "35", "31", "27", "29", "0", "0", "0", "25", "0", "0", "0", "0", "0", "0", "0", "0", "0", "0", "0", "0", "0", "0", "0", "0", "0", "0", "0", "0", "0", "0", "0", "0", "0", "0", "0", "0", "0", "0", "0", "0", "0", "0", "0", "0", "0", "0", "0", "0", "0", "0", "0", "0", "0", "0", "0", "0", "0", "0", "0", "0", "0", "0", "0", "0", "0", "0", "0", "26", "27", "28", "30", "31", "0", "0", "0", "23", "0", "0", "0", "0", "0", "0", "0", "0", "0", "0", "0", "0", "0", "0", "0", "0", "0", "0", "0", "0", "0", "0", "0", "0", "0", "28", "25", "27", "29", "24", "0", "0", "0", "22", "0", "0", "0", "0", "0", "0", "0", "0", "29", "31", "33", "28", "29", "0", "0", "0", "28", "0", "0", "0", "0", "0", "0", "0", "0", "27", "31", "29", "28", "32", "0", "0", "0", "27", "0", "0", "0", "0", "0", "0", "0", "0", "0", "0", "0", "0", "0", "0", "0", "0", "0", "0", "0", "0", "0", "0", "0", "0", "0", "0", "0", "0", "0", "0", "0", "0", "0", "0", "0", "0", "0", "0", "0", "0", "0", "0", "0", "0", "0", "0", "0", "0", "0", "0", "0", "0", "0", "0", "0", "0", "0", "0", "0", "0", "0", "0", "0", "0", "0", "0", "0", "0", "0", "0", "0", "0", "0", "0", "0", "0", "25", "29", "26", "29", "24", "0", "0", "0", "26", "0", "0", "0", "0", "0", "0", "0", "0", "0", "0", "0", "0", "0", "0", "0", "0", "0", "0", "0", "0", "0", "0", "0", "0", "0", "0", "0", "0", "0", "0", "0", "0", "0", "0", "0", "0", "0", "0", "0", "0", "0", "0", "0", "0", "0", "0", "0", "0", "0", "0", "0", "0", "0", "0", "0", "0", "0", "0", "0"], ["13", "13", "12", "0", "11", "14", "13", "13", "0", "0", "0", "12", "0", "0", "0", "0", "14", "14", "14", "13", "0", "12", "12", "12", "13", "0", "0", "0", "11", "0", "0", "0", "0", "13", "11", "11", "11", "0", "13", "13", "11", "14", "0", "0", "0", "11", "0", "0", "0", "0", "12", "11", "13", "13", "0", "14", "12", "13", "12", "0", "0", "0", "12", "0", "0", "0", "0", "11", "11", "15", "12", "0", "12", "12", "12", "12", "0", "0", "0", "13", "0", "0", "0", "0", "12", "13", "12", "13", "0", "13", "14", "11", "14", "0", "0", "0", "10", "0", "0", "0", "0", "12", "0", "0", "0", "0", "0", "0", "0", "0", "0", "0", "0", "0", "0", "0", "0", "0", "0", "0", "0", "0", "0", "0", "0", "0", "0", "0", "0", "0", "0", "0", "0", "0", "0", "0", "12", "13", "12", "0", "13", "12", "12", "13", "0", "0", "0", "12", "0", "0", "0", "0", "11", "0", "0", "0", "0", "0", "0", "0", "0", "0", "0", "0", "0", "0", "0", "0", "0", "0", "0", "0", "0", "0", "0", "0", "0", "0", "0", "0", "0", "0", "0", "0", "0", "0", "0", "0", "0", "0", "0", "0", "0", "0", "0", "0", "0", "0", "0", "0", "0", "0", "0", "0", "0", "0", "0", "0", "0", "0", "0", "0", "0", "0", "0", "0", "0", "0", "0", "0", "0", "0", "0", "0", "0", "0", "0", "0", "0", "0", "0", "0", "0", "0", "0", "0", "0", "0", "12", "12", "12", "0", "12", "13", "13", "12", "0", "0", "0", "13", "0", "0", "0", "0", "11", "13", "11", "13", "0", "12", "11", "13", "13", "0", "0", "0", "12", "0", "0", "0", "0", "12", "0", "0", "0", "0", "0", "0", "0", "0", "0", "0", "0", "0", "0", "0", "0", "0", "0"]]}