{"state": {"resTurn": "64", "h": "6", "w": "12", "score": [["0", "0", "0", "0", "-1", "0", "0", "-1", "0", "0", "0", "0"], ["0", "0", "0", "1", "1", "1", "1", "1", "1", "0", "0", "0"], ["0", "1", "0", "1", "0", "0", "0", "0", "1", "0", "1", "0"], ["0", "1", "0", "0", "1", "0", "0", "1", "0", "0", "1", "0"], ["0", "0", "0", "0", "1", "1", "1", "1", "0", "0", "0", "0"], ["-1", "1", "0", "0", "1", "-1", "-1", "1", "0", "0", "1", "-1"]], "color": [["0", "0", "1", "1", "1", "1", "0", "0", "0", "0", "0", "0"], ["2", "0", "1", "1", "1", "1", "1", "0", "0", "0", "0", "0"], ["2", "0", "1", "1", "1", "1", "0", "0", "0", "0", "0", "1"], ["2", "2", "2", "0", "1", "1", "2", "0", "2", "2", "1", "0"], ["0", "2", "2", "2", "2", "2", "0", "0", "1", "0", "2", "1"], ["0", "0", "2", "2", "2", "0", "1", "1", "1", "1", "1", "1"]], "pos": [{"x": "6", "y": "5"}, {"x": "4", "y": "1"}, {"x": "1", "y": "3"}, {"x": "10", "y": "4"}]}, "q": "0.0006818702619207088", "z": "1", "visitCount": [["18", "14", "22", "19", "21", "18", "21", "19", "18", "0", "0", "0", "0", "0", "0", "0", "0", "0", "0", "0", "0", "0", "0", "0", "0", "0", "0", "0", "0", "0", "0", "0", "0", "0", "0", "0", "0", "0", "0", "0", "0", "0", "0", "0", "0", "0", "0", "0", "0", "0", "0", "0", "0", "0", "0", "0", "0", "0", "0", "0", "0", "0", "0", "0", "0", "0", "0", "0", "19", "17", "18", "15", "18", "18", "19", "16", "19", "0", "0", "0", "0", "0", "0", "0", "0", "0", "0", "0", "0", "0", "0", "0", "0", "0", "0", "0", "0", "0", "0", "0", "0", "0", "18", "17", "17", "18", "19", "17", "18", "19", "17", "0", "0", "0", "0", "0", "0", "0", "0", "19", "21", "16", "21", "19", "20", "20", "18", "19", "0", "0", "0", "0", "0", "0", "0", "0", "17", "17", "18", "19", "20", "19", "18", "19", "17", "0", "0", "0", "0", "0", "0", "0", "0", "0", "0", "0", "0", "0", "0", "0", "0", "0", "0", "0", "0", "0", "0", "0", "0", "0", "0", "0", "0", "0", "0", "0", "0", "0", "0", "0", "0", "0", "0", "0", "0", "0", "0", "0", "0", "0", "0", "0", "0", "0", "0", "0", "0", "0", "0", "0", "0", "0", "0", "0", "0", "0", "0", "0", "0", "0", "0", "0", "0", "0", "0", "0", "0", "0", "0", "0", "0", "17", "22", "22", "18", "18", "20", "18", "19", "21", "0", "0", "0", "0", "0", "0", "0", "0", "0", "0", "0", "0", "0", "0", "0", "0", "0", "0", "0", "0", "0", "0", "0", "0", "0", "0", "0", "0", "0", "0", "0", "0", "0", "0", "0", "0", "0", "0", "0", "0", "0", "0", "0", "0", "0", "0", "0", "0", "0", "0", "0", "0", "0", "0", "0", "0", "0", "0", "0"], ["13", "0", "0", "0", "12", "11", "0", "10", "0", "12", "13", "14", "0", "0", "12", "0", "14", "12", "0", "0", "0", "12", "13", "0", "11", "0", "12", "12", "14", "0", "0", "12", "0", "13", "13", "0", "0", "0", "11", "13", "0", "14", "0", "15", "11", "12", "0", "0", "13", "0", "11", "13", "0", "0", "0", "10", "11", "0", "12", "0", "10", "11", "14", "0", "0", "11", "0", "12", "12", "0", "0", "0", "13", "13", "0", "12", "0", "12", "13", "11", "0", "0", "12", "0", "13", "13", "0", "0", "0", "13", "12", "0", "14", "0", "13", "13", "11", "0", "0", "11", "0", "13", "13", "0", "0", "0", "12", "12", "0", "12", "0", "13", "11", "13", "0", "0", "13", "0", "12", "0", "0", "0", "0", "0", "0", "0", "0", "0", "0", "0", "0", "0", "0", "0", "0", "0", "12", "0", "0", "0", "14", "15", "0", "13", "0", "13", "12", "12", "0", "0", "12", "0", "12", "0", "0", "0", "0", "0", "0", "0", "0", "0", "0", "0", "0", "0", "0", "0", "0", "0", "0", "0", "0", "0", "0", "0", "0", "0", "0", "0", "0", "0", "0", "0", "0", "0", "0", "0", "0", "0", "0", "0", "0", "0", "0", "0", "0", "0", "0", "0", "0", "0", "0", "0", "0", "0", "0", "0", "0", "0", "0", "0", "0", "0", "0", "0", "0", "0", "0", "0", "0", "0", "0", "0", "0", "0", "0", "0", "0", "0", "0", "0", "0", "0", "0", "0", "0", "0", "0", "0", "0", "0", "0", "0", "0", "0", "0", "0", "0", "0", "0", "0", "0", "0", "0", "14", "0", "0", "0", "13", "11", "0", "14", "0", "10", "12", "13", "0", "0", "12", "0", "13", "0", "0", "0", "0", "0", "0", "0", "0", "0", "0", "0", "0", "0", "0", "0", "0", "0"]]}