{"state": {"resTurn": "63", "h": "6", "w": "12", "score": [["0", "0", "0", "0", "-1", "0", "0", "-1", "0", "0", "0", "0"], ["0", "0", "0", "1", "1", "1", "1", "1", "1", "0", "0", "0"], ["0", "1", "0", "1", "0", "0", "0", "0", "1", "0", "1", "0"], ["0", "1", "0", "0", "1", "0", "0", "1", "0", "0", "1", "0"], ["0", "0", "0", "0", "1", "1", "1", "1", "0", "0", "0", "0"], ["-1", "1", "0", "0", "1", "-1", "-1", "1", "0", "0", "1", "-1"]], "color": [["0", "0", "1", "1", "1", "1", "0", "0", "0", "0", "0", "0"], ["2", "0", "1", "1", "1", "1", "1", "0", "0", "0", "0", "0"], ["2", "0", "1", "1", "1", "1", "0", "0", "0", "0", "0", "1"], ["2", "2", "2", "0", "1", "1", "2", "0", "2", "2", "1", "0"], ["0", "2", "2", "2", "2", "2", "0", "0", "1", "0", "2", "1"], ["0", "0", "2", "2", "2", "0", "1", "1", "1", "1", "1", "0"]], "pos": [{"x": "6", "y": "5"}, {"x": "4", "y": "2"}, {"x": "1", "y": "4"}, {"x": "10", "y": "4"}]}, "q": "0.0006024995522622495", "z": "1", "visitCount": [["20", "18", "18", "21", "21", "21", "19", "20", "20", "0", "0", "0", "0", "0", "0", "0", "0", "0", "0", "0", "0", "0", "0", "0", "0", "0", "0", "0", "0", "0", "0", "0", "0", "0", "0", "0", "0", "0", "0", "0", "0", "0", "0", "0", "0", "0", "0", "0", "0", "0", "0", "0", "0", "0", "0", "0", "0", "0", "0", "0", "0", "0", "0", "0", "0", "0", "0", "0", "18", "19", "18", "21", "15", "20", "18", "19", "20", "0", "0", "0", "0", "0", "0", "0", "0", "0", "0", "0", "0", "0", "0", "0", "0", "0", "0", "0", "0", "0", "0", "0", "0", "0", "17", "16", "15", "20", "17", "16", "16", "16", "18", "0", "0", "0", "0", "0", "0", "0", "0", "18", "20", "20", "20", "19", "19", "18", "22", "19", "0", "0", "0", "0", "0", "0", "0", "0", "21", "20", "14", "18", "19", "21", "18", "18", "16", "0", "0", "0", "0", "0", "0", "0", "0", "0", "0", "0", "0", "0", "0", "0", "0", "0", "0", "0", "0", "0", "0", "0", "0", "0", "0", "0", "0", "0", "0", "0", "0", "0", "0", "0", "0", "0", "0", "0", "0", "0", "0", "0", "0", "0", "0", "0", "0", "0", "0", "0", "0", "0", "0", "0", "0", "0", "0", "0", "0", "0", "0", "0", "0", "0", "0", "0", "0", "0", "0", "0", "0", "0", "0", "0", "0", "19", "18", "20", "16", "16", "21", "17", "18", "18", "0", "0", "0", "0", "0", "0", "0", "0", "0", "0", "0", "0", "0", "0", "0", "0", "0", "0", "0", "0", "0", "0", "0", "0", "0", "0", "0", "0", "0", "0", "0", "0", "0", "0", "0", "0", "0", "0", "0", "0", "0", "0", "0", "0", "0", "0", "0", "0", "0", "0", "0", "0", "0", "0", "0", "0", "0", "0", "0"], ["12", "10", "0", "0", "13", "10", "0", "11", "0", "0", "12", "12", "0", "0", "13", "0", "13", "13", "14", "0", "0", "11", "11", "0", "11", "0", "0", "12", "12", "0", "0", "11", "0", "13", "12", "12", "0", "0", "13", "14", "0", "11", "0", "0", "12", "15", "0", "0", "12", "0", "12", "13", "12", "0", "0", "11", "12", "0", "11", "0", "0", "13", "13", "0", "0", "12", "0", "11", "13", "12", "0", "0", "10", "13", "0", "11", "0", "0", "13", "11", "0", "0", "13", "0", "11", "13", "11", "0", "0", "14", "10", "0", "14", "0", "0", "13", "13", "0", "0", "13", "0", "13", "12", "14", "0", "0", "12", "11", "0", "14", "0", "0", "13", "14", "0", "0", "12", "0", "12", "15", "13", "0", "0", "12", "12", "0", "12", "0", "0", "14", "11", "0", "0", "13", "0", "12", "12", "14", "0", "0", "12", "14", "0", "13", "0", "0", "12", "13", "0", "0", "14", "0", "12", "0", "0", "0", "0", "0", "0", "0", "0", "0", "0", "0", "0", "0", "0", "0", "0", "0", "0", "0", "0", "0", "0", "0", "0", "0", "0", "0", "0", "0", "0", "0", "0", "0", "0", "0", "0", "0", "0", "0", "0", "0", "0", "0", "0", "0", "0", "0", "0", "0", "0", "0", "0", "0", "0", "0", "0", "0", "0", "0", "0", "0", "0", "0", "0", "0", "0", "0", "0", "0", "0", "0", "0", "0", "0", "0", "0", "0", "0", "0", "0", "0", "0", "0", "0", "0", "0", "0", "0", "0", "0", "0", "0", "0", "0", "0", "0", "0", "0", "0", "0", "0", "0", "0", "0", "0", "0", "0", "0", "0", "0", "0", "0", "0", "0", "0", "0", "0", "0", "0", "0", "0", "0", "0", "0", "0", "0", "0", "0", "0", "0", "0", "0", "0", "0", "0", "0"]]}