{"state": {"resTurn": "62", "h": "6", "w": "12", "score": [["0", "0", "0", "0", "-1", "0", "0", "-1", "0", "0", "0", "0"], ["0", "0", "0", "1", "1", "1", "1", "1", "1", "0", "0", "0"], ["0", "1", "0", "1", "0", "0", "0", "0", "1", "0", "1", "0"], ["0", "1", "0", "0", "1", "0", "0", "1", "0", "0", "1", "0"], ["0", "0", "0", "0", "1", "1", "1", "1", "0", "0", "0", "0"], ["-1", "1", "0", "0", "1", "-1", "-1", "1", "0", "0", "1", "-1"]], "color": [["0", "0", "1", "1", "1", "1", "0", "0", "0", "0", "0", "0"], ["2", "0", "1", "1", "1", "1", "1", "0", "0", "0", "0", "0"], ["2", "0", "1", "1", "1", "1", "0", "0", "0", "0", "0", "1"], ["2", "2", "2", "0", "1", "1", "2", "0", "2", "2", "1", "0"], ["0", "2", "2", "2", "2", "2", "0", "1", "1", "0", "2", "1"], ["0", "2", "2", "2", "2", "0", "1", "1", "1", "0", "1", "0"]], "pos": [{"x": "7", "y": "4"}, {"x": "5", "y": "1"}, {"x": "1", "y": "5"}, {"x": "10", "y": "4"}]}, "q": "0.0007328283822431985", "z": "1", "visitCount": [["14", "12", "13", "13", "13", "13", "13", "12", "13", "0", "0", "0", "0", "0", "0", "0", "0", "12", "11", "11", "13", "12", "12", "14", "13", "11", "0", "0", "0", "0", "0", "0", "0", "0", "11", "11", "12", "12", "11", "13", "14", "13", "13", "0", "0", "0", "0", "0", "0", "0", "0", "11", "12", "16", "12", "12", "12", "12", "15", "12", "0", "0", "0", "0", "0", "0", "0", "0", "12", "13", "12", "11", "11", "11", "14", "12", "11", "0", "0", "0", "0", "0", "0", "0", "0", "0", "0", "0", "0", "0", "0", "0", "0", "0", "0", "0", "0", "0", "0", "0", "0", "0", "13", "15", "14", "14", "13", "11", "12", "13", "14", "0", "0", "0", "0", "0", "0", "0", "0", "0", "0", "0", "0", "0", "0", "0", "0", "0", "0", "0", "0", "0", "0", "0", "0", "0", "13", "11", "11", "12", "14", "12", "12", "11", "14", "0", "0", "0", "0", "0", "0", "0", "0", "0", "0", "0", "0", "0", "0", "0", "0", "0", "0", "0", "0", "0", "0", "0", "0", "0", "0", "0", "0", "0", "0", "0", "0", "0", "0", "0", "0", "0", "0", "0", "0", "0", "0", "0", "0", "0", "0", "0", "0", "0", "0", "0", "0", "0", "0", "0", "0", "0", "0", "0", "0", "0", "0", "0", "0", "0", "0", "0", "0", "0", "0", "0", "0", "0", "0", "0", "0", "13", "12", "11", "12", "12", "13", "12", "11", "11", "0", "0", "0", "0", "0", "0", "0", "0", "0", "0", "0", "0", "0", "0", "0", "0", "0", "0", "0", "0", "0", "0", "0", "0", "0", "11", "12", "12", "12", "12", "12", "12", "11", "14", "0", "0", "0", "0", "0", "0", "0", "0", "0", "0", "0", "0", "0", "0", "0", "0", "0", "0", "0", "0", "0", "0", "0", "0", "0"], ["19", "20", "0", "18", "20", "15", "0", "17", "0", "0", "18", "0", "0", "0", "20", "0", "17", "0", "0", "0", "0", "0", "0", "0", "0", "0", "0", "0", "0", "0", "0", "0", "0", "0", "0", "0", "0", "0", "0", "0", "0", "0", "0", "0", "0", "0", "0", "0", "0", "0", "0", "0", "0", "0", "0", "0", "0", "0", "0", "0", "0", "0", "0", "0", "0", "0", "0", "0", "16", "17", "0", "20", "17", "15", "0", "18", "0", "0", "20", "0", "0", "0", "16", "0", "20", "20", "19", "0", "20", "16", "19", "0", "18", "0", "0", "21", "0", "0", "0", "20", "0", "19", "18", "20", "0", "20", "18", "17", "0", "22", "0", "0", "20", "0", "0", "0", "20", "0", "17", "20", "17", "0", "19", "18", "18", "0", "19", "0", "0", "20", "0", "0", "0", "19", "0", "17", "18", "21", "0", "18", "18", "20", "0", "16", "0", "0", "19", "0", "0", "0", "19", "0", "17", "0", "0", "0", "0", "0", "0", "0", "0", "0", "0", "0", "0", "0", "0", "0", "0", "0", "0", "0", "0", "0", "0", "0", "0", "0", "0", "0", "0", "0", "0", "0", "0", "0", "0", "0", "0", "0", "0", "0", "0", "0", "0", "0", "0", "0", "0", "0", "0", "0", "0", "0", "0", "0", "0", "0", "0", "0", "0", "0", "0", "0", "0", "0", "0", "0", "0", "0", "0", "0", "0", "0", "0", "0", "0", "0", "0", "0", "0", "0", "0", "0", "0", "0", "0", "0", "0", "0", "0", "0", "0", "0", "0", "0", "0", "0", "0", "0", "0", "0", "0", "0", "0", "0", "0", "0", "0", "0", "0", "0", "0", "0", "0", "0", "0", "0", "0", "0", "0", "0", "0", "0", "0", "0", "0", "0", "0", "0", "0", "0", "0", "0", "0", "0", "0", "0", "0"]]}