{"state": {"resTurn": "106", "h": "6", "w": "12", "score": [["0", "0", "0", "0", "-1", "0", "0", "-1", "0", "0", "0", "0"], ["0", "0", "0", "1", "1", "1", "1", "1", "1", "0", "0", "0"], ["0", "1", "0", "1", "0", "0", "0", "0", "1", "0", "1", "0"], ["0", "1", "0", "0", "1", "0", "0", "1", "0", "0", "1", "0"], ["0", "0", "0", "0", "1", "1", "1", "1", "0", "0", "0", "0"], ["-1", "1", "0", "0", "1", "-1", "-1", "1", "0", "0", "1", "-1"]], "color": [["0", "0", "0", "0", "0", "0", "0", "0", "0", "0", "0", "0"], ["2", "0", "0", "0", "0", "0", "0", "0", "0", "0", "0", "0"], ["0", "0", "0", "0", "0", "0", "0", "0", "0", "0", "1", "1"], ["0", "0", "1", "1", "0", "0", "2", "0", "0", "0", "1", "0"], ["0", "0", "1", "0", "0", "0", "0", "2", "2", "0", "2", "0"], ["0", "0", "0", "0", "0", "0", "0", "0", "0", "0", "0", "0"]], "pos": [{"x": "10", "y": "3"}, {"x": "3", "y": "3"}, {"x": "0", "y": "1"}, {"x": "6", "y": "3"}]}, "q": "0.001032584939232968", "z": "1", "visitCount": [["13", "12", "13", "12", "14", "13", "14", "13", "15", "0", "0", "0", "0", "0", "0", "0", "0", "13", "11", "11", "13", "13", "13", "11", "14", "13", "0", "0", "0", "0", "0", "0", "0", "0", "0", "0", "0", "0", "0", "0", "0", "0", "0", "0", "0", "0", "0", "0", "0", "0", "0", "10", "13", "11", "12", "10", "12", "12", "12", "11", "0", "0", "0", "0", "0", "0", "0", "0", "12", "13", "13", "12", "11", "12", "10", "13", "13", "0", "0", "0", "0", "0", "0", "0", "0", "11", "12", "10", "14", "11", "12", "11", "13", "13", "0", "0", "0", "0", "0", "0", "0", "0", "12", "12", "12", "11", "12", "14", "11", "14", "12", "0", "0", "0", "0", "0", "0", "0", "0", "14", "11", "12", "12", "13", "11", "11", "12", "12", "0", "0", "0", "0", "0", "0", "0", "0", "14", "14", "12", "13", "15", "12", "12", "13", "12", "0", "0", "0", "0", "0", "0", "0", "0", "0", "0", "0", "0", "0", "0", "0", "0", "0", "0", "0", "0", "0", "0", "0", "0", "0", "15", "14", "13", "15", "13", "12", "10", "12", "11", "0", "0", "0", "0", "0", "0", "0", "0", "0", "0", "0", "0", "0", "0", "0", "0", "0", "0", "0", "0", "0", "0", "0", "0", "0", "0", "0", "0", "0", "0", "0", "0", "0", "0", "0", "0", "0", "0", "0", "0", "0", "0", "0", "0", "0", "0", "0", "0", "0", "0", "0", "0", "0", "0", "0", "0", "0", "0", "0", "0", "0", "0", "0", "0", "0", "0", "0", "0", "0", "0", "0", "0", "0", "0", "0", "0", "0", "0", "0", "0", "0", "0", "0", "0", "0", "0", "0", "0", "0", "0", "0", "0", "0", "0", "0", "0", "0", "0", "0", "0", "0", "0", "0", "0", "0", "0", "0", "0", "0", "0"], ["18", "19", "21", "19", "19", "18", "17", "17", "20", "0", "0", "0", "0", "0", "0", "0", "0", "21", "20", "18", "19", "17", "19", "20", "20", "19", "0", "0", "0", "0", "0", "0", "0", "0", "18", "17", "17", "18", "18", "14", "20", "18", "23", "0", "0", "0", "0", "0", "0", "0", "0", "0", "0", "0", "0", "0", "0", "0", "0", "0", "0", "0", "0", "0", "0", "0", "0", "0", "0", "0", "0", "0", "0", "0", "0", "0", "0", "0", "0", "0", "0", "0", "0", "0", "0", "0", "0", "0", "0", "0", "0", "0", "0", "0", "0", "0", "0", "0", "0", "0", "0", "0", "20", "16", "17", "17", "17", "19", "19", "18", "18", "0", "0", "0", "0", "0", "0", "0", "0", "22", "18", "18", "18", "16", "21", "16", "21", "20", "0", "0", "0", "0", "0", "0", "0", "0", "17", "18", "19", "19", "17", "15", "21", "20", "19", "0", "0", "0", "0", "0", "0", "0", "0", "0", "0", "0", "0", "0", "0", "0", "0", "0", "0", "0", "0", "0", "0", "0", "0", "0", "0", "0", "0", "0", "0", "0", "0", "0", "0", "0", "0", "0", "0", "0", "0", "0", "0", "0", "0", "0", "0", "0", "0", "0", "0", "0", "0", "0", "0", "0", "0", "0", "0", "0", "0", "0", "0", "0", "0", "0", "0", "0", "0", "0", "0", "0", "0", "0", "0", "0", "0", "0", "0", "0", "0", "0", "0", "0", "0", "0", "0", "0", "0", "0", "0", "0", "0", "0", "0", "0", "0", "0", "0", "0", "0", "0", "0", "0", "0", "0", "0", "0", "0", "0", "0", "0", "0", "0", "0", "0", "0", "0", "0", "0", "0", "0", "0", "0", "0", "0", "0", "0", "0", "0", "0", "0", "0", "0", "0", "0", "0", "0", "0", "0", "0", "0", "0", "0", "0"]]}