{"state": {"resTurn": "61", "h": "6", "w": "12", "score": [["0", "0", "0", "0", "-1", "0", "0", "-1", "0", "0", "0", "0"], ["0", "0", "0", "1", "1", "1", "1", "1", "1", "0", "0", "0"], ["0", "1", "0", "1", "0", "0", "0", "0", "1", "0", "1", "0"], ["0", "1", "0", "0", "1", "0", "0", "1", "0", "0", "1", "0"], ["0", "0", "0", "0", "1", "1", "1", "1", "0", "0", "0", "0"], ["-1", "1", "0", "0", "1", "-1", "-1", "1", "0", "0", "1", "-1"]], "color": [["0", "0", "1", "1", "1", "1", "0", "0", "0", "0", "0", "0"], ["2", "0", "1", "1", "1", "1", "1", "0", "0", "0", "0", "0"], ["2", "0", "1", "1", "1", "1", "0", "0", "0", "0", "0", "1"], ["2", "2", "2", "0", "1", "1", "2", "0", "2", "2", "1", "2"], ["0", "2", "2", "2", "2", "2", "0", "1", "1", "0", "2", "1"], ["0", "2", "2", "2", "2", "0", "1", "1", "1", "0", "1", "0"]], "pos": [{"x": "6", "y": "5"}, {"x": "5", "y": "2"}, {"x": "1", "y": "4"}, {"x": "11", "y": "3"}]}, "q": "0.0008332142888494991", "z": "1", "visitCount": [["19", "0", "16", "19", "17", "20", "22", "18", "21", "20", "0", "0", "0", "0", "0", "0", "0", "0", "0", "0", "0", "0", "0", "0", "0", "0", "0", "0", "0", "0", "0", "0", "0", "0", "0", "0", "0", "0", "0", "0", "0", "0", "0", "0", "0", "0", "0", "0", "0", "0", "0", "0", "0", "0", "0", "0", "0", "0", "0", "0", "0", "0", "0", "0", "0", "0", "0", "0", "17", "0", "19", "18", "17", "21", "17", "17", "22", "19", "0", "0", "0", "0", "0", "0", "0", "0", "0", "0", "0", "0", "0", "0", "0", "0", "0", "0", "0", "0", "0", "0", "0", "0", "19", "0", "16", "19", "18", "19", "18", "14", "16", "14", "0", "0", "0", "0", "0", "0", "0", "19", "0", "18", "19", "19", "19", "18", "17", "22", "22", "0", "0", "0", "0", "0", "0", "0", "18", "0", "17", "18", "21", "20", "22", "22", "19", "16", "0", "0", "0", "0", "0", "0", "0", "0", "0", "0", "0", "0", "0", "0", "0", "0", "0", "0", "0", "0", "0", "0", "0", "0", "0", "0", "0", "0", "0", "0", "0", "0", "0", "0", "0", "0", "0", "0", "0", "0", "0", "0", "0", "0", "0", "0", "0", "0", "0", "0", "0", "0", "0", "0", "0", "0", "0", "0", "0", "0", "0", "0", "0", "0", "0", "0", "0", "0", "0", "0", "0", "0", "0", "0", "0", "17", "0", "20", "21", "17", "19", "18", "15", "17", "18", "0", "0", "0", "0", "0", "0", "0", "0", "0", "0", "0", "0", "0", "0", "0", "0", "0", "0", "0", "0", "0", "0", "0", "0", "0", "0", "0", "0", "0", "0", "0", "0", "0", "0", "0", "0", "0", "0", "0", "0", "0", "0", "0", "0", "0", "0", "0", "0", "0", "0", "0", "0", "0", "0", "0", "0", "0", "0"], ["21", "0", "0", "22", "0", "19", "0", "0", "0", "0", "18", "0", "16", "0", "23", "0", "0", "21", "0", "0", "20", "0", "23", "0", "0", "0", "0", "17", "0", "18", "0", "19", "0", "0", "17", "0", "0", "18", "0", "21", "0", "0", "0", "0", "21", "0", "16", "0", "17", "0", "0", "18", "0", "0", "15", "0", "18", "0", "0", "0", "0", "16", "0", "17", "0", "16", "0", "0", "17", "0", "0", "17", "0", "18", "0", "0", "0", "0", "17", "0", "16", "0", "16", "0", "0", "16", "0", "0", "20", "0", "20", "0", "0", "0", "0", "15", "0", "16", "0", "16", "0", "0", "24", "0", "0", "18", "0", "18", "0", "0", "0", "0", "16", "0", "19", "0", "21", "0", "0", "17", "0", "0", "18", "0", "20", "0", "0", "0", "0", "22", "0", "18", "0", "23", "0", "0", "17", "0", "0", "23", "0", "17", "0", "0", "0", "0", "22", "0", "18", "0", "18", "0", "0", "0", "0", "0", "0", "0", "0", "0", "0", "0", "0", "0", "0", "0", "0", "0", "0", "0", "0", "0", "0", "0", "0", "0", "0", "0", "0", "0", "0", "0", "0", "0", "0", "0", "0", "0", "0", "0", "0", "0", "0", "0", "0", "0", "0", "0", "0", "0", "0", "0", "0", "0", "0", "0", "0", "0", "0", "0", "0", "0", "0", "0", "0", "0", "0", "0", "0", "0", "0", "0", "0", "0", "0", "0", "0", "0", "0", "0", "0", "0", "0", "0", "0", "0", "0", "0", "0", "0", "0", "0", "0", "0", "0", "0", "0", "0", "0", "0", "0", "0", "0", "0", "0", "0", "0", "0", "0", "0", "0", "0", "0", "0", "0", "0", "0", "0", "0", "0", "0", "0", "0", "0", "0", "0", "0", "0", "0", "0", "0", "0", "0", "0", "0", "0", "0", "0", "0"]]}