{"state": {"resTurn": "60", "h": "6", "w": "12", "score": [["0", "0", "0", "0", "-1", "0", "0", "-1", "0", "0", "0", "0"], ["0", "0", "0", "1", "1", "1", "1", "1", "1", "0", "0", "0"], ["0", "1", "0", "1", "0", "0", "0", "0", "1", "0", "1", "0"], ["0", "1", "0", "0", "1", "0", "0", "1", "0", "0", "1", "0"], ["0", "0", "0", "0", "1", "1", "1", "1", "0", "0", "0", "0"], ["-1", "1", "0", "0", "1", "-1", "-1", "1", "0", "0", "1", "-1"]], "color": [["0", "0", "1", "1", "1", "1", "0", "0", "0", "0", "0", "0"], ["2", "0", "1", "1", "1", "1", "1", "0", "0", "0", "0", "0"], ["2", "0", "1", "1", "1", "1", "0", "0", "0", "0", "0", "1"], ["2", "2", "2", "0", "1", "1", "2", "0", "2", "2", "1", "2"], ["0", "2", "2", "2", "2", "2", "0", "1", "1", "0", "2", "1"], ["0", "2", "2", "2", "2", "0", "1", "1", "1", "0", "1", "0"]], "pos": [{"x": "6", "y": "5"}, {"x": "5", "y": "1"}, {"x": "1", "y": "3"}, {"x": "11", "y": "3"}]}, "q": "0.001023532806511355", "z": "1", "visitCount": [["19", "18", "19", "21", "18", "15", "18", "17", "16", "0", "0", "0", "0", "0", "0", "0", "0", "0", "0", "0", "0", "0", "0", "0", "0", "0", "0", "0", "0", "0", "0", "0", "0", "0", "0", "0", "0", "0", "0", "0", "0", "0", "0", "0", "0", "0", "0", "0", "0", "0", "0", "0", "0", "0", "0", "0", "0", "0", "0", "0", "0", "0", "0", "0", "0", "0", "0", "0", "17", "18", "20", "17", "22", "18", "19", "17", "17", "0", "0", "0", "0", "0", "0", "0", "0", "0", "0", "0", "0", "0", "0", "0", "0", "0", "0", "0", "0", "0", "0", "0", "0", "0", "24", "18", "20", "17", "17", "19", "17", "18", "18", "0", "0", "0", "0", "0", "0", "0", "0", "19", "17", "22", "19", "22", "18", "18", "18", "18", "0", "0", "0", "0", "0", "0", "0", "0", "20", "19", "19", "19", "22", "19", "18", "19", "17", "0", "0", "0", "0", "0", "0", "0", "0", "0", "0", "0", "0", "0", "0", "0", "0", "0", "0", "0", "0", "0", "0", "0", "0", "0", "0", "0", "0", "0", "0", "0", "0", "0", "0", "0", "0", "0", "0", "0", "0", "0", "0", "0", "0", "0", "0", "0", "0", "0", "0", "0", "0", "0", "0", "0", "0", "0", "0", "0", "0", "0", "0", "0", "0", "0", "0", "0", "0", "0", "0", "0", "0", "0", "0", "0", "0", "17", "21", "18", "16", "24", "19", "16", "16", "17", "0", "0", "0", "0", "0", "0", "0", "0", "0", "0", "0", "0", "0", "0", "0", "0", "0", "0", "0", "0", "0", "0", "0", "0", "0", "0", "0", "0", "0", "0", "0", "0", "0", "0", "0", "0", "0", "0", "0", "0", "0", "0", "0", "0", "0", "0", "0", "0", "0", "0", "0", "0", "0", "0", "0", "0", "0", "0", "0"], ["17", "0", "0", "21", "0", "20", "0", "0", "0", "0", "17", "0", "17", "0", "17", "0", "0", "21", "0", "0", "20", "0", "18", "0", "0", "0", "0", "19", "0", "18", "0", "18", "0", "0", "19", "0", "0", "21", "0", "20", "0", "0", "0", "0", "20", "0", "17", "0", "16", "0", "0", "25", "0", "0", "18", "0", "19", "0", "0", "0", "0", "20", "0", "18", "0", "14", "0", "0", "19", "0", "0", "18", "0", "16", "0", "0", "0", "0", "19", "0", "17", "0", "15", "0", "0", "17", "0", "0", "18", "0", "19", "0", "0", "0", "0", "18", "0", "19", "0", "19", "0", "0", "21", "0", "0", "18", "0", "18", "0", "0", "0", "0", "18", "0", "16", "0", "18", "0", "0", "0", "0", "0", "0", "0", "0", "0", "0", "0", "0", "0", "0", "0", "0", "0", "0", "0", "23", "0", "0", "24", "0", "20", "0", "0", "0", "0", "18", "0", "19", "0", "18", "0", "0", "0", "0", "0", "0", "0", "0", "0", "0", "0", "0", "0", "0", "0", "0", "0", "0", "0", "0", "0", "0", "0", "0", "0", "0", "0", "0", "0", "0", "0", "0", "0", "0", "0", "0", "0", "0", "0", "0", "0", "0", "0", "0", "0", "0", "0", "0", "0", "0", "0", "0", "0", "0", "0", "0", "0", "0", "0", "0", "0", "0", "0", "0", "0", "0", "0", "0", "0", "0", "0", "0", "0", "0", "0", "0", "0", "0", "0", "0", "0", "0", "0", "0", "0", "0", "0", "0", "0", "0", "0", "0", "0", "0", "0", "0", "0", "0", "0", "0", "0", "0", "0", "0", "19", "0", "0", "18", "0", "20", "0", "0", "0", "0", "17", "0", "16", "0", "16", "0", "0", "0", "0", "0", "0", "0", "0", "0", "0", "0", "0", "0", "0", "0", "0", "0", "0", "0"]]}