{"state": {"resTurn": "59", "h": "6", "w": "12", "score": [["0", "0", "0", "0", "-1", "0", "0", "-1", "0", "0", "0", "0"], ["0", "0", "0", "1", "1", "1", "1", "1", "1", "0", "0", "0"], ["0", "1", "0", "1", "0", "0", "0", "0", "1", "0", "1", "0"], ["0", "1", "0", "0", "1", "0", "0", "1", "0", "0", "1", "0"], ["0", "0", "0", "0", "1", "1", "1", "1", "0", "0", "0", "0"], ["-1", "1", "0", "0", "1", "-1", "-1", "1", "0", "0", "1", "-1"]], "color": [["0", "0", "1", "1", "1", "1", "0", "0", "0", "0", "0", "0"], ["2", "0", "1", "1", "1", "1", "1", "0", "0", "0", "0", "0"], ["2", "0", "1", "1", "1", "1", "0", "0", "0", "0", "0", "1"], ["2", "2", "2", "0", "1", "1", "2", "0", "2", "2", "1", "2"], ["2", "2", "2", "2", "2", "2", "1", "1", "1", "0", "2", "1"], ["0", "2", "2", "2", "2", "0", "1", "1", "1", "0", "1", "0"]], "pos": [{"x": "6", "y": "4"}, {"x": "5", "y": "1"}, {"x": "0", "y": "4"}, {"x": "11", "y": "3"}]}, "q": "0.0008388955161924814", "z": "1", "visitCount": [["11", "11", "14", "13", "13", "11", "11", "14", "11", "0", "0", "0", "0", "0", "0", "0", "0", "11", "14", "13", "11", "13", "14", "13", "11", "12", "0", "0", "0", "0", "0", "0", "0", "0", "12", "13", "14", "13", "11", "13", "14", "14", "11", "0", "0", "0", "0", "0", "0", "0", "0", "12", "12", "13", "11", "13", "13", "10", "11", "12", "0", "0", "0", "0", "0", "0", "0", "0", "0", "0", "0", "0", "0", "0", "0", "0", "0", "0", "0", "0", "0", "0", "0", "0", "0", "13", "12", "13", "12", "13", "12", "11", "12", "13", "0", "0", "0", "0", "0", "0", "0", "0", "0", "0", "0", "0", "0", "0", "0", "0", "0", "0", "0", "0", "0", "0", "0", "0", "0", "12", "12", "13", "15", "13", "12", "12", "11", "15", "0", "0", "0", "0", "0", "0", "0", "0", "13", "12", "12", "13", "11", "13", "14", "15", "14", "0", "0", "0", "0", "0", "0", "0", "0", "0", "0", "0", "0", "0", "0", "0", "0", "0", "0", "0", "0", "0", "0", "0", "0", "0", "0", "0", "0", "0", "0", "0", "0", "0", "0", "0", "0", "0", "0", "0", "0", "0", "0", "0", "0", "0", "0", "0", "0", "0", "0", "0", "0", "0", "0", "0", "0", "0", "0", "0", "12", "12", "11", "12", "13", "13", "11", "12", "12", "0", "0", "0", "0", "0", "0", "0", "0", "0", "0", "0", "0", "0", "0", "0", "0", "0", "0", "0", "0", "0", "0", "0", "0", "0", "13", "11", "11", "13", "11", "14", "12", "11", "10", "0", "0", "0", "0", "0", "0", "0", "0", "0", "0", "0", "0", "0", "0", "0", "0", "0", "0", "0", "0", "0", "0", "0", "0", "0", "0", "0", "0", "0", "0", "0", "0", "0", "0", "0", "0", "0", "0", "0", "0", "0", "0"], ["26", "0", "0", "30", "0", "29", "0", "0", "0", "0", "26", "0", "26", "0", "29", "0", "0", "23", "0", "0", "29", "0", "33", "0", "0", "0", "0", "27", "0", "22", "0", "34", "0", "0", "28", "0", "0", "30", "0", "30", "0", "0", "0", "0", "29", "0", "22", "0", "29", "0", "0", "0", "0", "0", "0", "0", "0", "0", "0", "0", "0", "0", "0", "0", "0", "0", "0", "0", "0", "0", "0", "0", "0", "0", "0", "0", "0", "0", "0", "0", "0", "0", "0", "0", "0", "0", "0", "0", "0", "0", "0", "0", "0", "0", "0", "0", "0", "0", "0", "0", "0", "0", "32", "0", "0", "18", "0", "29", "0", "0", "0", "0", "35", "0", "25", "0", "30", "0", "0", "29", "0", "0", "29", "0", "22", "0", "0", "0", "0", "32", "0", "27", "0", "27", "0", "0", "28", "0", "0", "26", "0", "31", "0", "0", "0", "0", "22", "0", "29", "0", "27", "0", "0", "0", "0", "0", "0", "0", "0", "0", "0", "0", "0", "0", "0", "0", "0", "0", "0", "0", "0", "0", "0", "0", "0", "0", "0", "0", "0", "0", "0", "0", "0", "0", "0", "0", "0", "0", "0", "0", "0", "0", "0", "0", "0", "0", "0", "0", "0", "0", "0", "0", "0", "0", "0", "0", "0", "0", "0", "0", "0", "0", "0", "0", "0", "0", "0", "0", "0", "0", "0", "0", "0", "0", "0", "0", "0", "0", "0", "0", "0", "0", "0", "0", "0", "0", "0", "0", "0", "0", "0", "0", "0", "0", "0", "0", "0", "0", "0", "0", "0", "0", "0", "0", "0", "0", "0", "0", "0", "0", "0", "0", "0", "0", "0", "0", "0", "0", "0", "0", "0", "0", "0", "0", "0", "0", "0", "0", "0", "0", "0", "0", "0", "0", "0", "0", "0", "0", "0"]]}