{"state": {"resTurn": "58", "h": "6", "w": "12", "score": [["0", "0", "0", "0", "-1", "0", "0", "-1", "0", "0", "0", "0"], ["0", "0", "0", "1", "1", "1", "1", "1", "1", "0", "0", "0"], ["0", "1", "0", "1", "0", "0", "0", "0", "1", "0", "1", "0"], ["0", "1", "0", "0", "1", "0", "0", "1", "0", "0", "1", "0"], ["0", "0", "0", "0", "1", "1", "1", "1", "0", "0", "0", "0"], ["-1", "1", "0", "0", "1", "-1", "-1", "1", "0", "0", "1", "-1"]], "color": [["0", "0", "1", "1", "1", "1", "0", "0", "0", "0", "0", "0"], ["2", "0", "1", "1", "1", "1", "1", "0", "0", "0", "0", "0"], ["2", "0", "1", "1", "1", "1", "0", "0", "0", "0", "0", "1"], ["2", "2", "2", "0", "1", "1", "2", "1", "2", "2", "1", "2"], ["2", "2", "2", "2", "2", "2", "1", "1", "1", "0", "2", "0"], ["0", "2", "2", "2", "2", "0", "1", "1", "1", "0", "1", "0"]], "pos": [{"x": "7", "y": "3"}, {"x": "4", "y": "2"}, {"x": "0", "y": "3"}, {"x": "11", "y": "3"}]}, "q": "0.0008971473703123908", "z": "1", "visitCount": [["14", "11", "13", "12", "11", "13", "13", "13", "14", "0", "0", "0", "0", "0", "0", "0", "0", "11", "13", "13", "15", "12", "12", "12", "13", "12", "0", "0", "0", "0", "0", "0", "0", "0", "12", "12", "12", "12", "14", "16", "11", "11", "12", "0", "0", "0", "0", "0", "0", "0", "0", "12", "12", "12", "12", "13", "13", "13", "14", "12", "0", "0", "0", "0", "0", "0", "0", "0", "0", "0", "0", "0", "0", "0", "0", "0", "0", "0", "0", "0", "0", "0", "0", "0", "0", "12", "12", "12", "13", "12", "12", "12", "12", "12", "0", "0", "0", "0", "0", "0", "0", "0", "13", "12", "11", "11", "10", "12", "12", "10", "12", "0", "0", "0", "0", "0", "0", "0", "0", "11", "12", "14", "13", "11", "13", "12", "14", "12", "0", "0", "0", "0", "0", "0", "0", "0", "0", "0", "0", "0", "0", "0", "0", "0", "0", "0", "0", "0", "0", "0", "0", "0", "0", "0", "0", "0", "0", "0", "0", "0", "0", "0", "0", "0", "0", "0", "0", "0", "0", "0", "0", "0", "0", "0", "0", "0", "0", "0", "0", "0", "0", "0", "0", "0", "0", "0", "0", "0", "0", "0", "0", "0", "0", "0", "0", "0", "0", "0", "0", "0", "0", "0", "0", "0", "12", "11", "12", "13", "12", "13", "14", "12", "13", "0", "0", "0", "0", "0", "0", "0", "0", "0", "0", "0", "0", "0", "0", "0", "0", "0", "0", "0", "0", "0", "0", "0", "0", "0", "0", "0", "0", "0", "0", "0", "0", "0", "0", "0", "0", "0", "0", "0", "0", "0", "0", "0", "0", "0", "0", "0", "0", "0", "0", "0", "0", "0", "0", "0", "0", "0", "0", "0", "13", "12", "12", "13", "10", "13", "13", "15", "11", "0", "0", "0", "0", "0", "0", "0", "0"], ["27", "0", "27", "28", "0", "30", "0", "0", "0", "0", "0", "0", "27", "0", "27", "0", "0", "28", "0", "26", "30", "0", "29", "0", "0", "0", "0", "0", "0", "25", "0", "24", "0", "0", "32", "0", "31", "29", "0", "25", "0", "0", "0", "0", "0", "0", "26", "0", "27", "0", "0", "0", "0", "0", "0", "0", "0", "0", "0", "0", "0", "0", "0", "0", "0", "0", "0", "0", "0", "0", "0", "0", "0", "0", "0", "0", "0", "0", "0", "0", "0", "0", "0", "0", "0", "0", "0", "0", "0", "0", "0", "0", "0", "0", "0", "0", "0", "0", "0", "0", "0", "0", "29", "0", "27", "33", "0", "26", "0", "0", "0", "0", "0", "0", "28", "0", "25", "0", "0", "32", "0", "30", "26", "0", "28", "0", "0", "0", "0", "0", "0", "26", "0", "29", "0", "0", "30", "0", "27", "28", "0", "30", "0", "0", "0", "0", "0", "0", "26", "0", "22", "0", "0", "0", "0", "0", "0", "0", "0", "0", "0", "0", "0", "0", "0", "0", "0", "0", "0", "0", "0", "0", "0", "0", "0", "0", "0", "0", "0", "0", "0", "0", "0", "0", "0", "0", "0", "0", "0", "0", "0", "0", "0", "0", "0", "0", "0", "0", "0", "0", "0", "0", "0", "0", "0", "0", "0", "0", "0", "0", "0", "0", "0", "0", "0", "0", "0", "0", "0", "0", "0", "0", "0", "0", "0", "0", "0", "0", "0", "0", "0", "0", "0", "0", "0", "0", "0", "0", "0", "0", "0", "0", "0", "0", "0", "0", "0", "0", "0", "0", "0", "0", "0", "0", "0", "0", "0", "0", "0", "0", "0", "0", "0", "0", "0", "0", "0", "0", "0", "0", "0", "0", "0", "0", "0", "0", "0", "0", "0", "0", "0", "0", "0", "0", "0", "0", "0", "0", "0"]]}