{"state": {"resTurn": "57", "h": "6", "w": "12", "score": [["0", "0", "0", "0", "-1", "0", "0", "-1", "0", "0", "0", "0"], ["0", "0", "0", "1", "1", "1", "1", "1", "1", "0", "0", "0"], ["0", "1", "0", "1", "0", "0", "0", "0", "1", "0", "1", "0"], ["0", "1", "0", "0", "1", "0", "0", "1", "0", "0", "1", "0"], ["0", "0", "0", "0", "1", "1", "1", "1", "0", "0", "0", "0"], ["-1", "1", "0", "0", "1", "-1", "-1", "1", "0", "0", "1", "-1"]], "color": [["0", "0", "1", "1", "1", "1", "0", "0", "0", "0", "0", "0"], ["2", "0", "1", "1", "1", "1", "1", "0", "0", "0", "0", "0"], ["2", "0", "1", "1", "1", "1", "0", "0", "0", "0", "0", "1"], ["2", "2", "2", "0", "1", "1", "2", "1", "2", "2", "1", "2"], ["2", "2", "2", "2", "2", "2", "1", "1", "1", "0", "2", "0"], ["0", "2", "2", "2", "2", "0", "1", "1", "1", "0", "1", "0"]], "pos": [{"x": "7", "y": "4"}, {"x": "3", "y": "1"}, {"x": "0", "y": "2"}, {"x": "10", "y": "4"}]}, "q": "0.0007257510208721429", "z": "1", "visitCount": [["12", "11", "13", "13", "12", "13", "13", "12", "13", "0", "0", "0", "0", "0", "0", "0", "0", "12", "14", "12", "10", "11", "11", "11", "10", "12", "0", "0", "0", "0", "0", "0", "0", "0", "12", "12", "11", "11", "12", "12", "10", "11", "11", "0", "0", "0", "0", "0", "0", "0", "0", "13", "12", "12", "13", "11", "14", "11", "11", "12", "0", "0", "0", "0", "0", "0", "0", "0", "11", "14", "12", "16", "14", "11", "12", "14", "13", "0", "0", "0", "0", "0", "0", "0", "0", "0", "0", "0", "0", "0", "0", "0", "0", "0", "0", "0", "0", "0", "0", "0", "0", "0", "13", "12", "12", "11", "12", "13", "13", "12", "12", "0", "0", "0", "0", "0", "0", "0", "0", "0", "0", "0", "0", "0", "0", "0", "0", "0", "0", "0", "0", "0", "0", "0", "0", "0", "12", "11", "12", "12", "11", "13", "12", "11", "12", "0", "0", "0", "0", "0", "0", "0", "0", "0", "0", "0", "0", "0", "0", "0", "0", "0", "0", "0", "0", "0", "0", "0", "0", "0", "0", "0", "0", "0", "0", "0", "0", "0", "0", "0", "0", "0", "0", "0", "0", "0", "0", "0", "0", "0", "0", "0", "0", "0", "0", "0", "0", "0", "0", "0", "0", "0", "0", "0", "0", "0", "0", "0", "0", "0", "0", "0", "0", "0", "0", "0", "0", "0", "0", "0", "0", "13", "11", "13", "11", "12", "13", "15", "15", "11", "0", "0", "0", "0", "0", "0", "0", "0", "0", "0", "0", "0", "0", "0", "0", "0", "0", "0", "0", "0", "0", "0", "0", "0", "0", "13", "12", "14", "15", "14", "13", "17", "13", "16", "0", "0", "0", "0", "0", "0", "0", "0", "0", "0", "0", "0", "0", "0", "0", "0", "0", "0", "0", "0", "0", "0", "0", "0", "0"], ["17", "21", "0", "19", "18", "22", "0", "15", "17", "0", "19", "0", "0", "0", "15", "0", "0", "18", "19", "0", "18", "18", "21", "0", "22", "23", "0", "19", "0", "0", "0", "18", "0", "0", "22", "19", "0", "16", "17", "18", "0", "16", "19", "0", "18", "0", "0", "0", "18", "0", "0", "0", "0", "0", "0", "0", "0", "0", "0", "0", "0", "0", "0", "0", "0", "0", "0", "0", "0", "0", "0", "0", "0", "0", "0", "0", "0", "0", "0", "0", "0", "0", "0", "0", "0", "0", "0", "0", "0", "0", "0", "0", "0", "0", "0", "0", "0", "0", "0", "0", "0", "0", "19", "20", "0", "19", "15", "23", "0", "22", "16", "0", "19", "0", "0", "0", "21", "0", "0", "18", "16", "0", "17", "16", "19", "0", "15", "19", "0", "16", "0", "0", "0", "18", "0", "0", "19", "22", "0", "18", "18", "21", "0", "18", "19", "0", "17", "0", "0", "0", "18", "0", "0", "0", "0", "0", "0", "0", "0", "0", "0", "0", "0", "0", "0", "0", "0", "0", "0", "0", "0", "0", "0", "0", "0", "0", "0", "0", "0", "0", "0", "0", "0", "0", "0", "0", "0", "0", "0", "0", "0", "0", "0", "0", "0", "0", "0", "0", "0", "0", "0", "0", "0", "0", "0", "0", "0", "0", "0", "0", "0", "0", "0", "0", "0", "0", "0", "0", "0", "0", "0", "0", "0", "0", "0", "0", "0", "0", "0", "0", "0", "0", "0", "0", "0", "0", "0", "0", "0", "0", "0", "0", "0", "0", "0", "0", "0", "0", "0", "0", "0", "0", "0", "0", "0", "0", "0", "0", "0", "0", "0", "0", "0", "0", "0", "0", "0", "0", "0", "0", "0", "0", "0", "0", "0", "0", "0", "0", "0", "0", "0", "0", "0", "0", "0", "0", "0", "0", "0"]]}