{"state": {"resTurn": "56", "h": "6", "w": "12", "score": [["0", "0", "0", "0", "-1", "0", "0", "-1", "0", "0", "0", "0"], ["0", "0", "0", "1", "1", "1", "1", "1", "1", "0", "0", "0"], ["0", "1", "0", "1", "0", "0", "0", "0", "1", "0", "1", "0"], ["0", "1", "0", "0", "1", "0", "0", "1", "0", "0", "1", "0"], ["0", "0", "0", "0", "1", "1", "1", "1", "0", "0", "0", "0"], ["-1", "1", "0", "0", "1", "-1", "-1", "1", "0", "0", "1", "-1"]], "color": [["0", "0", "1", "1", "1", "1", "0", "0", "0", "0", "0", "0"], ["2", "0", "1", "1", "1", "1", "1", "0", "0", "0", "0", "0"], ["2", "0", "1", "1", "1", "1", "0", "0", "0", "0", "0", "1"], ["2", "2", "2", "0", "1", "1", "2", "1", "0", "2", "1", "2"], ["2", "2", "2", "2", "2", "2", "1", "1", "1", "0", "2", "2"], ["0", "2", "2", "2", "2", "0", "1", "1", "1", "0", "1", "0"]], "pos": [{"x": "7", "y": "4"}, {"x": "3", "y": "0"}, {"x": "1", "y": "3"}, {"x": "11", "y": "4"}]}, "q": "0.0008913507276147741", "z": "1", "visitCount": [["17", "19", "19", "18", "18", "0", "0", "0", "19", "0", "0", "0", "0", "0", "0", "0", "0", "16", "14", "15", "20", "19", "0", "0", "0", "19", "0", "0", "0", "0", "0", "0", "0", "0", "20", "20", "17", "19", "19", "0", "0", "0", "18", "0", "0", "0", "0", "0", "0", "0", "0", "20", "18", "20", "18", "21", "0", "0", "0", "19", "0", "0", "0", "0", "0", "0", "0", "0", "18", "20", "20", "18", "19", "0", "0", "0", "18", "0", "0", "0", "0", "0", "0", "0", "0", "0", "0", "0", "0", "0", "0", "0", "0", "0", "0", "0", "0", "0", "0", "0", "0", "0", "21", "17", "18", "19", "17", "0", "0", "0", "18", "0", "0", "0", "0", "0", "0", "0", "0", "18", "18", "20", "23", "20", "0", "0", "0", "17", "0", "0", "0", "0", "0", "0", "0", "0", "19", "19", "22", "16", "19", "0", "0", "0", "17", "0", "0", "0", "0", "0", "0", "0", "0", "0", "0", "0", "0", "0", "0", "0", "0", "0", "0", "0", "0", "0", "0", "0", "0", "0", "0", "0", "0", "0", "0", "0", "0", "0", "0", "0", "0", "0", "0", "0", "0", "0", "0", "0", "0", "0", "0", "0", "0", "0", "0", "0", "0", "0", "0", "0", "0", "0", "0", "0", "0", "0", "0", "0", "0", "0", "0", "0", "0", "0", "0", "0", "0", "0", "0", "0", "0", "17", "17", "18", "17", "22", "0", "0", "0", "16", "0", "0", "0", "0", "0", "0", "0", "0", "0", "0", "0", "0", "0", "0", "0", "0", "0", "0", "0", "0", "0", "0", "0", "0", "0", "0", "0", "0", "0", "0", "0", "0", "0", "0", "0", "0", "0", "0", "0", "0", "0", "0", "0", "0", "0", "0", "0", "0", "0", "0", "0", "0", "0", "0", "0", "0", "0", "0", "0"], ["18", "0", "19", "0", "16", "0", "19", "0", "0", "0", "0", "19", "0", "19", "0", "0", "0", "18", "0", "17", "0", "20", "0", "14", "0", "0", "0", "0", "20", "0", "17", "0", "0", "0", "16", "0", "17", "0", "16", "0", "19", "0", "0", "0", "0", "19", "0", "18", "0", "0", "0", "18", "0", "18", "0", "19", "0", "19", "0", "0", "0", "0", "20", "0", "15", "0", "0", "0", "19", "0", "21", "0", "16", "0", "23", "0", "0", "0", "0", "19", "0", "18", "0", "0", "0", "16", "0", "16", "0", "22", "0", "17", "0", "0", "0", "0", "18", "0", "19", "0", "0", "0", "20", "0", "15", "0", "19", "0", "24", "0", "0", "0", "0", "20", "0", "17", "0", "0", "0", "0", "0", "0", "0", "0", "0", "0", "0", "0", "0", "0", "0", "0", "0", "0", "0", "0", "21", "0", "16", "0", "21", "0", "22", "0", "0", "0", "0", "20", "0", "21", "0", "0", "0", "0", "0", "0", "0", "0", "0", "0", "0", "0", "0", "0", "0", "0", "0", "0", "0", "0", "0", "0", "0", "0", "0", "0", "0", "0", "0", "0", "0", "0", "0", "0", "0", "0", "0", "0", "0", "0", "0", "0", "0", "0", "0", "0", "0", "0", "0", "0", "0", "0", "0", "0", "0", "0", "0", "0", "0", "0", "0", "0", "0", "0", "0", "0", "0", "0", "0", "0", "0", "0", "0", "0", "0", "0", "0", "0", "0", "0", "0", "0", "0", "0", "0", "0", "0", "0", "0", "0", "0", "0", "0", "0", "0", "0", "0", "0", "0", "0", "0", "0", "0", "0", "0", "22", "0", "18", "0", "18", "0", "19", "0", "0", "0", "0", "16", "0", "17", "0", "0", "0", "0", "0", "0", "0", "0", "0", "0", "0", "0", "0", "0", "0", "0", "0", "0", "0", "0"]]}