{"state": {"resTurn": "55", "h": "6", "w": "12", "score": [["0", "0", "0", "0", "-1", "0", "0", "-1", "0", "0", "0", "0"], ["0", "0", "0", "1", "1", "1", "1", "1", "1", "0", "0", "0"], ["0", "1", "0", "1", "0", "0", "0", "0", "1", "0", "1", "0"], ["0", "1", "0", "0", "1", "0", "0", "1", "0", "0", "1", "0"], ["0", "0", "0", "0", "1", "1", "1", "1", "0", "0", "0", "0"], ["-1", "1", "0", "0", "1", "-1", "-1", "1", "0", "0", "1", "-1"]], "color": [["0", "0", "1", "1", "1", "1", "0", "0", "0", "0", "0", "0"], ["2", "0", "1", "1", "1", "1", "1", "0", "0", "0", "0", "0"], ["2", "2", "1", "1", "1", "1", "0", "0", "0", "0", "0", "1"], ["2", "2", "2", "0", "1", "1", "2", "1", "1", "2", "1", "2"], ["2", "2", "2", "2", "2", "2", "1", "1", "1", "0", "2", "2"], ["0", "2", "2", "2", "2", "0", "1", "1", "1", "0", "1", "0"]], "pos": [{"x": "8", "y": "3"}, {"x": "2", "y": "1"}, {"x": "1", "y": "2"}, {"x": "11", "y": "3"}]}, "q": "0.0009638278812968331", "z": "1", "visitCount": [["11", "12", "12", "0", "13", "13", "12", "12", "14", "0", "0", "14", "0", "0", "0", "0", "0", "10", "11", "13", "0", "11", "11", "13", "14", "12", "0", "0", "13", "0", "0", "0", "0", "0", "13", "14", "13", "0", "12", "14", "10", "13", "13", "0", "0", "12", "0", "0", "0", "0", "0", "16", "12", "13", "0", "14", "13", "14", "13", "12", "0", "0", "11", "0", "0", "0", "0", "0", "10", "12", "12", "0", "12", "13", "13", "11", "11", "0", "0", "13", "0", "0", "0", "0", "0", "13", "14", "14", "0", "11", "12", "14", "13", "12", "0", "0", "15", "0", "0", "0", "0", "0", "13", "11", "11", "0", "12", "13", "13", "12", "12", "0", "0", "12", "0", "0", "0", "0", "0", "12", "11", "11", "0", "12", "13", "12", "13", "11", "0", "0", "12", "0", "0", "0", "0", "0", "0", "0", "0", "0", "0", "0", "0", "0", "0", "0", "0", "0", "0", "0", "0", "0", "0", "0", "0", "0", "0", "0", "0", "0", "0", "0", "0", "0", "0", "0", "0", "0", "0", "0", "0", "0", "0", "0", "0", "0", "0", "0", "0", "0", "0", "0", "0", "0", "0", "0", "0", "0", "0", "0", "0", "0", "0", "0", "0", "0", "0", "0", "0", "0", "0", "0", "0", "0", "0", "0", "0", "0", "0", "0", "0", "0", "0", "0", "0", "0", "0", "0", "0", "0", "0", "0", "0", "0", "0", "0", "0", "0", "0", "0", "0", "0", "0", "0", "0", "0", "0", "0", "0", "0", "0", "0", "0", "0", "0", "0", "0", "0", "0", "0", "0", "0", "0", "0", "0", "0", "0", "0", "0", "0", "0", "0", "0", "0", "0", "0", "0", "0", "0", "0", "0", "0", "13", "12", "11", "0", "11", "12", "12", "11", "12", "0", "0", "12", "0", "0", "0", "0", "0"], ["22", "0", "20", "19", "0", "19", "0", "0", "0", "0", "0", "0", "18", "0", "18", "0", "0", "17", "0", "20", "22", "0", "22", "0", "0", "0", "0", "0", "0", "19", "0", "24", "0", "0", "20", "0", "17", "23", "0", "18", "0", "0", "0", "0", "0", "0", "18", "0", "19", "0", "0", "18", "0", "18", "18", "0", "20", "0", "0", "0", "0", "0", "0", "16", "0", "19", "0", "0", "24", "0", "20", "15", "0", "16", "0", "0", "0", "0", "0", "0", "18", "0", "20", "0", "0", "20", "0", "18", "19", "0", "17", "0", "0", "0", "0", "0", "0", "17", "0", "18", "0", "0", "16", "0", "17", "15", "0", "20", "0", "0", "0", "0", "0", "0", "18", "0", "17", "0", "0", "0", "0", "0", "0", "0", "0", "0", "0", "0", "0", "0", "0", "0", "0", "0", "0", "0", "0", "0", "0", "0", "0", "0", "0", "0", "0", "0", "0", "0", "0", "0", "0", "0", "0", "0", "0", "0", "0", "0", "0", "0", "0", "0", "0", "0", "0", "0", "0", "0", "0", "0", "0", "0", "0", "0", "0", "0", "0", "0", "0", "0", "0", "0", "0", "0", "0", "0", "0", "0", "0", "0", "0", "0", "0", "0", "0", "0", "0", "0", "0", "0", "0", "0", "0", "0", "0", "0", "0", "0", "0", "0", "0", "0", "0", "0", "0", "0", "0", "0", "0", "0", "0", "0", "0", "0", "0", "0", "0", "0", "0", "0", "0", "0", "0", "0", "0", "0", "0", "0", "0", "0", "0", "0", "0", "0", "0", "0", "0", "0", "0", "0", "0", "0", "0", "0", "0", "19", "0", "20", "16", "0", "18", "0", "0", "0", "0", "0", "0", "16", "0", "17", "0", "0", "15", "0", "18", "17", "0", "18", "0", "0", "0", "0", "0", "0", "19", "0", "18", "0", "0"]]}