{"state": {"resTurn": "54", "h": "6", "w": "12", "score": [["0", "0", "0", "0", "-1", "0", "0", "-1", "0", "0", "0", "0"], ["0", "0", "0", "1", "1", "1", "1", "1", "1", "0", "0", "0"], ["0", "1", "0", "1", "0", "0", "0", "0", "1", "0", "1", "0"], ["0", "1", "0", "0", "1", "0", "0", "1", "0", "0", "1", "0"], ["0", "0", "0", "0", "1", "1", "1", "1", "0", "0", "0", "0"], ["-1", "1", "0", "0", "1", "-1", "-1", "1", "0", "0", "1", "-1"]], "color": [["0", "0", "1", "1", "1", "1", "0", "0", "0", "0", "0", "0"], ["2", "0", "1", "1", "1", "1", "1", "0", "0", "0", "0", "0"], ["2", "2", "1", "1", "1", "1", "0", "0", "0", "0", "0", "0"], ["2", "2", "2", "0", "1", "1", "2", "1", "1", "2", "1", "2"], ["2", "2", "2", "2", "2", "2", "1", "1", "1", "0", "2", "2"], ["0", "2", "2", "2", "2", "0", "1", "1", "1", "0", "1", "0"]], "pos": [{"x": "7", "y": "4"}, {"x": "2", "y": "1"}, {"x": "2", "y": "3"}, {"x": "11", "y": "3"}]}, "q": "0.0007149872405167396", "z": "1", "visitCount": [["12", "11", "12", "0", "13", "14", "11", "13", "15", "0", "0", "14", "0", "0", "0", "0", "0", "11", "12", "12", "0", "11", "13", "12", "11", "11", "0", "0", "13", "0", "0", "0", "0", "0", "12", "11", "12", "0", "12", "12", "14", "10", "12", "0", "0", "13", "0", "0", "0", "0", "0", "12", "14", "12", "0", "12", "12", "12", "11", "14", "0", "0", "14", "0", "0", "0", "0", "0", "13", "14", "13", "0", "12", "13", "13", "12", "11", "0", "0", "13", "0", "0", "0", "0", "0", "0", "0", "0", "0", "0", "0", "0", "0", "0", "0", "0", "0", "0", "0", "0", "0", "0", "12", "12", "12", "0", "11", "13", "12", "12", "14", "0", "0", "14", "0", "0", "0", "0", "0", "13", "12", "11", "0", "11", "12", "11", "13", "13", "0", "0", "13", "0", "0", "0", "0", "0", "11", "12", "14", "0", "13", "12", "13", "14", "14", "0", "0", "11", "0", "0", "0", "0", "0", "0", "0", "0", "0", "0", "0", "0", "0", "0", "0", "0", "0", "0", "0", "0", "0", "0", "0", "0", "0", "0", "0", "0", "0", "0", "0", "0", "0", "0", "0", "0", "0", "0", "0", "0", "0", "0", "0", "0", "0", "0", "0", "0", "0", "0", "0", "0", "0", "0", "0", "0", "0", "0", "0", "0", "0", "0", "0", "0", "0", "0", "0", "0", "0", "0", "0", "0", "0", "11", "13", "12", "0", "12", "12", "13", "12", "11", "0", "0", "13", "0", "0", "0", "0", "0", "0", "0", "0", "0", "0", "0", "0", "0", "0", "0", "0", "0", "0", "0", "0", "0", "0", "0", "0", "0", "0", "0", "0", "0", "0", "0", "0", "0", "0", "0", "0", "0", "0", "0", "0", "0", "0", "0", "0", "0", "0", "0", "0", "0", "0", "0", "0", "0", "0", "0", "0"], ["18", "0", "22", "19", "0", "21", "20", "0", "0", "0", "0", "0", "17", "0", "0", "0", "0", "16", "0", "17", "21", "0", "22", "16", "0", "0", "0", "0", "0", "17", "0", "0", "0", "0", "22", "0", "18", "17", "0", "19", "19", "0", "0", "0", "0", "0", "18", "0", "0", "0", "0", "19", "0", "17", "18", "0", "17", "22", "0", "0", "0", "0", "0", "16", "0", "0", "0", "0", "17", "0", "20", "21", "0", "16", "14", "0", "0", "0", "0", "0", "18", "0", "0", "0", "0", "18", "0", "17", "20", "0", "18", "20", "0", "0", "0", "0", "0", "18", "0", "0", "0", "0", "0", "0", "0", "0", "0", "0", "0", "0", "0", "0", "0", "0", "0", "0", "0", "0", "0", "0", "0", "0", "0", "0", "0", "0", "0", "0", "0", "0", "0", "0", "0", "0", "0", "0", "17", "0", "17", "17", "0", "19", "16", "0", "0", "0", "0", "0", "15", "0", "0", "0", "0", "0", "0", "0", "0", "0", "0", "0", "0", "0", "0", "0", "0", "0", "0", "0", "0", "0", "0", "0", "0", "0", "0", "0", "0", "0", "0", "0", "0", "0", "0", "0", "0", "0", "0", "0", "0", "0", "0", "0", "0", "0", "0", "0", "0", "0", "0", "0", "0", "0", "0", "0", "0", "0", "0", "0", "0", "0", "0", "0", "0", "0", "0", "0", "0", "0", "0", "0", "0", "0", "0", "0", "0", "0", "0", "0", "0", "0", "0", "0", "0", "0", "0", "0", "0", "0", "19", "0", "16", "20", "0", "22", "17", "0", "0", "0", "0", "0", "22", "0", "0", "0", "0", "19", "0", "19", "20", "0", "21", "19", "0", "0", "0", "0", "0", "20", "0", "0", "0", "0", "0", "0", "0", "0", "0", "0", "0", "0", "0", "0", "0", "0", "0", "0", "0", "0", "0"]]}