{"state": {"resTurn": "53", "h": "6", "w": "12", "score": [["0", "0", "0", "0", "-1", "0", "0", "-1", "0", "0", "0", "0"], ["0", "0", "0", "1", "1", "1", "1", "1", "1", "0", "0", "0"], ["0", "1", "0", "1", "0", "0", "0", "0", "1", "0", "1", "0"], ["0", "1", "0", "0", "1", "0", "0", "1", "0", "0", "1", "0"], ["0", "0", "0", "0", "1", "1", "1", "1", "0", "0", "0", "0"], ["-1", "1", "0", "0", "1", "-1", "-1", "1", "0", "0", "1", "-1"]], "color": [["0", "0", "1", "1", "1", "1", "0", "0", "0", "0", "0", "0"], ["2", "0", "1", "1", "1", "1", "1", "0", "0", "0", "0", "0"], ["2", "2", "1", "1", "1", "1", "0", "0", "0", "0", "0", "0"], ["2", "2", "2", "0", "1", "1", "2", "1", "1", "2", "1", "2"], ["2", "2", "2", "2", "2", "2", "1", "1", "1", "0", "2", "2"], ["0", "2", "2", "2", "2", "0", "1", "1", "1", "0", "1", "0"]], "pos": [{"x": "7", "y": "4"}, {"x": "3", "y": "1"}, {"x": "2", "y": "3"}, {"x": "11", "y": "4"}]}, "q": "0.0008303028198039138", "z": "1", "visitCount": [["12", "10", "12", "13", "16", "12", "15", "11", "13", "0", "0", "0", "0", "0", "0", "0", "0", "12", "13", "12", "12", "11", "14", "11", "14", "11", "0", "0", "0", "0", "0", "0", "0", "0", "14", "12", "12", "14", "13", "12", "12", "11", "11", "0", "0", "0", "0", "0", "0", "0", "0", "13", "11", "11", "13", "13", "13", "11", "11", "13", "0", "0", "0", "0", "0", "0", "0", "0", "11", "15", "11", "12", "13", "11", "13", "10", "12", "0", "0", "0", "0", "0", "0", "0", "0", "0", "0", "0", "0", "0", "0", "0", "0", "0", "0", "0", "0", "0", "0", "0", "0", "0", "10", "11", "12", "12", "10", "14", "13", "11", "12", "0", "0", "0", "0", "0", "0", "0", "0", "12", "11", "11", "11", "12", "15", "12", "11", "11", "0", "0", "0", "0", "0", "0", "0", "0", "13", "13", "13", "13", "12", "14", "11", "12", "14", "0", "0", "0", "0", "0", "0", "0", "0", "0", "0", "0", "0", "0", "0", "0", "0", "0", "0", "0", "0", "0", "0", "0", "0", "0", "0", "0", "0", "0", "0", "0", "0", "0", "0", "0", "0", "0", "0", "0", "0", "0", "0", "0", "0", "0", "0", "0", "0", "0", "0", "0", "0", "0", "0", "0", "0", "0", "0", "0", "0", "0", "0", "0", "0", "0", "0", "0", "0", "0", "0", "0", "0", "0", "0", "0", "0", "14", "12", "14", "14", "14", "14", "12", "14", "14", "0", "0", "0", "0", "0", "0", "0", "0", "0", "0", "0", "0", "0", "0", "0", "0", "0", "0", "0", "0", "0", "0", "0", "0", "0", "0", "0", "0", "0", "0", "0", "0", "0", "0", "0", "0", "0", "0", "0", "0", "0", "0", "0", "0", "0", "0", "0", "0", "0", "0", "0", "0", "0", "0", "0", "0", "0", "0", "0"], ["15", "0", "18", "0", "22", "0", "26", "0", "0", "0", "0", "19", "0", "16", "0", "0", "0", "18", "0", "21", "0", "20", "0", "16", "0", "0", "0", "0", "17", "0", "18", "0", "0", "0", "20", "0", "16", "0", "18", "0", "22", "0", "0", "0", "0", "19", "0", "17", "0", "0", "0", "17", "0", "16", "0", "18", "0", "21", "0", "0", "0", "0", "18", "0", "16", "0", "0", "0", "18", "0", "21", "0", "22", "0", "18", "0", "0", "0", "0", "17", "0", "18", "0", "0", "0", "20", "0", "17", "0", "17", "0", "17", "0", "0", "0", "0", "16", "0", "16", "0", "0", "0", "0", "0", "0", "0", "0", "0", "0", "0", "0", "0", "0", "0", "0", "0", "0", "0", "0", "0", "0", "0", "0", "0", "0", "0", "0", "0", "0", "0", "0", "0", "0", "0", "0", "0", "18", "0", "22", "0", "19", "0", "17", "0", "0", "0", "0", "17", "0", "17", "0", "0", "0", "0", "0", "0", "0", "0", "0", "0", "0", "0", "0", "0", "0", "0", "0", "0", "0", "0", "0", "0", "0", "0", "0", "0", "0", "0", "0", "0", "0", "0", "0", "0", "0", "0", "0", "0", "0", "0", "0", "0", "0", "0", "0", "0", "0", "0", "0", "0", "0", "0", "0", "0", "0", "0", "0", "0", "0", "0", "0", "0", "0", "0", "0", "0", "0", "0", "0", "0", "0", "0", "0", "0", "0", "0", "0", "0", "0", "0", "0", "0", "0", "0", "0", "0", "0", "0", "17", "0", "22", "0", "20", "0", "17", "0", "0", "0", "0", "19", "0", "22", "0", "0", "0", "17", "0", "18", "0", "17", "0", "24", "0", "0", "0", "0", "17", "0", "19", "0", "0", "0", "0", "0", "0", "0", "0", "0", "0", "0", "0", "0", "0", "0", "0", "0", "0", "0", "0"]]}