{"state": {"resTurn": "52", "h": "6", "w": "12", "score": [["0", "0", "0", "0", "-1", "0", "0", "-1", "0", "0", "0", "0"], ["0", "0", "0", "1", "1", "1", "1", "1", "1", "0", "0", "0"], ["0", "1", "0", "1", "0", "0", "0", "0", "1", "0", "1", "0"], ["0", "1", "0", "0", "1", "0", "0", "1", "0", "0", "1", "0"], ["0", "0", "0", "0", "1", "1", "1", "1", "0", "0", "0", "0"], ["-1", "1", "0", "0", "1", "-1", "-1", "1", "0", "0", "1", "-1"]], "color": [["0", "0", "1", "1", "1", "1", "0", "0", "0", "0", "0", "0"], ["2", "0", "1", "1", "1", "1", "1", "0", "0", "0", "0", "0"], ["2", "2", "1", "1", "1", "1", "0", "0", "0", "0", "0", "0"], ["2", "2", "2", "0", "1", "1", "2", "1", "1", "2", "1", "2"], ["2", "2", "2", "2", "2", "2", "1", "1", "1", "0", "2", "2"], ["0", "2", "2", "2", "2", "0", "1", "1", "1", "0", "1", "0"]], "pos": [{"x": "7", "y": "4"}, {"x": "2", "y": "1"}, {"x": "2", "y": "3"}, {"x": "11", "y": "3"}]}, "q": "0.0007225022117034862", "z": "1", "visitCount": [["15", "13", "14", "0", "13", "13", "13", "10", "13", "0", "0", "12", "0", "0", "0", "0", "0", "13", "14", "12", "0", "12", "13", "12", "13", "11", "0", "0", "11", "0", "0", "0", "0", "0", "12", "13", "14", "0", "12", "13", "12", "14", "14", "0", "0", "13", "0", "0", "0", "0", "0", "12", "13", "13", "0", "12", "12", "13", "12", "12", "0", "0", "12", "0", "0", "0", "0", "0", "14", "13", "12", "0", "12", "12", "13", "13", "13", "0", "0", "12", "0", "0", "0", "0", "0", "0", "0", "0", "0", "0", "0", "0", "0", "0", "0", "0", "0", "0", "0", "0", "0", "0", "13", "12", "12", "0", "13", "11", "12", "11", "11", "0", "0", "12", "0", "0", "0", "0", "0", "12", "13", "13", "0", "9", "12", "11", "10", "11", "0", "0", "11", "0", "0", "0", "0", "0", "11", "11", "13", "0", "14", "12", "12", "11", "12", "0", "0", "11", "0", "0", "0", "0", "0", "0", "0", "0", "0", "0", "0", "0", "0", "0", "0", "0", "0", "0", "0", "0", "0", "0", "0", "0", "0", "0", "0", "0", "0", "0", "0", "0", "0", "0", "0", "0", "0", "0", "0", "0", "0", "0", "0", "0", "0", "0", "0", "0", "0", "0", "0", "0", "0", "0", "0", "0", "0", "0", "0", "0", "0", "0", "0", "0", "0", "0", "0", "0", "0", "0", "0", "0", "0", "13", "12", "14", "0", "12", "14", "13", "12", "12", "0", "0", "13", "0", "0", "0", "0", "0", "0", "0", "0", "0", "0", "0", "0", "0", "0", "0", "0", "0", "0", "0", "0", "0", "0", "0", "0", "0", "0", "0", "0", "0", "0", "0", "0", "0", "0", "0", "0", "0", "0", "0", "0", "0", "0", "0", "0", "0", "0", "0", "0", "0", "0", "0", "0", "0", "0", "0", "0"], ["19", "0", "19", "21", "0", "20", "23", "0", "0", "0", "0", "0", "21", "0", "0", "0", "0", "16", "0", "21", "18", "0", "20", "17", "0", "0", "0", "0", "0", "18", "0", "0", "0", "0", "17", "0", "19", "18", "0", "18", "19", "0", "0", "0", "0", "0", "16", "0", "0", "0", "0", "17", "0", "21", "16", "0", "16", "20", "0", "0", "0", "0", "0", "16", "0", "0", "0", "0", "21", "0", "17", "17", "0", "16", "20", "0", "0", "0", "0", "0", "16", "0", "0", "0", "0", "17", "0", "16", "17", "0", "20", "17", "0", "0", "0", "0", "0", "17", "0", "0", "0", "0", "0", "0", "0", "0", "0", "0", "0", "0", "0", "0", "0", "0", "0", "0", "0", "0", "0", "0", "0", "0", "0", "0", "0", "0", "0", "0", "0", "0", "0", "0", "0", "0", "0", "0", "18", "0", "19", "17", "0", "17", "17", "0", "0", "0", "0", "0", "20", "0", "0", "0", "0", "0", "0", "0", "0", "0", "0", "0", "0", "0", "0", "0", "0", "0", "0", "0", "0", "0", "0", "0", "0", "0", "0", "0", "0", "0", "0", "0", "0", "0", "0", "0", "0", "0", "0", "0", "0", "0", "0", "0", "0", "0", "0", "0", "0", "0", "0", "0", "0", "0", "0", "0", "0", "0", "0", "0", "0", "0", "0", "0", "0", "0", "0", "0", "0", "0", "0", "0", "0", "0", "0", "0", "0", "0", "0", "0", "0", "0", "0", "0", "0", "0", "0", "0", "0", "0", "17", "0", "20", "24", "0", "21", "21", "0", "0", "0", "0", "0", "21", "0", "0", "0", "0", "16", "0", "19", "20", "0", "19", "21", "0", "0", "0", "0", "0", "16", "0", "0", "0", "0", "0", "0", "0", "0", "0", "0", "0", "0", "0", "0", "0", "0", "0", "0", "0", "0", "0"]]}