{"state": {"resTurn": "105", "h": "6", "w": "12", "score": [["0", "0", "0", "0", "-1", "0", "0", "-1", "0", "0", "0", "0"], ["0", "0", "0", "1", "1", "1", "1", "1", "1", "0", "0", "0"], ["0", "1", "0", "1", "0", "0", "0", "0", "1", "0", "1", "0"], ["0", "1", "0", "0", "1", "0", "0", "1", "0", "0", "1", "0"], ["0", "0", "0", "0", "1", "1", "1", "1", "0", "0", "0", "0"], ["-1", "1", "0", "0", "1", "-1", "-1", "1", "0", "0", "1", "-1"]], "color": [["0", "0", "0", "0", "0", "0", "0", "0", "0", "0", "0", "0"], ["2", "0", "0", "0", "0", "0", "0", "0", "0", "0", "0", "0"], ["2", "0", "0", "0", "0", "0", "0", "0", "0", "0", "1", "1"], ["0", "0", "1", "1", "1", "0", "2", "2", "0", "0", "1", "0"], ["0", "0", "1", "0", "0", "0", "0", "2", "2", "0", "2", "0"], ["0", "0", "0", "0", "0", "0", "0", "0", "0", "0", "0", "0"]], "pos": [{"x": "10", "y": "3"}, {"x": "4", "y": "3"}, {"x": "0", "y": "2"}, {"x": "7", "y": "3"}]}, "q": "0.001192321262831771", "z": "1", "visitCount": [["13", "12", "14", "13", "11", "14", "12", "14", "13", "0", "0", "0", "0", "0", "0", "0", "0", "12", "12", "14", "14", "15", "16", "14", "10", "11", "0", "0", "0", "0", "0", "0", "0", "0", "0", "0", "0", "0", "0", "0", "0", "0", "0", "0", "0", "0", "0", "0", "0", "0", "0", "11", "10", "12", "13", "12", "13", "12", "14", "10", "0", "0", "0", "0", "0", "0", "0", "0", "14", "13", "14", "12", "11", "12", "12", "12", "10", "0", "0", "0", "0", "0", "0", "0", "0", "12", "14", "12", "11", "13", "12", "12", "12", "12", "0", "0", "0", "0", "0", "0", "0", "0", "13", "10", "13", "12", "12", "11", "12", "12", "14", "0", "0", "0", "0", "0", "0", "0", "0", "12", "11", "11", "14", "13", "10", "13", "14", "11", "0", "0", "0", "0", "0", "0", "0", "0", "14", "12", "12", "12", "13", "12", "10", "11", "11", "0", "0", "0", "0", "0", "0", "0", "0", "0", "0", "0", "0", "0", "0", "0", "0", "0", "0", "0", "0", "0", "0", "0", "0", "0", "13", "14", "13", "14", "12", "12", "11", "13", "12", "0", "0", "0", "0", "0", "0", "0", "0", "0", "0", "0", "0", "0", "0", "0", "0", "0", "0", "0", "0", "0", "0", "0", "0", "0", "0", "0", "0", "0", "0", "0", "0", "0", "0", "0", "0", "0", "0", "0", "0", "0", "0", "0", "0", "0", "0", "0", "0", "0", "0", "0", "0", "0", "0", "0", "0", "0", "0", "0", "0", "0", "0", "0", "0", "0", "0", "0", "0", "0", "0", "0", "0", "0", "0", "0", "0", "0", "0", "0", "0", "0", "0", "0", "0", "0", "0", "0", "0", "0", "0", "0", "0", "0", "0", "0", "0", "0", "0", "0", "0", "0", "0", "0", "0", "0", "0", "0", "0", "0", "0"], ["18", "21", "19", "18", "20", "17", "20", "24", "19", "0", "0", "0", "0", "0", "0", "0", "0", "20", "17", "20", "19", "21", "21", "15", "17", "20", "0", "0", "0", "0", "0", "0", "0", "0", "19", "20", "15", "17", "16", "20", "22", "20", "15", "0", "0", "0", "0", "0", "0", "0", "0", "0", "0", "0", "0", "0", "0", "0", "0", "0", "0", "0", "0", "0", "0", "0", "0", "0", "0", "0", "0", "0", "0", "0", "0", "0", "0", "0", "0", "0", "0", "0", "0", "0", "0", "0", "0", "0", "0", "0", "0", "0", "0", "0", "0", "0", "0", "0", "0", "0", "0", "0", "18", "19", "15", "18", "16", "21", "19", "21", "17", "0", "0", "0", "0", "0", "0", "0", "0", "16", "16", "25", "19", "18", "17", "19", "17", "17", "0", "0", "0", "0", "0", "0", "0", "0", "17", "20", "18", "17", "16", "18", "22", "15", "19", "0", "0", "0", "0", "0", "0", "0", "0", "0", "0", "0", "0", "0", "0", "0", "0", "0", "0", "0", "0", "0", "0", "0", "0", "0", "0", "0", "0", "0", "0", "0", "0", "0", "0", "0", "0", "0", "0", "0", "0", "0", "0", "0", "0", "0", "0", "0", "0", "0", "0", "0", "0", "0", "0", "0", "0", "0", "0", "0", "0", "0", "0", "0", "0", "0", "0", "0", "0", "0", "0", "0", "0", "0", "0", "0", "0", "0", "0", "0", "0", "0", "0", "0", "0", "0", "0", "0", "0", "0", "0", "0", "0", "0", "0", "0", "0", "0", "0", "0", "0", "0", "0", "0", "0", "0", "0", "0", "0", "0", "0", "0", "0", "0", "0", "0", "0", "0", "0", "0", "0", "0", "0", "0", "0", "0", "0", "0", "0", "0", "0", "0", "0", "0", "0", "0", "0", "0", "0", "0", "0", "0", "0", "0", "0"]]}