{"state": {"resTurn": "50", "h": "6", "w": "12", "score": [["0", "0", "0", "0", "-1", "0", "0", "-1", "0", "0", "0", "0"], ["0", "0", "0", "1", "1", "1", "1", "1", "1", "0", "0", "0"], ["0", "1", "0", "1", "0", "0", "0", "0", "1", "0", "1", "0"], ["0", "1", "0", "0", "1", "0", "0", "1", "0", "0", "1", "0"], ["0", "0", "0", "0", "1", "1", "1", "1", "0", "0", "0", "0"], ["-1", "1", "0", "0", "1", "-1", "-1", "1", "0", "0", "1", "-1"]], "color": [["0", "0", "1", "1", "1", "1", "0", "0", "0", "0", "0", "0"], ["2", "0", "1", "1", "1", "1", "1", "0", "0", "0", "0", "0"], ["2", "2", "0", "1", "1", "1", "0", "0", "0", "0", "0", "0"], ["2", "2", "2", "0", "1", "1", "2", "1", "1", "2", "1", "2"], ["2", "2", "2", "2", "2", "2", "1", "1", "1", "0", "2", "2"], ["0", "2", "2", "2", "2", "0", "1", "1", "1", "0", "1", "0"]], "pos": [{"x": "7", "y": "4"}, {"x": "2", "y": "0"}, {"x": "3", "y": "4"}, {"x": "11", "y": "3"}]}, "q": "0.0007495041621107151", "z": "1", "visitCount": [["16", "21", "26", "13", "14", "0", "0", "0", "19", "0", "0", "0", "0", "0", "0", "0", "0", "18", "17", "16", "19", "20", "0", "0", "0", "18", "0", "0", "0", "0", "0", "0", "0", "0", "18", "20", "16", "19", "19", "0", "0", "0", "18", "0", "0", "0", "0", "0", "0", "0", "0", "21", "21", "18", "17", "17", "0", "0", "0", "18", "0", "0", "0", "0", "0", "0", "0", "0", "17", "19", "18", "17", "18", "0", "0", "0", "17", "0", "0", "0", "0", "0", "0", "0", "0", "0", "0", "0", "0", "0", "0", "0", "0", "0", "0", "0", "0", "0", "0", "0", "0", "0", "18", "19", "17", "18", "19", "0", "0", "0", "20", "0", "0", "0", "0", "0", "0", "0", "0", "18", "20", "20", "18", "15", "0", "0", "0", "18", "0", "0", "0", "0", "0", "0", "0", "0", "20", "18", "20", "17", "18", "0", "0", "0", "20", "0", "0", "0", "0", "0", "0", "0", "0", "0", "0", "0", "0", "0", "0", "0", "0", "0", "0", "0", "0", "0", "0", "0", "0", "0", "0", "0", "0", "0", "0", "0", "0", "0", "0", "0", "0", "0", "0", "0", "0", "0", "0", "0", "0", "0", "0", "0", "0", "0", "0", "0", "0", "0", "0", "0", "0", "0", "0", "0", "0", "0", "0", "0", "0", "0", "0", "0", "0", "0", "0", "0", "0", "0", "0", "0", "0", "21", "21", "20", "18", "21", "0", "0", "0", "21", "0", "0", "0", "0", "0", "0", "0", "0", "0", "0", "0", "0", "0", "0", "0", "0", "0", "0", "0", "0", "0", "0", "0", "0", "0", "0", "0", "0", "0", "0", "0", "0", "0", "0", "0", "0", "0", "0", "0", "0", "0", "0", "0", "0", "0", "0", "0", "0", "0", "0", "0", "0", "0", "0", "0", "0", "0", "0", "0"], ["17", "0", "23", "16", "0", "18", "19", "0", "0", "0", "0", "0", "20", "0", "0", "0", "0", "19", "0", "21", "18", "0", "18", "16", "0", "0", "0", "0", "0", "17", "0", "0", "0", "0", "18", "0", "18", "22", "0", "21", "18", "0", "0", "0", "0", "0", "17", "0", "0", "0", "0", "15", "0", "17", "20", "0", "19", "19", "0", "0", "0", "0", "0", "19", "0", "0", "0", "0", "17", "0", "18", "21", "0", "19", "19", "0", "0", "0", "0", "0", "20", "0", "0", "0", "0", "21", "0", "21", "24", "0", "18", "17", "0", "0", "0", "0", "0", "16", "0", "0", "0", "0", "19", "0", "17", "17", "0", "18", "18", "0", "0", "0", "0", "0", "16", "0", "0", "0", "0", "0", "0", "0", "0", "0", "0", "0", "0", "0", "0", "0", "0", "0", "0", "0", "0", "0", "20", "0", "22", "16", "0", "21", "20", "0", "0", "0", "0", "0", "15", "0", "0", "0", "0", "0", "0", "0", "0", "0", "0", "0", "0", "0", "0", "0", "0", "0", "0", "0", "0", "0", "0", "0", "0", "0", "0", "0", "0", "0", "0", "0", "0", "0", "0", "0", "0", "0", "0", "0", "0", "0", "0", "0", "0", "0", "0", "0", "0", "0", "0", "0", "0", "0", "0", "0", "0", "0", "0", "0", "0", "0", "0", "0", "0", "0", "0", "0", "0", "0", "0", "0", "0", "0", "0", "0", "0", "0", "0", "0", "0", "0", "0", "0", "0", "0", "0", "0", "0", "0", "0", "0", "0", "0", "0", "0", "0", "0", "0", "0", "0", "0", "0", "0", "0", "0", "0", "18", "0", "18", "15", "0", "17", "19", "0", "0", "0", "0", "0", "18", "0", "0", "0", "0", "0", "0", "0", "0", "0", "0", "0", "0", "0", "0", "0", "0", "0", "0", "0", "0", "0"]]}