{"state": {"resTurn": "49", "h": "6", "w": "12", "score": [["0", "0", "0", "0", "-1", "0", "0", "-1", "0", "0", "0", "0"], ["0", "0", "0", "1", "1", "1", "1", "1", "1", "0", "0", "0"], ["0", "1", "0", "1", "0", "0", "0", "0", "1", "0", "1", "0"], ["0", "1", "0", "0", "1", "0", "0", "1", "0", "0", "1", "0"], ["0", "0", "0", "0", "1", "1", "1", "1", "0", "0", "0", "0"], ["-1", "1", "0", "0", "1", "-1", "-1", "1", "0", "0", "1", "-1"]], "color": [["0", "0", "1", "1", "1", "1", "0", "0", "0", "0", "0", "0"], ["2", "0", "1", "1", "1", "1", "1", "0", "0", "0", "0", "0"], ["2", "2", "0", "1", "1", "1", "0", "0", "0", "0", "0", "0"], ["2", "2", "2", "0", "1", "1", "2", "1", "1", "2", "1", "2"], ["2", "2", "2", "2", "2", "2", "1", "1", "1", "0", "2", "2"], ["0", "2", "2", "2", "2", "0", "1", "1", "1", "0", "1", "0"]], "pos": [{"x": "7", "y": "4"}, {"x": "2", "y": "1"}, {"x": "2", "y": "3"}, {"x": "10", "y": "4"}]}, "q": "0.0007796000943870254", "z": "1", "visitCount": [["13", "15", "12", "0", "13", "13", "14", "12", "10", "0", "0", "13", "0", "0", "0", "0", "0", "11", "10", "11", "0", "13", "11", "13", "14", "12", "0", "0", "12", "0", "0", "0", "0", "0", "12", "12", "12", "0", "13", "12", "12", "12", "12", "0", "0", "12", "0", "0", "0", "0", "0", "11", "14", "13", "0", "12", "11", "12", "14", "12", "0", "0", "14", "0", "0", "0", "0", "0", "12", "14", "12", "0", "13", "12", "15", "13", "13", "0", "0", "12", "0", "0", "0", "0", "0", "0", "0", "0", "0", "0", "0", "0", "0", "0", "0", "0", "0", "0", "0", "0", "0", "0", "12", "12", "13", "0", "12", "12", "13", "12", "14", "0", "0", "12", "0", "0", "0", "0", "0", "12", "13", "12", "0", "11", "13", "13", "11", "12", "0", "0", "12", "0", "0", "0", "0", "0", "12", "12", "11", "0", "12", "12", "12", "13", "11", "0", "0", "13", "0", "0", "0", "0", "0", "0", "0", "0", "0", "0", "0", "0", "0", "0", "0", "0", "0", "0", "0", "0", "0", "0", "0", "0", "0", "0", "0", "0", "0", "0", "0", "0", "0", "0", "0", "0", "0", "0", "0", "0", "0", "0", "0", "0", "0", "0", "0", "0", "0", "0", "0", "0", "0", "0", "0", "0", "0", "0", "0", "0", "0", "0", "0", "0", "0", "0", "0", "0", "0", "0", "0", "0", "0", "12", "13", "12", "0", "12", "12", "13", "13", "12", "0", "0", "12", "0", "0", "0", "0", "0", "0", "0", "0", "0", "0", "0", "0", "0", "0", "0", "0", "0", "0", "0", "0", "0", "0", "0", "0", "0", "0", "0", "0", "0", "0", "0", "0", "0", "0", "0", "0", "0", "0", "0", "0", "0", "0", "0", "0", "0", "0", "0", "0", "0", "0", "0", "0", "0", "0", "0", "0"], ["14", "12", "0", "13", "14", "11", "0", "14", "14", "0", "13", "0", "0", "0", "16", "0", "0", "12", "12", "0", "10", "13", "11", "0", "13", "15", "0", "13", "0", "0", "0", "12", "0", "0", "13", "14", "0", "12", "12", "13", "0", "13", "14", "0", "12", "0", "0", "0", "12", "0", "0", "12", "12", "0", "11", "12", "13", "0", "15", "12", "0", "12", "0", "0", "0", "12", "0", "0", "11", "15", "0", "12", "11", "13", "0", "11", "13", "0", "12", "0", "0", "0", "12", "0", "0", "12", "11", "0", "13", "12", "10", "0", "12", "12", "0", "11", "0", "0", "0", "13", "0", "0", "11", "12", "0", "12", "13", "13", "0", "13", "13", "0", "13", "0", "0", "0", "11", "0", "0", "0", "0", "0", "0", "0", "0", "0", "0", "0", "0", "0", "0", "0", "0", "0", "0", "0", "12", "12", "0", "11", "11", "11", "0", "11", "12", "0", "11", "0", "0", "0", "12", "0", "0", "0", "0", "0", "0", "0", "0", "0", "0", "0", "0", "0", "0", "0", "0", "0", "0", "0", "0", "0", "0", "0", "0", "0", "0", "0", "0", "0", "0", "0", "0", "0", "0", "0", "0", "0", "0", "0", "0", "0", "0", "0", "0", "0", "0", "0", "0", "0", "0", "0", "0", "0", "0", "0", "0", "0", "0", "0", "0", "0", "0", "0", "0", "0", "0", "0", "0", "0", "0", "0", "0", "0", "0", "0", "0", "0", "0", "0", "0", "0", "0", "0", "0", "0", "0", "0", "0", "0", "0", "0", "0", "0", "0", "0", "0", "0", "0", "0", "0", "0", "0", "0", "0", "11", "12", "0", "13", "12", "14", "0", "12", "12", "0", "12", "0", "0", "0", "14", "0", "0", "0", "0", "0", "0", "0", "0", "0", "0", "0", "0", "0", "0", "0", "0", "0", "0", "0"]]}