{"state": {"resTurn": "48", "h": "6", "w": "12", "score": [["0", "0", "0", "0", "-1", "0", "0", "-1", "0", "0", "0", "0"], ["0", "0", "0", "1", "1", "1", "1", "1", "1", "0", "0", "0"], ["0", "1", "0", "1", "0", "0", "0", "0", "1", "0", "1", "0"], ["0", "1", "0", "0", "1", "0", "0", "1", "0", "0", "1", "0"], ["0", "0", "0", "0", "1", "1", "1", "1", "0", "0", "0", "0"], ["-1", "1", "0", "0", "1", "-1", "-1", "1", "0", "0", "1", "-1"]], "color": [["0", "0", "1", "1", "1", "1", "0", "0", "0", "0", "0", "0"], ["2", "0", "1", "1", "1", "1", "1", "0", "0", "0", "0", "0"], ["2", "2", "0", "1", "1", "1", "0", "0", "0", "0", "0", "0"], ["2", "2", "2", "0", "1", "1", "2", "1", "1", "2", "0", "2"], ["2", "2", "2", "2", "2", "2", "1", "1", "1", "0", "2", "2"], ["0", "2", "2", "2", "2", "0", "1", "1", "1", "0", "1", "0"]], "pos": [{"x": "7", "y": "4"}, {"x": "3", "y": "2"}, {"x": "2", "y": "3"}, {"x": "10", "y": "4"}]}, "q": "0.0004735070423736529", "z": "1", "visitCount": [["11", "11", "13", "0", "12", "12", "16", "15", "12", "0", "0", "12", "0", "0", "0", "0", "0", "11", "12", "14", "0", "12", "13", "12", "15", "12", "0", "0", "13", "0", "0", "0", "0", "0", "14", "14", "13", "0", "12", "11", "12", "12", "11", "0", "0", "12", "0", "0", "0", "0", "0", "12", "13", "14", "0", "12", "13", "14", "12", "13", "0", "0", "13", "0", "0", "0", "0", "0", "14", "13", "12", "0", "14", "11", "11", "13", "12", "0", "0", "12", "0", "0", "0", "0", "0", "0", "0", "0", "0", "0", "0", "0", "0", "0", "0", "0", "0", "0", "0", "0", "0", "0", "11", "12", "12", "0", "11", "13", "13", "13", "11", "0", "0", "11", "0", "0", "0", "0", "0", "12", "12", "11", "0", "12", "12", "10", "11", "11", "0", "0", "10", "0", "0", "0", "0", "0", "13", "11", "14", "0", "12", "12", "11", "13", "12", "0", "0", "13", "0", "0", "0", "0", "0", "0", "0", "0", "0", "0", "0", "0", "0", "0", "0", "0", "0", "0", "0", "0", "0", "0", "0", "0", "0", "0", "0", "0", "0", "0", "0", "0", "0", "0", "0", "0", "0", "0", "0", "0", "0", "0", "0", "0", "0", "0", "0", "0", "0", "0", "0", "0", "0", "0", "0", "0", "0", "0", "0", "0", "0", "0", "0", "0", "0", "0", "0", "0", "0", "0", "0", "0", "0", "13", "13", "12", "0", "13", "12", "12", "14", "12", "0", "0", "14", "0", "0", "0", "0", "0", "0", "0", "0", "0", "0", "0", "0", "0", "0", "0", "0", "0", "0", "0", "0", "0", "0", "0", "0", "0", "0", "0", "0", "0", "0", "0", "0", "0", "0", "0", "0", "0", "0", "0", "0", "0", "0", "0", "0", "0", "0", "0", "0", "0", "0", "0", "0", "0", "0", "0", "0"], ["12", "14", "0", "13", "12", "11", "14", "15", "12", "0", "12", "0", "0", "0", "0", "0", "0", "12", "12", "0", "11", "12", "12", "13", "11", "13", "0", "14", "0", "0", "0", "0", "0", "0", "15", "13", "0", "14", "12", "14", "12", "12", "12", "0", "13", "0", "0", "0", "0", "0", "0", "11", "12", "0", "13", "11", "12", "12", "14", "13", "0", "13", "0", "0", "0", "0", "0", "0", "11", "12", "0", "12", "11", "12", "13", "11", "13", "0", "14", "0", "0", "0", "0", "0", "0", "12", "14", "0", "12", "11", "11", "12", "12", "12", "0", "13", "0", "0", "0", "0", "0", "0", "13", "13", "0", "12", "12", "10", "12", "12", "12", "0", "14", "0", "0", "0", "0", "0", "0", "0", "0", "0", "0", "0", "0", "0", "0", "0", "0", "0", "0", "0", "0", "0", "0", "0", "13", "12", "0", "12", "11", "11", "13", "12", "12", "0", "13", "0", "0", "0", "0", "0", "0", "0", "0", "0", "0", "0", "0", "0", "0", "0", "0", "0", "0", "0", "0", "0", "0", "0", "0", "0", "0", "0", "0", "0", "0", "0", "0", "0", "0", "0", "0", "0", "0", "0", "0", "0", "0", "0", "0", "0", "0", "0", "0", "0", "0", "0", "0", "0", "0", "0", "0", "0", "0", "0", "0", "0", "0", "0", "0", "0", "0", "0", "0", "0", "0", "0", "0", "0", "0", "0", "0", "0", "0", "0", "0", "0", "0", "0", "0", "0", "0", "0", "0", "0", "0", "0", "0", "0", "0", "0", "0", "0", "0", "0", "0", "0", "0", "0", "0", "0", "0", "0", "0", "10", "12", "0", "13", "12", "12", "12", "14", "13", "0", "13", "0", "0", "0", "0", "0", "0", "0", "0", "0", "0", "0", "0", "0", "0", "0", "0", "0", "0", "0", "0", "0", "0", "0"]]}