{"state": {"resTurn": "45", "h": "6", "w": "12", "score": [["0", "0", "0", "0", "-1", "0", "0", "-1", "0", "0", "0", "0"], ["0", "0", "0", "1", "1", "1", "1", "1", "1", "0", "0", "0"], ["0", "1", "0", "1", "0", "0", "0", "0", "1", "0", "1", "0"], ["0", "1", "0", "0", "1", "0", "0", "1", "0", "0", "1", "0"], ["0", "0", "0", "0", "1", "1", "1", "1", "0", "0", "0", "0"], ["-1", "1", "0", "0", "1", "-1", "-1", "1", "0", "0", "1", "-1"]], "color": [["0", "0", "1", "1", "1", "1", "0", "0", "0", "0", "0", "0"], ["2", "0", "1", "1", "1", "1", "1", "0", "0", "0", "0", "0"], ["2", "2", "0", "0", "1", "1", "0", "0", "0", "0", "2", "2"], ["2", "2", "2", "0", "1", "1", "2", "1", "1", "2", "0", "2"], ["2", "2", "2", "2", "2", "2", "1", "1", "1", "0", "2", "2"], ["0", "2", "2", "2", "2", "0", "1", "1", "1", "0", "1", "0"]], "pos": [{"x": "8", "y": "4"}, {"x": "3", "y": "1"}, {"x": "2", "y": "3"}, {"x": "11", "y": "2"}]}, "q": "0.0008057055168667719", "z": "1", "visitCount": [["11", "12", "13", "12", "12", "12", "11", "13", "13", "0", "0", "0", "0", "0", "0", "0", "0", "14", "11", "13", "11", "13", "12", "11", "12", "12", "0", "0", "0", "0", "0", "0", "0", "0", "11", "12", "11", "12", "12", "13", "12", "12", "14", "0", "0", "0", "0", "0", "0", "0", "0", "14", "12", "11", "12", "12", "12", "13", "12", "12", "0", "0", "0", "0", "0", "0", "0", "0", "13", "12", "14", "13", "13", "13", "12", "13", "13", "0", "0", "0", "0", "0", "0", "0", "0", "13", "13", "13", "14", "13", "13", "12", "12", "11", "0", "0", "0", "0", "0", "0", "0", "0", "11", "13", "13", "10", "12", "11", "12", "14", "12", "0", "0", "0", "0", "0", "0", "0", "0", "0", "0", "0", "0", "0", "0", "0", "0", "0", "0", "0", "0", "0", "0", "0", "0", "0", "12", "12", "12", "12", "11", "11", "13", "12", "14", "0", "0", "0", "0", "0", "0", "0", "0", "0", "0", "0", "0", "0", "0", "0", "0", "0", "0", "0", "0", "0", "0", "0", "0", "0", "0", "0", "0", "0", "0", "0", "0", "0", "0", "0", "0", "0", "0", "0", "0", "0", "0", "0", "0", "0", "0", "0", "0", "0", "0", "0", "0", "0", "0", "0", "0", "0", "0", "0", "0", "0", "0", "0", "0", "0", "0", "0", "0", "0", "0", "0", "0", "0", "0", "0", "0", "0", "0", "0", "0", "0", "0", "0", "0", "0", "0", "0", "0", "0", "0", "0", "0", "0", "0", "0", "0", "0", "0", "0", "0", "0", "0", "0", "0", "0", "0", "0", "0", "0", "0", "14", "12", "13", "12", "13", "14", "13", "12", "13", "0", "0", "0", "0", "0", "0", "0", "0", "0", "0", "0", "0", "0", "0", "0", "0", "0", "0", "0", "0", "0", "0", "0", "0", "0"], ["22", "0", "21", "18", "19", "21", "20", "0", "0", "0", "0", "0", "0", "0", "0", "0", "0", "17", "0", "20", "20", "19", "16", "15", "0", "0", "0", "0", "0", "0", "0", "0", "0", "0", "20", "0", "19", "19", "17", "23", "18", "0", "0", "0", "0", "0", "0", "0", "0", "0", "0", "23", "0", "19", "18", "21", "19", "18", "0", "0", "0", "0", "0", "0", "0", "0", "0", "0", "18", "0", "19", "19", "18", "17", "19", "0", "0", "0", "0", "0", "0", "0", "0", "0", "0", "19", "0", "19", "17", "18", "20", "17", "0", "0", "0", "0", "0", "0", "0", "0", "0", "0", "18", "0", "16", "20", "19", "21", "19", "0", "0", "0", "0", "0", "0", "0", "0", "0", "0", "18", "0", "18", "16", "17", "17", "17", "0", "0", "0", "0", "0", "0", "0", "0", "0", "0", "17", "0", "16", "20", "16", "16", "17", "0", "0", "0", "0", "0", "0", "0", "0", "0", "0", "0", "0", "0", "0", "0", "0", "0", "0", "0", "0", "0", "0", "0", "0", "0", "0", "0", "0", "0", "0", "0", "0", "0", "0", "0", "0", "0", "0", "0", "0", "0", "0", "0", "0", "0", "0", "0", "0", "0", "0", "0", "0", "0", "0", "0", "0", "0", "0", "0", "0", "0", "0", "0", "0", "0", "0", "0", "0", "0", "0", "0", "0", "0", "0", "0", "0", "0", "0", "0", "0", "0", "0", "0", "0", "0", "0", "0", "0", "0", "0", "0", "0", "0", "0", "0", "0", "0", "0", "0", "0", "0", "0", "0", "0", "0", "0", "0", "0", "0", "0", "0", "0", "0", "0", "0", "0", "0", "0", "0", "0", "0", "0", "0", "0", "0", "0", "0", "0", "0", "0", "0", "0", "0", "0", "0", "0", "0", "0", "0", "0", "0", "0", "0", "0", "0", "0"]]}