{"state": {"resTurn": "44", "h": "6", "w": "12", "score": [["0", "0", "0", "0", "-1", "0", "0", "-1", "0", "0", "0", "0"], ["0", "0", "0", "1", "1", "1", "1", "1", "1", "0", "0", "0"], ["0", "1", "0", "1", "0", "0", "0", "0", "1", "0", "1", "0"], ["0", "1", "0", "0", "1", "0", "0", "1", "0", "0", "1", "0"], ["0", "0", "0", "0", "1", "1", "1", "1", "0", "0", "0", "0"], ["-1", "1", "0", "0", "1", "-1", "-1", "1", "0", "0", "1", "-1"]], "color": [["0", "0", "1", "1", "1", "1", "0", "0", "0", "0", "0", "0"], ["2", "0", "1", "1", "1", "1", "1", "0", "0", "0", "2", "0"], ["2", "2", "0", "0", "1", "1", "0", "0", "0", "0", "2", "2"], ["2", "2", "2", "0", "1", "1", "2", "1", "1", "2", "0", "2"], ["2", "2", "2", "2", "2", "2", "1", "1", "1", "0", "2", "2"], ["0", "2", "2", "2", "2", "0", "1", "1", "1", "1", "1", "0"]], "pos": [{"x": "9", "y": "5"}, {"x": "3", "y": "1"}, {"x": "2", "y": "4"}, {"x": "10", "y": "1"}]}, "q": "0.0009978128808453188", "z": "1", "visitCount": [["16", "18", "18", "17", "18", "19", "15", "18", "19", "0", "0", "0", "0", "0", "0", "0", "0", "0", "0", "0", "0", "0", "0", "0", "0", "0", "0", "0", "0", "0", "0", "0", "0", "0", "0", "0", "0", "0", "0", "0", "0", "0", "0", "0", "0", "0", "0", "0", "0", "0", "0", "0", "0", "0", "0", "0", "0", "0", "0", "0", "0", "0", "0", "0", "0", "0", "0", "0", "17", "19", "17", "18", "21", "19", "20", "22", "16", "0", "0", "0", "0", "0", "0", "0", "0", "18", "21", "20", "19", "16", "19", "20", "20", "23", "0", "0", "0", "0", "0", "0", "0", "0", "16", "19", "17", "21", "16", "19", "18", "20", "17", "0", "0", "0", "0", "0", "0", "0", "0", "0", "0", "0", "0", "0", "0", "0", "0", "0", "0", "0", "0", "0", "0", "0", "0", "0", "17", "19", "19", "18", "20", "22", "18", "17", "20", "0", "0", "0", "0", "0", "0", "0", "0", "0", "0", "0", "0", "0", "0", "0", "0", "0", "0", "0", "0", "0", "0", "0", "0", "0", "0", "0", "0", "0", "0", "0", "0", "0", "0", "0", "0", "0", "0", "0", "0", "0", "0", "0", "0", "0", "0", "0", "0", "0", "0", "0", "0", "0", "0", "0", "0", "0", "0", "0", "0", "0", "0", "0", "0", "0", "0", "0", "0", "0", "0", "0", "0", "0", "0", "0", "0", "0", "0", "0", "0", "0", "0", "0", "0", "0", "0", "0", "0", "0", "0", "0", "0", "0", "0", "0", "0", "0", "0", "0", "0", "0", "0", "0", "0", "0", "0", "0", "0", "0", "0", "17", "19", "20", "19", "18", "18", "17", "19", "17", "0", "0", "0", "0", "0", "0", "0", "0", "0", "0", "0", "0", "0", "0", "0", "0", "0", "0", "0", "0", "0", "0", "0", "0", "0"], ["12", "13", "11", "12", "12", "13", "14", "12", "12", "0", "0", "0", "0", "0", "0", "0", "0", "11", "13", "12", "12", "12", "12", "13", "15", "13", "0", "0", "0", "0", "0", "0", "0", "0", "13", "12", "14", "10", "12", "14", "12", "12", "14", "0", "0", "0", "0", "0", "0", "0", "0", "13", "13", "11", "12", "12", "11", "13", "13", "11", "0", "0", "0", "0", "0", "0", "0", "0", "12", "13", "12", "12", "14", "14", "14", "12", "12", "0", "0", "0", "0", "0", "0", "0", "0", "12", "14", "11", "12", "12", "13", "12", "13", "13", "0", "0", "0", "0", "0", "0", "0", "0", "13", "13", "12", "13", "14", "12", "13", "11", "12", "0", "0", "0", "0", "0", "0", "0", "0", "12", "12", "12", "11", "13", "14", "12", "10", "12", "0", "0", "0", "0", "0", "0", "0", "0", "11", "12", "12", "13", "12", "11", "12", "10", "13", "0", "0", "0", "0", "0", "0", "0", "0", "0", "0", "0", "0", "0", "0", "0", "0", "0", "0", "0", "0", "0", "0", "0", "0", "0", "0", "0", "0", "0", "0", "0", "0", "0", "0", "0", "0", "0", "0", "0", "0", "0", "0", "0", "0", "0", "0", "0", "0", "0", "0", "0", "0", "0", "0", "0", "0", "0", "0", "0", "0", "0", "0", "0", "0", "0", "0", "0", "0", "0", "0", "0", "0", "0", "0", "0", "0", "0", "0", "0", "0", "0", "0", "0", "0", "0", "0", "0", "0", "0", "0", "0", "0", "0", "0", "0", "0", "0", "0", "0", "0", "0", "0", "0", "0", "0", "0", "0", "0", "0", "0", "0", "0", "0", "0", "0", "0", "0", "0", "0", "0", "0", "0", "0", "0", "0", "0", "0", "0", "0", "0", "0", "0", "0", "0", "0", "0", "0", "0", "0", "0", "0", "0", "0", "0"]]}