{"state": {"resTurn": "43", "h": "6", "w": "12", "score": [["0", "0", "0", "0", "-1", "0", "0", "-1", "0", "0", "0", "0"], ["0", "0", "0", "1", "1", "1", "1", "1", "1", "0", "0", "0"], ["0", "1", "0", "1", "0", "0", "0", "0", "1", "0", "1", "0"], ["0", "1", "0", "0", "1", "0", "0", "1", "0", "0", "1", "0"], ["0", "0", "0", "0", "1", "1", "1", "1", "0", "0", "0", "0"], ["-1", "1", "0", "0", "1", "-1", "-1", "1", "0", "0", "1", "-1"]], "color": [["0", "0", "1", "1", "1", "1", "0", "0", "0", "0", "0", "2"], ["2", "0", "1", "1", "1", "1", "1", "0", "0", "0", "2", "0"], ["2", "2", "0", "0", "1", "1", "0", "0", "0", "0", "2", "2"], ["2", "2", "2", "0", "1", "1", "2", "1", "1", "2", "0", "2"], ["2", "2", "2", "2", "2", "2", "1", "1", "1", "0", "2", "2"], ["0", "2", "2", "2", "2", "0", "1", "1", "1", "1", "1", "0"]], "pos": [{"x": "8", "y": "4"}, {"x": "4", "y": "1"}, {"x": "3", "y": "5"}, {"x": "11", "y": "0"}]}, "q": "0.0008342866134094953", "z": "1", "visitCount": [["13", "13", "13", "13", "11", "12", "11", "13", "12", "0", "0", "0", "0", "0", "0", "0", "0", "12", "13", "14", "14", "13", "12", "13", "12", "13", "0", "0", "0", "0", "0", "0", "0", "0", "14", "12", "12", "11", "11", "14", "12", "12", "11", "0", "0", "0", "0", "0", "0", "0", "0", "13", "13", "11", "13", "13", "12", "11", "14", "12", "0", "0", "0", "0", "0", "0", "0", "0", "12", "13", "13", "10", "15", "11", "14", "14", "14", "0", "0", "0", "0", "0", "0", "0", "0", "12", "12", "13", "14", "13", "13", "12", "13", "14", "0", "0", "0", "0", "0", "0", "0", "0", "12", "11", "11", "12", "13", "12", "12", "12", "12", "0", "0", "0", "0", "0", "0", "0", "0", "0", "0", "0", "0", "0", "0", "0", "0", "0", "0", "0", "0", "0", "0", "0", "0", "0", "11", "12", "12", "12", "13", "12", "11", "13", "10", "0", "0", "0", "0", "0", "0", "0", "0", "0", "0", "0", "0", "0", "0", "0", "0", "0", "0", "0", "0", "0", "0", "0", "0", "0", "0", "0", "0", "0", "0", "0", "0", "0", "0", "0", "0", "0", "0", "0", "0", "0", "0", "0", "0", "0", "0", "0", "0", "0", "0", "0", "0", "0", "0", "0", "0", "0", "0", "0", "0", "0", "0", "0", "0", "0", "0", "0", "0", "0", "0", "0", "0", "0", "0", "0", "0", "0", "0", "0", "0", "0", "0", "0", "0", "0", "0", "0", "0", "0", "0", "0", "0", "0", "0", "0", "0", "0", "0", "0", "0", "0", "0", "0", "0", "0", "0", "0", "0", "0", "0", "14", "12", "10", "14", "11", "10", "13", "11", "12", "0", "0", "0", "0", "0", "0", "0", "0", "0", "0", "0", "0", "0", "0", "0", "0", "0", "0", "0", "0", "0", "0", "0", "0", "0"], ["38", "0", "45", "35", "38", "0", "0", "0", "0", "0", "0", "0", "0", "0", "0", "0", "0", "0", "0", "0", "0", "0", "0", "0", "0", "0", "0", "0", "0", "0", "0", "0", "0", "0", "0", "0", "0", "0", "0", "0", "0", "0", "0", "0", "0", "0", "0", "0", "0", "0", "0", "0", "0", "0", "0", "0", "0", "0", "0", "0", "0", "0", "0", "0", "0", "0", "0", "0", "42", "0", "39", "39", "40", "0", "0", "0", "0", "0", "0", "0", "0", "0", "0", "0", "0", "49", "0", "34", "49", "45", "0", "0", "0", "0", "0", "0", "0", "0", "0", "0", "0", "0", "44", "0", "37", "44", "37", "0", "0", "0", "0", "0", "0", "0", "0", "0", "0", "0", "0", "42", "0", "58", "40", "37", "0", "0", "0", "0", "0", "0", "0", "0", "0", "0", "0", "0", "43", "0", "35", "42", "48", "0", "0", "0", "0", "0", "0", "0", "0", "0", "0", "0", "0", "0", "0", "0", "0", "0", "0", "0", "0", "0", "0", "0", "0", "0", "0", "0", "0", "0", "0", "0", "0", "0", "0", "0", "0", "0", "0", "0", "0", "0", "0", "0", "0", "0", "0", "0", "0", "0", "0", "0", "0", "0", "0", "0", "0", "0", "0", "0", "0", "0", "0", "0", "0", "0", "0", "0", "0", "0", "0", "0", "0", "0", "0", "0", "0", "0", "0", "0", "0", "0", "0", "0", "0", "0", "0", "0", "0", "0", "0", "0", "0", "0", "0", "0", "0", "0", "0", "0", "0", "0", "0", "0", "0", "0", "0", "0", "0", "0", "0", "0", "0", "0", "0", "0", "0", "0", "0", "0", "0", "0", "0", "0", "0", "0", "0", "0", "0", "0", "0", "0", "0", "0", "0", "0", "0", "0", "0", "0", "0", "0", "0", "0", "0", "0", "0", "0", "0"]]}