{"state": {"resTurn": "42", "h": "6", "w": "12", "score": [["0", "0", "0", "0", "-1", "0", "0", "-1", "0", "0", "0", "0"], ["0", "0", "0", "1", "1", "1", "1", "1", "1", "0", "0", "0"], ["0", "1", "0", "1", "0", "0", "0", "0", "1", "0", "1", "0"], ["0", "1", "0", "0", "1", "0", "0", "1", "0", "0", "1", "0"], ["0", "0", "0", "0", "1", "1", "1", "1", "0", "0", "0", "0"], ["-1", "1", "0", "0", "1", "-1", "-1", "1", "0", "0", "1", "-1"]], "color": [["0", "0", "1", "1", "1", "1", "0", "0", "0", "0", "0", "2"], ["2", "0", "1", "1", "1", "1", "1", "0", "0", "0", "2", "2"], ["2", "2", "0", "0", "1", "1", "0", "0", "0", "0", "2", "2"], ["2", "2", "2", "0", "1", "1", "2", "1", "1", "2", "0", "2"], ["2", "2", "2", "2", "2", "2", "1", "1", "1", "0", "2", "2"], ["0", "2", "2", "2", "2", "0", "1", "1", "1", "1", "1", "0"]], "pos": [{"x": "7", "y": "4"}, {"x": "3", "y": "1"}, {"x": "4", "y": "4"}, {"x": "11", "y": "1"}]}, "q": "0.0007640355642381047", "z": "1", "visitCount": [["13", "12", "12", "13", "12", "12", "12", "14", "12", "0", "0", "0", "0", "0", "0", "0", "0", "13", "10", "11", "12", "12", "11", "11", "11", "10", "0", "0", "0", "0", "0", "0", "0", "0", "11", "13", "13", "12", "14", "12", "11", "12", "13", "0", "0", "0", "0", "0", "0", "0", "0", "12", "10", "11", "11", "12", "14", "12", "13", "11", "0", "0", "0", "0", "0", "0", "0", "0", "12", "14", "12", "13", "13", "11", "12", "12", "12", "0", "0", "0", "0", "0", "0", "0", "0", "0", "0", "0", "0", "0", "0", "0", "0", "0", "0", "0", "0", "0", "0", "0", "0", "0", "13", "12", "12", "12", "12", "12", "13", "13", "13", "0", "0", "0", "0", "0", "0", "0", "0", "12", "12", "12", "13", "12", "12", "12", "12", "13", "0", "0", "0", "0", "0", "0", "0", "0", "12", "12", "13", "14", "13", "12", "13", "13", "13", "0", "0", "0", "0", "0", "0", "0", "0", "0", "0", "0", "0", "0", "0", "0", "0", "0", "0", "0", "0", "0", "0", "0", "0", "0", "0", "0", "0", "0", "0", "0", "0", "0", "0", "0", "0", "0", "0", "0", "0", "0", "0", "0", "0", "0", "0", "0", "0", "0", "0", "0", "0", "0", "0", "0", "0", "0", "0", "0", "0", "0", "0", "0", "0", "0", "0", "0", "0", "0", "0", "0", "0", "0", "0", "0", "0", "14", "16", "12", "13", "12", "14", "11", "16", "14", "0", "0", "0", "0", "0", "0", "0", "0", "0", "0", "0", "0", "0", "0", "0", "0", "0", "0", "0", "0", "0", "0", "0", "0", "0", "0", "0", "0", "0", "0", "0", "0", "0", "0", "0", "0", "0", "0", "0", "0", "0", "0", "0", "0", "0", "0", "0", "0", "0", "0", "0", "0", "0", "0", "0", "0", "0", "0", "0"], ["18", "0", "17", "19", "21", "22", "20", "0", "0", "0", "0", "0", "0", "0", "0", "0", "0", "19", "0", "15", "16", "17", "17", "17", "0", "0", "0", "0", "0", "0", "0", "0", "0", "0", "16", "0", "22", "18", "17", "19", "18", "0", "0", "0", "0", "0", "0", "0", "0", "0", "0", "17", "0", "19", "19", "16", "18", "18", "0", "0", "0", "0", "0", "0", "0", "0", "0", "0", "19", "0", "19", "21", "19", "21", "17", "0", "0", "0", "0", "0", "0", "0", "0", "0", "0", "16", "0", "18", "19", "17", "20", "17", "0", "0", "0", "0", "0", "0", "0", "0", "0", "0", "0", "0", "0", "0", "0", "0", "0", "0", "0", "0", "0", "0", "0", "0", "0", "0", "0", "0", "0", "0", "0", "0", "0", "0", "0", "0", "0", "0", "0", "0", "0", "0", "0", "0", "20", "0", "19", "16", "17", "18", "17", "0", "0", "0", "0", "0", "0", "0", "0", "0", "0", "0", "0", "0", "0", "0", "0", "0", "0", "0", "0", "0", "0", "0", "0", "0", "0", "0", "0", "0", "0", "0", "0", "0", "0", "0", "0", "0", "0", "0", "0", "0", "0", "0", "0", "0", "0", "0", "0", "0", "0", "0", "0", "0", "0", "0", "0", "0", "0", "0", "0", "0", "0", "0", "0", "0", "0", "0", "0", "0", "0", "0", "0", "0", "0", "0", "0", "0", "0", "0", "0", "0", "0", "0", "0", "0", "0", "0", "0", "0", "0", "0", "0", "0", "0", "0", "20", "0", "21", "18", "18", "19", "22", "0", "0", "0", "0", "0", "0", "0", "0", "0", "0", "22", "0", "17", "18", "21", "21", "18", "0", "0", "0", "0", "0", "0", "0", "0", "0", "0", "0", "0", "0", "0", "0", "0", "0", "0", "0", "0", "0", "0", "0", "0", "0", "0", "0"]]}