{"state": {"resTurn": "104", "h": "6", "w": "12", "score": [["0", "0", "0", "0", "-1", "0", "0", "-1", "0", "0", "0", "0"], ["0", "0", "0", "1", "1", "1", "1", "1", "1", "0", "0", "0"], ["0", "1", "0", "1", "0", "0", "0", "0", "1", "0", "1", "0"], ["0", "1", "0", "0", "1", "0", "0", "1", "0", "0", "1", "0"], ["0", "0", "0", "0", "1", "1", "1", "1", "0", "0", "0", "0"], ["-1", "1", "0", "0", "1", "-1", "-1", "1", "0", "0", "1", "-1"]], "color": [["0", "0", "0", "0", "0", "0", "0", "0", "0", "0", "0", "0"], ["2", "2", "0", "0", "0", "0", "0", "0", "0", "0", "0", "0"], ["2", "0", "0", "1", "0", "0", "0", "0", "0", "0", "1", "1"], ["0", "0", "1", "1", "1", "0", "2", "2", "0", "0", "1", "0"], ["0", "0", "1", "0", "0", "0", "0", "2", "2", "0", "2", "1"], ["0", "0", "0", "0", "0", "0", "0", "0", "0", "0", "0", "0"]], "pos": [{"x": "11", "y": "4"}, {"x": "3", "y": "2"}, {"x": "1", "y": "1"}, {"x": "7", "y": "4"}]}, "q": "0.0008847192104803695", "z": "1", "visitCount": [["18", "17", "15", "18", "24", "20", "16", "17", "20", "0", "0", "0", "0", "0", "0", "0", "0", "0", "0", "0", "0", "0", "0", "0", "0", "0", "0", "0", "0", "0", "0", "0", "0", "0", "22", "15", "22", "18", "19", "20", "22", "20", "17", "0", "0", "0", "0", "0", "0", "0", "0", "18", "21", "18", "16", "20", "21", "17", "17", "21", "0", "0", "0", "0", "0", "0", "0", "0", "0", "0", "0", "0", "0", "0", "0", "0", "0", "0", "0", "0", "0", "0", "0", "0", "0", "20", "19", "18", "18", "19", "23", "22", "17", "16", "0", "0", "0", "0", "0", "0", "0", "0", "19", "17", "18", "20", "18", "13", "21", "16", "14", "0", "0", "0", "0", "0", "0", "0", "0", "0", "0", "0", "0", "0", "0", "0", "0", "0", "0", "0", "0", "0", "0", "0", "0", "0", "0", "0", "0", "0", "0", "0", "0", "0", "0", "0", "0", "0", "0", "0", "0", "0", "0", "0", "0", "0", "0", "0", "0", "0", "0", "0", "0", "0", "0", "0", "0", "0", "0", "0", "0", "0", "0", "0", "0", "0", "0", "0", "0", "0", "0", "0", "0", "0", "0", "0", "0", "0", "0", "0", "0", "0", "0", "0", "0", "0", "0", "0", "0", "0", "0", "0", "0", "0", "18", "15", "17", "17", "22", "17", "23", "19", "15", "0", "0", "0", "0", "0", "0", "0", "0", "0", "0", "0", "0", "0", "0", "0", "0", "0", "0", "0", "0", "0", "0", "0", "0", "0", "0", "0", "0", "0", "0", "0", "0", "0", "0", "0", "0", "0", "0", "0", "0", "0", "0", "0", "0", "0", "0", "0", "0", "0", "0", "0", "0", "0", "0", "0", "0", "0", "0", "0", "0", "0", "0", "0", "0", "0", "0", "0", "0", "0", "0", "0", "0", "0", "0", "0", "0"], ["11", "12", "13", "14", "13", "14", "14", "14", "14", "0", "0", "0", "0", "0", "0", "0", "0", "11", "11", "12", "11", "12", "12", "15", "13", "15", "0", "0", "0", "0", "0", "0", "0", "0", "11", "11", "9", "14", "12", "11", "11", "12", "12", "0", "0", "0", "0", "0", "0", "0", "0", "12", "11", "15", "14", "15", "12", "13", "12", "11", "0", "0", "0", "0", "0", "0", "0", "0", "11", "14", "11", "13", "13", "11", "12", "13", "14", "0", "0", "0", "0", "0", "0", "0", "0", "14", "13", "12", "12", "15", "11", "11", "9", "13", "0", "0", "0", "0", "0", "0", "0", "0", "10", "13", "13", "11", "11", "10", "10", "12", "12", "0", "0", "0", "0", "0", "0", "0", "0", "12", "12", "13", "13", "12", "14", "11", "11", "15", "0", "0", "0", "0", "0", "0", "0", "0", "14", "12", "12", "13", "16", "12", "11", "13", "11", "0", "0", "0", "0", "0", "0", "0", "0", "0", "0", "0", "0", "0", "0", "0", "0", "0", "0", "0", "0", "0", "0", "0", "0", "0", "0", "0", "0", "0", "0", "0", "0", "0", "0", "0", "0", "0", "0", "0", "0", "0", "0", "0", "0", "0", "0", "0", "0", "0", "0", "0", "0", "0", "0", "0", "0", "0", "0", "0", "0", "0", "0", "0", "0", "0", "0", "0", "0", "0", "0", "0", "0", "0", "0", "0", "0", "0", "0", "0", "0", "0", "0", "0", "0", "0", "0", "0", "0", "0", "0", "0", "0", "0", "0", "0", "0", "0", "0", "0", "0", "0", "0", "0", "0", "0", "0", "0", "0", "0", "0", "0", "0", "0", "0", "0", "0", "0", "0", "0", "0", "0", "0", "0", "0", "0", "0", "0", "0", "0", "0", "0", "0", "0", "0", "0", "0", "0", "0", "0", "0", "0", "0", "0", "0"]]}