{"state": {"resTurn": "41", "h": "6", "w": "12", "score": [["0", "0", "0", "0", "-1", "0", "0", "-1", "0", "0", "0", "0"], ["0", "0", "0", "1", "1", "1", "1", "1", "1", "0", "0", "0"], ["0", "1", "0", "1", "0", "0", "0", "0", "1", "0", "1", "0"], ["0", "1", "0", "0", "1", "0", "0", "1", "0", "0", "1", "0"], ["0", "0", "0", "0", "1", "1", "1", "1", "0", "0", "0", "0"], ["-1", "1", "0", "0", "1", "-1", "-1", "1", "0", "0", "1", "-1"]], "color": [["0", "0", "1", "1", "1", "1", "0", "0", "0", "0", "2", "2"], ["2", "0", "1", "1", "1", "1", "1", "0", "0", "0", "2", "2"], ["2", "2", "0", "0", "1", "1", "0", "0", "0", "0", "2", "2"], ["2", "2", "2", "0", "1", "1", "0", "1", "1", "2", "0", "2"], ["2", "2", "2", "2", "2", "2", "1", "1", "1", "0", "2", "2"], ["0", "2", "2", "2", "2", "0", "1", "1", "1", "1", "1", "0"]], "pos": [{"x": "7", "y": "4"}, {"x": "4", "y": "2"}, {"x": "4", "y": "4"}, {"x": "10", "y": "0"}]}, "q": "0.001108403454873668", "z": "1", "visitCount": [["12", "14", "12", "13", "13", "14", "15", "10", "14", "0", "0", "0", "0", "0", "0", "0", "0", "12", "11", "12", "11", "12", "12", "12", "12", "12", "0", "0", "0", "0", "0", "0", "0", "0", "12", "12", "11", "12", "12", "13", "14", "13", "11", "0", "0", "0", "0", "0", "0", "0", "0", "12", "12", "15", "14", "13", "13", "12", "15", "14", "0", "0", "0", "0", "0", "0", "0", "0", "12", "13", "12", "11", "11", "13", "11", "12", "14", "0", "0", "0", "0", "0", "0", "0", "0", "13", "12", "12", "11", "11", "13", "13", "13", "11", "0", "0", "0", "0", "0", "0", "0", "0", "12", "12", "11", "12", "13", "12", "15", "14", "13", "0", "0", "0", "0", "0", "0", "0", "0", "11", "11", "11", "12", "12", "12", "12", "11", "12", "0", "0", "0", "0", "0", "0", "0", "0", "12", "11", "12", "13", "13", "13", "14", "11", "12", "0", "0", "0", "0", "0", "0", "0", "0", "0", "0", "0", "0", "0", "0", "0", "0", "0", "0", "0", "0", "0", "0", "0", "0", "0", "0", "0", "0", "0", "0", "0", "0", "0", "0", "0", "0", "0", "0", "0", "0", "0", "0", "0", "0", "0", "0", "0", "0", "0", "0", "0", "0", "0", "0", "0", "0", "0", "0", "0", "0", "0", "0", "0", "0", "0", "0", "0", "0", "0", "0", "0", "0", "0", "0", "0", "0", "0", "0", "0", "0", "0", "0", "0", "0", "0", "0", "0", "0", "0", "0", "0", "0", "0", "0", "0", "0", "0", "0", "0", "0", "0", "0", "0", "0", "0", "0", "0", "0", "0", "0", "0", "0", "0", "0", "0", "0", "0", "0", "0", "0", "0", "0", "0", "0", "0", "0", "0", "0", "0", "0", "0", "0", "0", "0", "0", "0", "0", "0", "0", "0", "0", "0", "0", "0"], ["19", "22", "19", "18", "19", "0", "0", "0", "18", "0", "0", "0", "0", "0", "0", "0", "0", "16", "16", "21", "21", "20", "0", "0", "0", "19", "0", "0", "0", "0", "0", "0", "0", "0", "16", "18", "21", "18", "19", "0", "0", "0", "21", "0", "0", "0", "0", "0", "0", "0", "0", "18", "22", "16", "17", "17", "0", "0", "0", "15", "0", "0", "0", "0", "0", "0", "0", "0", "20", "19", "18", "18", "19", "0", "0", "0", "18", "0", "0", "0", "0", "0", "0", "0", "0", "17", "20", "18", "17", "16", "0", "0", "0", "17", "0", "0", "0", "0", "0", "0", "0", "0", "0", "0", "0", "0", "0", "0", "0", "0", "0", "0", "0", "0", "0", "0", "0", "0", "0", "0", "0", "0", "0", "0", "0", "0", "0", "0", "0", "0", "0", "0", "0", "0", "0", "0", "18", "16", "19", "17", "18", "0", "0", "0", "17", "0", "0", "0", "0", "0", "0", "0", "0", "0", "0", "0", "0", "0", "0", "0", "0", "0", "0", "0", "0", "0", "0", "0", "0", "0", "0", "0", "0", "0", "0", "0", "0", "0", "0", "0", "0", "0", "0", "0", "0", "0", "0", "0", "0", "0", "0", "0", "0", "0", "0", "0", "0", "0", "0", "0", "0", "0", "0", "0", "0", "0", "0", "0", "0", "0", "0", "0", "0", "0", "0", "0", "0", "0", "0", "0", "0", "0", "0", "0", "0", "0", "0", "0", "0", "0", "0", "0", "0", "0", "0", "0", "0", "0", "21", "16", "20", "19", "17", "0", "0", "0", "22", "0", "0", "0", "0", "0", "0", "0", "0", "21", "21", "19", "17", "18", "0", "0", "0", "21", "0", "0", "0", "0", "0", "0", "0", "0", "0", "0", "0", "0", "0", "0", "0", "0", "0", "0", "0", "0", "0", "0", "0", "0", "0"]]}