{"state": {"resTurn": "40", "h": "6", "w": "12", "score": [["0", "0", "0", "0", "-1", "0", "0", "-1", "0", "0", "0", "0"], ["0", "0", "0", "1", "1", "1", "1", "1", "1", "0", "0", "0"], ["0", "1", "0", "1", "0", "0", "0", "0", "1", "0", "1", "0"], ["0", "1", "0", "0", "1", "0", "0", "1", "0", "0", "1", "0"], ["0", "0", "0", "0", "1", "1", "1", "1", "0", "0", "0", "0"], ["-1", "1", "0", "0", "1", "-1", "-1", "1", "0", "0", "1", "-1"]], "color": [["0", "0", "1", "1", "1", "1", "0", "0", "0", "0", "2", "2"], ["2", "0", "1", "1", "1", "1", "1", "0", "0", "0", "2", "2"], ["2", "2", "0", "0", "1", "1", "0", "0", "0", "0", "2", "2"], ["2", "2", "2", "0", "1", "1", "0", "1", "1", "2", "0", "2"], ["2", "2", "2", "2", "2", "2", "1", "1", "1", "0", "2", "2"], ["0", "2", "2", "2", "2", "0", "1", "1", "1", "1", "1", "0"]], "pos": [{"x": "7", "y": "4"}, {"x": "4", "y": "1"}, {"x": "4", "y": "4"}, {"x": "11", "y": "1"}]}, "q": "0.001070948514211369", "z": "1", "visitCount": [["12", "11", "12", "11", "14", "11", "12", "12", "14", "0", "0", "0", "0", "0", "0", "0", "0", "12", "12", "12", "12", "12", "14", "12", "12", "13", "0", "0", "0", "0", "0", "0", "0", "0", "13", "12", "13", "14", "13", "12", "11", "12", "15", "0", "0", "0", "0", "0", "0", "0", "0", "14", "12", "12", "12", "12", "12", "11", "12", "13", "0", "0", "0", "0", "0", "0", "0", "0", "15", "14", "12", "13", "12", "13", "11", "12", "13", "0", "0", "0", "0", "0", "0", "0", "0", "13", "11", "12", "11", "12", "12", "13", "11", "11", "0", "0", "0", "0", "0", "0", "0", "0", "13", "12", "12", "13", "12", "13", "13", "11", "13", "0", "0", "0", "0", "0", "0", "0", "0", "11", "13", "12", "10", "13", "13", "13", "12", "11", "0", "0", "0", "0", "0", "0", "0", "0", "11", "12", "12", "13", "14", "15", "13", "12", "12", "0", "0", "0", "0", "0", "0", "0", "0", "0", "0", "0", "0", "0", "0", "0", "0", "0", "0", "0", "0", "0", "0", "0", "0", "0", "0", "0", "0", "0", "0", "0", "0", "0", "0", "0", "0", "0", "0", "0", "0", "0", "0", "0", "0", "0", "0", "0", "0", "0", "0", "0", "0", "0", "0", "0", "0", "0", "0", "0", "0", "0", "0", "0", "0", "0", "0", "0", "0", "0", "0", "0", "0", "0", "0", "0", "0", "0", "0", "0", "0", "0", "0", "0", "0", "0", "0", "0", "0", "0", "0", "0", "0", "0", "0", "0", "0", "0", "0", "0", "0", "0", "0", "0", "0", "0", "0", "0", "0", "0", "0", "0", "0", "0", "0", "0", "0", "0", "0", "0", "0", "0", "0", "0", "0", "0", "0", "0", "0", "0", "0", "0", "0", "0", "0", "0", "0", "0", "0", "0", "0", "0", "0", "0", "0"], ["24", "0", "21", "19", "21", "18", "23", "0", "0", "0", "0", "0", "0", "0", "0", "0", "0", "15", "0", "20", "17", "22", "19", "16", "0", "0", "0", "0", "0", "0", "0", "0", "0", "0", "15", "0", "17", "18", "17", "15", "21", "0", "0", "0", "0", "0", "0", "0", "0", "0", "0", "19", "0", "18", "17", "18", "20", "18", "0", "0", "0", "0", "0", "0", "0", "0", "0", "0", "17", "0", "15", "20", "18", "14", "18", "0", "0", "0", "0", "0", "0", "0", "0", "0", "0", "20", "0", "19", "21", "17", "17", "19", "0", "0", "0", "0", "0", "0", "0", "0", "0", "0", "0", "0", "0", "0", "0", "0", "0", "0", "0", "0", "0", "0", "0", "0", "0", "0", "0", "0", "0", "0", "0", "0", "0", "0", "0", "0", "0", "0", "0", "0", "0", "0", "0", "0", "19", "0", "17", "18", "15", "18", "20", "0", "0", "0", "0", "0", "0", "0", "0", "0", "0", "0", "0", "0", "0", "0", "0", "0", "0", "0", "0", "0", "0", "0", "0", "0", "0", "0", "0", "0", "0", "0", "0", "0", "0", "0", "0", "0", "0", "0", "0", "0", "0", "0", "0", "0", "0", "0", "0", "0", "0", "0", "0", "0", "0", "0", "0", "0", "0", "0", "0", "0", "0", "0", "0", "0", "0", "0", "0", "0", "0", "0", "0", "0", "0", "0", "0", "0", "0", "0", "0", "0", "0", "0", "0", "0", "0", "0", "0", "0", "0", "0", "0", "0", "0", "0", "18", "0", "16", "18", "18", "18", "18", "0", "0", "0", "0", "0", "0", "0", "0", "0", "0", "19", "0", "23", "19", "20", "21", "22", "0", "0", "0", "0", "0", "0", "0", "0", "0", "0", "0", "0", "0", "0", "0", "0", "0", "0", "0", "0", "0", "0", "0", "0", "0", "0", "0"]]}