{"state": {"resTurn": "39", "h": "6", "w": "12", "score": [["0", "0", "0", "0", "-1", "0", "0", "-1", "0", "0", "0", "0"], ["0", "0", "0", "1", "1", "1", "1", "1", "1", "0", "0", "0"], ["0", "1", "0", "1", "0", "0", "0", "0", "1", "0", "1", "0"], ["0", "1", "0", "0", "1", "0", "0", "1", "0", "0", "1", "0"], ["0", "0", "0", "0", "1", "1", "1", "1", "0", "0", "0", "0"], ["-1", "1", "0", "0", "1", "-1", "-1", "1", "0", "0", "1", "-1"]], "color": [["0", "0", "1", "1", "1", "1", "0", "0", "0", "0", "2", "2"], ["2", "0", "1", "1", "1", "1", "1", "0", "0", "0", "2", "2"], ["2", "2", "0", "0", "1", "1", "0", "0", "0", "0", "2", "2"], ["2", "2", "2", "0", "1", "1", "0", "1", "1", "2", "0", "2"], ["2", "2", "2", "2", "2", "2", "1", "1", "1", "0", "2", "2"], ["0", "2", "2", "2", "2", "0", "1", "1", "1", "1", "1", "0"]], "pos": [{"x": "7", "y": "5"}, {"x": "5", "y": "1"}, {"x": "4", "y": "4"}, {"x": "11", "y": "1"}]}, "q": "0.001005553984647576", "z": "1", "visitCount": [["17", "17", "17", "21", "17", "18", "17", "18", "21", "0", "0", "0", "0", "0", "0", "0", "0", "0", "0", "0", "0", "0", "0", "0", "0", "0", "0", "0", "0", "0", "0", "0", "0", "0", "0", "0", "0", "0", "0", "0", "0", "0", "0", "0", "0", "0", "0", "0", "0", "0", "0", "0", "0", "0", "0", "0", "0", "0", "0", "0", "0", "0", "0", "0", "0", "0", "0", "0", "19", "17", "21", "16", "21", "16", "18", "20", "18", "0", "0", "0", "0", "0", "0", "0", "0", "20", "15", "18", "19", "18", "19", "17", "17", "21", "0", "0", "0", "0", "0", "0", "0", "0", "18", "19", "19", "21", "21", "20", "22", "19", "19", "0", "0", "0", "0", "0", "0", "0", "0", "22", "17", "17", "21", "19", "23", "16", "20", "16", "0", "0", "0", "0", "0", "0", "0", "0", "17", "13", "20", "20", "17", "18", "17", "16", "20", "0", "0", "0", "0", "0", "0", "0", "0", "0", "0", "0", "0", "0", "0", "0", "0", "0", "0", "0", "0", "0", "0", "0", "0", "0", "0", "0", "0", "0", "0", "0", "0", "0", "0", "0", "0", "0", "0", "0", "0", "0", "0", "0", "0", "0", "0", "0", "0", "0", "0", "0", "0", "0", "0", "0", "0", "0", "0", "0", "0", "0", "0", "0", "0", "0", "0", "0", "0", "0", "0", "0", "0", "0", "0", "0", "0", "0", "0", "0", "0", "0", "0", "0", "0", "0", "0", "0", "0", "0", "0", "0", "0", "0", "0", "0", "0", "0", "0", "0", "0", "0", "0", "0", "0", "0", "0", "0", "0", "0", "0", "0", "0", "0", "0", "0", "0", "0", "0", "0", "0", "0", "0", "0", "0", "0", "0", "0", "0", "0", "0", "0", "0", "0", "0", "0", "0", "0", "0", "0", "0", "0", "0", "0", "0"], ["23", "0", "22", "19", "19", "23", "19", "0", "0", "0", "0", "0", "0", "0", "0", "0", "0", "19", "0", "20", "16", "17", "16", "17", "0", "0", "0", "0", "0", "0", "0", "0", "0", "0", "18", "0", "17", "19", "15", "19", "19", "0", "0", "0", "0", "0", "0", "0", "0", "0", "0", "21", "0", "21", "17", "17", "17", "20", "0", "0", "0", "0", "0", "0", "0", "0", "0", "0", "21", "0", "20", "15", "17", "20", "17", "0", "0", "0", "0", "0", "0", "0", "0", "0", "0", "19", "0", "18", "15", "18", "16", "16", "0", "0", "0", "0", "0", "0", "0", "0", "0", "0", "0", "0", "0", "0", "0", "0", "0", "0", "0", "0", "0", "0", "0", "0", "0", "0", "0", "0", "0", "0", "0", "0", "0", "0", "0", "0", "0", "0", "0", "0", "0", "0", "0", "0", "18", "0", "17", "22", "18", "16", "20", "0", "0", "0", "0", "0", "0", "0", "0", "0", "0", "0", "0", "0", "0", "0", "0", "0", "0", "0", "0", "0", "0", "0", "0", "0", "0", "0", "0", "0", "0", "0", "0", "0", "0", "0", "0", "0", "0", "0", "0", "0", "0", "0", "0", "0", "0", "0", "0", "0", "0", "0", "0", "0", "0", "0", "0", "0", "0", "0", "0", "0", "0", "0", "0", "0", "0", "0", "0", "0", "0", "0", "0", "0", "0", "0", "0", "0", "0", "0", "0", "0", "0", "0", "0", "0", "0", "0", "0", "0", "0", "0", "0", "0", "0", "0", "22", "0", "17", "21", "20", "18", "16", "0", "0", "0", "0", "0", "0", "0", "0", "0", "0", "17", "0", "21", "21", "17", "20", "17", "0", "0", "0", "0", "0", "0", "0", "0", "0", "0", "0", "0", "0", "0", "0", "0", "0", "0", "0", "0", "0", "0", "0", "0", "0", "0", "0"]]}