{"state": {"resTurn": "38", "h": "6", "w": "12", "score": [["0", "0", "0", "0", "-1", "0", "0", "-1", "0", "0", "0", "0"], ["0", "0", "0", "1", "1", "1", "1", "1", "1", "0", "0", "0"], ["0", "1", "0", "1", "0", "0", "0", "0", "1", "0", "1", "0"], ["0", "1", "0", "0", "1", "0", "0", "1", "0", "0", "1", "0"], ["0", "0", "0", "0", "1", "1", "1", "1", "0", "0", "0", "0"], ["-1", "1", "0", "0", "1", "-1", "-1", "1", "0", "0", "1", "-1"]], "color": [["0", "0", "1", "1", "1", "1", "0", "0", "0", "0", "2", "2"], ["2", "0", "1", "1", "1", "1", "1", "0", "0", "0", "2", "2"], ["2", "2", "0", "0", "1", "1", "0", "0", "0", "0", "2", "2"], ["2", "2", "2", "0", "1", "1", "0", "1", "1", "2", "0", "2"], ["2", "2", "2", "2", "2", "2", "1", "1", "1", "0", "2", "2"], ["0", "2", "2", "2", "2", "0", "1", "1", "1", "1", "1", "0"]], "pos": [{"x": "8", "y": "4"}, {"x": "4", "y": "0"}, {"x": "4", "y": "4"}, {"x": "11", "y": "1"}]}, "q": "0.001010711863731239", "z": "1", "visitCount": [["16", "18", "19", "16", "19", "0", "0", "0", "21", "0", "0", "0", "0", "0", "0", "0", "0", "15", "17", "18", "18", "21", "0", "0", "0", "21", "0", "0", "0", "0", "0", "0", "0", "0", "22", "17", "18", "17", "17", "0", "0", "0", "15", "0", "0", "0", "0", "0", "0", "0", "0", "18", "18", "19", "21", "18", "0", "0", "0", "20", "0", "0", "0", "0", "0", "0", "0", "0", "18", "22", "21", "21", "22", "0", "0", "0", "20", "0", "0", "0", "0", "0", "0", "0", "0", "19", "19", "18", "16", "16", "0", "0", "0", "17", "0", "0", "0", "0", "0", "0", "0", "0", "18", "20", "17", "20", "14", "0", "0", "0", "18", "0", "0", "0", "0", "0", "0", "0", "0", "0", "0", "0", "0", "0", "0", "0", "0", "0", "0", "0", "0", "0", "0", "0", "0", "0", "17", "18", "16", "17", "19", "0", "0", "0", "18", "0", "0", "0", "0", "0", "0", "0", "0", "0", "0", "0", "0", "0", "0", "0", "0", "0", "0", "0", "0", "0", "0", "0", "0", "0", "0", "0", "0", "0", "0", "0", "0", "0", "0", "0", "0", "0", "0", "0", "0", "0", "0", "0", "0", "0", "0", "0", "0", "0", "0", "0", "0", "0", "0", "0", "0", "0", "0", "0", "0", "0", "0", "0", "0", "0", "0", "0", "0", "0", "0", "0", "0", "0", "0", "0", "0", "0", "0", "0", "0", "0", "0", "0", "0", "0", "0", "0", "0", "0", "0", "0", "0", "0", "0", "0", "0", "0", "0", "0", "0", "0", "0", "0", "0", "0", "0", "0", "0", "0", "0", "19", "22", "22", "19", "22", "0", "0", "0", "16", "0", "0", "0", "0", "0", "0", "0", "0", "0", "0", "0", "0", "0", "0", "0", "0", "0", "0", "0", "0", "0", "0", "0", "0", "0"], ["18", "0", "19", "18", "19", "18", "21", "0", "0", "0", "0", "0", "0", "0", "0", "0", "0", "20", "0", "16", "19", "17", "20", "17", "0", "0", "0", "0", "0", "0", "0", "0", "0", "0", "21", "0", "18", "20", "18", "15", "17", "0", "0", "0", "0", "0", "0", "0", "0", "0", "0", "18", "0", "19", "20", "18", "18", "21", "0", "0", "0", "0", "0", "0", "0", "0", "0", "0", "22", "0", "18", "17", "16", "20", "20", "0", "0", "0", "0", "0", "0", "0", "0", "0", "0", "18", "0", "15", "17", "21", "18", "20", "0", "0", "0", "0", "0", "0", "0", "0", "0", "0", "0", "0", "0", "0", "0", "0", "0", "0", "0", "0", "0", "0", "0", "0", "0", "0", "0", "0", "0", "0", "0", "0", "0", "0", "0", "0", "0", "0", "0", "0", "0", "0", "0", "0", "20", "0", "18", "18", "17", "18", "17", "0", "0", "0", "0", "0", "0", "0", "0", "0", "0", "0", "0", "0", "0", "0", "0", "0", "0", "0", "0", "0", "0", "0", "0", "0", "0", "0", "0", "0", "0", "0", "0", "0", "0", "0", "0", "0", "0", "0", "0", "0", "0", "0", "0", "0", "0", "0", "0", "0", "0", "0", "0", "0", "0", "0", "0", "0", "0", "0", "0", "0", "0", "0", "0", "0", "0", "0", "0", "0", "0", "0", "0", "0", "0", "0", "0", "0", "0", "0", "0", "0", "0", "0", "0", "0", "0", "0", "0", "0", "0", "0", "0", "0", "0", "0", "20", "0", "21", "20", "16", "19", "18", "0", "0", "0", "0", "0", "0", "0", "0", "0", "0", "18", "0", "17", "18", "19", "19", "20", "0", "0", "0", "0", "0", "0", "0", "0", "0", "0", "0", "0", "0", "0", "0", "0", "0", "0", "0", "0", "0", "0", "0", "0", "0", "0", "0"]]}