{"state": {"resTurn": "36", "h": "6", "w": "12", "score": [["0", "0", "0", "0", "-1", "0", "0", "-1", "0", "0", "0", "0"], ["0", "0", "0", "1", "1", "1", "1", "1", "1", "0", "0", "0"], ["0", "1", "0", "1", "0", "0", "0", "0", "1", "0", "1", "0"], ["0", "1", "0", "0", "1", "0", "0", "1", "0", "0", "1", "0"], ["0", "0", "0", "0", "1", "1", "1", "1", "0", "0", "0", "0"], ["-1", "1", "0", "0", "1", "-1", "-1", "1", "0", "0", "1", "-1"]], "color": [["0", "0", "1", "1", "1", "1", "0", "0", "0", "0", "2", "2"], ["2", "0", "1", "1", "1", "1", "1", "0", "0", "0", "2", "2"], ["2", "2", "0", "0", "1", "1", "0", "0", "0", "0", "2", "2"], ["2", "2", "2", "0", "1", "1", "0", "1", "1", "2", "0", "2"], ["2", "2", "2", "2", "2", "2", "1", "1", "1", "0", "2", "2"], ["0", "2", "2", "2", "2", "0", "1", "1", "1", "1", "1", "0"]], "pos": [{"x": "7", "y": "4"}, {"x": "3", "y": "0"}, {"x": "2", "y": "4"}, {"x": "10", "y": "0"}]}, "q": "0.0008983948822826201", "z": "1", "visitCount": [["19", "18", "17", "20", "16", "0", "0", "0", "19", "0", "0", "0", "0", "0", "0", "0", "0", "18", "16", "21", "18", "16", "0", "0", "0", "18", "0", "0", "0", "0", "0", "0", "0", "0", "18", "19", "20", "21", "19", "0", "0", "0", "20", "0", "0", "0", "0", "0", "0", "0", "0", "19", "19", "17", "17", "22", "0", "0", "0", "20", "0", "0", "0", "0", "0", "0", "0", "0", "15", "22", "17", "22", "21", "0", "0", "0", "19", "0", "0", "0", "0", "0", "0", "0", "0", "18", "20", "16", "16", "18", "0", "0", "0", "17", "0", "0", "0", "0", "0", "0", "0", "0", "18", "19", "19", "20", "19", "0", "0", "0", "18", "0", "0", "0", "0", "0", "0", "0", "0", "17", "18", "16", "16", "20", "0", "0", "0", "18", "0", "0", "0", "0", "0", "0", "0", "0", "19", "18", "20", "19", "17", "0", "0", "0", "21", "0", "0", "0", "0", "0", "0", "0", "0", "0", "0", "0", "0", "0", "0", "0", "0", "0", "0", "0", "0", "0", "0", "0", "0", "0", "0", "0", "0", "0", "0", "0", "0", "0", "0", "0", "0", "0", "0", "0", "0", "0", "0", "0", "0", "0", "0", "0", "0", "0", "0", "0", "0", "0", "0", "0", "0", "0", "0", "0", "0", "0", "0", "0", "0", "0", "0", "0", "0", "0", "0", "0", "0", "0", "0", "0", "0", "0", "0", "0", "0", "0", "0", "0", "0", "0", "0", "0", "0", "0", "0", "0", "0", "0", "0", "0", "0", "0", "0", "0", "0", "0", "0", "0", "0", "0", "0", "0", "0", "0", "0", "0", "0", "0", "0", "0", "0", "0", "0", "0", "0", "0", "0", "0", "0", "0", "0", "0", "0", "0", "0", "0", "0", "0", "0", "0", "0", "0", "0", "0", "0", "0", "0", "0", "0"], ["18", "21", "17", "20", "24", "0", "0", "0", "18", "0", "0", "0", "0", "0", "0", "0", "0", "19", "17", "19", "20", "19", "0", "0", "0", "17", "0", "0", "0", "0", "0", "0", "0", "0", "16", "20", "20", "21", "17", "0", "0", "0", "20", "0", "0", "0", "0", "0", "0", "0", "0", "21", "19", "17", "19", "18", "0", "0", "0", "16", "0", "0", "0", "0", "0", "0", "0", "0", "18", "20", "16", "17", "22", "0", "0", "0", "18", "0", "0", "0", "0", "0", "0", "0", "0", "19", "18", "18", "17", "16", "0", "0", "0", "21", "0", "0", "0", "0", "0", "0", "0", "0", "16", "16", "18", "18", "16", "0", "0", "0", "23", "0", "0", "0", "0", "0", "0", "0", "0", "16", "13", "18", "20", "23", "0", "0", "0", "22", "0", "0", "0", "0", "0", "0", "0", "0", "17", "19", "17", "16", "19", "0", "0", "0", "20", "0", "0", "0", "0", "0", "0", "0", "0", "0", "0", "0", "0", "0", "0", "0", "0", "0", "0", "0", "0", "0", "0", "0", "0", "0", "0", "0", "0", "0", "0", "0", "0", "0", "0", "0", "0", "0", "0", "0", "0", "0", "0", "0", "0", "0", "0", "0", "0", "0", "0", "0", "0", "0", "0", "0", "0", "0", "0", "0", "0", "0", "0", "0", "0", "0", "0", "0", "0", "0", "0", "0", "0", "0", "0", "0", "0", "0", "0", "0", "0", "0", "0", "0", "0", "0", "0", "0", "0", "0", "0", "0", "0", "0", "0", "0", "0", "0", "0", "0", "0", "0", "0", "0", "0", "0", "0", "0", "0", "0", "0", "0", "0", "0", "0", "0", "0", "0", "0", "0", "0", "0", "0", "0", "0", "0", "0", "0", "0", "0", "0", "0", "0", "0", "0", "0", "0", "0", "0", "0", "0", "0", "0", "0", "0"]]}