{"state": {"resTurn": "34", "h": "6", "w": "12", "score": [["0", "0", "0", "0", "-1", "0", "0", "-1", "0", "0", "0", "0"], ["0", "0", "0", "1", "1", "1", "1", "1", "1", "0", "0", "0"], ["0", "1", "0", "1", "0", "0", "0", "0", "1", "0", "1", "0"], ["0", "1", "0", "0", "1", "0", "0", "1", "0", "0", "1", "0"], ["0", "0", "0", "0", "1", "1", "1", "1", "0", "0", "0", "0"], ["-1", "1", "0", "0", "1", "-1", "-1", "1", "0", "0", "1", "-1"]], "color": [["0", "0", "1", "1", "1", "1", "0", "0", "0", "2", "2", "2"], ["2", "0", "1", "1", "1", "1", "1", "0", "0", "0", "2", "2"], ["2", "2", "0", "0", "1", "1", "0", "0", "0", "0", "2", "2"], ["2", "2", "2", "0", "1", "1", "0", "1", "1", "2", "0", "2"], ["2", "2", "2", "2", "2", "0", "1", "1", "1", "0", "2", "2"], ["0", "2", "2", "2", "2", "0", "1", "1", "1", "1", "1", "0"]], "pos": [{"x": "6", "y": "5"}, {"x": "2", "y": "0"}, {"x": "2", "y": "3"}, {"x": "9", "y": "0"}]}, "q": "0.001004482327196281", "z": "1", "visitCount": [["24", "25", "28", "28", "31", "0", "0", "0", "27", "0", "0", "0", "0", "0", "0", "0", "0", "0", "0", "0", "0", "0", "0", "0", "0", "0", "0", "0", "0", "0", "0", "0", "0", "0", "0", "0", "0", "0", "0", "0", "0", "0", "0", "0", "0", "0", "0", "0", "0", "0", "0", "0", "0", "0", "0", "0", "0", "0", "0", "0", "0", "0", "0", "0", "0", "0", "0", "0", "31", "29", "26", "29", "25", "0", "0", "0", "26", "0", "0", "0", "0", "0", "0", "0", "0", "29", "24", "29", "24", "26", "0", "0", "0", "25", "0", "0", "0", "0", "0", "0", "0", "0", "28", "26", "27", "28", "28", "0", "0", "0", "28", "0", "0", "0", "0", "0", "0", "0", "0", "30", "31", "27", "31", "30", "0", "0", "0", "31", "0", "0", "0", "0", "0", "0", "0", "0", "32", "28", "26", "27", "30", "0", "0", "0", "26", "0", "0", "0", "0", "0", "0", "0", "0", "0", "0", "0", "0", "0", "0", "0", "0", "0", "0", "0", "0", "0", "0", "0", "0", "0", "0", "0", "0", "0", "0", "0", "0", "0", "0", "0", "0", "0", "0", "0", "0", "0", "0", "0", "0", "0", "0", "0", "0", "0", "0", "0", "0", "0", "0", "0", "0", "0", "0", "0", "0", "0", "0", "0", "0", "0", "0", "0", "0", "0", "0", "0", "0", "0", "0", "0", "0", "0", "0", "0", "0", "0", "0", "0", "0", "0", "0", "0", "0", "0", "0", "0", "0", "0", "0", "0", "0", "0", "0", "0", "0", "0", "0", "0", "0", "0", "0", "0", "0", "0", "0", "0", "0", "0", "0", "0", "0", "0", "0", "0", "0", "0", "0", "0", "0", "0", "0", "0", "0", "0", "0", "0", "0", "0", "0", "0", "0", "0", "0", "0", "0", "0", "0", "0", "0"], ["23", "19", "13", "21", "20", "0", "0", "0", "21", "0", "0", "0", "0", "0", "0", "0", "0", "19", "16", "19", "16", "22", "0", "0", "0", "21", "0", "0", "0", "0", "0", "0", "0", "0", "19", "19", "21", "20", "21", "0", "0", "0", "18", "0", "0", "0", "0", "0", "0", "0", "0", "17", "17", "19", "17", "19", "0", "0", "0", "18", "0", "0", "0", "0", "0", "0", "0", "0", "19", "18", "20", "19", "20", "0", "0", "0", "19", "0", "0", "0", "0", "0", "0", "0", "0", "24", "21", "17", "19", "16", "0", "0", "0", "16", "0", "0", "0", "0", "0", "0", "0", "0", "22", "18", "17", "19", "16", "0", "0", "0", "17", "0", "0", "0", "0", "0", "0", "0", "0", "18", "18", "18", "19", "15", "0", "0", "0", "17", "0", "0", "0", "0", "0", "0", "0", "0", "16", "17", "17", "16", "20", "0", "0", "0", "17", "0", "0", "0", "0", "0", "0", "0", "0", "0", "0", "0", "0", "0", "0", "0", "0", "0", "0", "0", "0", "0", "0", "0", "0", "0", "0", "0", "0", "0", "0", "0", "0", "0", "0", "0", "0", "0", "0", "0", "0", "0", "0", "0", "0", "0", "0", "0", "0", "0", "0", "0", "0", "0", "0", "0", "0", "0", "0", "0", "0", "0", "0", "0", "0", "0", "0", "0", "0", "0", "0", "0", "0", "0", "0", "0", "0", "0", "0", "0", "0", "0", "0", "0", "0", "0", "0", "0", "0", "0", "0", "0", "0", "0", "0", "0", "0", "0", "0", "0", "0", "0", "0", "0", "0", "0", "0", "0", "0", "0", "0", "0", "0", "0", "0", "0", "0", "0", "0", "0", "0", "0", "0", "0", "0", "0", "0", "0", "0", "0", "0", "0", "0", "0", "0", "0", "0", "0", "0", "0", "0", "0", "0", "0", "0"]]}