{"state": {"resTurn": "33", "h": "6", "w": "12", "score": [["0", "0", "0", "0", "-1", "0", "0", "-1", "0", "0", "0", "0"], ["0", "0", "0", "1", "1", "1", "1", "1", "1", "0", "0", "0"], ["0", "1", "0", "1", "0", "0", "0", "0", "1", "0", "1", "0"], ["0", "1", "0", "0", "1", "0", "0", "1", "0", "0", "1", "0"], ["0", "0", "0", "0", "1", "1", "1", "1", "0", "0", "0", "0"], ["-1", "1", "0", "0", "1", "-1", "-1", "1", "0", "0", "1", "-1"]], "color": [["0", "0", "1", "1", "1", "1", "0", "0", "0", "2", "2", "2"], ["2", "0", "1", "1", "1", "1", "1", "0", "0", "0", "2", "2"], ["2", "2", "0", "0", "1", "1", "0", "0", "0", "0", "2", "2"], ["2", "2", "2", "0", "1", "1", "0", "1", "1", "2", "0", "2"], ["2", "2", "2", "2", "2", "0", "1", "1", "1", "0", "2", "2"], ["0", "2", "2", "2", "2", "0", "1", "1", "1", "1", "1", "0"]], "pos": [{"x": "7", "y": "5"}, {"x": "2", "y": "0"}, {"x": "1", "y": "2"}, {"x": "9", "y": "0"}]}, "q": "0.0007837941937656899", "z": "1", "visitCount": [["30", "30", "28", "22", "27", "0", "0", "0", "25", "0", "0", "0", "0", "0", "0", "0", "0", "0", "0", "0", "0", "0", "0", "0", "0", "0", "0", "0", "0", "0", "0", "0", "0", "0", "0", "0", "0", "0", "0", "0", "0", "0", "0", "0", "0", "0", "0", "0", "0", "0", "0", "0", "0", "0", "0", "0", "0", "0", "0", "0", "0", "0", "0", "0", "0", "0", "0", "0", "27", "30", "22", "30", "24", "0", "0", "0", "29", "0", "0", "0", "0", "0", "0", "0", "0", "36", "28", "30", "26", "31", "0", "0", "0", "27", "0", "0", "0", "0", "0", "0", "0", "0", "26", "32", "29", "29", "25", "0", "0", "0", "24", "0", "0", "0", "0", "0", "0", "0", "0", "35", "28", "29", "31", "24", "0", "0", "0", "23", "0", "0", "0", "0", "0", "0", "0", "0", "26", "25", "33", "24", "28", "0", "0", "0", "27", "0", "0", "0", "0", "0", "0", "0", "0", "0", "0", "0", "0", "0", "0", "0", "0", "0", "0", "0", "0", "0", "0", "0", "0", "0", "0", "0", "0", "0", "0", "0", "0", "0", "0", "0", "0", "0", "0", "0", "0", "0", "0", "0", "0", "0", "0", "0", "0", "0", "0", "0", "0", "0", "0", "0", "0", "0", "0", "0", "0", "0", "0", "0", "0", "0", "0", "0", "0", "0", "0", "0", "0", "0", "0", "0", "0", "0", "0", "0", "0", "0", "0", "0", "0", "0", "0", "0", "0", "0", "0", "0", "0", "0", "0", "0", "0", "0", "0", "0", "0", "0", "0", "0", "0", "0", "0", "0", "0", "0", "0", "0", "0", "0", "0", "0", "0", "0", "0", "0", "0", "0", "0", "0", "0", "0", "0", "0", "0", "0", "0", "0", "0", "0", "0", "0", "0", "0", "0", "0", "0", "0", "0", "0", "0"], ["19", "19", "18", "19", "18", "0", "0", "0", "19", "0", "0", "0", "0", "0", "0", "0", "0", "23", "22", "21", "19", "19", "0", "0", "0", "18", "0", "0", "0", "0", "0", "0", "0", "0", "19", "17", "17", "20", "18", "0", "0", "0", "19", "0", "0", "0", "0", "0", "0", "0", "0", "20", "19", "18", "19", "16", "0", "0", "0", "17", "0", "0", "0", "0", "0", "0", "0", "0", "18", "20", "19", "20", "19", "0", "0", "0", "18", "0", "0", "0", "0", "0", "0", "0", "0", "19", "16", "20", "18", "18", "0", "0", "0", "18", "0", "0", "0", "0", "0", "0", "0", "0", "22", "15", "17", "22", "19", "0", "0", "0", "17", "0", "0", "0", "0", "0", "0", "0", "0", "0", "0", "0", "0", "0", "0", "0", "0", "0", "0", "0", "0", "0", "0", "0", "0", "0", "19", "17", "19", "16", "18", "0", "0", "0", "18", "0", "0", "0", "0", "0", "0", "0", "0", "0", "0", "0", "0", "0", "0", "0", "0", "0", "0", "0", "0", "0", "0", "0", "0", "0", "0", "0", "0", "0", "0", "0", "0", "0", "0", "0", "0", "0", "0", "0", "0", "0", "0", "0", "0", "0", "0", "0", "0", "0", "0", "0", "0", "0", "0", "0", "0", "0", "0", "0", "0", "0", "0", "0", "0", "0", "0", "0", "0", "0", "0", "0", "0", "0", "0", "0", "0", "0", "0", "0", "0", "0", "0", "0", "0", "0", "0", "0", "0", "0", "0", "0", "0", "0", "0", "0", "0", "0", "0", "0", "0", "0", "0", "0", "0", "0", "0", "0", "0", "0", "0", "19", "15", "17", "18", "19", "0", "0", "0", "17", "0", "0", "0", "0", "0", "0", "0", "0", "0", "0", "0", "0", "0", "0", "0", "0", "0", "0", "0", "0", "0", "0", "0", "0", "0"]]}