{"state": {"resTurn": "32", "h": "6", "w": "12", "score": [["0", "0", "0", "0", "-1", "0", "0", "-1", "0", "0", "0", "0"], ["0", "0", "0", "1", "1", "1", "1", "1", "1", "0", "0", "0"], ["0", "1", "0", "1", "0", "0", "0", "0", "1", "0", "1", "0"], ["0", "1", "0", "0", "1", "0", "0", "1", "0", "0", "1", "0"], ["0", "0", "0", "0", "1", "1", "1", "1", "0", "0", "0", "0"], ["-1", "1", "0", "0", "1", "-1", "-1", "1", "0", "0", "1", "-1"]], "color": [["0", "0", "1", "1", "1", "1", "0", "0", "0", "2", "2", "2"], ["2", "0", "1", "1", "1", "1", "1", "0", "0", "0", "2", "2"], ["2", "2", "0", "0", "1", "1", "0", "0", "0", "0", "2", "2"], ["2", "2", "2", "0", "1", "1", "0", "1", "1", "2", "0", "2"], ["2", "2", "2", "2", "2", "0", "1", "1", "1", "0", "2", "2"], ["0", "2", "2", "2", "2", "0", "1", "1", "1", "1", "1", "0"]], "pos": [{"x": "6", "y": "4"}, {"x": "2", "y": "0"}, {"x": "2", "y": "3"}, {"x": "9", "y": "0"}]}, "q": "0.0009006035217285752", "z": "1", "visitCount": [["22", "19", "17", "18", "20", "0", "0", "0", "16", "0", "0", "0", "0", "0", "0", "0", "0", "20", "20", "18", "17", "20", "0", "0", "0", "18", "0", "0", "0", "0", "0", "0", "0", "0", "20", "15", "19", "20", "17", "0", "0", "0", "20", "0", "0", "0", "0", "0", "0", "0", "0", "20", "18", "16", "17", "20", "0", "0", "0", "16", "0", "0", "0", "0", "0", "0", "0", "0", "19", "18", "21", "19", "18", "0", "0", "0", "16", "0", "0", "0", "0", "0", "0", "0", "0", "19", "16", "17", "19", "17", "0", "0", "0", "17", "0", "0", "0", "0", "0", "0", "0", "0", "17", "18", "20", "18", "20", "0", "0", "0", "19", "0", "0", "0", "0", "0", "0", "0", "0", "19", "15", "19", "19", "19", "0", "0", "0", "18", "0", "0", "0", "0", "0", "0", "0", "0", "19", "21", "18", "21", "21", "0", "0", "0", "20", "0", "0", "0", "0", "0", "0", "0", "0", "0", "0", "0", "0", "0", "0", "0", "0", "0", "0", "0", "0", "0", "0", "0", "0", "0", "0", "0", "0", "0", "0", "0", "0", "0", "0", "0", "0", "0", "0", "0", "0", "0", "0", "0", "0", "0", "0", "0", "0", "0", "0", "0", "0", "0", "0", "0", "0", "0", "0", "0", "0", "0", "0", "0", "0", "0", "0", "0", "0", "0", "0", "0", "0", "0", "0", "0", "0", "0", "0", "0", "0", "0", "0", "0", "0", "0", "0", "0", "0", "0", "0", "0", "0", "0", "0", "0", "0", "0", "0", "0", "0", "0", "0", "0", "0", "0", "0", "0", "0", "0", "0", "0", "0", "0", "0", "0", "0", "0", "0", "0", "0", "0", "0", "0", "0", "0", "0", "0", "0", "0", "0", "0", "0", "0", "0", "0", "0", "0", "0", "0", "0", "0", "0", "0", "0"], ["22", "21", "21", "19", "16", "0", "0", "0", "20", "0", "0", "0", "0", "0", "0", "0", "0", "20", "17", "17", "15", "22", "0", "0", "0", "18", "0", "0", "0", "0", "0", "0", "0", "0", "21", "20", "20", "20", "18", "0", "0", "0", "19", "0", "0", "0", "0", "0", "0", "0", "0", "21", "19", "17", "16", "19", "0", "0", "0", "19", "0", "0", "0", "0", "0", "0", "0", "0", "20", "17", "19", "17", "16", "0", "0", "0", "15", "0", "0", "0", "0", "0", "0", "0", "0", "19", "16", "18", "20", "19", "0", "0", "0", "19", "0", "0", "0", "0", "0", "0", "0", "0", "19", "21", "17", "21", "17", "0", "0", "0", "19", "0", "0", "0", "0", "0", "0", "0", "0", "19", "18", "17", "18", "15", "0", "0", "0", "16", "0", "0", "0", "0", "0", "0", "0", "0", "22", "19", "17", "19", "17", "0", "0", "0", "17", "0", "0", "0", "0", "0", "0", "0", "0", "0", "0", "0", "0", "0", "0", "0", "0", "0", "0", "0", "0", "0", "0", "0", "0", "0", "0", "0", "0", "0", "0", "0", "0", "0", "0", "0", "0", "0", "0", "0", "0", "0", "0", "0", "0", "0", "0", "0", "0", "0", "0", "0", "0", "0", "0", "0", "0", "0", "0", "0", "0", "0", "0", "0", "0", "0", "0", "0", "0", "0", "0", "0", "0", "0", "0", "0", "0", "0", "0", "0", "0", "0", "0", "0", "0", "0", "0", "0", "0", "0", "0", "0", "0", "0", "0", "0", "0", "0", "0", "0", "0", "0", "0", "0", "0", "0", "0", "0", "0", "0", "0", "0", "0", "0", "0", "0", "0", "0", "0", "0", "0", "0", "0", "0", "0", "0", "0", "0", "0", "0", "0", "0", "0", "0", "0", "0", "0", "0", "0", "0", "0", "0", "0", "0", "0"]]}