{"state": {"resTurn": "103", "h": "6", "w": "12", "score": [["0", "0", "0", "0", "-1", "0", "0", "-1", "0", "0", "0", "0"], ["0", "0", "0", "1", "1", "1", "1", "1", "1", "0", "0", "0"], ["0", "1", "0", "1", "0", "0", "0", "0", "1", "0", "1", "0"], ["0", "1", "0", "0", "1", "0", "0", "1", "0", "0", "1", "0"], ["0", "0", "0", "0", "1", "1", "1", "1", "0", "0", "0", "0"], ["-1", "1", "0", "0", "1", "-1", "-1", "1", "0", "0", "1", "-1"]], "color": [["0", "0", "0", "0", "0", "0", "0", "0", "0", "0", "0", "0"], ["2", "2", "2", "0", "0", "0", "0", "0", "0", "0", "0", "0"], ["2", "0", "1", "1", "0", "0", "0", "0", "0", "0", "1", "1"], ["0", "0", "1", "1", "1", "0", "2", "2", "0", "0", "1", "0"], ["0", "0", "1", "0", "0", "0", "2", "2", "2", "0", "2", "1"], ["0", "0", "0", "0", "0", "0", "0", "0", "0", "0", "0", "0"]], "pos": [{"x": "11", "y": "4"}, {"x": "2", "y": "2"}, {"x": "2", "y": "1"}, {"x": "6", "y": "4"}]}, "q": "0.001134600293042197", "z": "1", "visitCount": [["15", "20", "23", "20", "16", "0", "0", "20", "19", "0", "0", "0", "0", "21", "22", "0", "0", "0", "0", "0", "0", "0", "0", "0", "0", "0", "0", "0", "0", "0", "0", "0", "0", "0", "19", "20", "21", "18", "18", "0", "0", "17", "24", "0", "0", "0", "0", "21", "16", "0", "0", "14", "16", "20", "20", "18", "0", "0", "16", "22", "0", "0", "0", "0", "19", "15", "0", "0", "0", "0", "0", "0", "0", "0", "0", "0", "0", "0", "0", "0", "0", "0", "0", "0", "0", "16", "21", "14", "21", "21", "0", "0", "22", "21", "0", "0", "0", "0", "21", "14", "0", "0", "18", "17", "16", "16", "18", "0", "0", "19", "17", "0", "0", "0", "0", "17", "19", "0", "0", "0", "0", "0", "0", "0", "0", "0", "0", "0", "0", "0", "0", "0", "0", "0", "0", "0", "0", "0", "0", "0", "0", "0", "0", "0", "0", "0", "0", "0", "0", "0", "0", "0", "0", "0", "0", "0", "0", "0", "0", "0", "0", "0", "0", "0", "0", "0", "0", "0", "0", "0", "0", "0", "0", "0", "0", "0", "0", "0", "0", "0", "0", "0", "0", "0", "0", "0", "0", "0", "0", "0", "0", "0", "0", "0", "0", "0", "0", "0", "0", "0", "0", "0", "0", "0", "14", "17", "20", "20", "21", "0", "0", "16", "17", "0", "0", "0", "0", "17", "20", "0", "0", "0", "0", "0", "0", "0", "0", "0", "0", "0", "0", "0", "0", "0", "0", "0", "0", "0", "0", "0", "0", "0", "0", "0", "0", "0", "0", "0", "0", "0", "0", "0", "0", "0", "0", "0", "0", "0", "0", "0", "0", "0", "0", "0", "0", "0", "0", "0", "0", "0", "0", "0", "0", "0", "0", "0", "0", "0", "0", "0", "0", "0", "0", "0", "0", "0", "0", "0", "0"], ["11", "14", "11", "12", "12", "11", "13", "14", "11", "0", "0", "0", "0", "0", "0", "0", "0", "0", "0", "0", "0", "0", "0", "0", "0", "0", "0", "0", "0", "0", "0", "0", "0", "0", "0", "0", "0", "0", "0", "0", "0", "0", "0", "0", "0", "0", "0", "0", "0", "0", "0", "10", "12", "13", "15", "10", "11", "13", "14", "15", "0", "0", "0", "0", "0", "0", "0", "0", "12", "11", "14", "11", "12", "14", "11", "13", "12", "0", "0", "0", "0", "0", "0", "0", "0", "11", "11", "12", "14", "13", "12", "13", "14", "13", "0", "0", "0", "0", "0", "0", "0", "0", "12", "11", "12", "12", "13", "11", "12", "14", "12", "0", "0", "0", "0", "0", "0", "0", "0", "13", "12", "14", "12", "13", "11", "13", "12", "11", "0", "0", "0", "0", "0", "0", "0", "0", "12", "11", "12", "13", "13", "13", "12", "11", "13", "0", "0", "0", "0", "0", "0", "0", "0", "14", "13", "14", "12", "13", "12", "11", "11", "12", "0", "0", "0", "0", "0", "0", "0", "0", "13", "14", "11", "12", "12", "13", "12", "13", "13", "0", "0", "0", "0", "0", "0", "0", "0", "0", "0", "0", "0", "0", "0", "0", "0", "0", "0", "0", "0", "0", "0", "0", "0", "0", "0", "0", "0", "0", "0", "0", "0", "0", "0", "0", "0", "0", "0", "0", "0", "0", "0", "0", "0", "0", "0", "0", "0", "0", "0", "0", "0", "0", "0", "0", "0", "0", "0", "0", "0", "0", "0", "0", "0", "0", "0", "0", "0", "0", "0", "0", "0", "0", "0", "0", "0", "0", "0", "0", "0", "0", "0", "0", "0", "0", "0", "0", "0", "0", "0", "0", "0", "0", "0", "0", "0", "0", "0", "0", "0", "0", "0", "0", "0", "0", "0", "0", "0", "0", "0"]]}