{"state": {"resTurn": "31", "h": "6", "w": "12", "score": [["0", "0", "0", "0", "-1", "0", "0", "-1", "0", "0", "0", "0"], ["0", "0", "0", "1", "1", "1", "1", "1", "1", "0", "0", "0"], ["0", "1", "0", "1", "0", "0", "0", "0", "1", "0", "1", "0"], ["0", "1", "0", "0", "1", "0", "0", "1", "0", "0", "1", "0"], ["0", "0", "0", "0", "1", "1", "1", "1", "0", "0", "0", "0"], ["-1", "1", "0", "0", "1", "-1", "-1", "1", "0", "0", "1", "-1"]], "color": [["0", "0", "1", "1", "1", "1", "0", "0", "0", "2", "2", "2"], ["2", "0", "1", "1", "1", "1", "1", "0", "0", "0", "2", "2"], ["2", "2", "0", "0", "1", "1", "0", "0", "0", "0", "2", "2"], ["2", "2", "2", "0", "1", "1", "0", "1", "1", "2", "0", "2"], ["2", "2", "2", "2", "2", "0", "1", "1", "1", "0", "2", "2"], ["0", "2", "2", "2", "2", "0", "1", "1", "1", "1", "1", "0"]], "pos": [{"x": "6", "y": "4"}, {"x": "2", "y": "0"}, {"x": "2", "y": "3"}, {"x": "9", "y": "0"}]}, "q": "0.0009136176342590635", "z": "1", "visitCount": [["19", "21", "20", "16", "18", "0", "0", "0", "24", "0", "0", "0", "0", "0", "0", "0", "0", "18", "18", "21", "17", "18", "0", "0", "0", "20", "0", "0", "0", "0", "0", "0", "0", "0", "19", "19", "20", "20", "17", "0", "0", "0", "17", "0", "0", "0", "0", "0", "0", "0", "0", "19", "18", "18", "17", "18", "0", "0", "0", "16", "0", "0", "0", "0", "0", "0", "0", "0", "17", "18", "20", "18", "20", "0", "0", "0", "17", "0", "0", "0", "0", "0", "0", "0", "0", "22", "19", "18", "19", "16", "0", "0", "0", "18", "0", "0", "0", "0", "0", "0", "0", "0", "16", "16", "15", "18", "17", "0", "0", "0", "18", "0", "0", "0", "0", "0", "0", "0", "0", "20", "17", "18", "19", "16", "0", "0", "0", "19", "0", "0", "0", "0", "0", "0", "0", "0", "18", "23", "20", "20", "21", "0", "0", "0", "19", "0", "0", "0", "0", "0", "0", "0", "0", "0", "0", "0", "0", "0", "0", "0", "0", "0", "0", "0", "0", "0", "0", "0", "0", "0", "0", "0", "0", "0", "0", "0", "0", "0", "0", "0", "0", "0", "0", "0", "0", "0", "0", "0", "0", "0", "0", "0", "0", "0", "0", "0", "0", "0", "0", "0", "0", "0", "0", "0", "0", "0", "0", "0", "0", "0", "0", "0", "0", "0", "0", "0", "0", "0", "0", "0", "0", "0", "0", "0", "0", "0", "0", "0", "0", "0", "0", "0", "0", "0", "0", "0", "0", "0", "0", "0", "0", "0", "0", "0", "0", "0", "0", "0", "0", "0", "0", "0", "0", "0", "0", "0", "0", "0", "0", "0", "0", "0", "0", "0", "0", "0", "0", "0", "0", "0", "0", "0", "0", "0", "0", "0", "0", "0", "0", "0", "0", "0", "0", "0", "0", "0", "0", "0", "0"], ["20", "19", "21", "17", "19", "0", "0", "0", "19", "0", "0", "0", "0", "0", "0", "0", "0", "17", "16", "16", "18", "18", "0", "0", "0", "22", "0", "0", "0", "0", "0", "0", "0", "0", "23", "22", "18", "21", "20", "0", "0", "0", "18", "0", "0", "0", "0", "0", "0", "0", "0", "21", "19", "17", "21", "16", "0", "0", "0", "21", "0", "0", "0", "0", "0", "0", "0", "0", "17", "16", "20", "17", "20", "0", "0", "0", "18", "0", "0", "0", "0", "0", "0", "0", "0", "18", "18", "18", "14", "19", "0", "0", "0", "21", "0", "0", "0", "0", "0", "0", "0", "0", "21", "17", "19", "20", "18", "0", "0", "0", "15", "0", "0", "0", "0", "0", "0", "0", "0", "18", "20", "18", "17", "18", "0", "0", "0", "18", "0", "0", "0", "0", "0", "0", "0", "0", "18", "19", "16", "18", "18", "0", "0", "0", "17", "0", "0", "0", "0", "0", "0", "0", "0", "0", "0", "0", "0", "0", "0", "0", "0", "0", "0", "0", "0", "0", "0", "0", "0", "0", "0", "0", "0", "0", "0", "0", "0", "0", "0", "0", "0", "0", "0", "0", "0", "0", "0", "0", "0", "0", "0", "0", "0", "0", "0", "0", "0", "0", "0", "0", "0", "0", "0", "0", "0", "0", "0", "0", "0", "0", "0", "0", "0", "0", "0", "0", "0", "0", "0", "0", "0", "0", "0", "0", "0", "0", "0", "0", "0", "0", "0", "0", "0", "0", "0", "0", "0", "0", "0", "0", "0", "0", "0", "0", "0", "0", "0", "0", "0", "0", "0", "0", "0", "0", "0", "0", "0", "0", "0", "0", "0", "0", "0", "0", "0", "0", "0", "0", "0", "0", "0", "0", "0", "0", "0", "0", "0", "0", "0", "0", "0", "0", "0", "0", "0", "0", "0", "0", "0"]]}