{"state": {"resTurn": "30", "h": "6", "w": "12", "score": [["0", "0", "0", "0", "-1", "0", "0", "-1", "0", "0", "0", "0"], ["0", "0", "0", "1", "1", "1", "1", "1", "1", "0", "0", "0"], ["0", "1", "0", "1", "0", "0", "0", "0", "1", "0", "1", "0"], ["0", "1", "0", "0", "1", "0", "0", "1", "0", "0", "1", "0"], ["0", "0", "0", "0", "1", "1", "1", "1", "0", "0", "0", "0"], ["-1", "1", "0", "0", "1", "-1", "-1", "1", "0", "0", "1", "-1"]], "color": [["0", "0", "1", "1", "1", "1", "0", "0", "0", "2", "2", "2"], ["2", "0", "1", "1", "1", "1", "1", "0", "0", "0", "2", "2"], ["2", "2", "0", "0", "1", "1", "0", "0", "0", "0", "2", "2"], ["2", "2", "2", "0", "1", "1", "0", "1", "1", "2", "0", "2"], ["2", "2", "2", "2", "2", "0", "1", "1", "1", "0", "2", "2"], ["0", "2", "2", "2", "2", "0", "1", "1", "1", "1", "1", "0"]], "pos": [{"x": "6", "y": "4"}, {"x": "3", "y": "0"}, {"x": "2", "y": "4"}, {"x": "9", "y": "0"}]}, "q": "0.0008805214684600751", "z": "1", "visitCount": [["14", "21", "19", "18", "19", "0", "0", "0", "20", "0", "0", "0", "0", "0", "0", "0", "0", "17", "16", "21", "19", "19", "0", "0", "0", "15", "0", "0", "0", "0", "0", "0", "0", "0", "20", "22", "18", "22", "19", "0", "0", "0", "21", "0", "0", "0", "0", "0", "0", "0", "0", "19", "18", "16", "19", "21", "0", "0", "0", "19", "0", "0", "0", "0", "0", "0", "0", "0", "19", "20", "18", "19", "19", "0", "0", "0", "19", "0", "0", "0", "0", "0", "0", "0", "0", "16", "18", "16", "19", "20", "0", "0", "0", "16", "0", "0", "0", "0", "0", "0", "0", "0", "17", "16", "18", "17", "17", "0", "0", "0", "19", "0", "0", "0", "0", "0", "0", "0", "0", "18", "18", "19", "19", "17", "0", "0", "0", "19", "0", "0", "0", "0", "0", "0", "0", "0", "18", "19", "18", "21", "23", "0", "0", "0", "17", "0", "0", "0", "0", "0", "0", "0", "0", "0", "0", "0", "0", "0", "0", "0", "0", "0", "0", "0", "0", "0", "0", "0", "0", "0", "0", "0", "0", "0", "0", "0", "0", "0", "0", "0", "0", "0", "0", "0", "0", "0", "0", "0", "0", "0", "0", "0", "0", "0", "0", "0", "0", "0", "0", "0", "0", "0", "0", "0", "0", "0", "0", "0", "0", "0", "0", "0", "0", "0", "0", "0", "0", "0", "0", "0", "0", "0", "0", "0", "0", "0", "0", "0", "0", "0", "0", "0", "0", "0", "0", "0", "0", "0", "0", "0", "0", "0", "0", "0", "0", "0", "0", "0", "0", "0", "0", "0", "0", "0", "0", "0", "0", "0", "0", "0", "0", "0", "0", "0", "0", "0", "0", "0", "0", "0", "0", "0", "0", "0", "0", "0", "0", "0", "0", "0", "0", "0", "0", "0", "0", "0", "0", "0", "0"], ["17", "18", "20", "16", "19", "0", "0", "0", "20", "0", "0", "0", "0", "0", "0", "0", "0", "21", "16", "19", "17", "18", "0", "0", "0", "15", "0", "0", "0", "0", "0", "0", "0", "0", "18", "19", "17", "17", "19", "0", "0", "0", "22", "0", "0", "0", "0", "0", "0", "0", "0", "16", "20", "21", "17", "17", "0", "0", "0", "21", "0", "0", "0", "0", "0", "0", "0", "0", "21", "20", "18", "21", "18", "0", "0", "0", "20", "0", "0", "0", "0", "0", "0", "0", "0", "19", "18", "19", "20", "17", "0", "0", "0", "19", "0", "0", "0", "0", "0", "0", "0", "0", "22", "17", "20", "20", "20", "0", "0", "0", "16", "0", "0", "0", "0", "0", "0", "0", "0", "19", "18", "18", "17", "19", "0", "0", "0", "16", "0", "0", "0", "0", "0", "0", "0", "0", "18", "17", "18", "17", "22", "0", "0", "0", "17", "0", "0", "0", "0", "0", "0", "0", "0", "0", "0", "0", "0", "0", "0", "0", "0", "0", "0", "0", "0", "0", "0", "0", "0", "0", "0", "0", "0", "0", "0", "0", "0", "0", "0", "0", "0", "0", "0", "0", "0", "0", "0", "0", "0", "0", "0", "0", "0", "0", "0", "0", "0", "0", "0", "0", "0", "0", "0", "0", "0", "0", "0", "0", "0", "0", "0", "0", "0", "0", "0", "0", "0", "0", "0", "0", "0", "0", "0", "0", "0", "0", "0", "0", "0", "0", "0", "0", "0", "0", "0", "0", "0", "0", "0", "0", "0", "0", "0", "0", "0", "0", "0", "0", "0", "0", "0", "0", "0", "0", "0", "0", "0", "0", "0", "0", "0", "0", "0", "0", "0", "0", "0", "0", "0", "0", "0", "0", "0", "0", "0", "0", "0", "0", "0", "0", "0", "0", "0", "0", "0", "0", "0", "0", "0"]]}