{"state": {"resTurn": "29", "h": "6", "w": "12", "score": [["0", "0", "0", "0", "-1", "0", "0", "-1", "0", "0", "0", "0"], ["0", "0", "0", "1", "1", "1", "1", "1", "1", "0", "0", "0"], ["0", "1", "0", "1", "0", "0", "0", "0", "1", "0", "1", "0"], ["0", "1", "0", "0", "1", "0", "0", "1", "0", "0", "1", "0"], ["0", "0", "0", "0", "1", "1", "1", "1", "0", "0", "0", "0"], ["-1", "1", "0", "0", "1", "-1", "-1", "1", "0", "0", "1", "-1"]], "color": [["0", "0", "1", "1", "1", "1", "0", "0", "0", "2", "2", "2"], ["2", "0", "1", "1", "1", "1", "1", "0", "0", "0", "2", "2"], ["2", "2", "0", "0", "1", "1", "0", "0", "0", "0", "2", "2"], ["2", "2", "2", "0", "1", "1", "0", "1", "1", "2", "0", "2"], ["2", "2", "2", "2", "2", "0", "1", "1", "1", "0", "2", "2"], ["0", "2", "2", "2", "2", "0", "1", "1", "1", "1", "1", "0"]], "pos": [{"x": "7", "y": "4"}, {"x": "2", "y": "0"}, {"x": "2", "y": "5"}, {"x": "10", "y": "0"}]}, "q": "0.001021480872583826", "z": "1", "visitCount": [["19", "18", "21", "19", "17", "0", "0", "0", "22", "0", "0", "0", "0", "0", "0", "0", "0", "16", "19", "21", "17", "15", "0", "0", "0", "18", "0", "0", "0", "0", "0", "0", "0", "0", "20", "18", "20", "20", "18", "0", "0", "0", "18", "0", "0", "0", "0", "0", "0", "0", "0", "20", "19", "19", "17", "19", "0", "0", "0", "19", "0", "0", "0", "0", "0", "0", "0", "0", "19", "19", "20", "17", "18", "0", "0", "0", "21", "0", "0", "0", "0", "0", "0", "0", "0", "17", "18", "18", "16", "15", "0", "0", "0", "16", "0", "0", "0", "0", "0", "0", "0", "0", "18", "16", "15", "20", "19", "0", "0", "0", "18", "0", "0", "0", "0", "0", "0", "0", "0", "23", "16", "19", "16", "20", "0", "0", "0", "17", "0", "0", "0", "0", "0", "0", "0", "0", "20", "19", "20", "22", "21", "0", "0", "0", "18", "0", "0", "0", "0", "0", "0", "0", "0", "0", "0", "0", "0", "0", "0", "0", "0", "0", "0", "0", "0", "0", "0", "0", "0", "0", "0", "0", "0", "0", "0", "0", "0", "0", "0", "0", "0", "0", "0", "0", "0", "0", "0", "0", "0", "0", "0", "0", "0", "0", "0", "0", "0", "0", "0", "0", "0", "0", "0", "0", "0", "0", "0", "0", "0", "0", "0", "0", "0", "0", "0", "0", "0", "0", "0", "0", "0", "0", "0", "0", "0", "0", "0", "0", "0", "0", "0", "0", "0", "0", "0", "0", "0", "0", "0", "0", "0", "0", "0", "0", "0", "0", "0", "0", "0", "0", "0", "0", "0", "0", "0", "0", "0", "0", "0", "0", "0", "0", "0", "0", "0", "0", "0", "0", "0", "0", "0", "0", "0", "0", "0", "0", "0", "0", "0", "0", "0", "0", "0", "0", "0", "0", "0", "0", "0"], ["30", "21", "27", "22", "29", "0", "0", "0", "30", "0", "0", "0", "0", "0", "0", "0", "0", "0", "0", "0", "0", "0", "0", "0", "0", "0", "0", "0", "0", "0", "0", "0", "0", "0", "0", "0", "0", "0", "0", "0", "0", "0", "0", "0", "0", "0", "0", "0", "0", "0", "0", "0", "0", "0", "0", "0", "0", "0", "0", "0", "0", "0", "0", "0", "0", "0", "0", "0", "31", "31", "27", "29", "36", "0", "0", "0", "30", "0", "0", "0", "0", "0", "0", "0", "0", "26", "30", "27", "27", "29", "0", "0", "0", "27", "0", "0", "0", "0", "0", "0", "0", "0", "27", "28", "30", "28", "32", "0", "0", "0", "31", "0", "0", "0", "0", "0", "0", "0", "0", "24", "24", "25", "30", "22", "0", "0", "0", "30", "0", "0", "0", "0", "0", "0", "0", "0", "25", "21", "30", "29", "31", "0", "0", "0", "24", "0", "0", "0", "0", "0", "0", "0", "0", "0", "0", "0", "0", "0", "0", "0", "0", "0", "0", "0", "0", "0", "0", "0", "0", "0", "0", "0", "0", "0", "0", "0", "0", "0", "0", "0", "0", "0", "0", "0", "0", "0", "0", "0", "0", "0", "0", "0", "0", "0", "0", "0", "0", "0", "0", "0", "0", "0", "0", "0", "0", "0", "0", "0", "0", "0", "0", "0", "0", "0", "0", "0", "0", "0", "0", "0", "0", "0", "0", "0", "0", "0", "0", "0", "0", "0", "0", "0", "0", "0", "0", "0", "0", "0", "0", "0", "0", "0", "0", "0", "0", "0", "0", "0", "0", "0", "0", "0", "0", "0", "0", "0", "0", "0", "0", "0", "0", "0", "0", "0", "0", "0", "0", "0", "0", "0", "0", "0", "0", "0", "0", "0", "0", "0", "0", "0", "0", "0", "0", "0", "0", "0", "0", "0", "0"]]}