{"state": {"resTurn": "28", "h": "6", "w": "12", "score": [["0", "0", "0", "0", "-1", "0", "0", "-1", "0", "0", "0", "0"], ["0", "0", "0", "1", "1", "1", "1", "1", "1", "0", "0", "0"], ["0", "1", "0", "1", "0", "0", "0", "0", "1", "0", "1", "0"], ["0", "1", "0", "0", "1", "0", "0", "1", "0", "0", "1", "0"], ["0", "0", "0", "0", "1", "1", "1", "1", "0", "0", "0", "0"], ["-1", "1", "0", "0", "1", "-1", "-1", "1", "0", "0", "1", "-1"]], "color": [["0", "0", "1", "1", "1", "1", "0", "0", "0", "2", "2", "2"], ["2", "0", "1", "1", "1", "1", "1", "0", "0", "0", "2", "2"], ["2", "2", "0", "0", "1", "1", "0", "0", "0", "0", "2", "2"], ["2", "2", "2", "0", "1", "1", "0", "1", "1", "2", "0", "2"], ["2", "2", "2", "2", "2", "0", "1", "1", "1", "0", "2", "2"], ["0", "2", "2", "2", "2", "0", "1", "1", "1", "1", "1", "0"]], "pos": [{"x": "8", "y": "3"}, {"x": "2", "y": "0"}, {"x": "1", "y": "5"}, {"x": "9", "y": "0"}]}, "q": "0.001007565913589933", "z": "1", "visitCount": [["16", "19", "21", "18", "20", "0", "0", "0", "18", "0", "0", "0", "0", "0", "0", "0", "0", "17", "17", "16", "19", "18", "0", "0", "0", "16", "0", "0", "0", "0", "0", "0", "0", "0", "18", "19", "21", "17", "17", "0", "0", "0", "25", "0", "0", "0", "0", "0", "0", "0", "0", "19", "17", "21", "20", "19", "0", "0", "0", "24", "0", "0", "0", "0", "0", "0", "0", "0", "19", "18", "21", "17", "21", "0", "0", "0", "19", "0", "0", "0", "0", "0", "0", "0", "0", "18", "19", "18", "16", "16", "0", "0", "0", "16", "0", "0", "0", "0", "0", "0", "0", "0", "18", "22", "17", "19", "18", "0", "0", "0", "19", "0", "0", "0", "0", "0", "0", "0", "0", "20", "20", "16", "17", "18", "0", "0", "0", "16", "0", "0", "0", "0", "0", "0", "0", "0", "0", "0", "0", "0", "0", "0", "0", "0", "0", "0", "0", "0", "0", "0", "0", "0", "0", "0", "0", "0", "0", "0", "0", "0", "0", "0", "0", "0", "0", "0", "0", "0", "0", "0", "0", "0", "0", "0", "0", "0", "0", "0", "0", "0", "0", "0", "0", "0", "0", "0", "0", "0", "0", "0", "0", "0", "0", "0", "0", "0", "0", "0", "0", "0", "0", "0", "0", "0", "0", "0", "0", "0", "0", "0", "0", "0", "0", "0", "0", "0", "0", "0", "0", "0", "0", "0", "0", "0", "0", "0", "0", "0", "0", "0", "0", "0", "0", "0", "0", "0", "0", "0", "0", "0", "0", "0", "0", "0", "0", "0", "0", "0", "0", "0", "0", "0", "0", "0", "0", "0", "0", "0", "0", "0", "0", "0", "0", "0", "0", "0", "0", "0", "0", "0", "0", "0", "17", "17", "19", "17", "18", "0", "0", "0", "22", "0", "0", "0", "0", "0", "0", "0", "0"], ["32", "26", "32", "27", "33", "0", "0", "0", "22", "0", "0", "0", "0", "0", "0", "0", "0", "0", "0", "0", "0", "0", "0", "0", "0", "0", "0", "0", "0", "0", "0", "0", "0", "0", "0", "0", "0", "0", "0", "0", "0", "0", "0", "0", "0", "0", "0", "0", "0", "0", "0", "0", "0", "0", "0", "0", "0", "0", "0", "0", "0", "0", "0", "0", "0", "0", "0", "0", "29", "22", "31", "22", "25", "0", "0", "0", "24", "0", "0", "0", "0", "0", "0", "0", "0", "29", "25", "28", "28", "31", "0", "0", "0", "28", "0", "0", "0", "0", "0", "0", "0", "0", "34", "27", "25", "25", "23", "0", "0", "0", "33", "0", "0", "0", "0", "0", "0", "0", "0", "29", "22", "28", "30", "30", "0", "0", "0", "30", "0", "0", "0", "0", "0", "0", "0", "0", "33", "28", "26", "25", "25", "0", "0", "0", "33", "0", "0", "0", "0", "0", "0", "0", "0", "0", "0", "0", "0", "0", "0", "0", "0", "0", "0", "0", "0", "0", "0", "0", "0", "0", "0", "0", "0", "0", "0", "0", "0", "0", "0", "0", "0", "0", "0", "0", "0", "0", "0", "0", "0", "0", "0", "0", "0", "0", "0", "0", "0", "0", "0", "0", "0", "0", "0", "0", "0", "0", "0", "0", "0", "0", "0", "0", "0", "0", "0", "0", "0", "0", "0", "0", "0", "0", "0", "0", "0", "0", "0", "0", "0", "0", "0", "0", "0", "0", "0", "0", "0", "0", "0", "0", "0", "0", "0", "0", "0", "0", "0", "0", "0", "0", "0", "0", "0", "0", "0", "0", "0", "0", "0", "0", "0", "0", "0", "0", "0", "0", "0", "0", "0", "0", "0", "0", "0", "0", "0", "0", "0", "0", "0", "0", "0", "0", "0", "0", "0", "0", "0", "0", "0"]]}