{"state": {"resTurn": "27", "h": "6", "w": "12", "score": [["0", "0", "0", "0", "-1", "0", "0", "-1", "0", "0", "0", "0"], ["0", "0", "0", "1", "1", "1", "1", "1", "1", "0", "0", "0"], ["0", "1", "0", "1", "0", "0", "0", "0", "1", "0", "1", "0"], ["0", "1", "0", "0", "1", "0", "0", "1", "0", "0", "1", "0"], ["0", "0", "0", "0", "1", "1", "1", "1", "0", "0", "0", "0"], ["-1", "1", "0", "0", "1", "-1", "-1", "1", "0", "0", "1", "-1"]], "color": [["0", "0", "1", "1", "1", "1", "0", "0", "0", "2", "2", "2"], ["2", "0", "1", "1", "1", "1", "1", "0", "0", "0", "2", "2"], ["2", "2", "0", "0", "1", "1", "0", "0", "0", "0", "2", "2"], ["2", "2", "2", "0", "1", "1", "0", "1", "1", "2", "0", "2"], ["2", "2", "2", "2", "2", "0", "1", "1", "1", "0", "2", "2"], ["0", "2", "2", "2", "2", "0", "1", "1", "1", "1", "1", "0"]], "pos": [{"x": "8", "y": "4"}, {"x": "3", "y": "0"}, {"x": "1", "y": "4"}, {"x": "9", "y": "0"}]}, "q": "0.001014467795851291", "z": "1", "visitCount": [["20", "18", "19", "19", "21", "0", "0", "0", "18", "0", "0", "0", "0", "0", "0", "0", "0", "16", "18", "19", "18", "19", "0", "0", "0", "18", "0", "0", "0", "0", "0", "0", "0", "0", "18", "19", "16", "17", "18", "0", "0", "0", "16", "0", "0", "0", "0", "0", "0", "0", "0", "18", "23", "18", "18", "19", "0", "0", "0", "16", "0", "0", "0", "0", "0", "0", "0", "0", "17", "19", "26", "19", "18", "0", "0", "0", "20", "0", "0", "0", "0", "0", "0", "0", "0", "17", "21", "20", "19", "16", "0", "0", "0", "15", "0", "0", "0", "0", "0", "0", "0", "0", "16", "17", "19", "20", "17", "0", "0", "0", "17", "0", "0", "0", "0", "0", "0", "0", "0", "0", "0", "0", "0", "0", "0", "0", "0", "0", "0", "0", "0", "0", "0", "0", "0", "0", "17", "19", "19", "16", "17", "0", "0", "0", "20", "0", "0", "0", "0", "0", "0", "0", "0", "0", "0", "0", "0", "0", "0", "0", "0", "0", "0", "0", "0", "0", "0", "0", "0", "0", "0", "0", "0", "0", "0", "0", "0", "0", "0", "0", "0", "0", "0", "0", "0", "0", "0", "0", "0", "0", "0", "0", "0", "0", "0", "0", "0", "0", "0", "0", "0", "0", "0", "0", "0", "0", "0", "0", "0", "0", "0", "0", "0", "0", "0", "0", "0", "0", "0", "0", "0", "0", "0", "0", "0", "0", "0", "0", "0", "0", "0", "0", "0", "0", "0", "0", "0", "0", "0", "0", "0", "0", "0", "0", "0", "0", "0", "0", "0", "0", "0", "0", "0", "0", "0", "18", "18", "19", "21", "24", "0", "0", "0", "20", "0", "0", "0", "0", "0", "0", "0", "0", "0", "0", "0", "0", "0", "0", "0", "0", "0", "0", "0", "0", "0", "0", "0", "0", "0"], ["21", "20", "16", "19", "21", "0", "0", "0", "15", "0", "0", "0", "0", "0", "0", "0", "0", "16", "17", "20", "20", "17", "0", "0", "0", "20", "0", "0", "0", "0", "0", "0", "0", "0", "17", "20", "20", "18", "16", "0", "0", "0", "19", "0", "0", "0", "0", "0", "0", "0", "0", "18", "19", "19", "18", "17", "0", "0", "0", "16", "0", "0", "0", "0", "0", "0", "0", "0", "19", "19", "20", "16", "17", "0", "0", "0", "18", "0", "0", "0", "0", "0", "0", "0", "0", "18", "17", "16", "17", "20", "0", "0", "0", "17", "0", "0", "0", "0", "0", "0", "0", "0", "18", "18", "20", "18", "17", "0", "0", "0", "19", "0", "0", "0", "0", "0", "0", "0", "0", "21", "23", "22", "18", "21", "0", "0", "0", "18", "0", "0", "0", "0", "0", "0", "0", "0", "22", "17", "19", "18", "18", "0", "0", "0", "20", "0", "0", "0", "0", "0", "0", "0", "0", "0", "0", "0", "0", "0", "0", "0", "0", "0", "0", "0", "0", "0", "0", "0", "0", "0", "0", "0", "0", "0", "0", "0", "0", "0", "0", "0", "0", "0", "0", "0", "0", "0", "0", "0", "0", "0", "0", "0", "0", "0", "0", "0", "0", "0", "0", "0", "0", "0", "0", "0", "0", "0", "0", "0", "0", "0", "0", "0", "0", "0", "0", "0", "0", "0", "0", "0", "0", "0", "0", "0", "0", "0", "0", "0", "0", "0", "0", "0", "0", "0", "0", "0", "0", "0", "0", "0", "0", "0", "0", "0", "0", "0", "0", "0", "0", "0", "0", "0", "0", "0", "0", "0", "0", "0", "0", "0", "0", "0", "0", "0", "0", "0", "0", "0", "0", "0", "0", "0", "0", "0", "0", "0", "0", "0", "0", "0", "0", "0", "0", "0", "0", "0", "0", "0", "0"]]}