{"state": {"resTurn": "26", "h": "6", "w": "12", "score": [["0", "0", "0", "0", "-1", "0", "0", "-1", "0", "0", "0", "0"], ["0", "0", "0", "1", "1", "1", "1", "1", "1", "0", "0", "0"], ["0", "1", "0", "1", "0", "0", "0", "0", "1", "0", "1", "0"], ["0", "1", "0", "0", "1", "0", "0", "1", "0", "0", "1", "0"], ["0", "0", "0", "0", "1", "1", "1", "1", "0", "0", "0", "0"], ["-1", "1", "0", "0", "1", "-1", "-1", "1", "0", "0", "1", "-1"]], "color": [["0", "0", "1", "1", "1", "1", "0", "0", "0", "2", "2", "2"], ["2", "0", "1", "1", "1", "1", "1", "0", "0", "0", "2", "2"], ["2", "2", "0", "0", "1", "1", "0", "0", "0", "0", "2", "2"], ["2", "2", "2", "0", "1", "1", "0", "1", "1", "2", "0", "2"], ["2", "2", "2", "2", "2", "0", "1", "1", "1", "0", "2", "2"], ["0", "2", "2", "2", "2", "0", "1", "1", "1", "1", "1", "0"]], "pos": [{"x": "7", "y": "4"}, {"x": "3", "y": "1"}, {"x": "2", "y": "3"}, {"x": "10", "y": "1"}]}, "q": "0.0008889806696696049", "z": "1", "visitCount": [["12", "13", "14", "13", "13", "12", "10", "12", "13", "0", "0", "0", "0", "0", "0", "0", "0", "14", "12", "12", "11", "12", "14", "12", "11", "13", "0", "0", "0", "0", "0", "0", "0", "0", "12", "11", "11", "12", "14", "12", "12", "12", "13", "0", "0", "0", "0", "0", "0", "0", "0", "13", "12", "13", "14", "12", "15", "11", "15", "13", "0", "0", "0", "0", "0", "0", "0", "0", "11", "12", "13", "13", "14", "13", "12", "11", "12", "0", "0", "0", "0", "0", "0", "0", "0", "13", "12", "12", "11", "11", "11", "11", "12", "12", "0", "0", "0", "0", "0", "0", "0", "0", "12", "12", "12", "13", "14", "11", "12", "11", "12", "0", "0", "0", "0", "0", "0", "0", "0", "13", "12", "13", "12", "12", "13", "10", "12", "13", "0", "0", "0", "0", "0", "0", "0", "0", "12", "14", "13", "13", "11", "13", "13", "12", "14", "0", "0", "0", "0", "0", "0", "0", "0", "0", "0", "0", "0", "0", "0", "0", "0", "0", "0", "0", "0", "0", "0", "0", "0", "0", "0", "0", "0", "0", "0", "0", "0", "0", "0", "0", "0", "0", "0", "0", "0", "0", "0", "0", "0", "0", "0", "0", "0", "0", "0", "0", "0", "0", "0", "0", "0", "0", "0", "0", "0", "0", "0", "0", "0", "0", "0", "0", "0", "0", "0", "0", "0", "0", "0", "0", "0", "0", "0", "0", "0", "0", "0", "0", "0", "0", "0", "0", "0", "0", "0", "0", "0", "0", "0", "0", "0", "0", "0", "0", "0", "0", "0", "0", "0", "0", "0", "0", "0", "0", "0", "0", "0", "0", "0", "0", "0", "0", "0", "0", "0", "0", "0", "0", "0", "0", "0", "0", "0", "0", "0", "0", "0", "0", "0", "0", "0", "0", "0", "0", "0", "0", "0", "0", "0"], ["12", "13", "11", "13", "13", "12", "11", "13", "12", "0", "0", "0", "0", "0", "0", "0", "0", "13", "12", "11", "11", "10", "13", "13", "12", "13", "0", "0", "0", "0", "0", "0", "0", "0", "13", "14", "12", "12", "14", "13", "13", "13", "13", "0", "0", "0", "0", "0", "0", "0", "0", "14", "14", "11", "13", "12", "14", "14", "11", "12", "0", "0", "0", "0", "0", "0", "0", "0", "12", "11", "12", "13", "12", "14", "11", "13", "14", "0", "0", "0", "0", "0", "0", "0", "0", "14", "12", "12", "11", "13", "15", "12", "12", "10", "0", "0", "0", "0", "0", "0", "0", "0", "13", "13", "12", "12", "13", "11", "12", "11", "11", "0", "0", "0", "0", "0", "0", "0", "0", "12", "12", "12", "12", "12", "14", "13", "11", "12", "0", "0", "0", "0", "0", "0", "0", "0", "12", "13", "13", "13", "12", "13", "11", "11", "11", "0", "0", "0", "0", "0", "0", "0", "0", "0", "0", "0", "0", "0", "0", "0", "0", "0", "0", "0", "0", "0", "0", "0", "0", "0", "0", "0", "0", "0", "0", "0", "0", "0", "0", "0", "0", "0", "0", "0", "0", "0", "0", "0", "0", "0", "0", "0", "0", "0", "0", "0", "0", "0", "0", "0", "0", "0", "0", "0", "0", "0", "0", "0", "0", "0", "0", "0", "0", "0", "0", "0", "0", "0", "0", "0", "0", "0", "0", "0", "0", "0", "0", "0", "0", "0", "0", "0", "0", "0", "0", "0", "0", "0", "0", "0", "0", "0", "0", "0", "0", "0", "0", "0", "0", "0", "0", "0", "0", "0", "0", "0", "0", "0", "0", "0", "0", "0", "0", "0", "0", "0", "0", "0", "0", "0", "0", "0", "0", "0", "0", "0", "0", "0", "0", "0", "0", "0", "0", "0", "0", "0", "0", "0", "0"]]}