{"state": {"resTurn": "24", "h": "6", "w": "12", "score": [["0", "0", "0", "0", "-1", "0", "0", "-1", "0", "0", "0", "0"], ["0", "0", "0", "1", "1", "1", "1", "1", "1", "0", "0", "0"], ["0", "1", "0", "1", "0", "0", "0", "0", "1", "0", "1", "0"], ["0", "1", "0", "0", "1", "0", "0", "1", "0", "0", "1", "0"], ["0", "0", "0", "0", "1", "1", "1", "1", "0", "0", "0", "0"], ["-1", "1", "0", "0", "1", "-1", "-1", "1", "0", "0", "1", "-1"]], "color": [["0", "0", "1", "1", "1", "1", "0", "0", "0", "2", "2", "2"], ["2", "0", "1", "1", "1", "1", "1", "0", "0", "0", "2", "2"], ["2", "2", "0", "0", "1", "1", "0", "0", "0", "0", "2", "2"], ["2", "2", "2", "0", "1", "1", "0", "1", "1", "2", "0", "2"], ["2", "2", "2", "2", "2", "0", "1", "1", "1", "0", "2", "2"], ["0", "2", "2", "2", "2", "0", "1", "1", "1", "1", "1", "0"]], "pos": [{"x": "6", "y": "4"}, {"x": "2", "y": "0"}, {"x": "2", "y": "3"}, {"x": "9", "y": "0"}]}, "q": "0.0009428020896522999", "z": "1", "visitCount": [["19", "17", "21", "18", "16", "0", "0", "0", "19", "0", "0", "0", "0", "0", "0", "0", "0", "21", "21", "16", "22", "20", "0", "0", "0", "19", "0", "0", "0", "0", "0", "0", "0", "0", "17", "21", "19", "18", "18", "0", "0", "0", "14", "0", "0", "0", "0", "0", "0", "0", "0", "18", "18", "19", "18", "18", "0", "0", "0", "19", "0", "0", "0", "0", "0", "0", "0", "0", "18", "17", "18", "19", "19", "0", "0", "0", "17", "0", "0", "0", "0", "0", "0", "0", "0", "20", "18", "19", "19", "20", "0", "0", "0", "18", "0", "0", "0", "0", "0", "0", "0", "0", "15", "17", "15", "16", "17", "0", "0", "0", "19", "0", "0", "0", "0", "0", "0", "0", "0", "18", "19", "19", "21", "17", "0", "0", "0", "18", "0", "0", "0", "0", "0", "0", "0", "0", "18", "19", "21", "21", "25", "0", "0", "0", "17", "0", "0", "0", "0", "0", "0", "0", "0", "0", "0", "0", "0", "0", "0", "0", "0", "0", "0", "0", "0", "0", "0", "0", "0", "0", "0", "0", "0", "0", "0", "0", "0", "0", "0", "0", "0", "0", "0", "0", "0", "0", "0", "0", "0", "0", "0", "0", "0", "0", "0", "0", "0", "0", "0", "0", "0", "0", "0", "0", "0", "0", "0", "0", "0", "0", "0", "0", "0", "0", "0", "0", "0", "0", "0", "0", "0", "0", "0", "0", "0", "0", "0", "0", "0", "0", "0", "0", "0", "0", "0", "0", "0", "0", "0", "0", "0", "0", "0", "0", "0", "0", "0", "0", "0", "0", "0", "0", "0", "0", "0", "0", "0", "0", "0", "0", "0", "0", "0", "0", "0", "0", "0", "0", "0", "0", "0", "0", "0", "0", "0", "0", "0", "0", "0", "0", "0", "0", "0", "0", "0", "0", "0", "0", "0"], ["24", "19", "18", "19", "19", "0", "0", "0", "19", "0", "0", "0", "0", "0", "0", "0", "0", "16", "21", "19", "19", "18", "0", "0", "0", "18", "0", "0", "0", "0", "0", "0", "0", "0", "17", "19", "18", "17", "16", "0", "0", "0", "19", "0", "0", "0", "0", "0", "0", "0", "0", "21", "21", "17", "17", "19", "0", "0", "0", "18", "0", "0", "0", "0", "0", "0", "0", "0", "22", "22", "16", "17", "16", "0", "0", "0", "19", "0", "0", "0", "0", "0", "0", "0", "0", "21", "17", "19", "18", "19", "0", "0", "0", "19", "0", "0", "0", "0", "0", "0", "0", "0", "20", "17", "20", "16", "20", "0", "0", "0", "21", "0", "0", "0", "0", "0", "0", "0", "0", "20", "19", "16", "19", "17", "0", "0", "0", "16", "0", "0", "0", "0", "0", "0", "0", "0", "16", "19", "17", "18", "18", "0", "0", "0", "18", "0", "0", "0", "0", "0", "0", "0", "0", "0", "0", "0", "0", "0", "0", "0", "0", "0", "0", "0", "0", "0", "0", "0", "0", "0", "0", "0", "0", "0", "0", "0", "0", "0", "0", "0", "0", "0", "0", "0", "0", "0", "0", "0", "0", "0", "0", "0", "0", "0", "0", "0", "0", "0", "0", "0", "0", "0", "0", "0", "0", "0", "0", "0", "0", "0", "0", "0", "0", "0", "0", "0", "0", "0", "0", "0", "0", "0", "0", "0", "0", "0", "0", "0", "0", "0", "0", "0", "0", "0", "0", "0", "0", "0", "0", "0", "0", "0", "0", "0", "0", "0", "0", "0", "0", "0", "0", "0", "0", "0", "0", "0", "0", "0", "0", "0", "0", "0", "0", "0", "0", "0", "0", "0", "0", "0", "0", "0", "0", "0", "0", "0", "0", "0", "0", "0", "0", "0", "0", "0", "0", "0", "0", "0", "0"]]}