{"state": {"resTurn": "23", "h": "6", "w": "12", "score": [["0", "0", "0", "0", "-1", "0", "0", "-1", "0", "0", "0", "0"], ["0", "0", "0", "1", "1", "1", "1", "1", "1", "0", "0", "0"], ["0", "1", "0", "1", "0", "0", "0", "0", "1", "0", "1", "0"], ["0", "1", "0", "0", "1", "0", "0", "1", "0", "0", "1", "0"], ["0", "0", "0", "0", "1", "1", "1", "1", "0", "0", "0", "0"], ["-1", "1", "0", "0", "1", "-1", "-1", "1", "0", "0", "1", "-1"]], "color": [["0", "1", "1", "1", "1", "1", "0", "0", "0", "2", "2", "2"], ["2", "0", "1", "1", "1", "1", "1", "0", "0", "0", "2", "2"], ["2", "2", "0", "0", "1", "1", "0", "0", "0", "0", "2", "2"], ["2", "2", "2", "0", "1", "1", "0", "1", "1", "2", "0", "2"], ["2", "2", "2", "2", "2", "0", "1", "1", "1", "0", "2", "2"], ["0", "2", "2", "2", "2", "0", "1", "1", "1", "1", "1", "0"]], "pos": [{"x": "7", "y": "4"}, {"x": "1", "y": "0"}, {"x": "2", "y": "3"}, {"x": "9", "y": "0"}]}, "q": "0.0009953115400643357", "z": "1", "visitCount": [["19", "19", "17", "0", "17", "0", "0", "0", "18", "0", "0", "17", "0", "0", "0", "0", "0", "20", "16", "21", "0", "22", "0", "0", "0", "19", "0", "0", "17", "0", "0", "0", "0", "0", "19", "21", "18", "0", "18", "0", "0", "0", "19", "0", "0", "20", "0", "0", "0", "0", "0", "16", "17", "21", "0", "18", "0", "0", "0", "19", "0", "0", "18", "0", "0", "0", "0", "0", "20", "21", "17", "0", "20", "0", "0", "0", "19", "0", "0", "20", "0", "0", "0", "0", "0", "18", "16", "18", "0", "16", "0", "0", "0", "18", "0", "0", "18", "0", "0", "0", "0", "0", "21", "18", "20", "0", "19", "0", "0", "0", "19", "0", "0", "19", "0", "0", "0", "0", "0", "17", "18", "19", "0", "21", "0", "0", "0", "17", "0", "0", "17", "0", "0", "0", "0", "0", "18", "20", "16", "0", "17", "0", "0", "0", "19", "0", "0", "18", "0", "0", "0", "0", "0", "0", "0", "0", "0", "0", "0", "0", "0", "0", "0", "0", "0", "0", "0", "0", "0", "0", "0", "0", "0", "0", "0", "0", "0", "0", "0", "0", "0", "0", "0", "0", "0", "0", "0", "0", "0", "0", "0", "0", "0", "0", "0", "0", "0", "0", "0", "0", "0", "0", "0", "0", "0", "0", "0", "0", "0", "0", "0", "0", "0", "0", "0", "0", "0", "0", "0", "0", "0", "0", "0", "0", "0", "0", "0", "0", "0", "0", "0", "0", "0", "0", "0", "0", "0", "0", "0", "0", "0", "0", "0", "0", "0", "0", "0", "0", "0", "0", "0", "0", "0", "0", "0", "0", "0", "0", "0", "0", "0", "0", "0", "0", "0", "0", "0", "0", "0", "0", "0", "0", "0", "0", "0", "0", "0", "0", "0", "0", "0", "0", "0", "0", "0", "0", "0", "0", "0"], ["21", "22", "19", "17", "18", "0", "0", "0", "18", "0", "0", "0", "0", "0", "0", "0", "0", "17", "20", "19", "16", "19", "0", "0", "0", "18", "0", "0", "0", "0", "0", "0", "0", "0", "21", "18", "19", "18", "18", "0", "0", "0", "16", "0", "0", "0", "0", "0", "0", "0", "0", "20", "19", "19", "20", "19", "0", "0", "0", "20", "0", "0", "0", "0", "0", "0", "0", "0", "18", "17", "18", "19", "19", "0", "0", "0", "21", "0", "0", "0", "0", "0", "0", "0", "0", "19", "20", "23", "16", "17", "0", "0", "0", "20", "0", "0", "0", "0", "0", "0", "0", "0", "21", "16", "17", "21", "18", "0", "0", "0", "18", "0", "0", "0", "0", "0", "0", "0", "0", "16", "17", "18", "18", "17", "0", "0", "0", "16", "0", "0", "0", "0", "0", "0", "0", "0", "17", "16", "19", "19", "19", "0", "0", "0", "19", "0", "0", "0", "0", "0", "0", "0", "0", "0", "0", "0", "0", "0", "0", "0", "0", "0", "0", "0", "0", "0", "0", "0", "0", "0", "0", "0", "0", "0", "0", "0", "0", "0", "0", "0", "0", "0", "0", "0", "0", "0", "0", "0", "0", "0", "0", "0", "0", "0", "0", "0", "0", "0", "0", "0", "0", "0", "0", "0", "0", "0", "0", "0", "0", "0", "0", "0", "0", "0", "0", "0", "0", "0", "0", "0", "0", "0", "0", "0", "0", "0", "0", "0", "0", "0", "0", "0", "0", "0", "0", "0", "0", "0", "0", "0", "0", "0", "0", "0", "0", "0", "0", "0", "0", "0", "0", "0", "0", "0", "0", "0", "0", "0", "0", "0", "0", "0", "0", "0", "0", "0", "0", "0", "0", "0", "0", "0", "0", "0", "0", "0", "0", "0", "0", "0", "0", "0", "0", "0", "0", "0", "0", "0", "0"]]}