{"state": {"resTurn": "22", "h": "6", "w": "12", "score": [["0", "0", "0", "0", "-1", "0", "0", "-1", "0", "0", "0", "0"], ["0", "0", "0", "1", "1", "1", "1", "1", "1", "0", "0", "0"], ["0", "1", "0", "1", "0", "0", "0", "0", "1", "0", "1", "0"], ["0", "1", "0", "0", "1", "0", "0", "1", "0", "0", "1", "0"], ["0", "0", "0", "0", "1", "1", "1", "1", "0", "0", "0", "0"], ["-1", "1", "0", "0", "1", "-1", "-1", "1", "0", "0", "1", "-1"]], "color": [["1", "1", "1", "1", "1", "1", "0", "0", "0", "2", "2", "2"], ["2", "0", "1", "1", "1", "1", "1", "0", "0", "2", "2", "2"], ["2", "2", "0", "0", "1", "1", "0", "0", "0", "0", "2", "2"], ["2", "2", "2", "0", "1", "1", "0", "1", "1", "2", "0", "2"], ["2", "2", "2", "2", "2", "0", "1", "1", "1", "0", "2", "2"], ["0", "2", "2", "2", "2", "0", "1", "1", "1", "1", "1", "0"]], "pos": [{"x": "8", "y": "5"}, {"x": "0", "y": "0"}, {"x": "1", "y": "2"}, {"x": "9", "y": "1"}]}, "q": "0.0007945957286199326", "z": "1", "visitCount": [["36", "32", "0", "0", "0", "0", "0", "0", "41", "0", "41", "0", "0", "0", "0", "0", "0", "0", "0", "0", "0", "0", "0", "0", "0", "0", "0", "0", "0", "0", "0", "0", "0", "0", "0", "0", "0", "0", "0", "0", "0", "0", "0", "0", "0", "0", "0", "0", "0", "0", "0", "0", "0", "0", "0", "0", "0", "0", "0", "0", "0", "0", "0", "0", "0", "0", "0", "0", "36", "46", "0", "0", "0", "0", "0", "0", "41", "0", "40", "0", "0", "0", "0", "0", "0", "47", "34", "0", "0", "0", "0", "0", "0", "50", "0", "45", "0", "0", "0", "0", "0", "0", "46", "42", "0", "0", "0", "0", "0", "0", "53", "0", "45", "0", "0", "0", "0", "0", "0", "35", "43", "0", "0", "0", "0", "0", "0", "43", "0", "43", "0", "0", "0", "0", "0", "0", "40", "38", "0", "0", "0", "0", "0", "0", "38", "0", "46", "0", "0", "0", "0", "0", "0", "0", "0", "0", "0", "0", "0", "0", "0", "0", "0", "0", "0", "0", "0", "0", "0", "0", "0", "0", "0", "0", "0", "0", "0", "0", "0", "0", "0", "0", "0", "0", "0", "0", "0", "0", "0", "0", "0", "0", "0", "0", "0", "0", "0", "0", "0", "0", "0", "0", "0", "0", "0", "0", "0", "0", "0", "0", "0", "0", "0", "0", "0", "0", "0", "0", "0", "0", "0", "0", "0", "0", "0", "0", "0", "0", "0", "0", "0", "0", "0", "0", "0", "0", "0", "0", "0", "0", "0", "0", "0", "0", "0", "0", "0", "0", "0", "0", "0", "0", "0", "0", "0", "0", "0", "0", "0", "0", "0", "0", "0", "0", "0", "0", "0", "0", "0", "0", "0", "0", "0", "0", "0", "0", "0", "0", "0", "0", "0", "0", "0", "0", "0", "0", "0", "0", "0"], ["12", "11", "13", "13", "13", "12", "14", "13", "12", "0", "0", "0", "0", "0", "0", "0", "0", "14", "12", "13", "13", "10", "13", "14", "14", "12", "0", "0", "0", "0", "0", "0", "0", "0", "13", "13", "11", "12", "11", "11", "11", "12", "12", "0", "0", "0", "0", "0", "0", "0", "0", "12", "13", "14", "13", "11", "14", "12", "11", "13", "0", "0", "0", "0", "0", "0", "0", "0", "13", "12", "13", "11", "10", "12", "12", "12", "12", "0", "0", "0", "0", "0", "0", "0", "0", "11", "11", "15", "13", "12", "13", "13", "12", "11", "0", "0", "0", "0", "0", "0", "0", "0", "13", "12", "11", "13", "13", "13", "13", "12", "11", "0", "0", "0", "0", "0", "0", "0", "0", "0", "0", "0", "0", "0", "0", "0", "0", "0", "0", "0", "0", "0", "0", "0", "0", "0", "15", "12", "13", "12", "12", "13", "11", "12", "12", "0", "0", "0", "0", "0", "0", "0", "0", "0", "0", "0", "0", "0", "0", "0", "0", "0", "0", "0", "0", "0", "0", "0", "0", "0", "0", "0", "0", "0", "0", "0", "0", "0", "0", "0", "0", "0", "0", "0", "0", "0", "0", "0", "0", "0", "0", "0", "0", "0", "0", "0", "0", "0", "0", "0", "0", "0", "0", "0", "0", "0", "0", "0", "0", "0", "0", "0", "0", "0", "0", "0", "0", "0", "0", "0", "0", "0", "0", "0", "0", "0", "0", "0", "0", "0", "0", "0", "0", "0", "0", "0", "0", "0", "0", "0", "0", "0", "0", "0", "0", "0", "0", "0", "0", "0", "0", "0", "0", "0", "0", "11", "13", "11", "13", "13", "13", "13", "13", "13", "0", "0", "0", "0", "0", "0", "0", "0", "0", "0", "0", "0", "0", "0", "0", "0", "0", "0", "0", "0", "0", "0", "0", "0", "0"]]}