{"state": {"resTurn": "102", "h": "6", "w": "12", "score": [["0", "0", "0", "0", "-1", "0", "0", "-1", "0", "0", "0", "0"], ["0", "0", "0", "1", "1", "1", "1", "1", "1", "0", "0", "0"], ["0", "1", "0", "1", "0", "0", "0", "0", "1", "0", "1", "0"], ["0", "1", "0", "0", "1", "0", "0", "1", "0", "0", "1", "0"], ["0", "0", "0", "0", "1", "1", "1", "1", "0", "0", "0", "0"], ["-1", "1", "0", "0", "1", "-1", "-1", "1", "0", "0", "1", "-1"]], "color": [["0", "0", "0", "0", "0", "0", "0", "0", "0", "0", "0", "0"], ["2", "2", "2", "0", "0", "0", "0", "0", "0", "0", "0", "0"], ["2", "2", "1", "1", "0", "0", "0", "0", "0", "0", "1", "1"], ["0", "0", "1", "1", "1", "0", "2", "2", "0", "0", "1", "0"], ["0", "0", "1", "0", "0", "0", "2", "2", "2", "0", "2", "1"], ["0", "0", "0", "0", "0", "2", "0", "0", "0", "0", "0", "1"]], "pos": [{"x": "11", "y": "5"}, {"x": "3", "y": "2"}, {"x": "1", "y": "2"}, {"x": "5", "y": "5"}]}, "q": "0.001308181377793008", "z": "1", "visitCount": [["27", "26", "30", "28", "25", "0", "28", "26", "34", "0", "0", "0", "0", "26", "0", "0", "0", "0", "0", "0", "0", "0", "0", "0", "0", "0", "0", "0", "0", "0", "0", "0", "0", "0", "0", "0", "0", "0", "0", "0", "0", "0", "0", "0", "0", "0", "0", "0", "0", "0", "0", "0", "0", "0", "0", "0", "0", "0", "0", "0", "0", "0", "0", "0", "0", "0", "0", "0", "26", "27", "22", "21", "21", "0", "38", "30", "29", "0", "0", "0", "0", "30", "0", "0", "0", "0", "0", "0", "0", "0", "0", "0", "0", "0", "0", "0", "0", "0", "0", "0", "0", "0", "21", "27", "26", "33", "28", "0", "28", "30", "21", "0", "0", "0", "0", "27", "0", "0", "0", "0", "0", "0", "0", "0", "0", "0", "0", "0", "0", "0", "0", "0", "0", "0", "0", "0", "0", "0", "0", "0", "0", "0", "0", "0", "0", "0", "0", "0", "0", "0", "0", "0", "0", "0", "0", "0", "0", "0", "0", "0", "0", "0", "0", "0", "0", "0", "0", "0", "0", "0", "0", "0", "0", "0", "0", "0", "0", "0", "0", "0", "0", "0", "0", "0", "0", "0", "0", "0", "0", "0", "0", "0", "0", "0", "0", "0", "0", "0", "0", "0", "0", "0", "0", "0", "0", "0", "0", "0", "0", "0", "0", "0", "0", "0", "0", "0", "0", "0", "0", "0", "0", "24", "26", "27", "25", "29", "0", "37", "39", "30", "0", "0", "0", "0", "28", "0", "0", "0", "0", "0", "0", "0", "0", "0", "0", "0", "0", "0", "0", "0", "0", "0", "0", "0", "0", "0", "0", "0", "0", "0", "0", "0", "0", "0", "0", "0", "0", "0", "0", "0", "0", "0", "0", "0", "0", "0", "0", "0", "0", "0", "0", "0", "0", "0", "0", "0", "0", "0", "0"], ["17", "0", "0", "0", "18", "18", "21", "13", "20", "0", "0", "0", "0", "0", "0", "0", "0", "0", "0", "0", "0", "0", "0", "0", "0", "0", "0", "0", "0", "0", "0", "0", "0", "0", "18", "0", "0", "0", "22", "18", "19", "22", "20", "0", "0", "0", "0", "0", "0", "0", "0", "21", "0", "0", "0", "23", "18", "15", "16", "17", "0", "0", "0", "0", "0", "0", "0", "0", "19", "0", "0", "0", "15", "15", "17", "20", "23", "0", "0", "0", "0", "0", "0", "0", "0", "15", "0", "0", "0", "19", "15", "24", "15", "17", "0", "0", "0", "0", "0", "0", "0", "0", "18", "0", "0", "0", "22", "19", "16", "16", "18", "0", "0", "0", "0", "0", "0", "0", "0", "20", "0", "0", "0", "17", "17", "20", "20", "15", "0", "0", "0", "0", "0", "0", "0", "0", "0", "0", "0", "0", "0", "0", "0", "0", "0", "0", "0", "0", "0", "0", "0", "0", "0", "22", "0", "0", "0", "20", "22", "17", "17", "19", "0", "0", "0", "0", "0", "0", "0", "0", "0", "0", "0", "0", "0", "0", "0", "0", "0", "0", "0", "0", "0", "0", "0", "0", "0", "0", "0", "0", "0", "0", "0", "0", "0", "0", "0", "0", "0", "0", "0", "0", "0", "0", "0", "0", "0", "0", "0", "0", "0", "0", "0", "0", "0", "0", "0", "0", "0", "0", "0", "0", "0", "0", "0", "0", "0", "0", "0", "0", "0", "0", "0", "0", "0", "0", "0", "0", "0", "0", "0", "0", "0", "0", "0", "0", "0", "0", "0", "0", "0", "0", "0", "0", "0", "0", "0", "0", "0", "0", "0", "0", "0", "0", "0", "0", "0", "0", "0", "0", "0", "0", "18", "0", "0", "0", "19", "17", "22", "21", "18", "0", "0", "0", "0", "0", "0", "0", "0"]]}