{"state": {"resTurn": "20", "h": "6", "w": "12", "score": [["0", "0", "0", "0", "-1", "0", "0", "-1", "0", "0", "0", "0"], ["0", "0", "0", "1", "1", "1", "1", "1", "1", "0", "0", "0"], ["0", "1", "0", "1", "0", "0", "0", "0", "1", "0", "1", "0"], ["0", "1", "0", "0", "1", "0", "0", "1", "0", "0", "1", "0"], ["0", "0", "0", "0", "1", "1", "1", "1", "0", "0", "0", "0"], ["-1", "1", "0", "0", "1", "-1", "-1", "1", "0", "0", "1", "-1"]], "color": [["1", "1", "1", "1", "1", "1", "0", "0", "0", "2", "2", "2"], ["2", "0", "1", "1", "1", "1", "1", "0", "0", "2", "2", "2"], ["2", "2", "0", "0", "1", "1", "0", "0", "0", "2", "2", "2"], ["2", "2", "2", "0", "1", "1", "0", "1", "1", "2", "0", "2"], ["2", "2", "2", "2", "2", "0", "1", "1", "1", "0", "2", "2"], ["0", "2", "2", "2", "2", "0", "1", "1", "1", "1", "1", "0"]], "pos": [{"x": "8", "y": "4"}, {"x": "2", "y": "0"}, {"x": "1", "y": "2"}, {"x": "9", "y": "3"}]}, "q": "0.0006717105009819282", "z": "1", "visitCount": [["21", "19", "21", "19", "19", "0", "0", "0", "23", "0", "0", "0", "0", "0", "0", "0", "0", "17", "16", "19", "18", "19", "0", "0", "0", "17", "0", "0", "0", "0", "0", "0", "0", "0", "16", "18", "18", "16", "20", "0", "0", "0", "16", "0", "0", "0", "0", "0", "0", "0", "0", "22", "18", "16", "16", "16", "0", "0", "0", "18", "0", "0", "0", "0", "0", "0", "0", "0", "20", "21", "20", "19", "22", "0", "0", "0", "19", "0", "0", "0", "0", "0", "0", "0", "0", "21", "21", "17", "16", "19", "0", "0", "0", "20", "0", "0", "0", "0", "0", "0", "0", "0", "17", "21", "19", "14", "19", "0", "0", "0", "19", "0", "0", "0", "0", "0", "0", "0", "0", "0", "0", "0", "0", "0", "0", "0", "0", "0", "0", "0", "0", "0", "0", "0", "0", "0", "18", "18", "18", "16", "17", "0", "0", "0", "16", "0", "0", "0", "0", "0", "0", "0", "0", "0", "0", "0", "0", "0", "0", "0", "0", "0", "0", "0", "0", "0", "0", "0", "0", "0", "0", "0", "0", "0", "0", "0", "0", "0", "0", "0", "0", "0", "0", "0", "0", "0", "0", "0", "0", "0", "0", "0", "0", "0", "0", "0", "0", "0", "0", "0", "0", "0", "0", "0", "0", "0", "0", "0", "0", "0", "0", "0", "0", "0", "0", "0", "0", "0", "0", "0", "0", "0", "0", "0", "0", "0", "0", "0", "0", "0", "0", "0", "0", "0", "0", "0", "0", "0", "0", "0", "0", "0", "0", "0", "0", "0", "0", "0", "0", "0", "0", "0", "0", "0", "0", "21", "21", "19", "18", "17", "0", "0", "0", "19", "0", "0", "0", "0", "0", "0", "0", "0", "0", "0", "0", "0", "0", "0", "0", "0", "0", "0", "0", "0", "0", "0", "0", "0", "0"], ["13", "13", "13", "0", "0", "13", "12", "13", "14", "0", "0", "13", "12", "0", "0", "0", "0", "13", "11", "12", "0", "0", "13", "13", "12", "13", "0", "0", "14", "11", "0", "0", "0", "0", "12", "12", "12", "0", "0", "12", "11", "12", "11", "0", "0", "12", "12", "0", "0", "0", "0", "12", "13", "12", "0", "0", "12", "12", "11", "13", "0", "0", "12", "13", "0", "0", "0", "0", "12", "13", "11", "0", "0", "14", "11", "12", "13", "0", "0", "12", "13", "0", "0", "0", "0", "12", "12", "11", "0", "0", "11", "13", "12", "13", "0", "0", "15", "12", "0", "0", "0", "0", "13", "12", "11", "0", "0", "13", "13", "13", "13", "0", "0", "12", "10", "0", "0", "0", "0", "0", "0", "0", "0", "0", "0", "0", "0", "0", "0", "0", "0", "0", "0", "0", "0", "0", "12", "12", "12", "0", "0", "11", "13", "12", "12", "0", "0", "12", "12", "0", "0", "0", "0", "0", "0", "0", "0", "0", "0", "0", "0", "0", "0", "0", "0", "0", "0", "0", "0", "0", "0", "0", "0", "0", "0", "0", "0", "0", "0", "0", "0", "0", "0", "0", "0", "0", "0", "0", "0", "0", "0", "0", "0", "0", "0", "0", "0", "0", "0", "0", "0", "0", "0", "0", "0", "0", "0", "0", "0", "0", "0", "0", "0", "0", "0", "0", "0", "0", "0", "0", "0", "0", "0", "0", "0", "0", "0", "0", "0", "0", "0", "0", "0", "0", "0", "0", "0", "0", "0", "0", "0", "0", "0", "0", "0", "0", "0", "0", "0", "0", "0", "0", "0", "0", "0", "12", "13", "12", "0", "0", "11", "15", "14", "13", "0", "0", "13", "13", "0", "0", "0", "0", "0", "0", "0", "0", "0", "0", "0", "0", "0", "0", "0", "0", "0", "0", "0", "0", "0"]]}