{"state": {"resTurn": "19", "h": "6", "w": "12", "score": [["0", "0", "0", "0", "-1", "0", "0", "-1", "0", "0", "0", "0"], ["0", "0", "0", "1", "1", "1", "1", "1", "1", "0", "0", "0"], ["0", "1", "0", "1", "0", "0", "0", "0", "1", "0", "1", "0"], ["0", "1", "0", "0", "1", "0", "0", "1", "0", "0", "1", "0"], ["0", "0", "0", "0", "1", "1", "1", "1", "0", "0", "0", "0"], ["-1", "1", "0", "0", "1", "-1", "-1", "1", "0", "0", "1", "-1"]], "color": [["1", "1", "1", "1", "1", "1", "0", "0", "0", "2", "2", "2"], ["2", "0", "1", "1", "1", "1", "1", "0", "0", "2", "2", "2"], ["2", "2", "0", "0", "1", "1", "0", "0", "0", "2", "2", "2"], ["2", "2", "2", "0", "1", "1", "0", "1", "1", "2", "0", "2"], ["2", "2", "2", "2", "2", "0", "1", "1", "1", "0", "2", "2"], ["0", "2", "2", "2", "2", "0", "1", "1", "1", "1", "1", "0"]], "pos": [{"x": "8", "y": "4"}, {"x": "3", "y": "0"}, {"x": "0", "y": "1"}, {"x": "9", "y": "3"}]}, "q": "0.0005345692277491206", "z": "1", "visitCount": [["16", "18", "18", "17", "17", "0", "0", "0", "19", "0", "0", "0", "0", "0", "0", "0", "0", "18", "15", "14", "18", "19", "0", "0", "0", "18", "0", "0", "0", "0", "0", "0", "0", "0", "16", "19", "19", "19", "20", "0", "0", "0", "16", "0", "0", "0", "0", "0", "0", "0", "0", "17", "18", "19", "18", "18", "0", "0", "0", "18", "0", "0", "0", "0", "0", "0", "0", "0", "19", "20", "17", "20", "19", "0", "0", "0", "20", "0", "0", "0", "0", "0", "0", "0", "0", "20", "19", "21", "18", "19", "0", "0", "0", "23", "0", "0", "0", "0", "0", "0", "0", "0", "17", "16", "18", "20", "19", "0", "0", "0", "21", "0", "0", "0", "0", "0", "0", "0", "0", "0", "0", "0", "0", "0", "0", "0", "0", "0", "0", "0", "0", "0", "0", "0", "0", "0", "19", "17", "18", "19", "17", "0", "0", "0", "18", "0", "0", "0", "0", "0", "0", "0", "0", "0", "0", "0", "0", "0", "0", "0", "0", "0", "0", "0", "0", "0", "0", "0", "0", "0", "0", "0", "0", "0", "0", "0", "0", "0", "0", "0", "0", "0", "0", "0", "0", "0", "0", "0", "0", "0", "0", "0", "0", "0", "0", "0", "0", "0", "0", "0", "0", "0", "0", "0", "0", "0", "0", "0", "0", "0", "0", "0", "0", "0", "0", "0", "0", "0", "0", "0", "0", "0", "0", "0", "0", "0", "0", "0", "0", "0", "0", "0", "0", "0", "0", "0", "0", "0", "0", "0", "0", "0", "0", "0", "0", "0", "0", "0", "0", "0", "0", "0", "0", "0", "0", "22", "22", "19", "23", "17", "0", "0", "0", "20", "0", "0", "0", "0", "0", "0", "0", "0", "0", "0", "0", "0", "0", "0", "0", "0", "0", "0", "0", "0", "0", "0", "0", "0", "0"], ["20", "18", "20", "0", "0", "16", "21", "19", "18", "0", "0", "16", "20", "0", "0", "0", "0", "20", "16", "17", "0", "0", "17", "20", "20", "17", "0", "0", "21", "20", "0", "0", "0", "0", "22", "15", "16", "0", "0", "17", "19", "22", "18", "0", "0", "16", "18", "0", "0", "0", "0", "0", "0", "0", "0", "0", "0", "0", "0", "0", "0", "0", "0", "0", "0", "0", "0", "0", "0", "0", "0", "0", "0", "0", "0", "0", "0", "0", "0", "0", "0", "0", "0", "0", "0", "0", "0", "0", "0", "0", "0", "0", "0", "0", "0", "0", "0", "0", "0", "0", "0", "0", "0", "0", "0", "0", "0", "0", "0", "0", "0", "0", "0", "0", "0", "0", "0", "0", "0", "0", "0", "0", "0", "0", "0", "0", "0", "0", "0", "0", "0", "0", "0", "0", "0", "0", "17", "17", "16", "0", "0", "20", "19", "21", "20", "0", "0", "23", "19", "0", "0", "0", "0", "0", "0", "0", "0", "0", "0", "0", "0", "0", "0", "0", "0", "0", "0", "0", "0", "0", "0", "0", "0", "0", "0", "0", "0", "0", "0", "0", "0", "0", "0", "0", "0", "0", "0", "0", "0", "0", "0", "0", "0", "0", "0", "0", "0", "0", "0", "0", "0", "0", "0", "0", "0", "0", "0", "0", "0", "0", "0", "0", "0", "0", "0", "0", "0", "0", "0", "0", "0", "0", "0", "0", "0", "0", "0", "0", "0", "0", "0", "0", "0", "0", "0", "0", "0", "0", "18", "20", "19", "0", "0", "18", "20", "19", "15", "0", "0", "23", "18", "0", "0", "0", "0", "18", "17", "17", "0", "0", "16", "18", "18", "19", "0", "0", "19", "18", "0", "0", "0", "0", "0", "0", "0", "0", "0", "0", "0", "0", "0", "0", "0", "0", "0", "0", "0", "0", "0"]]}