{"state": {"resTurn": "18", "h": "6", "w": "12", "score": [["0", "0", "0", "0", "-1", "0", "0", "-1", "0", "0", "0", "0"], ["0", "0", "0", "1", "1", "1", "1", "1", "1", "0", "0", "0"], ["0", "1", "0", "1", "0", "0", "0", "0", "1", "0", "1", "0"], ["0", "1", "0", "0", "1", "0", "0", "1", "0", "0", "1", "0"], ["0", "0", "0", "0", "1", "1", "1", "1", "0", "0", "0", "0"], ["-1", "1", "0", "0", "1", "-1", "-1", "1", "0", "0", "1", "-1"]], "color": [["1", "1", "1", "1", "1", "1", "0", "0", "0", "2", "2", "2"], ["2", "2", "1", "1", "1", "1", "1", "0", "0", "2", "2", "2"], ["2", "2", "0", "0", "1", "1", "0", "0", "0", "2", "2", "2"], ["2", "2", "2", "0", "1", "1", "0", "1", "1", "2", "0", "2"], ["2", "2", "2", "2", "2", "0", "1", "1", "0", "0", "2", "2"], ["0", "2", "2", "2", "2", "0", "1", "1", "1", "1", "1", "0"]], "pos": [{"x": "7", "y": "3"}, {"x": "4", "y": "0"}, {"x": "1", "y": "1"}, {"x": "9", "y": "3"}]}, "q": "0.0009182391643193918", "z": "1", "visitCount": [["19", "20", "21", "18", "16", "0", "0", "0", "18", "0", "0", "0", "0", "0", "0", "0", "0", "22", "20", "18", "21", "19", "0", "0", "0", "19", "0", "0", "0", "0", "0", "0", "0", "0", "21", "21", "19", "22", "20", "0", "0", "0", "21", "0", "0", "0", "0", "0", "0", "0", "0", "18", "19", "18", "20", "14", "0", "0", "0", "24", "0", "0", "0", "0", "0", "0", "0", "0", "20", "19", "19", "16", "19", "0", "0", "0", "18", "0", "0", "0", "0", "0", "0", "0", "0", "16", "20", "19", "17", "18", "0", "0", "0", "17", "0", "0", "0", "0", "0", "0", "0", "0", "16", "14", "20", "16", "17", "0", "0", "0", "16", "0", "0", "0", "0", "0", "0", "0", "0", "16", "14", "18", "18", "20", "0", "0", "0", "16", "0", "0", "0", "0", "0", "0", "0", "0", "18", "20", "20", "17", "19", "0", "0", "0", "19", "0", "0", "0", "0", "0", "0", "0", "0", "0", "0", "0", "0", "0", "0", "0", "0", "0", "0", "0", "0", "0", "0", "0", "0", "0", "0", "0", "0", "0", "0", "0", "0", "0", "0", "0", "0", "0", "0", "0", "0", "0", "0", "0", "0", "0", "0", "0", "0", "0", "0", "0", "0", "0", "0", "0", "0", "0", "0", "0", "0", "0", "0", "0", "0", "0", "0", "0", "0", "0", "0", "0", "0", "0", "0", "0", "0", "0", "0", "0", "0", "0", "0", "0", "0", "0", "0", "0", "0", "0", "0", "0", "0", "0", "0", "0", "0", "0", "0", "0", "0", "0", "0", "0", "0", "0", "0", "0", "0", "0", "0", "0", "0", "0", "0", "0", "0", "0", "0", "0", "0", "0", "0", "0", "0", "0", "0", "0", "0", "0", "0", "0", "0", "0", "0", "0", "0", "0", "0", "0", "0", "0", "0", "0", "0"], ["12", "14", "12", "13", "0", "12", "11", "14", "12", "0", "0", "0", "12", "0", "0", "0", "0", "12", "12", "13", "15", "0", "13", "13", "12", "12", "0", "0", "0", "13", "0", "0", "0", "0", "13", "12", "16", "12", "0", "13", "12", "10", "14", "0", "0", "0", "12", "0", "0", "0", "0", "10", "12", "12", "13", "0", "12", "12", "11", "11", "0", "0", "0", "14", "0", "0", "0", "0", "12", "13", "12", "12", "0", "10", "12", "11", "13", "0", "0", "0", "14", "0", "0", "0", "0", "0", "0", "0", "0", "0", "0", "0", "0", "0", "0", "0", "0", "0", "0", "0", "0", "0", "0", "0", "0", "0", "0", "0", "0", "0", "0", "0", "0", "0", "0", "0", "0", "0", "0", "0", "0", "0", "0", "0", "0", "0", "0", "0", "0", "0", "0", "0", "0", "0", "0", "0", "0", "0", "0", "0", "0", "0", "0", "0", "0", "0", "0", "0", "0", "0", "0", "0", "0", "0", "0", "0", "0", "0", "0", "0", "0", "0", "0", "0", "0", "0", "0", "0", "0", "0", "0", "0", "0", "0", "0", "0", "0", "0", "0", "0", "0", "0", "0", "0", "0", "0", "0", "0", "0", "0", "0", "0", "0", "0", "0", "0", "0", "0", "0", "0", "0", "0", "0", "0", "0", "0", "0", "0", "0", "0", "0", "0", "0", "0", "0", "0", "0", "0", "0", "0", "0", "13", "12", "11", "12", "0", "12", "13", "13", "13", "0", "0", "0", "12", "0", "0", "0", "0", "14", "13", "12", "13", "0", "11", "12", "13", "12", "0", "0", "0", "11", "0", "0", "0", "0", "12", "14", "11", "11", "0", "12", "12", "12", "13", "0", "0", "0", "12", "0", "0", "0", "0", "14", "13", "12", "12", "0", "13", "13", "12", "12", "0", "0", "0", "11", "0", "0", "0", "0"]]}