{"state": {"resTurn": "17", "h": "6", "w": "12", "score": [["0", "0", "0", "0", "-1", "0", "0", "-1", "0", "0", "0", "0"], ["0", "0", "0", "1", "1", "1", "1", "1", "1", "0", "0", "0"], ["0", "1", "0", "1", "0", "0", "0", "0", "1", "0", "1", "0"], ["0", "1", "0", "0", "1", "0", "0", "1", "0", "0", "1", "0"], ["0", "0", "0", "0", "1", "1", "1", "1", "0", "0", "0", "0"], ["-1", "1", "0", "0", "1", "-1", "-1", "1", "0", "0", "1", "-1"]], "color": [["1", "1", "1", "1", "1", "1", "0", "0", "0", "2", "2", "2"], ["2", "2", "1", "1", "1", "1", "1", "0", "0", "2", "2", "2"], ["2", "2", "0", "0", "1", "1", "0", "0", "0", "2", "2", "2"], ["2", "2", "2", "0", "1", "1", "0", "1", "1", "2", "0", "2"], ["2", "2", "2", "2", "2", "0", "1", "1", "0", "2", "2", "2"], ["0", "2", "2", "2", "2", "0", "1", "1", "1", "1", "1", "0"]], "pos": [{"x": "6", "y": "4"}, {"x": "5", "y": "0"}, {"x": "1", "y": "2"}, {"x": "9", "y": "4"}]}, "q": "0.0008133699801003239", "z": "1", "visitCount": [["17", "18", "19", "22", "18", "0", "0", "0", "21", "0", "0", "0", "0", "0", "0", "0", "0", "18", "16", "18", "20", "16", "0", "0", "0", "16", "0", "0", "0", "0", "0", "0", "0", "0", "20", "19", "20", "19", "21", "0", "0", "0", "18", "0", "0", "0", "0", "0", "0", "0", "0", "18", "15", "17", "19", "19", "0", "0", "0", "17", "0", "0", "0", "0", "0", "0", "0", "0", "17", "16", "18", "18", "19", "0", "0", "0", "17", "0", "0", "0", "0", "0", "0", "0", "0", "19", "18", "21", "19", "17", "0", "0", "0", "17", "0", "0", "0", "0", "0", "0", "0", "0", "16", "17", "19", "19", "15", "0", "0", "0", "19", "0", "0", "0", "0", "0", "0", "0", "0", "21", "20", "21", "20", "19", "0", "0", "0", "19", "0", "0", "0", "0", "0", "0", "0", "0", "20", "17", "20", "21", "18", "0", "0", "0", "22", "0", "0", "0", "0", "0", "0", "0", "0", "0", "0", "0", "0", "0", "0", "0", "0", "0", "0", "0", "0", "0", "0", "0", "0", "0", "0", "0", "0", "0", "0", "0", "0", "0", "0", "0", "0", "0", "0", "0", "0", "0", "0", "0", "0", "0", "0", "0", "0", "0", "0", "0", "0", "0", "0", "0", "0", "0", "0", "0", "0", "0", "0", "0", "0", "0", "0", "0", "0", "0", "0", "0", "0", "0", "0", "0", "0", "0", "0", "0", "0", "0", "0", "0", "0", "0", "0", "0", "0", "0", "0", "0", "0", "0", "0", "0", "0", "0", "0", "0", "0", "0", "0", "0", "0", "0", "0", "0", "0", "0", "0", "0", "0", "0", "0", "0", "0", "0", "0", "0", "0", "0", "0", "0", "0", "0", "0", "0", "0", "0", "0", "0", "0", "0", "0", "0", "0", "0", "0", "0", "0", "0", "0", "0", "0"], ["13", "0", "0", "0", "11", "0", "11", "13", "11", "14", "13", "11", "0", "11", "0", "0", "0", "14", "0", "0", "0", "13", "0", "12", "14", "15", "12", "13", "11", "0", "14", "0", "0", "0", "12", "0", "0", "0", "11", "0", "12", "11", "12", "12", "11", "13", "0", "13", "0", "0", "0", "12", "0", "0", "0", "12", "0", "13", "12", "13", "13", "13", "12", "0", "10", "0", "0", "0", "13", "0", "0", "0", "13", "0", "12", "14", "13", "13", "11", "11", "0", "11", "0", "0", "0", "13", "0", "0", "0", "13", "0", "13", "12", "14", "11", "12", "12", "0", "13", "0", "0", "0", "11", "0", "0", "0", "11", "0", "11", "13", "12", "12", "12", "12", "0", "14", "0", "0", "0", "0", "0", "0", "0", "0", "0", "0", "0", "0", "0", "0", "0", "0", "0", "0", "0", "0", "12", "0", "0", "0", "13", "0", "11", "13", "14", "13", "11", "12", "0", "13", "0", "0", "0", "0", "0", "0", "0", "0", "0", "0", "0", "0", "0", "0", "0", "0", "0", "0", "0", "0", "0", "0", "0", "0", "0", "0", "0", "0", "0", "0", "0", "0", "0", "0", "0", "0", "0", "0", "0", "0", "0", "0", "0", "0", "0", "0", "0", "0", "0", "0", "0", "0", "0", "0", "0", "0", "0", "0", "0", "0", "0", "0", "0", "0", "0", "0", "0", "0", "0", "0", "0", "0", "0", "0", "0", "0", "0", "0", "0", "0", "0", "0", "0", "0", "0", "0", "0", "0", "0", "0", "0", "0", "0", "0", "0", "0", "0", "0", "0", "0", "0", "0", "0", "0", "0", "12", "0", "0", "0", "12", "0", "14", "12", "12", "13", "13", "11", "0", "14", "0", "0", "0", "0", "0", "0", "0", "0", "0", "0", "0", "0", "0", "0", "0", "0", "0", "0", "0", "0"]]}