{"state": {"resTurn": "16", "h": "6", "w": "12", "score": [["0", "0", "0", "0", "-1", "0", "0", "-1", "0", "0", "0", "0"], ["0", "0", "0", "1", "1", "1", "1", "1", "1", "0", "0", "0"], ["0", "1", "0", "1", "0", "0", "0", "0", "1", "0", "1", "0"], ["0", "1", "0", "0", "1", "0", "0", "1", "0", "0", "1", "0"], ["0", "0", "0", "0", "1", "1", "1", "1", "0", "0", "0", "0"], ["-1", "1", "0", "0", "1", "-1", "-1", "1", "0", "0", "1", "-1"]], "color": [["1", "1", "1", "1", "1", "1", "0", "0", "0", "2", "2", "2"], ["2", "2", "1", "1", "1", "1", "1", "0", "0", "2", "2", "2"], ["2", "2", "0", "0", "1", "1", "0", "0", "0", "2", "2", "2"], ["2", "2", "2", "0", "1", "1", "0", "1", "1", "2", "0", "2"], ["2", "2", "2", "2", "2", "0", "1", "1", "0", "2", "2", "2"], ["0", "2", "2", "2", "2", "0", "1", "1", "1", "1", "1", "0"]], "pos": [{"x": "6", "y": "4"}, {"x": "4", "y": "1"}, {"x": "2", "y": "3"}, {"x": "10", "y": "4"}]}, "q": "0.001068222473119956", "z": "1", "visitCount": [["12", "14", "13", "11", "13", "12", "12", "11", "14", "0", "0", "0", "0", "0", "0", "0", "0", "12", "11", "10", "11", "14", "11", "11", "13", "12", "0", "0", "0", "0", "0", "0", "0", "0", "12", "13", "13", "11", "13", "11", "15", "17", "12", "0", "0", "0", "0", "0", "0", "0", "0", "11", "12", "13", "13", "13", "11", "11", "11", "12", "0", "0", "0", "0", "0", "0", "0", "0", "13", "14", "11", "12", "11", "10", "12", "12", "13", "0", "0", "0", "0", "0", "0", "0", "0", "13", "13", "12", "13", "13", "13", "13", "11", "11", "0", "0", "0", "0", "0", "0", "0", "0", "12", "12", "11", "13", "11", "14", "12", "12", "13", "0", "0", "0", "0", "0", "0", "0", "0", "13", "13", "13", "12", "13", "13", "13", "13", "13", "0", "0", "0", "0", "0", "0", "0", "0", "12", "13", "12", "13", "13", "11", "12", "13", "14", "0", "0", "0", "0", "0", "0", "0", "0", "0", "0", "0", "0", "0", "0", "0", "0", "0", "0", "0", "0", "0", "0", "0", "0", "0", "0", "0", "0", "0", "0", "0", "0", "0", "0", "0", "0", "0", "0", "0", "0", "0", "0", "0", "0", "0", "0", "0", "0", "0", "0", "0", "0", "0", "0", "0", "0", "0", "0", "0", "0", "0", "0", "0", "0", "0", "0", "0", "0", "0", "0", "0", "0", "0", "0", "0", "0", "0", "0", "0", "0", "0", "0", "0", "0", "0", "0", "0", "0", "0", "0", "0", "0", "0", "0", "0", "0", "0", "0", "0", "0", "0", "0", "0", "0", "0", "0", "0", "0", "0", "0", "0", "0", "0", "0", "0", "0", "0", "0", "0", "0", "0", "0", "0", "0", "0", "0", "0", "0", "0", "0", "0", "0", "0", "0", "0", "0", "0", "0", "0", "0", "0", "0", "0", "0"], ["14", "16", "0", "0", "12", "11", "13", "13", "12", "0", "12", "13", "0", "0", "0", "0", "0", "14", "13", "0", "0", "12", "12", "10", "14", "12", "0", "14", "13", "0", "0", "0", "0", "0", "11", "12", "0", "0", "13", "12", "15", "11", "11", "0", "13", "12", "0", "0", "0", "0", "0", "11", "11", "0", "0", "12", "13", "13", "13", "13", "0", "12", "14", "0", "0", "0", "0", "0", "12", "11", "0", "0", "12", "13", "12", "12", "11", "0", "12", "13", "0", "0", "0", "0", "0", "12", "13", "0", "0", "12", "13", "11", "12", "14", "0", "12", "12", "0", "0", "0", "0", "0", "12", "14", "0", "0", "12", "12", "13", "11", "13", "0", "11", "16", "0", "0", "0", "0", "0", "13", "14", "0", "0", "13", "12", "12", "11", "11", "0", "13", "13", "0", "0", "0", "0", "0", "11", "11", "0", "0", "12", "12", "11", "11", "13", "0", "11", "11", "0", "0", "0", "0", "0", "0", "0", "0", "0", "0", "0", "0", "0", "0", "0", "0", "0", "0", "0", "0", "0", "0", "0", "0", "0", "0", "0", "0", "0", "0", "0", "0", "0", "0", "0", "0", "0", "0", "0", "0", "0", "0", "0", "0", "0", "0", "0", "0", "0", "0", "0", "0", "0", "0", "0", "0", "0", "0", "0", "0", "0", "0", "0", "0", "0", "0", "0", "0", "0", "0", "0", "0", "0", "0", "0", "0", "0", "0", "0", "0", "0", "0", "0", "0", "0", "0", "0", "0", "0", "0", "0", "0", "0", "0", "0", "0", "0", "0", "0", "0", "0", "0", "0", "0", "0", "0", "0", "0", "0", "0", "0", "0", "0", "0", "0", "0", "0", "0", "0", "0", "0", "0", "0", "0", "0", "0", "0", "0", "0", "0", "0", "0", "0", "0", "0", "0", "0", "0", "0", "0", "0"]]}