{"state": {"resTurn": "15", "h": "6", "w": "12", "score": [["0", "0", "0", "0", "-1", "0", "0", "-1", "0", "0", "0", "0"], ["0", "0", "0", "1", "1", "1", "1", "1", "1", "0", "0", "0"], ["0", "1", "0", "1", "0", "0", "0", "0", "1", "0", "1", "0"], ["0", "1", "0", "0", "1", "0", "0", "1", "0", "0", "1", "0"], ["0", "0", "0", "0", "1", "1", "1", "1", "0", "0", "0", "0"], ["-1", "1", "0", "0", "1", "-1", "-1", "1", "0", "0", "1", "-1"]], "color": [["1", "1", "1", "1", "1", "1", "0", "0", "0", "2", "2", "2"], ["2", "2", "1", "1", "1", "1", "1", "0", "0", "2", "2", "2"], ["2", "2", "0", "0", "1", "1", "0", "0", "0", "2", "2", "2"], ["2", "2", "2", "0", "1", "1", "0", "1", "1", "2", "0", "2"], ["2", "2", "2", "2", "2", "0", "1", "1", "0", "2", "2", "2"], ["0", "2", "2", "2", "2", "0", "1", "1", "1", "1", "1", "2"]], "pos": [{"x": "6", "y": "5"}, {"x": "5", "y": "0"}, {"x": "2", "y": "3"}, {"x": "11", "y": "5"}]}, "q": "0.0008151783667342679", "z": "1", "visitCount": [["27", "36", "32", "31", "34", "0", "0", "0", "21", "0", "0", "0", "0", "0", "0", "0", "0", "0", "0", "0", "0", "0", "0", "0", "0", "0", "0", "0", "0", "0", "0", "0", "0", "0", "0", "0", "0", "0", "0", "0", "0", "0", "0", "0", "0", "0", "0", "0", "0", "0", "0", "0", "0", "0", "0", "0", "0", "0", "0", "0", "0", "0", "0", "0", "0", "0", "0", "0", "25", "35", "26", "28", "26", "0", "0", "0", "24", "0", "0", "0", "0", "0", "0", "0", "0", "24", "25", "31", "29", "22", "0", "0", "0", "23", "0", "0", "0", "0", "0", "0", "0", "0", "27", "28", "25", "28", "34", "0", "0", "0", "35", "0", "0", "0", "0", "0", "0", "0", "0", "36", "28", "28", "25", "26", "0", "0", "0", "26", "0", "0", "0", "0", "0", "0", "0", "0", "22", "26", "25", "27", "27", "0", "0", "0", "28", "0", "0", "0", "0", "0", "0", "0", "0", "0", "0", "0", "0", "0", "0", "0", "0", "0", "0", "0", "0", "0", "0", "0", "0", "0", "0", "0", "0", "0", "0", "0", "0", "0", "0", "0", "0", "0", "0", "0", "0", "0", "0", "0", "0", "0", "0", "0", "0", "0", "0", "0", "0", "0", "0", "0", "0", "0", "0", "0", "0", "0", "0", "0", "0", "0", "0", "0", "0", "0", "0", "0", "0", "0", "0", "0", "0", "0", "0", "0", "0", "0", "0", "0", "0", "0", "0", "0", "0", "0", "0", "0", "0", "0", "0", "0", "0", "0", "0", "0", "0", "0", "0", "0", "0", "0", "0", "0", "0", "0", "0", "0", "0", "0", "0", "0", "0", "0", "0", "0", "0", "0", "0", "0", "0", "0", "0", "0", "0", "0", "0", "0", "0", "0", "0", "0", "0", "0", "0", "0", "0", "0", "0", "0", "0"], ["26", "0", "0", "0", "0", "37", "30", "0", "0", "0", "0", "0", "26", "0", "0", "0", "0", "33", "0", "0", "0", "0", "28", "32", "0", "0", "0", "0", "0", "28", "0", "0", "0", "0", "26", "0", "0", "0", "0", "27", "27", "0", "0", "0", "0", "0", "31", "0", "0", "0", "0", "25", "0", "0", "0", "0", "32", "25", "0", "0", "0", "0", "0", "28", "0", "0", "0", "0", "29", "0", "0", "0", "0", "34", "30", "0", "0", "0", "0", "0", "26", "0", "0", "0", "0", "23", "0", "0", "0", "0", "21", "25", "0", "0", "0", "0", "0", "30", "0", "0", "0", "0", "27", "0", "0", "0", "0", "32", "27", "0", "0", "0", "0", "0", "27", "0", "0", "0", "0", "23", "0", "0", "0", "0", "24", "27", "0", "0", "0", "0", "0", "28", "0", "0", "0", "0", "28", "0", "0", "0", "0", "22", "30", "0", "0", "0", "0", "0", "26", "0", "0", "0", "0", "0", "0", "0", "0", "0", "0", "0", "0", "0", "0", "0", "0", "0", "0", "0", "0", "0", "0", "0", "0", "0", "0", "0", "0", "0", "0", "0", "0", "0", "0", "0", "0", "0", "0", "0", "0", "0", "0", "0", "0", "0", "0", "0", "0", "0", "0", "0", "0", "0", "0", "0", "0", "0", "0", "0", "0", "0", "0", "0", "0", "0", "0", "0", "0", "0", "0", "0", "0", "0", "0", "0", "0", "0", "0", "0", "0", "0", "0", "0", "0", "0", "0", "0", "0", "0", "0", "0", "0", "0", "0", "0", "0", "0", "0", "0", "0", "0", "0", "0", "0", "0", "0", "0", "0", "0", "0", "0", "0", "0", "0", "0", "0", "0", "0", "0", "0", "0", "0", "0", "0", "0", "0", "0", "0", "0", "0", "0", "0", "0", "0", "0", "0", "0", "0", "0", "0"]]}