{"state": {"resTurn": "14", "h": "6", "w": "12", "score": [["0", "0", "0", "0", "-1", "0", "0", "-1", "0", "0", "0", "0"], ["0", "0", "0", "1", "1", "1", "1", "1", "1", "0", "0", "0"], ["0", "1", "0", "1", "0", "0", "0", "0", "1", "0", "1", "0"], ["0", "1", "0", "0", "1", "0", "0", "1", "0", "0", "1", "0"], ["0", "0", "0", "0", "1", "1", "1", "1", "0", "0", "0", "0"], ["-1", "1", "0", "0", "1", "-1", "-1", "1", "0", "0", "1", "-1"]], "color": [["1", "1", "1", "1", "1", "1", "0", "0", "0", "2", "2", "2"], ["2", "2", "1", "1", "1", "1", "1", "0", "0", "2", "2", "2"], ["2", "2", "0", "0", "1", "1", "0", "0", "0", "2", "2", "2"], ["2", "2", "2", "0", "1", "1", "0", "1", "1", "2", "0", "2"], ["2", "2", "2", "2", "2", "0", "1", "1", "0", "2", "2", "2"], ["0", "2", "2", "2", "2", "0", "1", "1", "1", "1", "1", "2"]], "pos": [{"x": "6", "y": "5"}, {"x": "6", "y": "1"}, {"x": "2", "y": "3"}, {"x": "10", "y": "4"}]}, "q": "0.001126316016490417", "z": "1", "visitCount": [["18", "19", "15", "18", "17", "19", "19", "17", "22", "0", "0", "0", "0", "0", "0", "0", "0", "0", "0", "0", "0", "0", "0", "0", "0", "0", "0", "0", "0", "0", "0", "0", "0", "0", "0", "0", "0", "0", "0", "0", "0", "0", "0", "0", "0", "0", "0", "0", "0", "0", "0", "0", "0", "0", "0", "0", "0", "0", "0", "0", "0", "0", "0", "0", "0", "0", "0", "0", "14", "20", "17", "17", "18", "20", "16", "18", "18", "0", "0", "0", "0", "0", "0", "0", "0", "17", "18", "18", "22", "16", "18", "15", "19", "22", "0", "0", "0", "0", "0", "0", "0", "0", "19", "22", "17", "16", "22", "20", "21", "19", "20", "0", "0", "0", "0", "0", "0", "0", "0", "20", "18", "17", "18", "17", "21", "19", "23", "20", "0", "0", "0", "0", "0", "0", "0", "0", "18", "16", "19", "21", "15", "20", "15", "23", "19", "0", "0", "0", "0", "0", "0", "0", "0", "0", "0", "0", "0", "0", "0", "0", "0", "0", "0", "0", "0", "0", "0", "0", "0", "0", "0", "0", "0", "0", "0", "0", "0", "0", "0", "0", "0", "0", "0", "0", "0", "0", "0", "0", "0", "0", "0", "0", "0", "0", "0", "0", "0", "0", "0", "0", "0", "0", "0", "0", "0", "0", "0", "0", "0", "0", "0", "0", "0", "0", "0", "0", "0", "0", "0", "0", "0", "0", "0", "0", "0", "0", "0", "0", "0", "0", "0", "0", "0", "0", "0", "0", "0", "0", "0", "0", "0", "0", "0", "0", "0", "0", "0", "0", "0", "0", "0", "0", "0", "0", "0", "0", "0", "0", "0", "0", "0", "0", "0", "0", "0", "0", "0", "0", "0", "0", "0", "0", "0", "0", "0", "0", "0", "0", "0", "0", "0", "0", "0", "0", "0", "0", "0", "0", "0"], ["11", "15", "0", "0", "12", "13", "14", "13", "12", "0", "13", "12", "0", "0", "0", "0", "0", "13", "11", "0", "0", "12", "12", "13", "13", "13", "0", "12", "13", "0", "0", "0", "0", "0", "13", "11", "0", "0", "13", "13", "13", "13", "10", "0", "15", "15", "0", "0", "0", "0", "0", "14", "12", "0", "0", "11", "13", "13", "12", "11", "0", "12", "12", "0", "0", "0", "0", "0", "12", "13", "0", "0", "12", "12", "13", "13", "14", "0", "13", "13", "0", "0", "0", "0", "0", "16", "12", "0", "0", "12", "11", "14", "11", "12", "0", "14", "13", "0", "0", "0", "0", "0", "12", "12", "0", "0", "12", "11", "11", "12", "10", "0", "12", "12", "0", "0", "0", "0", "0", "12", "13", "0", "0", "12", "9", "12", "12", "13", "0", "13", "12", "0", "0", "0", "0", "0", "13", "12", "0", "0", "12", "11", "13", "11", "11", "0", "12", "12", "0", "0", "0", "0", "0", "0", "0", "0", "0", "0", "0", "0", "0", "0", "0", "0", "0", "0", "0", "0", "0", "0", "0", "0", "0", "0", "0", "0", "0", "0", "0", "0", "0", "0", "0", "0", "0", "0", "0", "0", "0", "0", "0", "0", "0", "0", "0", "0", "0", "0", "0", "0", "0", "0", "0", "0", "0", "0", "0", "0", "0", "0", "0", "0", "0", "0", "0", "0", "0", "0", "0", "0", "0", "0", "0", "0", "0", "0", "0", "0", "0", "0", "0", "0", "0", "0", "0", "0", "0", "0", "0", "0", "0", "0", "0", "0", "0", "0", "0", "0", "0", "0", "0", "0", "0", "0", "0", "0", "0", "0", "0", "0", "0", "0", "0", "0", "0", "0", "0", "0", "0", "0", "0", "0", "0", "0", "0", "0", "0", "0", "0", "0", "0", "0", "0", "0", "0", "0", "0", "0", "0"]]}