{"state": {"resTurn": "13", "h": "6", "w": "12", "score": [["0", "0", "0", "0", "-1", "0", "0", "-1", "0", "0", "0", "0"], ["0", "0", "0", "1", "1", "1", "1", "1", "1", "0", "0", "0"], ["0", "1", "0", "1", "0", "0", "0", "0", "1", "0", "1", "0"], ["0", "1", "0", "0", "1", "0", "0", "1", "0", "0", "1", "0"], ["0", "0", "0", "0", "1", "1", "1", "1", "0", "0", "0", "0"], ["-1", "1", "0", "0", "1", "-1", "-1", "1", "0", "0", "1", "-1"]], "color": [["1", "1", "1", "1", "1", "1", "0", "1", "0", "2", "2", "2"], ["2", "2", "1", "1", "1", "1", "1", "0", "0", "2", "2", "2"], ["2", "2", "0", "0", "1", "1", "0", "0", "0", "2", "2", "2"], ["2", "2", "2", "0", "1", "1", "0", "1", "1", "2", "0", "2"], ["2", "2", "2", "2", "2", "0", "1", "1", "0", "2", "2", "2"], ["0", "2", "2", "2", "2", "0", "1", "1", "1", "1", "1", "2"]], "pos": [{"x": "7", "y": "4"}, {"x": "7", "y": "0"}, {"x": "1", "y": "2"}, {"x": "10", "y": "4"}]}, "q": "0.0008643945464700228", "z": "1", "visitCount": [["16", "17", "20", "20", "19", "0", "0", "0", "18", "0", "0", "0", "0", "0", "0", "0", "0", "19", "19", "19", "19", "18", "0", "0", "0", "18", "0", "0", "0", "0", "0", "0", "0", "0", "18", "16", "20", "17", "17", "0", "0", "0", "19", "0", "0", "0", "0", "0", "0", "0", "0", "18", "19", "18", "19", "22", "0", "0", "0", "19", "0", "0", "0", "0", "0", "0", "0", "0", "16", "18", "18", "18", "17", "0", "0", "0", "20", "0", "0", "0", "0", "0", "0", "0", "0", "15", "17", "19", "20", "17", "0", "0", "0", "17", "0", "0", "0", "0", "0", "0", "0", "0", "17", "19", "15", "19", "17", "0", "0", "0", "17", "0", "0", "0", "0", "0", "0", "0", "0", "18", "22", "18", "21", "20", "0", "0", "0", "20", "0", "0", "0", "0", "0", "0", "0", "0", "19", "23", "20", "23", "18", "0", "0", "0", "18", "0", "0", "0", "0", "0", "0", "0", "0", "0", "0", "0", "0", "0", "0", "0", "0", "0", "0", "0", "0", "0", "0", "0", "0", "0", "0", "0", "0", "0", "0", "0", "0", "0", "0", "0", "0", "0", "0", "0", "0", "0", "0", "0", "0", "0", "0", "0", "0", "0", "0", "0", "0", "0", "0", "0", "0", "0", "0", "0", "0", "0", "0", "0", "0", "0", "0", "0", "0", "0", "0", "0", "0", "0", "0", "0", "0", "0", "0", "0", "0", "0", "0", "0", "0", "0", "0", "0", "0", "0", "0", "0", "0", "0", "0", "0", "0", "0", "0", "0", "0", "0", "0", "0", "0", "0", "0", "0", "0", "0", "0", "0", "0", "0", "0", "0", "0", "0", "0", "0", "0", "0", "0", "0", "0", "0", "0", "0", "0", "0", "0", "0", "0", "0", "0", "0", "0", "0", "0", "0", "0", "0", "0", "0", "0"], ["12", "12", "0", "0", "11", "12", "14", "11", "11", "0", "13", "12", "0", "0", "0", "0", "0", "14", "14", "0", "0", "11", "13", "14", "12", "15", "0", "14", "12", "0", "0", "0", "0", "0", "13", "13", "0", "0", "11", "10", "14", "13", "13", "0", "11", "15", "0", "0", "0", "0", "0", "14", "10", "0", "0", "11", "13", "13", "11", "12", "0", "12", "13", "0", "0", "0", "0", "0", "12", "13", "0", "0", "13", "12", "12", "10", "13", "0", "10", "13", "0", "0", "0", "0", "0", "13", "12", "0", "0", "12", "13", "11", "11", "12", "0", "13", "11", "0", "0", "0", "0", "0", "12", "12", "0", "0", "10", "12", "10", "13", "13", "0", "12", "13", "0", "0", "0", "0", "0", "0", "0", "0", "0", "0", "0", "0", "0", "0", "0", "0", "0", "0", "0", "0", "0", "0", "13", "13", "0", "0", "14", "11", "14", "13", "12", "0", "13", "12", "0", "0", "0", "0", "0", "0", "0", "0", "0", "0", "0", "0", "0", "0", "0", "0", "0", "0", "0", "0", "0", "0", "0", "0", "0", "0", "0", "0", "0", "0", "0", "0", "0", "0", "0", "0", "0", "0", "0", "0", "0", "0", "0", "0", "0", "0", "0", "0", "0", "0", "0", "0", "0", "0", "0", "0", "0", "0", "0", "0", "0", "0", "0", "0", "0", "0", "0", "0", "0", "0", "0", "0", "0", "0", "0", "0", "0", "0", "0", "0", "0", "0", "0", "0", "0", "0", "0", "0", "0", "0", "0", "0", "0", "0", "0", "0", "0", "0", "0", "0", "0", "0", "0", "0", "0", "0", "0", "13", "12", "0", "0", "13", "13", "12", "12", "12", "0", "12", "14", "0", "0", "0", "0", "0", "0", "0", "0", "0", "0", "0", "0", "0", "0", "0", "0", "0", "0", "0", "0", "0", "0"]]}