{"state": {"resTurn": "12", "h": "6", "w": "12", "score": [["0", "0", "0", "0", "-1", "0", "0", "-1", "0", "0", "0", "0"], ["0", "0", "0", "1", "1", "1", "1", "1", "1", "0", "0", "0"], ["0", "1", "0", "1", "0", "0", "0", "0", "1", "0", "1", "0"], ["0", "1", "0", "0", "1", "0", "0", "1", "0", "0", "1", "0"], ["0", "0", "0", "0", "1", "1", "1", "1", "0", "0", "0", "0"], ["-1", "1", "0", "0", "1", "-1", "-1", "1", "0", "0", "1", "-1"]], "color": [["1", "1", "1", "1", "1", "1", "0", "1", "0", "2", "2", "2"], ["2", "2", "1", "1", "1", "1", "1", "0", "1", "2", "2", "2"], ["2", "2", "0", "0", "1", "1", "0", "0", "0", "2", "2", "2"], ["2", "2", "2", "0", "1", "1", "0", "1", "1", "2", "0", "2"], ["2", "2", "2", "2", "2", "0", "1", "1", "1", "2", "2", "2"], ["0", "2", "2", "2", "2", "0", "1", "1", "1", "1", "1", "2"]], "pos": [{"x": "8", "y": "4"}, {"x": "8", "y": "1"}, {"x": "2", "y": "3"}, {"x": "11", "y": "4"}]}, "q": "0.0004513305204244967", "z": "1", "visitCount": [["13", "0", "13", "12", "12", "11", "12", "0", "0", "11", "0", "0", "0", "0", "0", "14", "14", "12", "0", "13", "11", "12", "12", "12", "0", "0", "12", "0", "0", "0", "0", "0", "11", "11", "11", "0", "12", "14", "12", "12", "12", "0", "0", "13", "0", "0", "0", "0", "0", "12", "13", "13", "0", "12", "13", "14", "12", "12", "0", "0", "13", "0", "0", "0", "0", "0", "12", "12", "13", "0", "12", "12", "15", "12", "12", "0", "0", "11", "0", "0", "0", "0", "0", "12", "12", "13", "0", "12", "12", "14", "15", "12", "0", "0", "14", "0", "0", "0", "0", "0", "14", "12", "11", "0", "11", "13", "13", "13", "12", "0", "0", "12", "0", "0", "0", "0", "0", "15", "11", "0", "0", "0", "0", "0", "0", "0", "0", "0", "0", "0", "0", "0", "0", "0", "0", "0", "0", "0", "0", "0", "0", "0", "0", "0", "0", "0", "0", "0", "0", "0", "0", "0", "0", "0", "0", "0", "0", "0", "0", "0", "0", "0", "0", "0", "0", "0", "0", "0", "0", "0", "0", "0", "0", "0", "0", "0", "0", "0", "0", "0", "0", "0", "0", "0", "0", "0", "0", "0", "0", "0", "0", "0", "0", "0", "0", "0", "0", "0", "0", "0", "0", "0", "0", "0", "0", "0", "0", "0", "0", "0", "0", "0", "0", "0", "0", "0", "0", "0", "0", "0", "0", "0", "0", "0", "0", "0", "0", "0", "0", "0", "0", "0", "0", "0", "0", "0", "0", "0", "0", "0", "0", "0", "0", "0", "0", "0", "0", "0", "0", "0", "0", "0", "0", "0", "0", "12", "0", "10", "12", "12", "13", "13", "0", "0", "13", "0", "0", "0", "0", "0", "14", "12", "13", "0", "14", "10", "14", "10", "11", "0", "0", "11", "0", "0", "0", "0", "0", "13", "11"], ["18", "0", "22", "0", "20", "17", "15", "0", "0", "0", "0", "19", "0", "0", "0", "0", "0", "21", "0", "17", "0", "18", "18", "17", "0", "0", "0", "0", "18", "0", "0", "0", "0", "0", "19", "0", "21", "0", "22", "18", "22", "0", "0", "0", "0", "20", "0", "0", "0", "0", "0", "19", "0", "17", "0", "19", "19", "18", "0", "0", "0", "0", "16", "0", "0", "0", "0", "0", "22", "0", "20", "0", "18", "19", "17", "0", "0", "0", "0", "16", "0", "0", "0", "0", "0", "20", "0", "20", "0", "18", "17", "17", "0", "0", "0", "0", "17", "0", "0", "0", "0", "0", "16", "0", "17", "0", "20", "21", "22", "0", "0", "0", "0", "18", "0", "0", "0", "0", "0", "21", "0", "16", "0", "18", "18", "19", "0", "0", "0", "0", "20", "0", "0", "0", "0", "0", "16", "0", "16", "0", "17", "20", "17", "0", "0", "0", "0", "17", "0", "0", "0", "0", "0", "0", "0", "0", "0", "0", "0", "0", "0", "0", "0", "0", "0", "0", "0", "0", "0", "0", "0", "0", "0", "0", "0", "0", "0", "0", "0", "0", "0", "0", "0", "0", "0", "0", "0", "0", "0", "0", "0", "0", "0", "0", "0", "0", "0", "0", "0", "0", "0", "0", "0", "0", "0", "0", "0", "0", "0", "0", "0", "0", "0", "0", "0", "0", "0", "0", "0", "0", "0", "0", "0", "0", "0", "0", "0", "0", "0", "0", "0", "0", "0", "0", "0", "0", "0", "0", "0", "0", "0", "0", "0", "0", "0", "0", "0", "0", "0", "0", "0", "0", "0", "0", "0", "0", "0", "0", "0", "0", "0", "0", "0", "0", "0", "0", "0", "0", "0", "0", "0", "0", "0", "0", "0", "0", "0", "0", "0", "0", "0", "0", "0", "0", "0", "0", "0", "0", "0"]]}