{"state": {"resTurn": "60", "h": "8", "w": "10", "score": [["2", "5", "3", "6", "1", "1", "6", "3", "5", "2"], ["1", "4", "4", "1", "7", "7", "1", "4", "4", "1"], ["1", "1", "5", "2", "-2", "-2", "2", "5", "1", "1"], ["-4", "5", "2", "-2", "9", "9", "-2", "2", "5", "-4"], ["5", "1", "5", "5", "0", "0", "5", "5", "1", "5"], ["6", "7", "13", "7", "3", "3", "7", "13", "7", "6"], ["2", "1", "3", "-5", "1", "1", "-5", "3", "1", "2"], ["4", "4", "3", "3", "3", "3", "3", "3", "4", "4"]], "color": [["0", "0", "0", "0", "0", "0", "0", "0", "0", "0"], ["0", "0", "0", "0", "0", "0", "0", "0", "0", "0"], ["0", "0", "0", "0", "0", "0", "0", "0", "0", "0"], ["0", "0", "0", "0", "0", "0", "0", "0", "0", "0"], ["0", "0", "1", "0", "0", "0", "0", "2", "0", "0"], ["0", "0", "2", "0", "0", "0", "0", "1", "0", "0"], ["0", "0", "0", "0", "0", "0", "0", "0", "0", "0"], ["0", "0", "0", "0", "0", "0", "0", "0", "0", "0"]], "pos": [{"x": "7", "y": "5"}, {"x": "2", "y": "4"}, {"x": "2", "y": "5"}, {"x": "7", "y": "4"}]}, "q": "0.00253253236841291", "z": "1", "visitCount": [["16", "19", "0", "19", "5", "5", "11", "11", "6", "0", "16", "0", "0", "0", "0", "0", "0", "11", "25", "0", "15", "10", "8", "32", "7", "26", "0", "16", "0", "0", "0", "0", "0", "0", "5", "18", "0", "10", "13", "14", "4", "3", "12", "0", "4", "0", "0", "0", "0", "0", "0", "12", "5", "0", "14", "6", "23", "11", "7", "8", "0", "11", "0", "0", "0", "0", "0", "0", "6", "8", "0", "8", "10", "22", "27", "3", "11", "0", "6", "0", "0", "0", "0", "0", "0", "15", "8", "0", "8", "5", "7", "9", "12", "30", "0", "37", "0", "0", "0", "0", "0", "0", "0", "0", "0", "0", "0", "0", "0", "0", "0", "0", "0", "0", "0", "0", "0", "0", "0", "8", "23", "0", "4", "7", "5", "15", "12", "14", "0", "11", "0", "0", "0", "0", "0", "0", "20", "8", "0", "16", "21", "6", "18", "10", "8", "0", "8", "0", "0", "0", "0", "0", "0", "0", "0", "0", "0", "0", "0", "0", "0", "0", "0", "0", "0", "0", "0", "0", "0", "0", "0", "0", "0", "0", "0", "0", "0", "0", "0", "0", "0", "0", "0", "0", "0", "0", "0", "0", "0", "0", "0", "0", "0", "0", "0", "0", "0", "0", "0", "0", "0", "0", "0", "0", "0", "0", "0", "0", "0", "0", "0", "0", "0", "0", "0", "0", "0", "0", "0", "0", "0", "0", "0", "0", "0", "0", "0", "0", "0", "0", "0", "0", "0", "0", "0", "0", "0", "0", "12", "7", "0", "5", "15", "9", "13", "5", "18", "0", "32", "0", "0", "0", "0", "0", "0", "0", "0", "0", "0", "0", "0", "0", "0", "0", "0", "0", "0", "0", "0", "0", "0", "0", "0", "0", "0", "0", "0", "0", "0", "0", "0", "0", "0", "0", "0", "0", "0", "0", "0"], ["4", "2", "0", "26", "12", "13", "6", "9", "11", "0", "7", "0", "0", "0", "0", "0", "0", "22", "11", "0", "9", "12", "3", "3", "12", "11", "0", "17", "0", "0", "0", "0", "0", "0", "5", "9", "0", "9", "19", "17", "22", "7", "15", "0", "12", "0", "0", "0", "0", "0", "0", "13", "11", "0", "8", "15", "10", "6", "15", "13", "0", "18", "0", "0", "0", "0", "0", "0", "18", "4", "0", "7", "6", "16", "7", "8", "19", "0", "11", "0", "0", "0", "0", "0", "0", "9", "16", "0", "11", "15", "5", "11", "28", "3", "0", "10", "0", "0", "0", "0", "0", "0", "0", "0", "0", "0", "0", "0", "0", "0", "0", "0", "0", "0", "0", "0", "0", "0", "0", "15", "8", "0", "10", "6", "15", "15", "9", "8", "0", "18", "0", "0", "0", "0", "0", "0", "6", "8", "0", "19", "23", "8", "11", "15", "18", "0", "29", "0", "0", "0", "0", "0", "0", "0", "0", "0", "0", "0", "0", "0", "0", "0", "0", "0", "0", "0", "0", "0", "0", "0", "0", "0", "0", "0", "0", "0", "0", "0", "0", "0", "0", "0", "0", "0", "0", "0", "0", "0", "0", "0", "0", "0", "0", "0", "0", "0", "0", "0", "0", "0", "0", "0", "0", "0", "0", "0", "0", "0", "0", "0", "0", "0", "0", "0", "0", "0", "0", "0", "0", "0", "0", "0", "0", "0", "0", "0", "0", "0", "0", "0", "0", "0", "0", "0", "0", "0", "0", "0", "25", "19", "0", "20", "8", "29", "4", "16", "13", "0", "7", "0", "0", "0", "0", "0", "0", "0", "0", "0", "0", "0", "0", "0", "0", "0", "0", "0", "0", "0", "0", "0", "0", "0", "0", "0", "0", "0", "0", "0", "0", "0", "0", "0", "0", "0", "0", "0", "0", "0", "0"]]}