{"state": {"resTurn": "59", "h": "8", "w": "10", "score": [["2", "5", "3", "6", "1", "1", "6", "3", "5", "2"], ["1", "4", "4", "1", "7", "7", "1", "4", "4", "1"], ["1", "1", "5", "2", "-2", "-2", "2", "5", "1", "1"], ["-4", "5", "2", "-2", "9", "9", "-2", "2", "5", "-4"], ["5", "1", "5", "5", "0", "0", "5", "5", "1", "5"], ["6", "7", "13", "7", "3", "3", "7", "13", "7", "6"], ["2", "1", "3", "-5", "1", "1", "-5", "3", "1", "2"], ["4", "4", "3", "3", "3", "3", "3", "3", "4", "4"]], "color": [["0", "0", "0", "0", "0", "0", "0", "0", "0", "0"], ["0", "0", "0", "0", "0", "0", "0", "0", "0", "0"], ["0", "0", "0", "0", "0", "0", "0", "0", "0", "0"], ["0", "0", "0", "0", "0", "0", "0", "0", "0", "0"], ["0", "0", "1", "0", "0", "0", "1", "2", "0", "0"], ["0", "0", "0", "2", "0", "0", "0", "0", "0", "0"], ["0", "0", "0", "0", "0", "0", "0", "0", "0", "0"], ["0", "0", "0", "0", "0", "0", "0", "0", "0", "0"]], "pos": [{"x": "6", "y": "4"}, {"x": "2", "y": "4"}, {"x": "3", "y": "5"}, {"x": "7", "y": "4"}]}, "q": "0.001316516221752098", "z": "1", "visitCount": [["18", "0", "7", "22", "32", "8", "13", "4", "10", "6", "0", "0", "0", "0", "0", "0", "0", "24", "0", "13", "3", "7", "15", "23", "15", "27", "16", "0", "0", "0", "0", "0", "0", "0", "7", "0", "14", "29", "17", "11", "8", "17", "5", "10", "0", "0", "0", "0", "0", "0", "0", "7", "0", "19", "15", "15", "8", "19", "12", "5", "5", "0", "0", "0", "0", "0", "0", "0", "12", "0", "20", "5", "14", "17", "13", "11", "6", "11", "0", "0", "0", "0", "0", "0", "0", "10", "0", "15", "27", "13", "15", "4", "8", "5", "12", "0", "0", "0", "0", "0", "0", "0", "14", "0", "5", "6", "11", "7", "4", "20", "14", "11", "0", "0", "0", "0", "0", "0", "0", "5", "0", "5", "19", "8", "23", "7", "22", "17", "19", "0", "0", "0", "0", "0", "0", "0", "0", "0", "0", "0", "0", "0", "0", "0", "0", "0", "0", "0", "0", "0", "0", "0", "0", "0", "0", "0", "0", "0", "0", "0", "0", "0", "0", "0", "0", "0", "0", "0", "0", "0", "0", "0", "0", "0", "0", "0", "0", "0", "0", "0", "0", "0", "0", "0", "0", "0", "0", "0", "0", "0", "0", "0", "0", "0", "0", "0", "0", "0", "0", "0", "0", "0", "0", "0", "0", "0", "0", "0", "0", "0", "0", "0", "0", "0", "0", "0", "0", "0", "0", "0", "0", "0", "0", "0", "0", "0", "0", "0", "0", "0", "0", "0", "0", "0", "0", "0", "0", "0", "0", "0", "0", "0", "0", "0", "0", "0", "0", "0", "0", "0", "0", "0", "0", "0", "0", "0", "0", "0", "0", "0", "0", "0", "0", "0", "0", "0", "0", "0", "0", "0", "0", "0", "13", "0", "11", "5", "4", "6", "19", "4", "7", "10", "0", "0", "0", "0", "0", "0", "0"], ["14", "8", "18", "10", "0", "20", "19", "25", "11", "0", "0", "0", "8", "0", "0", "0", "0", "44", "8", "15", "4", "0", "7", "8", "12", "7", "0", "0", "0", "11", "0", "0", "0", "0", "17", "10", "19", "4", "0", "17", "6", "5", "8", "0", "0", "0", "5", "0", "0", "0", "0", "13", "16", "9", "21", "0", "4", "34", "9", "8", "0", "0", "0", "13", "0", "0", "0", "0", "13", "5", "15", "7", "0", "10", "16", "8", "22", "0", "0", "0", "6", "0", "0", "0", "0", "0", "0", "0", "0", "0", "0", "0", "0", "0", "0", "0", "0", "0", "0", "0", "0", "0", "21", "15", "11", "16", "0", "3", "9", "10", "8", "0", "0", "0", "5", "0", "0", "0", "0", "17", "8", "11", "10", "0", "6", "16", "8", "15", "0", "0", "0", "9", "0", "0", "0", "0", "13", "5", "15", "12", "0", "15", "22", "6", "18", "0", "0", "0", "9", "0", "0", "0", "0", "0", "0", "0", "0", "0", "0", "0", "0", "0", "0", "0", "0", "0", "0", "0", "0", "0", "0", "0", "0", "0", "0", "0", "0", "0", "0", "0", "0", "0", "0", "0", "0", "0", "0", "0", "0", "0", "0", "0", "0", "0", "0", "0", "0", "0", "0", "0", "0", "0", "0", "0", "0", "0", "0", "0", "0", "0", "0", "0", "0", "0", "0", "0", "0", "0", "0", "0", "0", "16", "12", "17", "14", "0", "10", "10", "17", "17", "0", "0", "0", "5", "0", "0", "0", "0", "0", "0", "0", "0", "0", "0", "0", "0", "0", "0", "0", "0", "0", "0", "0", "0", "0", "0", "0", "0", "0", "0", "0", "0", "0", "0", "0", "0", "0", "0", "0", "0", "0", "0", "0", "0", "0", "0", "0", "0", "0", "0", "0", "0", "0", "0", "0", "0", "0", "0", "0"]]}