{"state": {"resTurn": "50", "h": "8", "w": "10", "score": [["2", "5", "3", "6", "1", "1", "6", "3", "5", "2"], ["1", "4", "4", "1", "7", "7", "1", "4", "4", "1"], ["1", "1", "5", "2", "-2", "-2", "2", "5", "1", "1"], ["-4", "5", "2", "-2", "9", "9", "-2", "2", "5", "-4"], ["5", "1", "5", "5", "0", "0", "5", "5", "1", "5"], ["6", "7", "13", "7", "3", "3", "7", "13", "7", "6"], ["2", "1", "3", "-5", "1", "1", "-5", "3", "1", "2"], ["4", "4", "3", "3", "3", "3", "3", "3", "4", "4"]], "color": [["0", "0", "0", "0", "0", "0", "0", "0", "0", "0"], ["0", "0", "0", "0", "0", "0", "0", "0", "0", "0"], ["0", "0", "0", "0", "0", "0", "0", "0", "0", "0"], ["0", "0", "0", "1", "1", "0", "0", "0", "0", "0"], ["1", "1", "1", "1", "1", "1", "1", "2", "0", "0"], ["1", "0", "1", "0", "0", "0", "2", "2", "0", "0"], ["0", "2", "0", "2", "2", "0", "2", "2", "0", "0"], ["0", "2", "2", "2", "0", "0", "2", "2", "0", "0"]], "pos": [{"x": "3", "y": "4"}, {"x": "4", "y": "3"}, {"x": "1", "y": "6"}, {"x": "6", "y": "7"}]}, "q": "0.001906422894574995", "z": "1", "visitCount": [["12", "12", "12", "4", "7", "8", "9", "9", "3", "0", "0", "0", "0", "0", "0", "0", "0", "6", "10", "27", "24", "13", "9", "10", "13", "5", "0", "0", "0", "0", "0", "0", "0", "0", "28", "7", "16", "5", "15", "15", "19", "9", "16", "0", "0", "0", "0", "0", "0", "0", "0", "7", "9", "20", "7", "30", "10", "12", "5", "7", "0", "0", "0", "0", "0", "0", "0", "0", "11", "10", "11", "18", "34", "7", "5", "4", "11", "0", "0", "0", "0", "0", "0", "0", "0", "17", "17", "11", "13", "6", "15", "10", "19", "16", "0", "0", "0", "0", "0", "0", "0", "0", "11", "21", "9", "7", "11", "11", "7", "12", "15", "0", "0", "0", "0", "0", "0", "0", "0", "6", "10", "16", "13", "13", "11", "22", "14", "6", "0", "0", "0", "0", "0", "0", "0", "0", "16", "15", "6", "12", "12", "18", "13", "12", "16", "0", "0", "0", "0", "0", "0", "0", "0", "0", "0", "0", "0", "0", "0", "0", "0", "0", "0", "0", "0", "0", "0", "0", "0", "0", "0", "0", "0", "0", "0", "0", "0", "0", "0", "0", "0", "0", "0", "0", "0", "0", "0", "0", "0", "0", "0", "0", "0", "0", "0", "0", "0", "0", "0", "0", "0", "0", "0", "0", "0", "0", "0", "0", "0", "0", "0", "0", "0", "0", "0", "0", "0", "0", "0", "0", "0", "0", "0", "0", "0", "0", "0", "0", "0", "0", "0", "0", "0", "0", "0", "0", "0", "0", "0", "0", "0", "0", "0", "0", "0", "0", "0", "0", "0", "0", "0", "0", "0", "0", "0", "0", "0", "0", "0", "0", "0", "0", "0", "0", "0", "0", "0", "0", "0", "0", "0", "0", "0", "0", "0", "0", "0", "0", "0", "0", "0", "0", "0", "0", "0", "0", "0", "0", "0"], ["19", "0", "0", "0", "4", "26", "23", "22", "20", "0", "0", "0", "0", "0", "0", "0", "0", "14", "0", "0", "0", "17", "16", "26", "14", "12", "0", "0", "0", "0", "0", "0", "0", "0", "6", "0", "0", "0", "20", "20", "30", "18", "21", "0", "0", "0", "0", "0", "0", "0", "0", "4", "0", "0", "0", "36", "7", "15", "20", "18", "0", "0", "0", "0", "0", "0", "0", "0", "9", "0", "0", "0", "15", "21", "19", "24", "22", "0", "0", "0", "0", "0", "0", "0", "0", "0", "0", "0", "0", "0", "0", "0", "0", "0", "0", "0", "0", "0", "0", "0", "0", "0", "14", "0", "0", "0", "14", "76", "23", "13", "11", "0", "0", "0", "0", "0", "0", "0", "0", "0", "0", "0", "0", "0", "0", "0", "0", "0", "0", "0", "0", "0", "0", "0", "0", "0", "8", "0", "0", "0", "34", "16", "10", "15", "11", "0", "0", "0", "0", "0", "0", "0", "0", "0", "0", "0", "0", "0", "0", "0", "0", "0", "0", "0", "0", "0", "0", "0", "0", "0", "0", "0", "0", "0", "0", "0", "0", "0", "0", "0", "0", "0", "0", "0", "0", "0", "0", "0", "0", "0", "0", "0", "0", "0", "0", "0", "0", "0", "0", "0", "0", "0", "0", "0", "0", "0", "0", "0", "0", "0", "0", "0", "0", "0", "0", "0", "0", "0", "0", "0", "0", "13", "0", "0", "0", "30", "27", "26", "16", "2", "0", "0", "0", "0", "0", "0", "0", "0", "0", "0", "0", "0", "0", "0", "0", "0", "0", "0", "0", "0", "0", "0", "0", "0", "0", "4", "0", "0", "0", "18", "13", "33", "29", "6", "0", "0", "0", "0", "0", "0", "0", "0", "0", "0", "0", "0", "0", "0", "0", "0", "0", "0", "0", "0", "0", "0", "0", "0", "0"]]}