{"state": {"resTurn": "49", "h": "8", "w": "10", "score": [["2", "5", "3", "6", "1", "1", "6", "3", "5", "2"], ["1", "4", "4", "1", "7", "7", "1", "4", "4", "1"], ["1", "1", "5", "2", "-2", "-2", "2", "5", "1", "1"], ["-4", "5", "2", "-2", "9", "9", "-2", "2", "5", "-4"], ["5", "1", "5", "5", "0", "0", "5", "5", "1", "5"], ["6", "7", "13", "7", "3", "3", "7", "13", "7", "6"], ["2", "1", "3", "-5", "1", "1", "-5", "3", "1", "2"], ["4", "4", "3", "3", "3", "3", "3", "3", "4", "4"]], "color": [["0", "0", "0", "0", "0", "0", "0", "0", "0", "0"], ["0", "0", "0", "0", "0", "0", "0", "0", "0", "0"], ["0", "0", "0", "0", "0", "0", "0", "0", "0", "0"], ["0", "0", "0", "1", "1", "0", "0", "0", "0", "0"], ["1", "1", "1", "1", "1", "1", "1", "2", "0", "0"], ["1", "2", "1", "0", "0", "0", "2", "2", "0", "0"], ["0", "2", "0", "2", "2", "2", "2", "2", "0", "0"], ["0", "2", "2", "2", "0", "0", "2", "2", "0", "0"]], "pos": [{"x": "2", "y": "4"}, {"x": "3", "y": "3"}, {"x": "1", "y": "5"}, {"x": "5", "y": "6"}]}, "q": "0.00250594473329237", "z": "1", "visitCount": [["21", "6", "26", "15", "5", "6", "19", "14", "5", "0", "0", "0", "0", "0", "0", "0", "0", "10", "6", "26", "5", "7", "10", "7", "29", "8", "0", "0", "0", "0", "0", "0", "0", "0", "7", "19", "14", "8", "14", "9", "9", "8", "3", "0", "0", "0", "0", "0", "0", "0", "0", "0", "0", "0", "0", "0", "0", "0", "0", "0", "0", "0", "0", "0", "0", "0", "0", "0", "18", "21", "9", "4", "9", "13", "14", "8", "13", "0", "0", "0", "0", "0", "0", "0", "0", "11", "9", "8", "11", "11", "9", "16", "9", "10", "0", "0", "0", "0", "0", "0", "0", "0", "7", "20", "10", "16", "12", "18", "14", "18", "18", "0", "0", "0", "0", "0", "0", "0", "0", "5", "21", "7", "9", "15", "14", "22", "16", "8", "0", "0", "0", "0", "0", "0", "0", "0", "8", "8", "20", "18", "7", "15", "6", "13", "3", "0", "0", "0", "0", "0", "0", "0", "0", "0", "0", "0", "0", "0", "0", "0", "0", "0", "0", "0", "0", "0", "0", "0", "0", "0", "0", "0", "0", "0", "0", "0", "0", "0", "0", "0", "0", "0", "0", "0", "0", "0", "0", "16", "10", "12", "13", "5", "20", "13", "10", "35", "0", "0", "0", "0", "0", "0", "0", "0", "0", "0", "0", "0", "0", "0", "0", "0", "0", "0", "0", "0", "0", "0", "0", "0", "0", "0", "0", "0", "0", "0", "0", "0", "0", "0", "0", "0", "0", "0", "0", "0", "0", "0", "0", "0", "0", "0", "0", "0", "0", "0", "0", "0", "0", "0", "0", "0", "0", "0", "0", "0", "0", "0", "0", "0", "0", "0", "0", "0", "0", "0", "0", "0", "0", "0", "0", "0", "0", "0", "0", "0", "0", "0", "0", "0", "0", "0", "0", "0", "0", "0", "0", "0", "0"], ["6", "10", "9", "17", "5", "17", "20", "19", "13", "0", "0", "0", "0", "0", "0", "0", "0", "8", "9", "10", "16", "14", "20", "11", "11", "7", "0", "0", "0", "0", "0", "0", "0", "0", "5", "8", "17", "8", "9", "19", "11", "17", "20", "0", "0", "0", "0", "0", "0", "0", "0", "9", "10", "25", "13", "12", "5", "11", "11", "19", "0", "0", "0", "0", "0", "0", "0", "0", "0", "0", "0", "0", "0", "0", "0", "0", "0", "0", "0", "0", "0", "0", "0", "0", "0", "0", "0", "0", "0", "0", "0", "0", "0", "0", "0", "0", "0", "0", "0", "0", "0", "0", "0", "0", "0", "0", "0", "0", "0", "0", "0", "0", "0", "0", "0", "0", "0", "0", "0", "0", "0", "0", "0", "0", "0", "0", "0", "0", "0", "0", "0", "0", "0", "0", "0", "0", "0", "0", "0", "0", "0", "0", "0", "0", "0", "0", "0", "0", "0", "0", "0", "0", "0", "0", "0", "0", "0", "0", "0", "0", "0", "0", "0", "0", "0", "0", "0", "0", "0", "0", "0", "0", "0", "0", "0", "0", "0", "0", "0", "0", "0", "0", "0", "0", "0", "0", "0", "0", "0", "0", "0", "0", "0", "0", "0", "0", "0", "0", "0", "0", "0", "0", "0", "0", "13", "19", "6", "12", "21", "5", "7", "8", "18", "0", "0", "0", "0", "0", "0", "0", "0", "15", "27", "11", "8", "9", "13", "13", "7", "12", "0", "0", "0", "0", "0", "0", "0", "0", "26", "2", "12", "16", "19", "8", "13", "8", "6", "0", "0", "0", "0", "0", "0", "0", "0", "7", "7", "20", "12", "15", "9", "4", "17", "10", "0", "0", "0", "0", "0", "0", "0", "0", "15", "15", "23", "8", "9", "5", "13", "18", "9", "0", "0", "0", "0", "0", "0", "0", "0"]]}