{"state": {"resTurn": "48", "h": "8", "w": "10", "score": [["2", "5", "3", "6", "1", "1", "6", "3", "5", "2"], ["1", "4", "4", "1", "7", "7", "1", "4", "4", "1"], ["1", "1", "5", "2", "-2", "-2", "2", "5", "1", "1"], ["-4", "5", "2", "-2", "9", "9", "-2", "2", "5", "-4"], ["5", "1", "5", "5", "0", "0", "5", "5", "1", "5"], ["6", "7", "13", "7", "3", "3", "7", "13", "7", "6"], ["2", "1", "3", "-5", "1", "1", "-5", "3", "1", "2"], ["4", "4", "3", "3", "3", "3", "3", "3", "4", "4"]], "color": [["0", "0", "0", "0", "0", "0", "0", "0", "0", "0"], ["0", "0", "0", "0", "0", "0", "0", "0", "0", "0"], ["0", "0", "0", "0", "0", "0", "0", "0", "0", "0"], ["0", "0", "0", "1", "1", "0", "0", "0", "0", "0"], ["0", "1", "1", "1", "1", "1", "1", "2", "0", "0"], ["1", "2", "1", "0", "0", "0", "2", "2", "0", "0"], ["0", "2", "0", "2", "2", "2", "2", "2", "0", "0"], ["0", "2", "2", "2", "0", "0", "2", "2", "0", "0"]], "pos": [{"x": "2", "y": "4"}, {"x": "4", "y": "3"}, {"x": "1", "y": "5"}, {"x": "6", "y": "7"}]}, "q": "0.002260693784321163", "z": "1", "visitCount": [["6", "4", "6", "18", "5", "16", "21", "3", "12", "0", "0", "0", "0", "0", "0", "0", "0", "8", "10", "19", "9", "18", "18", "11", "8", "17", "0", "0", "0", "0", "0", "0", "0", "0", "10", "10", "18", "15", "11", "14", "6", "12", "5", "0", "0", "0", "0", "0", "0", "0", "0", "0", "0", "0", "0", "0", "0", "0", "0", "0", "0", "0", "0", "0", "0", "0", "0", "0", "16", "4", "8", "10", "7", "9", "7", "17", "15", "0", "0", "0", "0", "0", "0", "0", "0", "18", "17", "31", "14", "18", "3", "20", "23", "17", "0", "0", "0", "0", "0", "0", "0", "0", "7", "6", "8", "11", "7", "11", "7", "3", "32", "0", "0", "0", "0", "0", "0", "0", "0", "10", "27", "10", "10", "10", "7", "14", "20", "29", "0", "0", "0", "0", "0", "0", "0", "0", "9", "17", "17", "14", "4", "12", "5", "8", "19", "0", "0", "0", "0", "0", "0", "0", "0", "0", "0", "0", "0", "0", "0", "0", "0", "0", "0", "0", "0", "0", "0", "0", "0", "0", "0", "0", "0", "0", "0", "0", "0", "0", "0", "0", "0", "0", "0", "0", "0", "0", "0", "12", "4", "6", "20", "16", "14", "15", "11", "4", "0", "0", "0", "0", "0", "0", "0", "0", "0", "0", "0", "0", "0", "0", "0", "0", "0", "0", "0", "0", "0", "0", "0", "0", "0", "0", "0", "0", "0", "0", "0", "0", "0", "0", "0", "0", "0", "0", "0", "0", "0", "0", "0", "0", "0", "0", "0", "0", "0", "0", "0", "0", "0", "0", "0", "0", "0", "0", "0", "0", "0", "0", "0", "0", "0", "0", "0", "0", "0", "0", "0", "0", "0", "0", "0", "0", "0", "0", "0", "0", "0", "0", "0", "0", "0", "0", "0", "0", "0", "0", "0", "0", "0"], ["10", "0", "0", "0", "10", "17", "22", "5", "16", "0", "0", "0", "0", "0", "0", "0", "0", "46", "0", "0", "0", "11", "21", "8", "11", "16", "0", "0", "0", "0", "0", "0", "0", "0", "13", "0", "0", "0", "17", "9", "34", "35", "5", "0", "0", "0", "0", "0", "0", "0", "0", "11", "0", "0", "0", "19", "5", "15", "20", "17", "0", "0", "0", "0", "0", "0", "0", "0", "0", "0", "0", "0", "0", "0", "0", "0", "0", "0", "0", "0", "0", "0", "0", "0", "0", "9", "0", "0", "0", "11", "13", "17", "13", "6", "0", "0", "0", "0", "0", "0", "0", "0", "0", "0", "0", "0", "0", "0", "0", "0", "0", "0", "0", "0", "0", "0", "0", "0", "0", "0", "0", "0", "0", "0", "0", "0", "0", "0", "0", "0", "0", "0", "0", "0", "0", "0", "0", "0", "0", "0", "0", "0", "0", "0", "0", "0", "0", "0", "0", "0", "0", "0", "0", "0", "0", "0", "0", "0", "0", "0", "0", "0", "0", "0", "0", "0", "0", "0", "0", "0", "0", "0", "0", "0", "0", "0", "0", "0", "0", "0", "0", "0", "0", "0", "0", "0", "0", "0", "0", "0", "0", "0", "0", "0", "0", "0", "0", "0", "0", "0", "0", "0", "0", "0", "14", "0", "0", "0", "18", "31", "42", "44", "25", "0", "0", "0", "0", "0", "0", "0", "0", "0", "0", "0", "0", "0", "0", "0", "0", "0", "0", "0", "0", "0", "0", "0", "0", "0", "38", "0", "0", "0", "7", "23", "12", "8", "11", "0", "0", "0", "0", "0", "0", "0", "0", "8", "0", "0", "0", "67", "51", "14", "24", "13", "0", "0", "0", "0", "0", "0", "0", "0", "10", "0", "0", "0", "10", "10", "27", "20", "11", "0", "0", "0", "0", "0", "0", "0", "0"]]}