{"state": {"resTurn": "47", "h": "8", "w": "10", "score": [["2", "5", "3", "6", "1", "1", "6", "3", "5", "2"], ["1", "4", "4", "1", "7", "7", "1", "4", "4", "1"], ["1", "1", "5", "2", "-2", "-2", "2", "5", "1", "1"], ["-4", "5", "2", "-2", "9", "9", "-2", "2", "5", "-4"], ["5", "1", "5", "5", "0", "0", "5", "5", "1", "5"], ["6", "7", "13", "7", "3", "3", "7", "13", "7", "6"], ["2", "1", "3", "-5", "1", "1", "-5", "3", "1", "2"], ["4", "4", "3", "3", "3", "3", "3", "3", "4", "4"]], "color": [["0", "0", "0", "0", "0", "0", "0", "0", "0", "0"], ["0", "0", "0", "0", "0", "0", "0", "0", "0", "0"], ["0", "0", "0", "0", "0", "0", "0", "0", "0", "0"], ["0", "0", "1", "1", "1", "1", "0", "0", "0", "0"], ["0", "1", "0", "1", "1", "1", "1", "2", "0", "0"], ["1", "2", "1", "0", "0", "0", "2", "2", "0", "0"], ["0", "2", "0", "2", "2", "2", "2", "2", "0", "0"], ["0", "2", "2", "2", "0", "2", "2", "2", "0", "0"]], "pos": [{"x": "2", "y": "3"}, {"x": "5", "y": "3"}, {"x": "1", "y": "5"}, {"x": "5", "y": "7"}]}, "q": "0.001663830166066798", "z": "1", "visitCount": [["12", "17", "6", "9", "5", "12", "5", "19", "9", "0", "0", "0", "0", "0", "0", "0", "0", "10", "5", "10", "10", "17", "15", "20", "22", "11", "0", "0", "0", "0", "0", "0", "0", "0", "12", "5", "14", "9", "10", "8", "7", "13", "20", "0", "0", "0", "0", "0", "0", "0", "0", "28", "14", "11", "6", "16", "8", "8", "10", "9", "0", "0", "0", "0", "0", "0", "0", "0", "9", "9", "8", "25", "10", "13", "7", "9", "6", "0", "0", "0", "0", "0", "0", "0", "0", "10", "25", "3", "15", "12", "13", "22", "15", "18", "0", "0", "0", "0", "0", "0", "0", "0", "20", "9", "7", "13", "32", "10", "6", "9", "14", "0", "0", "0", "0", "0", "0", "0", "0", "11", "10", "20", "9", "6", "8", "13", "9", "15", "0", "0", "0", "0", "0", "0", "0", "0", "5", "11", "17", "19", "13", "13", "25", "16", "10", "0", "0", "0", "0", "0", "0", "0", "0", "0", "0", "0", "0", "0", "0", "0", "0", "0", "0", "0", "0", "0", "0", "0", "0", "0", "0", "0", "0", "0", "0", "0", "0", "0", "0", "0", "0", "0", "0", "0", "0", "0", "0", "0", "0", "0", "0", "0", "0", "0", "0", "0", "0", "0", "0", "0", "0", "0", "0", "0", "0", "0", "0", "0", "0", "0", "0", "0", "0", "0", "0", "0", "0", "0", "0", "0", "0", "0", "0", "0", "0", "0", "0", "0", "0", "0", "0", "0", "0", "0", "0", "0", "0", "0", "0", "0", "0", "0", "0", "0", "0", "0", "0", "0", "0", "0", "0", "0", "0", "0", "0", "0", "0", "0", "0", "0", "0", "0", "0", "0", "0", "0", "0", "0", "0", "0", "0", "0", "0", "0", "0", "0", "0", "0", "0", "0", "0", "0", "0", "0", "0", "0", "0", "0", "0"], ["10", "0", "0", "0", "35", "12", "19", "10", "10", "0", "0", "0", "0", "0", "0", "0", "0", "74", "0", "0", "0", "16", "11", "18", "26", "4", "0", "0", "0", "0", "0", "0", "0", "0", "13", "0", "0", "0", "15", "25", "30", "11", "9", "0", "0", "0", "0", "0", "0", "0", "0", "22", "0", "0", "0", "13", "18", "21", "15", "16", "0", "0", "0", "0", "0", "0", "0", "0", "0", "0", "0", "0", "0", "0", "0", "0", "0", "0", "0", "0", "0", "0", "0", "0", "0", "30", "0", "0", "0", "14", "17", "5", "23", "21", "0", "0", "0", "0", "0", "0", "0", "0", "0", "0", "0", "0", "0", "0", "0", "0", "0", "0", "0", "0", "0", "0", "0", "0", "0", "17", "0", "0", "0", "14", "46", "19", "8", "36", "0", "0", "0", "0", "0", "0", "0", "0", "0", "0", "0", "0", "0", "0", "0", "0", "0", "0", "0", "0", "0", "0", "0", "0", "0", "0", "0", "0", "0", "0", "0", "0", "0", "0", "0", "0", "0", "0", "0", "0", "0", "0", "0", "0", "0", "0", "0", "0", "0", "0", "0", "0", "0", "0", "0", "0", "0", "0", "0", "0", "0", "0", "0", "0", "0", "0", "0", "0", "0", "0", "0", "0", "0", "0", "0", "0", "12", "0", "0", "0", "18", "32", "10", "8", "3", "0", "0", "0", "0", "0", "0", "0", "0", "0", "0", "0", "0", "0", "0", "0", "0", "0", "0", "0", "0", "0", "0", "0", "0", "0", "19", "0", "0", "0", "36", "10", "7", "20", "10", "0", "0", "0", "0", "0", "0", "0", "0", "0", "0", "0", "0", "0", "0", "0", "0", "0", "0", "0", "0", "0", "0", "0", "0", "0", "19", "0", "0", "0", "9", "25", "30", "16", "14", "0", "0", "0", "0", "0", "0", "0", "0"]]}