{"state": {"resTurn": "46", "h": "8", "w": "10", "score": [["2", "5", "3", "6", "1", "1", "6", "3", "5", "2"], ["1", "4", "4", "1", "7", "7", "1", "4", "4", "1"], ["1", "1", "5", "2", "-2", "-2", "2", "5", "1", "1"], ["-4", "5", "2", "-2", "9", "9", "-2", "2", "5", "-4"], ["5", "1", "5", "5", "0", "0", "5", "5", "1", "5"], ["6", "7", "13", "7", "3", "3", "7", "13", "7", "6"], ["2", "1", "3", "-5", "1", "1", "-5", "3", "1", "2"], ["4", "4", "3", "3", "3", "3", "3", "3", "4", "4"]], "color": [["0", "0", "0", "0", "0", "0", "0", "0", "0", "0"], ["0", "0", "0", "0", "0", "0", "0", "0", "0", "0"], ["0", "0", "1", "0", "0", "0", "0", "0", "0", "0"], ["0", "0", "1", "1", "1", "1", "0", "0", "0", "0"], ["0", "1", "0", "1", "1", "1", "1", "2", "0", "0"], ["1", "2", "1", "0", "0", "0", "2", "2", "0", "0"], ["0", "2", "2", "2", "2", "2", "2", "2", "0", "0"], ["0", "2", "2", "2", "0", "2", "2", "2", "0", "0"]], "pos": [{"x": "2", "y": "2"}, {"x": "4", "y": "3"}, {"x": "2", "y": "6"}, {"x": "5", "y": "7"}]}, "q": "0.0011711231229801", "z": "1", "visitCount": [["5", "22", "8", "8", "14", "9", "10", "28", "25", "0", "0", "0", "0", "0", "0", "0", "0", "8", "9", "3", "8", "11", "12", "18", "8", "5", "0", "0", "0", "0", "0", "0", "0", "0", "5", "10", "15", "5", "10", "8", "16", "6", "16", "0", "0", "0", "0", "0", "0", "0", "0", "13", "7", "12", "4", "13", "7", "13", "11", "24", "0", "0", "0", "0", "0", "0", "0", "0", "16", "9", "7", "5", "24", "14", "6", "17", "11", "0", "0", "0", "0", "0", "0", "0", "0", "17", "6", "17", "15", "6", "20", "13", "8", "15", "0", "0", "0", "0", "0", "0", "0", "0", "14", "6", "16", "7", "25", "9", "26", "16", "17", "0", "0", "0", "0", "0", "0", "0", "0", "12", "12", "18", "7", "10", "5", "3", "3", "20", "0", "0", "0", "0", "0", "0", "0", "0", "27", "10", "19", "19", "16", "28", "10", "6", "8", "0", "0", "0", "0", "0", "0", "0", "0", "0", "0", "0", "0", "0", "0", "0", "0", "0", "0", "0", "0", "0", "0", "0", "0", "0", "0", "0", "0", "0", "0", "0", "0", "0", "0", "0", "0", "0", "0", "0", "0", "0", "0", "0", "0", "0", "0", "0", "0", "0", "0", "0", "0", "0", "0", "0", "0", "0", "0", "0", "0", "0", "0", "0", "0", "0", "0", "0", "0", "0", "0", "0", "0", "0", "0", "0", "0", "0", "0", "0", "0", "0", "0", "0", "0", "0", "0", "0", "0", "0", "0", "0", "0", "0", "0", "0", "0", "0", "0", "0", "0", "0", "0", "0", "0", "0", "0", "0", "0", "0", "0", "0", "0", "0", "0", "0", "0", "0", "0", "0", "0", "0", "0", "0", "0", "0", "0", "0", "0", "0", "0", "0", "0", "0", "0", "0", "0", "0", "0", "0", "0", "0", "0", "0", "0"], ["9", "0", "0", "0", "23", "34", "8", "12", "15", "0", "0", "0", "0", "0", "0", "0", "0", "29", "0", "0", "0", "33", "6", "12", "9", "20", "0", "0", "0", "0", "0", "0", "0", "0", "19", "0", "0", "0", "37", "16", "10", "19", "11", "0", "0", "0", "0", "0", "0", "0", "0", "11", "0", "0", "0", "9", "9", "10", "9", "19", "0", "0", "0", "0", "0", "0", "0", "0", "15", "0", "0", "0", "3", "17", "36", "33", "28", "0", "0", "0", "0", "0", "0", "0", "0", "110", "0", "0", "0", "5", "30", "6", "11", "29", "0", "0", "0", "0", "0", "0", "0", "0", "0", "0", "0", "0", "0", "0", "0", "0", "0", "0", "0", "0", "0", "0", "0", "0", "0", "8", "0", "0", "0", "16", "8", "11", "21", "9", "0", "0", "0", "0", "0", "0", "0", "0", "40", "0", "0", "0", "25", "10", "5", "11", "9", "0", "0", "0", "0", "0", "0", "0", "0", "0", "0", "0", "0", "0", "0", "0", "0", "0", "0", "0", "0", "0", "0", "0", "0", "0", "0", "0", "0", "0", "0", "0", "0", "0", "0", "0", "0", "0", "0", "0", "0", "0", "0", "0", "0", "0", "0", "0", "0", "0", "0", "0", "0", "0", "0", "0", "0", "0", "0", "0", "0", "0", "0", "0", "0", "0", "0", "0", "0", "0", "0", "0", "0", "0", "0", "0", "0", "0", "0", "0", "0", "0", "0", "0", "0", "0", "0", "0", "0", "0", "0", "0", "0", "0", "3", "0", "0", "0", "8", "21", "15", "19", "50", "0", "0", "0", "0", "0", "0", "0", "0", "0", "0", "0", "0", "0", "0", "0", "0", "0", "0", "0", "0", "0", "0", "0", "0", "0", "0", "0", "0", "0", "0", "0", "0", "0", "0", "0", "0", "0", "0", "0", "0", "0", "0"]]}