{"state": {"resTurn": "45", "h": "8", "w": "10", "score": [["2", "5", "3", "6", "1", "1", "6", "3", "5", "2"], ["1", "4", "4", "1", "7", "7", "1", "4", "4", "1"], ["1", "1", "5", "2", "-2", "-2", "2", "5", "1", "1"], ["-4", "5", "2", "-2", "9", "9", "-2", "2", "5", "-4"], ["5", "1", "5", "5", "0", "0", "5", "5", "1", "5"], ["6", "7", "13", "7", "3", "3", "7", "13", "7", "6"], ["2", "1", "3", "-5", "1", "1", "-5", "3", "1", "2"], ["4", "4", "3", "3", "3", "3", "3", "3", "4", "4"]], "color": [["0", "0", "0", "0", "0", "0", "0", "0", "0", "0"], ["0", "0", "0", "0", "0", "0", "0", "0", "0", "0"], ["0", "0", "1", "0", "0", "1", "0", "0", "0", "0"], ["0", "0", "1", "1", "1", "1", "0", "0", "0", "0"], ["0", "1", "0", "1", "1", "1", "1", "2", "0", "0"], ["1", "2", "1", "0", "0", "0", "2", "2", "0", "0"], ["0", "2", "2", "2", "2", "2", "2", "2", "0", "0"], ["0", "2", "2", "2", "0", "2", "2", "2", "0", "0"]], "pos": [{"x": "2", "y": "2"}, {"x": "5", "y": "2"}, {"x": "1", "y": "5"}, {"x": "5", "y": "7"}]}, "q": "0.001949749840244478", "z": "1", "visitCount": [["5", "3", "12", "9", "16", "19", "30", "10", "32", "0", "0", "0", "0", "0", "0", "0", "0", "9", "25", "8", "8", "10", "18", "7", "22", "7", "0", "0", "0", "0", "0", "0", "0", "0", "6", "6", "8", "11", "21", "14", "14", "12", "12", "0", "0", "0", "0", "0", "0", "0", "0", "4", "13", "16", "10", "25", "22", "8", "14", "11", "0", "0", "0", "0", "0", "0", "0", "0", "5", "14", "5", "8", "8", "7", "7", "12", "10", "0", "0", "0", "0", "0", "0", "0", "0", "8", "12", "19", "12", "6", "10", "6", "10", "8", "0", "0", "0", "0", "0", "0", "0", "0", "22", "5", "6", "7", "18", "11", "10", "19", "16", "0", "0", "0", "0", "0", "0", "0", "0", "7", "19", "25", "15", "10", "24", "31", "7", "7", "0", "0", "0", "0", "0", "0", "0", "0", "4", "10", "18", "3", "9", "34", "10", "6", "5", "0", "0", "0", "0", "0", "0", "0", "0", "0", "0", "0", "0", "0", "0", "0", "0", "0", "0", "0", "0", "0", "0", "0", "0", "0", "0", "0", "0", "0", "0", "0", "0", "0", "0", "0", "0", "0", "0", "0", "0", "0", "0", "0", "0", "0", "0", "0", "0", "0", "0", "0", "0", "0", "0", "0", "0", "0", "0", "0", "0", "0", "0", "0", "0", "0", "0", "0", "0", "0", "0", "0", "0", "0", "0", "0", "0", "0", "0", "0", "0", "0", "0", "0", "0", "0", "0", "0", "0", "0", "0", "0", "0", "0", "0", "0", "0", "0", "0", "0", "0", "0", "0", "0", "0", "0", "0", "0", "0", "0", "0", "0", "0", "0", "0", "0", "0", "0", "0", "0", "0", "0", "0", "0", "0", "0", "0", "0", "0", "0", "0", "0", "0", "0", "0", "0", "0", "0", "0", "0", "0", "0", "0", "0", "0"], ["5", "0", "0", "0", "3", "32", "14", "18", "13", "0", "0", "0", "0", "0", "0", "0", "0", "8", "0", "0", "0", "6", "23", "26", "30", "25", "0", "0", "0", "0", "0", "0", "0", "0", "8", "0", "0", "0", "36", "6", "9", "42", "10", "0", "0", "0", "0", "0", "0", "0", "0", "13", "0", "0", "0", "27", "5", "27", "14", "23", "0", "0", "0", "0", "0", "0", "0", "0", "0", "0", "0", "0", "0", "0", "0", "0", "0", "0", "0", "0", "0", "0", "0", "0", "0", "17", "0", "0", "0", "20", "36", "12", "35", "11", "0", "0", "0", "0", "0", "0", "0", "0", "0", "0", "0", "0", "0", "0", "0", "0", "0", "0", "0", "0", "0", "0", "0", "0", "0", "15", "0", "0", "0", "20", "21", "14", "6", "3", "0", "0", "0", "0", "0", "0", "0", "0", "0", "0", "0", "0", "0", "0", "0", "0", "0", "0", "0", "0", "0", "0", "0", "0", "0", "0", "0", "0", "0", "0", "0", "0", "0", "0", "0", "0", "0", "0", "0", "0", "0", "0", "0", "0", "0", "0", "0", "0", "0", "0", "0", "0", "0", "0", "0", "0", "0", "0", "0", "0", "0", "0", "0", "0", "0", "0", "0", "0", "0", "0", "0", "0", "0", "0", "0", "0", "9", "0", "0", "0", "33", "11", "31", "14", "7", "0", "0", "0", "0", "0", "0", "0", "0", "0", "0", "0", "0", "0", "0", "0", "0", "0", "0", "0", "0", "0", "0", "0", "0", "0", "18", "0", "0", "0", "12", "22", "3", "34", "31", "0", "0", "0", "0", "0", "0", "0", "0", "0", "0", "0", "0", "0", "0", "0", "0", "0", "0", "0", "0", "0", "0", "0", "0", "0", "24", "0", "0", "0", "26", "54", "22", "6", "12", "0", "0", "0", "0", "0", "0", "0", "0"]]}