{"state": {"resTurn": "44", "h": "8", "w": "10", "score": [["2", "5", "3", "6", "1", "1", "6", "3", "5", "2"], ["1", "4", "4", "1", "7", "7", "1", "4", "4", "1"], ["1", "1", "5", "2", "-2", "-2", "2", "5", "1", "1"], ["-4", "5", "2", "-2", "9", "9", "-2", "2", "5", "-4"], ["5", "1", "5", "5", "0", "0", "5", "5", "1", "5"], ["6", "7", "13", "7", "3", "3", "7", "13", "7", "6"], ["2", "1", "3", "-5", "1", "1", "-5", "3", "1", "2"], ["4", "4", "3", "3", "3", "3", "3", "3", "4", "4"]], "color": [["0", "0", "0", "0", "0", "0", "0", "0", "0", "0"], ["0", "0", "0", "0", "1", "0", "0", "0", "0", "0"], ["0", "0", "1", "1", "0", "1", "0", "0", "0", "0"], ["0", "0", "1", "1", "1", "1", "0", "0", "0", "0"], ["0", "1", "0", "1", "1", "1", "1", "2", "0", "0"], ["1", "2", "0", "0", "0", "0", "2", "2", "0", "0"], ["0", "2", "2", "2", "2", "2", "2", "2", "0", "0"], ["0", "2", "2", "2", "0", "2", "2", "2", "0", "0"]], "pos": [{"x": "3", "y": "2"}, {"x": "4", "y": "1"}, {"x": "1", "y": "5"}, {"x": "4", "y": "6"}]}, "q": "0.001598649670963495", "z": "1", "visitCount": [["24", "5", "17", "15", "6", "7", "5", "8", "6", "0", "0", "0", "0", "0", "0", "0", "0", "7", "2", "16", "25", "12", "8", "12", "20", "11", "0", "0", "0", "0", "0", "0", "0", "0", "20", "8", "7", "12", "5", "16", "16", "7", "11", "0", "0", "0", "0", "0", "0", "0", "0", "9", "4", "11", "27", "14", "14", "11", "8", "18", "0", "0", "0", "0", "0", "0", "0", "0", "14", "10", "9", "13", "11", "5", "4", "6", "22", "0", "0", "0", "0", "0", "0", "0", "0", "22", "6", "10", "23", "4", "18", "15", "11", "12", "0", "0", "0", "0", "0", "0", "0", "0", "18", "14", "24", "35", "14", "4", "27", "9", "6", "0", "0", "0", "0", "0", "0", "0", "0", "7", "15", "10", "10", "10", "7", "17", "11", "10", "0", "0", "0", "0", "0", "0", "0", "0", "6", "18", "34", "6", "9", "21", "8", "5", "6", "0", "0", "0", "0", "0", "0", "0", "0", "0", "0", "0", "0", "0", "0", "0", "0", "0", "0", "0", "0", "0", "0", "0", "0", "0", "0", "0", "0", "0", "0", "0", "0", "0", "0", "0", "0", "0", "0", "0", "0", "0", "0", "0", "0", "0", "0", "0", "0", "0", "0", "0", "0", "0", "0", "0", "0", "0", "0", "0", "0", "0", "0", "0", "0", "0", "0", "0", "0", "0", "0", "0", "0", "0", "0", "0", "0", "0", "0", "0", "0", "0", "0", "0", "0", "0", "0", "0", "0", "0", "0", "0", "0", "0", "0", "0", "0", "0", "0", "0", "0", "0", "0", "0", "0", "0", "0", "0", "0", "0", "0", "0", "0", "0", "0", "0", "0", "0", "0", "0", "0", "0", "0", "0", "0", "0", "0", "0", "0", "0", "0", "0", "0", "0", "0", "0", "0", "0", "0", "0", "0", "0", "0", "0", "0"], ["10", "13", "37", "15", "8", "15", "6", "9", "20", "0", "0", "0", "0", "0", "0", "0", "0", "21", "11", "5", "9", "5", "7", "8", "12", "11", "0", "0", "0", "0", "0", "0", "0", "0", "20", "26", "21", "10", "6", "6", "6", "10", "10", "0", "0", "0", "0", "0", "0", "0", "0", "17", "8", "49", "14", "20", "6", "17", "9", "13", "0", "0", "0", "0", "0", "0", "0", "0", "0", "0", "0", "0", "0", "0", "0", "0", "0", "0", "0", "0", "0", "0", "0", "0", "0", "16", "4", "14", "9", "7", "13", "2", "8", "12", "0", "0", "0", "0", "0", "0", "0", "0", "0", "0", "0", "0", "0", "0", "0", "0", "0", "0", "0", "0", "0", "0", "0", "0", "0", "15", "9", "15", "12", "12", "9", "12", "8", "12", "0", "0", "0", "0", "0", "0", "0", "0", "25", "9", "6", "4", "8", "8", "11", "2", "16", "0", "0", "0", "0", "0", "0", "0", "0", "0", "0", "0", "0", "0", "0", "0", "0", "0", "0", "0", "0", "0", "0", "0", "0", "0", "0", "0", "0", "0", "0", "0", "0", "0", "0", "0", "0", "0", "0", "0", "0", "0", "0", "0", "0", "0", "0", "0", "0", "0", "0", "0", "0", "0", "0", "0", "0", "0", "0", "0", "3", "25", "13", "10", "23", "6", "10", "12", "16", "0", "0", "0", "0", "0", "0", "0", "0", "0", "0", "0", "0", "0", "0", "0", "0", "0", "0", "0", "0", "0", "0", "0", "0", "0", "20", "16", "6", "10", "14", "21", "16", "7", "4", "0", "0", "0", "0", "0", "0", "0", "0", "0", "0", "0", "0", "0", "0", "0", "0", "0", "0", "0", "0", "0", "0", "0", "0", "0", "0", "0", "0", "0", "0", "0", "0", "0", "0", "0", "0", "0", "0", "0", "0", "0", "0"]]}