{"state": {"resTurn": "43", "h": "8", "w": "10", "score": [["2", "5", "3", "6", "1", "1", "6", "3", "5", "2"], ["1", "4", "4", "1", "7", "7", "1", "4", "4", "1"], ["1", "1", "5", "2", "-2", "-2", "2", "5", "1", "1"], ["-4", "5", "2", "-2", "9", "9", "-2", "2", "5", "-4"], ["5", "1", "5", "5", "0", "0", "5", "5", "1", "5"], ["6", "7", "13", "7", "3", "3", "7", "13", "7", "6"], ["2", "1", "3", "-5", "1", "1", "-5", "3", "1", "2"], ["4", "4", "3", "3", "3", "3", "3", "3", "4", "4"]], "color": [["0", "0", "0", "0", "0", "0", "0", "0", "0", "0"], ["0", "0", "0", "1", "1", "0", "0", "0", "0", "0"], ["0", "0", "1", "1", "0", "1", "0", "0", "0", "0"], ["0", "0", "1", "1", "1", "1", "0", "0", "0", "0"], ["0", "1", "0", "1", "1", "1", "1", "2", "0", "0"], ["1", "2", "0", "0", "0", "0", "2", "2", "0", "0"], ["2", "2", "2", "2", "2", "2", "2", "2", "0", "0"], ["0", "2", "2", "2", "2", "2", "2", "2", "0", "0"]], "pos": [{"x": "3", "y": "1"}, {"x": "3", "y": "2"}, {"x": "0", "y": "6"}, {"x": "4", "y": "7"}]}, "q": "0.001330460284827191", "z": "1", "visitCount": [["28", "2", "17", "14", "14", "4", "6", "8", "16", "0", "0", "0", "0", "0", "0", "0", "0", "11", "10", "4", "28", "17", "7", "5", "17", "11", "0", "0", "0", "0", "0", "0", "0", "0", "17", "18", "12", "13", "18", "12", "6", "14", "6", "0", "0", "0", "0", "0", "0", "0", "0", "15", "15", "25", "8", "22", "16", "8", "12", "8", "0", "0", "0", "0", "0", "0", "0", "0", "4", "14", "33", "22", "11", "18", "8", "7", "7", "0", "0", "0", "0", "0", "0", "0", "0", "10", "15", "19", "6", "16", "10", "7", "11", "12", "0", "0", "0", "0", "0", "0", "0", "0", "16", "5", "24", "7", "11", "11", "5", "4", "6", "0", "0", "0", "0", "0", "0", "0", "0", "8", "11", "8", "13", "13", "20", "9", "16", "6", "0", "0", "0", "0", "0", "0", "0", "0", "13", "4", "8", "6", "22", "13", "20", "10", "17", "0", "0", "0", "0", "0", "0", "0", "0", "0", "0", "0", "0", "0", "0", "0", "0", "0", "0", "0", "0", "0", "0", "0", "0", "0", "0", "0", "0", "0", "0", "0", "0", "0", "0", "0", "0", "0", "0", "0", "0", "0", "0", "0", "0", "0", "0", "0", "0", "0", "0", "0", "0", "0", "0", "0", "0", "0", "0", "0", "0", "0", "0", "0", "0", "0", "0", "0", "0", "0", "0", "0", "0", "0", "0", "0", "0", "0", "0", "0", "0", "0", "0", "0", "0", "0", "0", "0", "0", "0", "0", "0", "0", "0", "0", "0", "0", "0", "0", "0", "0", "0", "0", "0", "0", "0", "0", "0", "0", "0", "0", "0", "0", "0", "0", "0", "0", "0", "0", "0", "0", "0", "0", "0", "0", "0", "0", "0", "0", "0", "0", "0", "0", "0", "0", "0", "0", "0", "0", "0", "0", "0", "0", "0", "0"], ["88", "0", "0", "0", "46", "4", "21", "10", "7", "0", "0", "0", "0", "0", "0", "0", "0", "17", "0", "0", "0", "23", "28", "7", "35", "10", "0", "0", "0", "0", "0", "0", "0", "0", "30", "0", "0", "0", "14", "23", "55", "13", "11", "0", "0", "0", "0", "0", "0", "0", "0", "0", "0", "0", "0", "0", "0", "0", "0", "0", "0", "0", "0", "0", "0", "0", "0", "0", "0", "0", "0", "0", "0", "0", "0", "0", "0", "0", "0", "0", "0", "0", "0", "0", "0", "0", "0", "0", "0", "0", "0", "0", "0", "0", "0", "0", "0", "0", "0", "0", "0", "0", "0", "0", "0", "0", "0", "0", "0", "0", "0", "0", "0", "0", "0", "0", "0", "0", "0", "33", "0", "0", "0", "43", "22", "37", "46", "59", "0", "0", "0", "0", "0", "0", "0", "0", "6", "0", "0", "0", "42", "17", "15", "8", "63", "0", "0", "0", "0", "0", "0", "0", "0", "0", "0", "0", "0", "0", "0", "0", "0", "0", "0", "0", "0", "0", "0", "0", "0", "0", "0", "0", "0", "0", "0", "0", "0", "0", "0", "0", "0", "0", "0", "0", "0", "0", "0", "0", "0", "0", "0", "0", "0", "0", "0", "0", "0", "0", "0", "0", "0", "0", "0", "0", "0", "0", "0", "0", "0", "0", "0", "0", "0", "0", "0", "0", "0", "0", "0", "0", "0", "0", "0", "0", "0", "0", "0", "0", "0", "0", "0", "0", "0", "0", "0", "0", "0", "0", "36", "0", "0", "0", "20", "41", "40", "15", "15", "0", "0", "0", "0", "0", "0", "0", "0", "0", "0", "0", "0", "0", "0", "0", "0", "0", "0", "0", "0", "0", "0", "0", "0", "0", "0", "0", "0", "0", "0", "0", "0", "0", "0", "0", "0", "0", "0", "0", "0", "0", "0"]]}