{"state": {"resTurn": "42", "h": "8", "w": "10", "score": [["2", "5", "3", "6", "1", "1", "6", "3", "5", "2"], ["1", "4", "4", "1", "7", "7", "1", "4", "4", "1"], ["1", "1", "5", "2", "-2", "-2", "2", "5", "1", "1"], ["-4", "5", "2", "-2", "9", "9", "-2", "2", "5", "-4"], ["5", "1", "5", "5", "0", "0", "5", "5", "1", "5"], ["6", "7", "13", "7", "3", "3", "7", "13", "7", "6"], ["2", "1", "3", "-5", "1", "1", "-5", "3", "1", "2"], ["4", "4", "3", "3", "3", "3", "3", "3", "4", "4"]], "color": [["0", "0", "0", "0", "0", "0", "0", "0", "0", "0"], ["0", "0", "1", "1", "1", "0", "0", "0", "0", "0"], ["0", "0", "1", "1", "0", "1", "0", "0", "0", "0"], ["0", "0", "1", "1", "1", "1", "0", "0", "0", "0"], ["0", "1", "0", "1", "1", "1", "1", "2", "0", "0"], ["1", "2", "0", "0", "0", "0", "2", "2", "0", "0"], ["2", "2", "2", "2", "2", "2", "2", "2", "0", "0"], ["0", "2", "2", "2", "2", "2", "2", "2", "0", "0"]], "pos": [{"x": "2", "y": "1"}, {"x": "3", "y": "3"}, {"x": "0", "y": "6"}, {"x": "4", "y": "7"}]}, "q": "0.00151768456408641", "z": "1", "visitCount": [["26", "10", "18", "11", "24", "16", "10", "9", "21", "0", "0", "0", "0", "0", "0", "0", "0", "17", "9", "5", "4", "14", "19", "8", "14", "11", "0", "0", "0", "0", "0", "0", "0", "0", "12", "13", "7", "14", "13", "5", "12", "8", "3", "0", "0", "0", "0", "0", "0", "0", "0", "6", "9", "16", "11", "15", "11", "16", "26", "5", "0", "0", "0", "0", "0", "0", "0", "0", "32", "11", "17", "9", "18", "13", "6", "11", "10", "0", "0", "0", "0", "0", "0", "0", "0", "20", "10", "10", "11", "5", "7", "9", "9", "19", "0", "0", "0", "0", "0", "0", "0", "0", "17", "17", "9", "22", "12", "14", "11", "3", "6", "0", "0", "0", "0", "0", "0", "0", "0", "10", "12", "15", "26", "5", "7", "6", "7", "19", "0", "0", "0", "0", "0", "0", "0", "0", "11", "3", "17", "17", "18", "10", "10", "8", "14", "0", "0", "0", "0", "0", "0", "0", "0", "0", "0", "0", "0", "0", "0", "0", "0", "0", "0", "0", "0", "0", "0", "0", "0", "0", "0", "0", "0", "0", "0", "0", "0", "0", "0", "0", "0", "0", "0", "0", "0", "0", "0", "0", "0", "0", "0", "0", "0", "0", "0", "0", "0", "0", "0", "0", "0", "0", "0", "0", "0", "0", "0", "0", "0", "0", "0", "0", "0", "0", "0", "0", "0", "0", "0", "0", "0", "0", "0", "0", "0", "0", "0", "0", "0", "0", "0", "0", "0", "0", "0", "0", "0", "0", "0", "0", "0", "0", "0", "0", "0", "0", "0", "0", "0", "0", "0", "0", "0", "0", "0", "0", "0", "0", "0", "0", "0", "0", "0", "0", "0", "0", "0", "0", "0", "0", "0", "0", "0", "0", "0", "0", "0", "0", "0", "0", "0", "0", "0", "0", "0", "0", "0", "0", "0"], ["29", "0", "0", "0", "24", "17", "16", "101", "24", "0", "0", "0", "0", "0", "0", "0", "0", "29", "0", "0", "0", "14", "32", "9", "16", "11", "0", "0", "0", "0", "0", "0", "0", "0", "42", "0", "0", "0", "18", "74", "53", "15", "21", "0", "0", "0", "0", "0", "0", "0", "0", "0", "0", "0", "0", "0", "0", "0", "0", "0", "0", "0", "0", "0", "0", "0", "0", "0", "0", "0", "0", "0", "0", "0", "0", "0", "0", "0", "0", "0", "0", "0", "0", "0", "0", "0", "0", "0", "0", "0", "0", "0", "0", "0", "0", "0", "0", "0", "0", "0", "0", "0", "0", "0", "0", "0", "0", "0", "0", "0", "0", "0", "0", "0", "0", "0", "0", "0", "0", "15", "0", "0", "0", "13", "20", "20", "56", "12", "0", "0", "0", "0", "0", "0", "0", "0", "55", "0", "0", "0", "10", "22", "7", "34", "26", "0", "0", "0", "0", "0", "0", "0", "0", "0", "0", "0", "0", "0", "0", "0", "0", "0", "0", "0", "0", "0", "0", "0", "0", "0", "0", "0", "0", "0", "0", "0", "0", "0", "0", "0", "0", "0", "0", "0", "0", "0", "0", "0", "0", "0", "0", "0", "0", "0", "0", "0", "0", "0", "0", "0", "0", "0", "0", "0", "0", "0", "0", "0", "0", "0", "0", "0", "0", "0", "0", "0", "0", "0", "0", "0", "0", "0", "0", "0", "0", "0", "0", "0", "0", "0", "0", "0", "0", "0", "0", "0", "0", "0", "36", "0", "0", "0", "9", "56", "9", "38", "18", "0", "0", "0", "0", "0", "0", "0", "0", "0", "0", "0", "0", "0", "0", "0", "0", "0", "0", "0", "0", "0", "0", "0", "0", "0", "0", "0", "0", "0", "0", "0", "0", "0", "0", "0", "0", "0", "0", "0", "0", "0", "0"]]}