{"state": {"resTurn": "41", "h": "8", "w": "10", "score": [["2", "5", "3", "6", "1", "1", "6", "3", "5", "2"], ["1", "4", "4", "1", "7", "7", "1", "4", "4", "1"], ["1", "1", "5", "2", "-2", "-2", "2", "5", "1", "1"], ["-4", "5", "2", "-2", "9", "9", "-2", "2", "5", "-4"], ["5", "1", "5", "5", "0", "0", "5", "5", "1", "5"], ["6", "7", "13", "7", "3", "3", "7", "13", "7", "6"], ["2", "1", "3", "-5", "1", "1", "-5", "3", "1", "2"], ["4", "4", "3", "3", "3", "3", "3", "3", "4", "4"]], "color": [["0", "0", "0", "0", "0", "0", "0", "0", "0", "0"], ["0", "1", "1", "1", "1", "0", "0", "0", "0", "0"], ["0", "0", "1", "1", "0", "1", "0", "0", "0", "0"], ["0", "0", "1", "1", "1", "1", "0", "0", "0", "0"], ["0", "1", "0", "1", "1", "1", "1", "2", "0", "0"], ["1", "2", "0", "0", "0", "0", "2", "2", "0", "0"], ["2", "2", "2", "2", "2", "2", "2", "2", "0", "0"], ["0", "2", "2", "2", "2", "2", "2", "2", "0", "0"]], "pos": [{"x": "1", "y": "1"}, {"x": "3", "y": "3"}, {"x": "0", "y": "6"}, {"x": "5", "y": "6"}]}, "q": "0.001669953502738904", "z": "1", "visitCount": [["13", "10", "8", "11", "29", "17", "5", "6", "25", "0", "0", "0", "0", "0", "0", "0", "0", "18", "6", "11", "14", "7", "10", "9", "15", "8", "0", "0", "0", "0", "0", "0", "0", "0", "12", "5", "17", "11", "12", "10", "11", "19", "8", "0", "0", "0", "0", "0", "0", "0", "0", "11", "3", "7", "10", "13", "8", "45", "18", "21", "0", "0", "0", "0", "0", "0", "0", "0", "19", "4", "10", "8", "16", "19", "2", "16", "19", "0", "0", "0", "0", "0", "0", "0", "0", "10", "13", "13", "6", "9", "10", "12", "7", "7", "0", "0", "0", "0", "0", "0", "0", "0", "12", "11", "37", "9", "15", "14", "10", "6", "8", "0", "0", "0", "0", "0", "0", "0", "0", "11", "10", "6", "13", "16", "28", "11", "6", "20", "0", "0", "0", "0", "0", "0", "0", "0", "9", "13", "7", "15", "7", "5", "15", "20", "5", "0", "0", "0", "0", "0", "0", "0", "0", "0", "0", "0", "0", "0", "0", "0", "0", "0", "0", "0", "0", "0", "0", "0", "0", "0", "0", "0", "0", "0", "0", "0", "0", "0", "0", "0", "0", "0", "0", "0", "0", "0", "0", "0", "0", "0", "0", "0", "0", "0", "0", "0", "0", "0", "0", "0", "0", "0", "0", "0", "0", "0", "0", "0", "0", "0", "0", "0", "0", "0", "0", "0", "0", "0", "0", "0", "0", "0", "0", "0", "0", "0", "0", "0", "0", "0", "0", "0", "0", "0", "0", "0", "0", "0", "0", "0", "0", "0", "0", "0", "0", "0", "0", "0", "0", "0", "0", "0", "0", "0", "0", "0", "0", "0", "0", "0", "0", "0", "0", "0", "0", "0", "0", "0", "0", "0", "0", "0", "0", "0", "0", "0", "0", "0", "0", "0", "0", "0", "0", "0", "0", "0", "0", "0", "0"], ["64", "6", "15", "11", "40", "7", "21", "15", "17", "0", "0", "0", "0", "0", "0", "0", "0", "22", "10", "28", "19", "11", "9", "27", "11", "18", "0", "0", "0", "0", "0", "0", "0", "0", "6", "16", "44", "27", "11", "15", "10", "12", "10", "0", "0", "0", "0", "0", "0", "0", "0", "0", "0", "0", "0", "0", "0", "0", "0", "0", "0", "0", "0", "0", "0", "0", "0", "0", "0", "0", "0", "0", "0", "0", "0", "0", "0", "0", "0", "0", "0", "0", "0", "0", "0", "0", "0", "0", "0", "0", "0", "0", "0", "0", "0", "0", "0", "0", "0", "0", "0", "0", "0", "0", "0", "0", "0", "0", "0", "0", "0", "0", "0", "0", "0", "0", "0", "0", "0", "41", "32", "13", "12", "14", "6", "9", "13", "27", "0", "0", "0", "0", "0", "0", "0", "0", "10", "21", "3", "9", "39", "8", "6", "18", "49", "0", "0", "0", "0", "0", "0", "0", "0", "0", "0", "0", "0", "0", "0", "0", "0", "0", "0", "0", "0", "0", "0", "0", "0", "0", "0", "0", "0", "0", "0", "0", "0", "0", "0", "0", "0", "0", "0", "0", "0", "0", "0", "0", "0", "0", "0", "0", "0", "0", "0", "0", "0", "0", "0", "0", "0", "0", "0", "0", "0", "0", "0", "0", "0", "0", "0", "0", "0", "0", "0", "0", "0", "0", "0", "0", "0", "0", "0", "0", "0", "0", "0", "0", "0", "0", "0", "0", "0", "0", "0", "0", "0", "0", "7", "31", "23", "5", "12", "12", "15", "26", "39", "0", "0", "0", "0", "0", "0", "0", "0", "0", "0", "0", "0", "0", "0", "0", "0", "0", "0", "0", "0", "0", "0", "0", "0", "0", "0", "0", "0", "0", "0", "0", "0", "0", "0", "0", "0", "0", "0", "0", "0", "0", "0"]]}