{"state": {"resTurn": "58", "h": "8", "w": "10", "score": [["2", "5", "3", "6", "1", "1", "6", "3", "5", "2"], ["1", "4", "4", "1", "7", "7", "1", "4", "4", "1"], ["1", "1", "5", "2", "-2", "-2", "2", "5", "1", "1"], ["-4", "5", "2", "-2", "9", "9", "-2", "2", "5", "-4"], ["5", "1", "5", "5", "0", "0", "5", "5", "1", "5"], ["6", "7", "13", "7", "3", "3", "7", "13", "7", "6"], ["2", "1", "3", "-5", "1", "1", "-5", "3", "1", "2"], ["4", "4", "3", "3", "3", "3", "3", "3", "4", "4"]], "color": [["0", "0", "0", "0", "0", "0", "0", "0", "0", "0"], ["0", "0", "0", "0", "0", "0", "0", "0", "0", "0"], ["0", "0", "0", "0", "0", "0", "0", "0", "0", "0"], ["0", "0", "0", "0", "0", "0", "0", "0", "0", "0"], ["0", "1", "1", "0", "0", "0", "1", "2", "0", "0"], ["0", "0", "0", "2", "0", "0", "0", "0", "0", "0"], ["0", "0", "0", "0", "2", "0", "0", "0", "0", "0"], ["0", "0", "0", "0", "0", "0", "0", "0", "0", "0"]], "pos": [{"x": "6", "y": "4"}, {"x": "1", "y": "4"}, {"x": "4", "y": "6"}, {"x": "7", "y": "4"}]}, "q": "0.00211726891774172", "z": "1", "visitCount": [["14", "9", "13", "5", "5", "7", "7", "23", "27", "0", "0", "0", "0", "0", "0", "0", "0", "23", "6", "6", "16", "10", "7", "16", "10", "16", "0", "0", "0", "0", "0", "0", "0", "0", "12", "9", "3", "9", "5", "5", "24", "9", "14", "0", "0", "0", "0", "0", "0", "0", "0", "30", "11", "10", "13", "3", "18", "16", "10", "6", "0", "0", "0", "0", "0", "0", "0", "0", "14", "15", "12", "20", "39", "15", "21", "9", "6", "0", "0", "0", "0", "0", "0", "0", "0", "8", "9", "8", "6", "16", "9", "11", "5", "6", "0", "0", "0", "0", "0", "0", "0", "0", "5", "18", "11", "12", "7", "14", "20", "8", "18", "0", "0", "0", "0", "0", "0", "0", "0", "13", "14", "19", "8", "20", "10", "9", "12", "3", "0", "0", "0", "0", "0", "0", "0", "0", "0", "0", "0", "0", "0", "0", "0", "0", "0", "0", "0", "0", "0", "0", "0", "0", "0", "0", "0", "0", "0", "0", "0", "0", "0", "0", "0", "0", "0", "0", "0", "0", "0", "0", "0", "0", "0", "0", "0", "0", "0", "0", "0", "0", "0", "0", "0", "0", "0", "0", "0", "0", "0", "0", "0", "0", "0", "0", "0", "0", "0", "0", "0", "0", "0", "0", "0", "0", "0", "0", "0", "0", "0", "0", "0", "0", "0", "0", "0", "0", "0", "0", "0", "0", "0", "0", "0", "0", "0", "0", "0", "0", "0", "0", "0", "0", "0", "0", "0", "0", "0", "0", "0", "0", "0", "0", "0", "0", "0", "0", "0", "0", "0", "0", "0", "0", "0", "0", "0", "0", "0", "0", "0", "0", "0", "0", "0", "0", "0", "0", "0", "0", "0", "0", "0", "0", "12", "14", "23", "28", "9", "7", "14", "4", "12", "0", "0", "0", "0", "0", "0", "0", "0"], ["13", "14", "7", "21", "0", "33", "11", "11", "5", "0", "0", "0", "8", "0", "0", "0", "0", "7", "14", "16", "9", "0", "35", "3", "6", "8", "0", "0", "0", "24", "0", "0", "0", "0", "4", "12", "21", "10", "0", "8", "3", "6", "45", "0", "0", "0", "7", "0", "0", "0", "0", "6", "8", "9", "50", "0", "11", "25", "7", "16", "0", "0", "0", "10", "0", "0", "0", "0", "4", "11", "4", "9", "0", "7", "7", "27", "8", "0", "0", "0", "11", "0", "0", "0", "0", "11", "7", "7", "10", "0", "6", "12", "8", "10", "0", "0", "0", "17", "0", "0", "0", "0", "24", "7", "8", "18", "0", "4", "13", "9", "10", "0", "0", "0", "6", "0", "0", "0", "0", "7", "13", "7", "12", "0", "13", "13", "7", "19", "0", "0", "0", "8", "0", "0", "0", "0", "19", "22", "4", "7", "0", "16", "13", "10", "15", "0", "0", "0", "17", "0", "0", "0", "0", "0", "0", "0", "0", "0", "0", "0", "0", "0", "0", "0", "0", "0", "0", "0", "0", "0", "0", "0", "0", "0", "0", "0", "0", "0", "0", "0", "0", "0", "0", "0", "0", "0", "0", "0", "0", "0", "0", "0", "0", "0", "0", "0", "0", "0", "0", "0", "0", "0", "0", "0", "0", "0", "0", "0", "0", "0", "0", "0", "0", "0", "0", "0", "0", "0", "0", "0", "0", "0", "0", "0", "0", "0", "0", "0", "0", "0", "0", "0", "0", "0", "0", "0", "0", "0", "0", "0", "0", "0", "0", "0", "0", "0", "0", "0", "0", "0", "0", "0", "0", "0", "0", "0", "0", "0", "0", "0", "0", "0", "0", "0", "0", "0", "0", "0", "0", "0", "0", "0", "0", "0", "0", "0", "0", "0", "0", "0", "0", "0", "0", "0", "0", "0", "0", "0", "0"]]}