{"state": {"resTurn": "39", "h": "8", "w": "10", "score": [["2", "5", "3", "6", "1", "1", "6", "3", "5", "2"], ["1", "4", "4", "1", "7", "7", "1", "4", "4", "1"], ["1", "1", "5", "2", "-2", "-2", "2", "5", "1", "1"], ["-4", "5", "2", "-2", "9", "9", "-2", "2", "5", "-4"], ["5", "1", "5", "5", "0", "0", "5", "5", "1", "5"], ["6", "7", "13", "7", "3", "3", "7", "13", "7", "6"], ["2", "1", "3", "-5", "1", "1", "-5", "3", "1", "2"], ["4", "4", "3", "3", "3", "3", "3", "3", "4", "4"]], "color": [["0", "0", "0", "0", "0", "0", "0", "0", "0", "0"], ["1", "1", "1", "1", "1", "0", "0", "0", "0", "0"], ["1", "0", "1", "1", "0", "1", "0", "0", "0", "0"], ["0", "0", "1", "1", "1", "1", "0", "0", "0", "0"], ["0", "1", "0", "1", "1", "1", "1", "2", "0", "0"], ["1", "2", "0", "0", "2", "0", "2", "2", "0", "0"], ["2", "2", "2", "2", "2", "2", "2", "2", "0", "0"], ["0", "2", "2", "2", "2", "2", "2", "2", "0", "0"]], "pos": [{"x": "0", "y": "1"}, {"x": "2", "y": "1"}, {"x": "0", "y": "6"}, {"x": "4", "y": "5"}]}, "q": "0.002032450139702156", "z": "1", "visitCount": [["13", "40", "13", "16", "6", "5", "18", "27", "7", "0", "0", "0", "0", "0", "0", "0", "0", "13", "16", "18", "30", "16", "25", "47", "6", "12", "0", "0", "0", "0", "0", "0", "0", "0", "31", "38", "12", "14", "19", "21", "17", "16", "10", "0", "0", "0", "0", "0", "0", "0", "0", "0", "0", "0", "0", "0", "0", "0", "0", "0", "0", "0", "0", "0", "0", "0", "0", "0", "0", "0", "0", "0", "0", "0", "0", "0", "0", "0", "0", "0", "0", "0", "0", "0", "0", "0", "0", "0", "0", "0", "0", "0", "0", "0", "0", "0", "0", "0", "0", "0", "0", "0", "16", "9", "71", "5", "19", "11", "5", "14", "12", "0", "0", "0", "0", "0", "0", "0", "0", "13", "18", "7", "6", "8", "28", "17", "54", "21", "0", "0", "0", "0", "0", "0", "0", "0", "19", "30", "29", "7", "4", "14", "22", "12", "25", "0", "0", "0", "0", "0", "0", "0", "0", "0", "0", "0", "0", "0", "0", "0", "0", "0", "0", "0", "0", "0", "0", "0", "0", "0", "0", "0", "0", "0", "0", "0", "0", "0", "0", "0", "0", "0", "0", "0", "0", "0", "0", "0", "0", "0", "0", "0", "0", "0", "0", "0", "0", "0", "0", "0", "0", "0", "0", "0", "0", "0", "0", "0", "0", "0", "0", "0", "0", "0", "0", "0", "0", "0", "0", "0", "0", "0", "0", "0", "0", "0", "0", "0", "0", "0", "0", "0", "0", "0", "0", "0", "0", "0", "0", "0", "0", "0", "0", "0", "0", "0", "0", "0", "0", "0", "0", "0", "0", "0", "0", "0", "0", "0", "0", "0", "0", "0", "0", "0", "0", "0", "0", "0", "0", "0", "0", "0", "0", "0", "0", "0", "0", "0", "0", "0", "0", "0", "0", "0", "0", "0", "0", "0", "0"], ["21", "15", "46", "11", "12", "0", "0", "0", "5", "0", "0", "0", "0", "12", "5", "23", "0", "13", "48", "20", "17", "13", "0", "0", "0", "23", "0", "0", "0", "0", "19", "21", "21", "0", "25", "17", "25", "29", "12", "0", "0", "0", "12", "0", "0", "0", "0", "14", "10", "17", "0", "0", "0", "0", "0", "0", "0", "0", "0", "0", "0", "0", "0", "0", "0", "0", "0", "0", "0", "0", "0", "0", "0", "0", "0", "0", "0", "0", "0", "0", "0", "0", "0", "0", "0", "0", "0", "0", "0", "0", "0", "0", "0", "0", "0", "0", "0", "0", "0", "0", "0", "0", "0", "0", "0", "0", "0", "0", "0", "0", "0", "0", "0", "0", "0", "0", "0", "0", "0", "12", "39", "12", "23", "25", "0", "0", "0", "9", "0", "0", "0", "0", "3", "20", "6", "0", "31", "24", "13", "24", "7", "0", "0", "0", "8", "0", "0", "0", "0", "22", "34", "13", "0", "0", "0", "0", "0", "0", "0", "0", "0", "0", "0", "0", "0", "0", "0", "0", "0", "0", "0", "0", "0", "0", "0", "0", "0", "0", "0", "0", "0", "0", "0", "0", "0", "0", "0", "0", "0", "0", "0", "0", "0", "0", "0", "0", "0", "0", "0", "0", "0", "0", "0", "0", "0", "0", "0", "0", "0", "0", "0", "0", "0", "0", "0", "0", "0", "0", "0", "0", "0", "0", "0", "0", "0", "0", "0", "0", "0", "0", "0", "0", "0", "0", "0", "0", "0", "0", "11", "16", "31", "40", "24", "0", "0", "0", "5", "0", "0", "0", "0", "27", "12", "5", "0", "0", "0", "0", "0", "0", "0", "0", "0", "0", "0", "0", "0", "0", "0", "0", "0", "0", "0", "0", "0", "0", "0", "0", "0", "0", "0", "0", "0", "0", "0", "0", "0", "0", "0"]]}