{"state": {"resTurn": "37", "h": "8", "w": "10", "score": [["2", "5", "3", "6", "1", "1", "6", "3", "5", "2"], ["1", "4", "4", "1", "7", "7", "1", "4", "4", "1"], ["1", "1", "5", "2", "-2", "-2", "2", "5", "1", "1"], ["-4", "5", "2", "-2", "9", "9", "-2", "2", "5", "-4"], ["5", "1", "5", "5", "0", "0", "5", "5", "1", "5"], ["6", "7", "13", "7", "3", "3", "7", "13", "7", "6"], ["2", "1", "3", "-5", "1", "1", "-5", "3", "1", "2"], ["4", "4", "3", "3", "3", "3", "3", "3", "4", "4"]], "color": [["1", "0", "0", "0", "0", "0", "0", "0", "0", "0"], ["1", "1", "1", "1", "1", "0", "0", "0", "0", "0"], ["1", "0", "1", "1", "0", "1", "0", "0", "0", "0"], ["0", "0", "1", "1", "1", "1", "0", "0", "0", "0"], ["0", "1", "0", "1", "1", "1", "1", "2", "0", "0"], ["1", "2", "0", "0", "2", "0", "2", "2", "0", "0"], ["2", "2", "2", "2", "2", "2", "2", "2", "0", "0"], ["0", "2", "2", "2", "2", "2", "2", "2", "0", "0"]], "pos": [{"x": "1", "y": "1"}, {"x": "3", "y": "1"}, {"x": "2", "y": "6"}, {"x": "6", "y": "7"}]}, "q": "0.00207782719308688", "z": "1", "visitCount": [["9", "7", "4", "19", "21", "12", "11", "5", "9", "0", "0", "0", "0", "0", "0", "0", "0", "4", "10", "16", "23", "8", "11", "17", "5", "15", "0", "0", "0", "0", "0", "0", "0", "0", "23", "6", "9", "18", "17", "7", "8", "21", "16", "0", "0", "0", "0", "0", "0", "0", "0", "10", "32", "5", "6", "17", "12", "9", "21", "12", "0", "0", "0", "0", "0", "0", "0", "0", "17", "23", "12", "9", "6", "7", "6", "6", "4", "0", "0", "0", "0", "0", "0", "0", "0", "14", "19", "10", "13", "15", "16", "12", "11", "12", "0", "0", "0", "0", "0", "0", "0", "0", "27", "12", "12", "15", "13", "8", "12", "11", "13", "0", "0", "0", "0", "0", "0", "0", "0", "17", "25", "10", "8", "10", "6", "10", "18", "14", "0", "0", "0", "0", "0", "0", "0", "0", "10", "7", "3", "13", "18", "5", "25", "5", "13", "0", "0", "0", "0", "0", "0", "0", "0", "0", "0", "0", "0", "0", "0", "0", "0", "0", "0", "0", "0", "0", "0", "0", "0", "0", "0", "0", "0", "0", "0", "0", "0", "0", "0", "0", "0", "0", "0", "0", "0", "0", "0", "0", "0", "0", "0", "0", "0", "0", "0", "0", "0", "0", "0", "0", "0", "0", "0", "0", "0", "0", "0", "0", "0", "0", "0", "0", "0", "0", "0", "0", "0", "0", "0", "0", "0", "0", "0", "0", "0", "0", "0", "0", "0", "0", "0", "0", "0", "0", "0", "0", "0", "0", "0", "0", "0", "0", "0", "0", "0", "0", "0", "0", "0", "0", "0", "0", "0", "0", "0", "0", "0", "0", "0", "0", "0", "0", "0", "0", "0", "0", "0", "0", "0", "0", "0", "0", "0", "0", "0", "0", "0", "0", "0", "0", "0", "0", "0", "0", "0", "0", "0", "0", "0"], ["25", "0", "0", "0", "36", "8", "29", "13", "28", "0", "0", "0", "0", "0", "0", "0", "0", "12", "0", "0", "0", "12", "9", "9", "6", "31", "0", "0", "0", "0", "0", "0", "0", "0", "10", "0", "0", "0", "5", "23", "6", "15", "19", "0", "0", "0", "0", "0", "0", "0", "0", "32", "0", "0", "0", "12", "14", "25", "13", "4", "0", "0", "0", "0", "0", "0", "0", "0", "41", "0", "0", "0", "23", "49", "21", "5", "27", "0", "0", "0", "0", "0", "0", "0", "0", "20", "0", "0", "0", "9", "7", "29", "27", "9", "0", "0", "0", "0", "0", "0", "0", "0", "30", "0", "0", "0", "17", "26", "19", "30", "10", "0", "0", "0", "0", "0", "0", "0", "0", "7", "0", "0", "0", "21", "18", "24", "13", "35", "0", "0", "0", "0", "0", "0", "0", "0", "15", "0", "0", "0", "30", "20", "5", "13", "11", "0", "0", "0", "0", "0", "0", "0", "0", "0", "0", "0", "0", "0", "0", "0", "0", "0", "0", "0", "0", "0", "0", "0", "0", "0", "0", "0", "0", "0", "0", "0", "0", "0", "0", "0", "0", "0", "0", "0", "0", "0", "0", "0", "0", "0", "0", "0", "0", "0", "0", "0", "0", "0", "0", "0", "0", "0", "0", "0", "0", "0", "0", "0", "0", "0", "0", "0", "0", "0", "0", "0", "0", "0", "0", "0", "0", "0", "0", "0", "0", "0", "0", "0", "0", "0", "0", "0", "0", "0", "0", "0", "0", "0", "0", "0", "0", "0", "0", "0", "0", "0", "0", "0", "0", "0", "0", "0", "0", "0", "0", "0", "0", "0", "0", "0", "0", "0", "0", "0", "0", "0", "0", "0", "0", "0", "0", "0", "0", "0", "0", "0", "0", "0", "0", "0", "0", "0", "0", "0", "0", "0", "0", "0", "0"]]}