{"state": {"resTurn": "36", "h": "8", "w": "10", "score": [["2", "5", "3", "6", "1", "1", "6", "3", "5", "2"], ["1", "4", "4", "1", "7", "7", "1", "4", "4", "1"], ["1", "1", "5", "2", "-2", "-2", "2", "5", "1", "1"], ["-4", "5", "2", "-2", "9", "9", "-2", "2", "5", "-4"], ["5", "1", "5", "5", "0", "0", "5", "5", "1", "5"], ["6", "7", "13", "7", "3", "3", "7", "13", "7", "6"], ["2", "1", "3", "-5", "1", "1", "-5", "3", "1", "2"], ["4", "4", "3", "3", "3", "3", "3", "3", "4", "4"]], "color": [["1", "0", "0", "0", "0", "0", "0", "0", "0", "0"], ["1", "1", "1", "1", "1", "0", "0", "0", "0", "0"], ["1", "0", "1", "1", "1", "1", "0", "0", "0", "0"], ["0", "0", "1", "1", "1", "1", "0", "0", "0", "0"], ["0", "1", "0", "1", "1", "1", "1", "2", "0", "0"], ["1", "2", "0", "0", "2", "0", "2", "2", "0", "0"], ["2", "2", "2", "2", "2", "2", "2", "2", "0", "0"], ["0", "2", "2", "2", "2", "2", "2", "2", "0", "0"]], "pos": [{"x": "0", "y": "2"}, {"x": "4", "y": "2"}, {"x": "1", "y": "6"}, {"x": "5", "y": "6"}]}, "q": "0.001277117802715905", "z": "1", "visitCount": [["12", "6", "5", "6", "16", "15", "9", "18", "6", "0", "0", "0", "0", "0", "0", "0", "0", "21", "38", "45", "4", "11", "11", "24", "7", "28", "0", "0", "0", "0", "0", "0", "0", "0", "15", "13", "13", "66", "71", "8", "19", "36", "9", "0", "0", "0", "0", "0", "0", "0", "0", "0", "0", "0", "0", "0", "0", "0", "0", "0", "0", "0", "0", "0", "0", "0", "0", "0", "0", "0", "0", "0", "0", "0", "0", "0", "0", "0", "0", "0", "0", "0", "0", "0", "0", "0", "0", "0", "0", "0", "0", "0", "0", "0", "0", "0", "0", "0", "0", "0", "0", "0", "14", "12", "9", "12", "29", "17", "32", "23", "61", "0", "0", "0", "0", "0", "0", "0", "0", "15", "27", "18", "10", "6", "9", "5", "10", "26", "0", "0", "0", "0", "0", "0", "0", "0", "17", "17", "11", "6", "7", "18", "13", "35", "10", "0", "0", "0", "0", "0", "0", "0", "0", "0", "0", "0", "0", "0", "0", "0", "0", "0", "0", "0", "0", "0", "0", "0", "0", "0", "0", "0", "0", "0", "0", "0", "0", "0", "0", "0", "0", "0", "0", "0", "0", "0", "0", "0", "0", "0", "0", "0", "0", "0", "0", "0", "0", "0", "0", "0", "0", "0", "0", "0", "0", "0", "0", "0", "0", "0", "0", "0", "0", "0", "0", "0", "0", "0", "0", "0", "0", "0", "0", "0", "0", "0", "0", "0", "0", "0", "0", "0", "0", "0", "0", "0", "0", "0", "0", "0", "0", "0", "0", "0", "0", "0", "0", "0", "0", "0", "0", "0", "0", "0", "0", "0", "0", "0", "0", "0", "0", "0", "0", "0", "0", "0", "0", "0", "0", "0", "0", "0", "0", "0", "0", "0", "0", "0", "0", "0", "0", "0", "0", "0", "0", "0", "0", "0", "0"], ["11", "16", "8", "9", "15", "11", "8", "4", "10", "0", "0", "0", "0", "0", "0", "0", "0", "3", "12", "13", "8", "7", "15", "12", "5", "28", "0", "0", "0", "0", "0", "0", "0", "0", "5", "5", "3", "6", "5", "9", "19", "8", "16", "0", "0", "0", "0", "0", "0", "0", "0", "15", "10", "9", "6", "4", "13", "25", "8", "11", "0", "0", "0", "0", "0", "0", "0", "0", "7", "13", "13", "11", "9", "9", "10", "4", "7", "0", "0", "0", "0", "0", "0", "0", "0", "0", "0", "0", "0", "0", "0", "0", "0", "0", "0", "0", "0", "0", "0", "0", "0", "0", "6", "21", "9", "8", "17", "40", "16", "26", "8", "0", "0", "0", "0", "0", "0", "0", "0", "18", "10", "7", "25", "18", "7", "36", "6", "34", "0", "0", "0", "0", "0", "0", "0", "0", "15", "10", "10", "4", "3", "21", "11", "14", "37", "0", "0", "0", "0", "0", "0", "0", "0", "0", "0", "0", "0", "0", "0", "0", "0", "0", "0", "0", "0", "0", "0", "0", "0", "0", "0", "0", "0", "0", "0", "0", "0", "0", "0", "0", "0", "0", "0", "0", "0", "0", "0", "0", "0", "0", "0", "0", "0", "0", "0", "0", "0", "0", "0", "0", "0", "0", "0", "0", "0", "0", "0", "0", "0", "0", "0", "0", "0", "0", "0", "0", "0", "0", "0", "0", "0", "3", "16", "11", "15", "28", "12", "6", "3", "15", "0", "0", "0", "0", "0", "0", "0", "0", "0", "0", "0", "0", "0", "0", "0", "0", "0", "0", "0", "0", "0", "0", "0", "0", "0", "0", "0", "0", "0", "0", "0", "0", "0", "0", "0", "0", "0", "0", "0", "0", "0", "0", "0", "0", "0", "0", "0", "0", "0", "0", "0", "0", "0", "0", "0", "0", "0", "0", "0"]]}