{"state": {"resTurn": "35", "h": "8", "w": "10", "score": [["2", "5", "3", "6", "1", "1", "6", "3", "5", "2"], ["1", "4", "4", "1", "7", "7", "1", "4", "4", "1"], ["1", "1", "5", "2", "-2", "-2", "2", "5", "1", "1"], ["-4", "5", "2", "-2", "9", "9", "-2", "2", "5", "-4"], ["5", "1", "5", "5", "0", "0", "5", "5", "1", "5"], ["6", "7", "13", "7", "3", "3", "7", "13", "7", "6"], ["2", "1", "3", "-5", "1", "1", "-5", "3", "1", "2"], ["4", "4", "3", "3", "3", "3", "3", "3", "4", "4"]], "color": [["1", "0", "0", "0", "0", "0", "0", "0", "0", "0"], ["1", "1", "1", "1", "1", "0", "0", "0", "0", "0"], ["1", "0", "1", "1", "1", "1", "0", "0", "0", "0"], ["1", "0", "1", "1", "1", "1", "0", "0", "0", "0"], ["0", "1", "0", "1", "1", "1", "1", "2", "0", "0"], ["1", "2", "0", "0", "2", "0", "2", "2", "0", "0"], ["2", "2", "2", "2", "2", "2", "2", "2", "0", "0"], ["0", "2", "2", "2", "2", "2", "2", "2", "0", "0"]], "pos": [{"x": "0", "y": "3"}, {"x": "3", "y": "2"}, {"x": "1", "y": "5"}, {"x": "4", "y": "5"}]}, "q": "0.001639795298398795", "z": "1", "visitCount": [["13", "38", "35", "4", "9", "8", "4", "3", "29", "0", "0", "0", "0", "0", "0", "0", "0", "33", "8", "17", "19", "16", "11", "19", "20", "24", "0", "0", "0", "0", "0", "0", "0", "0", "22", "25", "30", "11", "12", "29", "23", "7", "6", "0", "0", "0", "0", "0", "0", "0", "0", "0", "0", "0", "0", "0", "0", "0", "0", "0", "0", "0", "0", "0", "0", "0", "0", "0", "0", "0", "0", "0", "0", "0", "0", "0", "0", "0", "0", "0", "0", "0", "0", "0", "0", "0", "0", "0", "0", "0", "0", "0", "0", "0", "0", "0", "0", "0", "0", "0", "0", "0", "17", "17", "31", "73", "12", "14", "4", "7", "37", "0", "0", "0", "0", "0", "0", "0", "0", "26", "13", "18", "8", "20", "17", "40", "11", "18", "0", "0", "0", "0", "0", "0", "0", "0", "11", "10", "8", "34", "23", "6", "13", "5", "34", "0", "0", "0", "0", "0", "0", "0", "0", "0", "0", "0", "0", "0", "0", "0", "0", "0", "0", "0", "0", "0", "0", "0", "0", "0", "0", "0", "0", "0", "0", "0", "0", "0", "0", "0", "0", "0", "0", "0", "0", "0", "0", "0", "0", "0", "0", "0", "0", "0", "0", "0", "0", "0", "0", "0", "0", "0", "0", "0", "0", "0", "0", "0", "0", "0", "0", "0", "0", "0", "0", "0", "0", "0", "0", "0", "0", "0", "0", "0", "0", "0", "0", "0", "0", "0", "0", "0", "0", "0", "0", "0", "0", "0", "0", "0", "0", "0", "0", "0", "0", "0", "0", "0", "0", "0", "0", "0", "0", "0", "0", "0", "0", "0", "0", "0", "0", "0", "0", "0", "0", "0", "0", "0", "0", "0", "0", "0", "0", "0", "0", "0", "0", "0", "0", "0", "0", "0", "0", "0", "0", "0", "0", "0", "0"], ["8", "10", "16", "11", "6", "0", "0", "0", "7", "0", "0", "0", "0", "11", "19", "7", "0", "8", "27", "9", "16", "25", "0", "0", "0", "7", "0", "0", "0", "0", "11", "6", "15", "0", "8", "9", "10", "10", "25", "0", "0", "0", "14", "0", "0", "0", "0", "9", "5", "5", "0", "11", "18", "17", "8", "4", "0", "0", "0", "10", "0", "0", "0", "0", "11", "14", "11", "0", "0", "0", "0", "0", "0", "0", "0", "0", "0", "0", "0", "0", "0", "0", "0", "0", "0", "14", "16", "17", "8", "26", "0", "0", "0", "16", "0", "0", "0", "0", "13", "22", "9", "0", "0", "0", "0", "0", "0", "0", "0", "0", "0", "0", "0", "0", "0", "0", "0", "0", "0", "9", "12", "17", "15", "25", "0", "0", "0", "10", "0", "0", "0", "0", "7", "8", "10", "0", "9", "18", "8", "7", "11", "0", "0", "0", "12", "0", "0", "0", "0", "5", "7", "13", "0", "0", "0", "0", "0", "0", "0", "0", "0", "0", "0", "0", "0", "0", "0", "0", "0", "0", "0", "0", "0", "0", "0", "0", "0", "0", "0", "0", "0", "0", "0", "0", "0", "0", "0", "0", "0", "0", "0", "0", "0", "0", "0", "0", "0", "0", "0", "0", "0", "0", "0", "0", "8", "19", "5", "3", "18", "0", "0", "0", "13", "0", "0", "0", "0", "13", "7", "6", "0", "0", "0", "0", "0", "0", "0", "0", "0", "0", "0", "0", "0", "0", "0", "0", "0", "0", "13", "21", "11", "11", "15", "0", "0", "0", "10", "0", "0", "0", "0", "13", "37", "17", "0", "0", "0", "0", "0", "0", "0", "0", "0", "0", "0", "0", "0", "0", "0", "0", "0", "0", "0", "0", "0", "0", "0", "0", "0", "0", "0", "0", "0", "0", "0", "0", "0", "0", "0"]]}