{"state": {"resTurn": "34", "h": "8", "w": "10", "score": [["2", "5", "3", "6", "1", "1", "6", "3", "5", "2"], ["1", "4", "4", "1", "7", "7", "1", "4", "4", "1"], ["1", "1", "5", "2", "-2", "-2", "2", "5", "1", "1"], ["-4", "5", "2", "-2", "9", "9", "-2", "2", "5", "-4"], ["5", "1", "5", "5", "0", "0", "5", "5", "1", "5"], ["6", "7", "13", "7", "3", "3", "7", "13", "7", "6"], ["2", "1", "3", "-5", "1", "1", "-5", "3", "1", "2"], ["4", "4", "3", "3", "3", "3", "3", "3", "4", "4"]], "color": [["1", "0", "0", "0", "0", "0", "0", "0", "0", "0"], ["1", "1", "1", "1", "1", "0", "0", "0", "0", "0"], ["1", "0", "1", "1", "1", "1", "0", "0", "0", "0"], ["1", "0", "1", "1", "1", "1", "0", "0", "0", "0"], ["0", "0", "0", "1", "0", "1", "1", "2", "0", "0"], ["1", "2", "0", "0", "2", "0", "2", "2", "0", "0"], ["2", "2", "2", "2", "2", "2", "2", "2", "0", "0"], ["0", "2", "2", "2", "2", "2", "2", "2", "0", "0"]], "pos": [{"x": "0", "y": "2"}, {"x": "2", "y": "3"}, {"x": "1", "y": "5"}, {"x": "4", "y": "5"}]}, "q": "0.001227744932929635", "z": "1", "visitCount": [["12", "10", "10", "65", "34", "31", "22", "13", "15", "0", "0", "0", "0", "0", "0", "0", "0", "7", "26", "9", "12", "25", "4", "25", "31", "3", "0", "0", "0", "0", "0", "0", "0", "0", "14", "14", "14", "14", "8", "17", "16", "15", "7", "0", "0", "0", "0", "0", "0", "0", "0", "0", "0", "0", "0", "0", "0", "0", "0", "0", "0", "0", "0", "0", "0", "0", "0", "0", "0", "0", "0", "0", "0", "0", "0", "0", "0", "0", "0", "0", "0", "0", "0", "0", "0", "0", "0", "0", "0", "0", "0", "0", "0", "0", "0", "0", "0", "0", "0", "0", "0", "0", "55", "10", "12", "7", "16", "16", "8", "23", "25", "0", "0", "0", "0", "0", "0", "0", "0", "15", "28", "9", "12", "19", "33", "26", "18", "7", "0", "0", "0", "0", "0", "0", "0", "0", "22", "27", "10", "20", "22", "32", "23", "22", "10", "0", "0", "0", "0", "0", "0", "0", "0", "0", "0", "0", "0", "0", "0", "0", "0", "0", "0", "0", "0", "0", "0", "0", "0", "0", "0", "0", "0", "0", "0", "0", "0", "0", "0", "0", "0", "0", "0", "0", "0", "0", "0", "0", "0", "0", "0", "0", "0", "0", "0", "0", "0", "0", "0", "0", "0", "0", "0", "0", "0", "0", "0", "0", "0", "0", "0", "0", "0", "0", "0", "0", "0", "0", "0", "0", "0", "0", "0", "0", "0", "0", "0", "0", "0", "0", "0", "0", "0", "0", "0", "0", "0", "0", "0", "0", "0", "0", "0", "0", "0", "0", "0", "0", "0", "0", "0", "0", "0", "0", "0", "0", "0", "0", "0", "0", "0", "0", "0", "0", "0", "0", "0", "0", "0", "0", "0", "0", "0", "0", "0", "0", "0", "0", "0", "0", "0", "0", "0", "0", "0", "0", "0", "0", "0"], ["15", "9", "14", "16", "20", "0", "6", "0", "11", "0", "0", "0", "0", "9", "0", "6", "0", "16", "12", "24", "6", "13", "0", "32", "0", "8", "0", "0", "0", "0", "22", "0", "2", "0", "15", "8", "11", "6", "5", "0", "7", "0", "9", "0", "0", "0", "0", "8", "0", "6", "0", "28", "16", "10", "12", "8", "0", "18", "0", "10", "0", "0", "0", "0", "11", "0", "22", "0", "0", "0", "0", "0", "0", "0", "0", "0", "0", "0", "0", "0", "0", "0", "0", "0", "0", "10", "6", "13", "9", "4", "0", "15", "0", "4", "0", "0", "0", "0", "13", "0", "12", "0", "10", "4", "15", "22", "28", "0", "18", "0", "16", "0", "0", "0", "0", "6", "0", "6", "0", "11", "13", "17", "3", "6", "0", "8", "0", "12", "0", "0", "0", "0", "31", "0", "7", "0", "11", "11", "14", "7", "19", "0", "20", "0", "13", "0", "0", "0", "0", "21", "0", "14", "0", "0", "0", "0", "0", "0", "0", "0", "0", "0", "0", "0", "0", "0", "0", "0", "0", "0", "0", "0", "0", "0", "0", "0", "0", "0", "0", "0", "0", "0", "0", "0", "0", "0", "0", "0", "0", "0", "0", "0", "0", "0", "0", "0", "0", "0", "0", "0", "0", "0", "0", "0", "12", "4", "9", "13", "20", "0", "19", "0", "10", "0", "0", "0", "0", "10", "0", "3", "0", "0", "0", "0", "0", "0", "0", "0", "0", "0", "0", "0", "0", "0", "0", "0", "0", "0", "0", "0", "0", "0", "0", "0", "0", "0", "0", "0", "0", "0", "0", "0", "0", "0", "0", "0", "0", "0", "0", "0", "0", "0", "0", "0", "0", "0", "0", "0", "0", "0", "0", "0", "0", "0", "0", "0", "0", "0", "0", "0", "0", "0", "0", "0", "0", "0", "0", "0", "0"]]}