{"state": {"resTurn": "33", "h": "8", "w": "10", "score": [["2", "5", "3", "6", "1", "1", "6", "3", "5", "2"], ["1", "4", "4", "1", "7", "7", "1", "4", "4", "1"], ["1", "1", "5", "2", "-2", "-2", "2", "5", "1", "1"], ["-4", "5", "2", "-2", "9", "9", "-2", "2", "5", "-4"], ["5", "1", "5", "5", "0", "0", "5", "5", "1", "5"], ["6", "7", "13", "7", "3", "3", "7", "13", "7", "6"], ["2", "1", "3", "-5", "1", "1", "-5", "3", "1", "2"], ["4", "4", "3", "3", "3", "3", "3", "3", "4", "4"]], "color": [["1", "0", "0", "0", "0", "0", "0", "0", "0", "0"], ["1", "1", "1", "1", "1", "0", "0", "0", "0", "0"], ["1", "0", "1", "1", "1", "1", "0", "0", "0", "0"], ["1", "0", "1", "1", "1", "1", "0", "0", "0", "0"], ["0", "1", "0", "1", "2", "1", "1", "2", "0", "0"], ["1", "2", "0", "0", "2", "0", "2", "2", "0", "0"], ["2", "2", "2", "2", "2", "2", "2", "2", "0", "0"], ["0", "2", "2", "2", "2", "2", "2", "2", "0", "0"]], "pos": [{"x": "0", "y": "2"}, {"x": "1", "y": "4"}, {"x": "2", "y": "6"}, {"x": "4", "y": "4"}]}, "q": "0.001403735705344932", "z": "1", "visitCount": [["9", "6", "0", "8", "20", "19", "20", "25", "18", "0", "9", "0", "0", "0", "0", "0", "0", "20", "21", "0", "15", "35", "37", "10", "18", "9", "0", "21", "0", "0", "0", "0", "0", "0", "16", "32", "0", "29", "9", "9", "14", "20", "31", "0", "19", "0", "0", "0", "0", "0", "0", "0", "0", "0", "0", "0", "0", "0", "0", "0", "0", "0", "0", "0", "0", "0", "0", "0", "0", "0", "0", "0", "0", "0", "0", "0", "0", "0", "0", "0", "0", "0", "0", "0", "0", "0", "0", "0", "0", "0", "0", "0", "0", "0", "0", "0", "0", "0", "0", "0", "0", "0", "8", "16", "0", "10", "10", "51", "39", "18", "18", "0", "14", "0", "0", "0", "0", "0", "0", "12", "30", "0", "7", "45", "17", "25", "8", "32", "0", "6", "0", "0", "0", "0", "0", "0", "11", "5", "0", "29", "20", "11", "18", "19", "3", "0", "21", "0", "0", "0", "0", "0", "0", "0", "0", "0", "0", "0", "0", "0", "0", "0", "0", "0", "0", "0", "0", "0", "0", "0", "0", "0", "0", "0", "0", "0", "0", "0", "0", "0", "0", "0", "0", "0", "0", "0", "0", "0", "0", "0", "0", "0", "0", "0", "0", "0", "0", "0", "0", "0", "0", "0", "0", "0", "0", "0", "0", "0", "0", "0", "0", "0", "0", "0", "0", "0", "0", "0", "0", "0", "0", "0", "0", "0", "0", "0", "0", "0", "0", "0", "0", "0", "0", "0", "0", "0", "0", "0", "0", "0", "0", "0", "0", "0", "0", "0", "0", "0", "0", "0", "0", "0", "0", "0", "0", "0", "0", "0", "0", "0", "0", "0", "0", "0", "0", "0", "0", "0", "0", "0", "0", "0", "0", "0", "0", "0", "0", "0", "0", "0", "0", "0", "0", "0", "0", "0", "0", "0", "0"], ["10", "3", "25", "10", "0", "0", "0", "0", "0", "0", "0", "0", "7", "4", "16", "23", "15", "7", "14", "21", "13", "0", "0", "0", "0", "0", "0", "0", "0", "6", "8", "15", "23", "3", "10", "14", "7", "11", "0", "0", "0", "0", "0", "0", "0", "0", "4", "9", "25", "14", "5", "4", "8", "12", "9", "0", "0", "0", "0", "0", "0", "0", "0", "14", "14", "56", "7", "8", "11", "13", "22", "11", "0", "0", "0", "0", "0", "0", "0", "0", "8", "10", "7", "6", "18", "16", "18", "6", "9", "0", "0", "0", "0", "0", "0", "0", "0", "10", "12", "10", "20", "6", "14", "7", "4", "7", "0", "0", "0", "0", "0", "0", "0", "0", "4", "7", "4", "15", "10", "23", "19", "10", "37", "0", "0", "0", "0", "0", "0", "0", "0", "9", "26", "8", "9", "15", "11", "13", "21", "17", "0", "0", "0", "0", "0", "0", "0", "0", "7", "8", "19", "2", "9", "0", "0", "0", "0", "0", "0", "0", "0", "0", "0", "0", "0", "0", "0", "0", "0", "0", "0", "0", "0", "0", "0", "0", "0", "0", "0", "0", "0", "0", "0", "0", "0", "0", "0", "0", "0", "0", "0", "0", "0", "0", "0", "0", "0", "0", "0", "0", "0", "0", "0", "0", "0", "0", "0", "0", "0", "0", "0", "0", "0", "0", "0", "0", "0", "0", "0", "0", "0", "0", "0", "0", "0", "0", "0", "0", "0", "0", "0", "0", "0", "0", "0", "0", "0", "0", "0", "0", "0", "0", "0", "0", "0", "0", "0", "0", "0", "0", "0", "0", "0", "0", "0", "0", "0", "0", "0", "0", "0", "0", "0", "0", "0", "0", "0", "0", "0", "0", "0", "0", "0", "0", "0", "0", "0", "0", "0", "0", "0", "0", "0", "0", "0", "0", "0", "0", "0"]]}