{"state": {"resTurn": "31", "h": "8", "w": "10", "score": [["2", "5", "3", "6", "1", "1", "6", "3", "5", "2"], ["1", "4", "4", "1", "7", "7", "1", "4", "4", "1"], ["1", "1", "5", "2", "-2", "-2", "2", "5", "1", "1"], ["-4", "5", "2", "-2", "9", "9", "-2", "2", "5", "-4"], ["5", "1", "5", "5", "0", "0", "5", "5", "1", "5"], ["6", "7", "13", "7", "3", "3", "7", "13", "7", "6"], ["2", "1", "3", "-5", "1", "1", "-5", "3", "1", "2"], ["4", "4", "3", "3", "3", "3", "3", "3", "4", "4"]], "color": [["1", "0", "0", "0", "0", "0", "0", "0", "0", "0"], ["1", "1", "1", "1", "1", "0", "0", "0", "0", "0"], ["1", "1", "1", "1", "1", "1", "0", "0", "0", "0"], ["1", "0", "1", "1", "0", "1", "0", "0", "0", "0"], ["1", "1", "0", "1", "2", "1", "1", "2", "0", "0"], ["1", "2", "0", "0", "2", "2", "2", "2", "0", "0"], ["2", "2", "2", "2", "2", "2", "2", "2", "0", "0"], ["0", "2", "2", "2", "2", "2", "2", "2", "0", "0"]], "pos": [{"x": "1", "y": "2"}, {"x": "0", "y": "4"}, {"x": "2", "y": "6"}, {"x": "5", "y": "5"}]}, "q": "0.001209607216199251", "z": "1", "visitCount": [["34", "0", "4", "0", "0", "0", "34", "11", "6", "20", "0", "0", "0", "0", "0", "0", "0", "10", "0", "11", "0", "0", "0", "16", "21", "30", "8", "0", "0", "0", "0", "0", "0", "0", "9", "0", "42", "0", "0", "0", "5", "15", "17", "11", "0", "0", "0", "0", "0", "0", "0", "10", "0", "12", "0", "0", "0", "53", "6", "27", "8", "0", "0", "0", "0", "0", "0", "0", "67", "0", "40", "0", "0", "0", "17", "9", "31", "24", "0", "0", "0", "0", "0", "0", "0", "16", "0", "28", "0", "0", "0", "19", "10", "20", "10", "0", "0", "0", "0", "0", "0", "0", "20", "0", "10", "0", "0", "0", "12", "16", "14", "19", "0", "0", "0", "0", "0", "0", "0", "10", "0", "12", "0", "0", "0", "32", "6", "37", "12", "0", "0", "0", "0", "0", "0", "0", "18", "0", "13", "0", "0", "0", "22", "23", "10", "9", "0", "0", "0", "0", "0", "0", "0", "0", "0", "0", "0", "0", "0", "0", "0", "0", "0", "0", "0", "0", "0", "0", "0", "0", "0", "0", "0", "0", "0", "0", "0", "0", "0", "0", "0", "0", "0", "0", "0", "0", "0", "0", "0", "0", "0", "0", "0", "0", "0", "0", "0", "0", "0", "0", "0", "0", "0", "0", "0", "0", "0", "0", "0", "0", "0", "0", "0", "0", "0", "0", "0", "0", "0", "0", "0", "0", "0", "0", "0", "0", "0", "0", "0", "0", "0", "0", "0", "0", "0", "0", "0", "0", "0", "0", "0", "0", "0", "0", "0", "0", "0", "0", "0", "0", "0", "0", "0", "0", "0", "0", "0", "0", "0", "0", "0", "0", "0", "0", "0", "0", "0", "0", "0", "0", "0", "0", "0", "0", "0", "0", "0", "0", "0", "0", "0", "0", "0", "0", "0", "0", "0", "0", "0"], ["17", "4", "14", "37", "10", "19", "0", "0", "8", "0", "0", "0", "0", "0", "5", "21", "0", "10", "13", "4", "22", "7", "17", "0", "0", "6", "0", "0", "0", "0", "0", "11", "36", "0", "23", "13", "5", "7", "8", "31", "0", "0", "8", "0", "0", "0", "0", "0", "20", "15", "0", "9", "8", "14", "12", "7", "12", "0", "0", "15", "0", "0", "0", "0", "0", "4", "26", "0", "9", "11", "10", "5", "10", "10", "0", "0", "9", "0", "0", "0", "0", "0", "14", "24", "0", "6", "13", "10", "21", "9", "31", "0", "0", "10", "0", "0", "0", "0", "0", "7", "10", "0", "20", "14", "21", "10", "10", "5", "0", "0", "11", "0", "0", "0", "0", "0", "10", "5", "0", "9", "6", "14", "5", "6", "36", "0", "0", "7", "0", "0", "0", "0", "0", "6", "8", "0", "15", "5", "13", "7", "12", "10", "0", "0", "6", "0", "0", "0", "0", "0", "9", "9", "0", "0", "0", "0", "0", "0", "0", "0", "0", "0", "0", "0", "0", "0", "0", "0", "0", "0", "0", "0", "0", "0", "0", "0", "0", "0", "0", "0", "0", "0", "0", "0", "0", "0", "0", "0", "0", "0", "0", "0", "0", "0", "0", "0", "0", "0", "0", "0", "0", "0", "0", "0", "0", "0", "0", "0", "0", "0", "0", "0", "0", "0", "0", "0", "0", "0", "0", "0", "0", "0", "0", "0", "0", "0", "0", "0", "0", "0", "0", "0", "0", "0", "0", "0", "0", "0", "0", "0", "0", "0", "0", "0", "0", "0", "0", "0", "0", "0", "0", "0", "0", "0", "0", "0", "0", "0", "0", "0", "0", "0", "0", "0", "0", "0", "0", "0", "0", "0", "0", "0", "0", "0", "0", "0", "0", "0", "0", "0", "0", "0", "0", "0", "0", "0", "0", "0", "0"]]}