{"state": {"resTurn": "57", "h": "8", "w": "10", "score": [["2", "5", "3", "6", "1", "1", "6", "3", "5", "2"], ["1", "4", "4", "1", "7", "7", "1", "4", "4", "1"], ["1", "1", "5", "2", "-2", "-2", "2", "5", "1", "1"], ["-4", "5", "2", "-2", "9", "9", "-2", "2", "5", "-4"], ["5", "1", "5", "5", "0", "0", "5", "5", "1", "5"], ["6", "7", "13", "7", "3", "3", "7", "13", "7", "6"], ["2", "1", "3", "-5", "1", "1", "-5", "3", "1", "2"], ["4", "4", "3", "3", "3", "3", "3", "3", "4", "4"]], "color": [["0", "0", "0", "0", "0", "0", "0", "0", "0", "0"], ["0", "0", "0", "0", "0", "0", "0", "0", "0", "0"], ["0", "0", "0", "0", "0", "0", "0", "0", "0", "0"], ["0", "0", "0", "0", "0", "0", "0", "0", "0", "0"], ["1", "1", "1", "0", "0", "1", "1", "2", "0", "0"], ["0", "0", "0", "2", "0", "0", "2", "0", "0", "0"], ["0", "0", "0", "0", "2", "0", "0", "0", "0", "0"], ["0", "0", "0", "2", "0", "0", "0", "0", "0", "0"]], "pos": [{"x": "5", "y": "4"}, {"x": "0", "y": "4"}, {"x": "3", "y": "7"}, {"x": "6", "y": "5"}]}, "q": "0.002189349046317051", "z": "1", "visitCount": [["15", "11", "14", "0", "0", "0", "20", "34", "20", "0", "0", "0", "0", "0", "0", "0", "0", "0", "0", "0", "0", "0", "0", "0", "0", "0", "0", "0", "0", "0", "0", "0", "0", "0", "23", "38", "20", "0", "0", "0", "3", "20", "22", "0", "0", "0", "0", "0", "0", "0", "0", "6", "20", "11", "0", "0", "0", "20", "9", "15", "0", "0", "0", "0", "0", "0", "0", "0", "50", "8", "20", "0", "0", "0", "35", "10", "68", "0", "0", "0", "0", "0", "0", "0", "0", "5", "20", "17", "0", "0", "0", "17", "15", "38", "0", "0", "0", "0", "0", "0", "0", "0", "27", "12", "21", "0", "0", "0", "8", "24", "13", "0", "0", "0", "0", "0", "0", "0", "0", "13", "17", "14", "0", "0", "0", "8", "4", "10", "0", "0", "0", "0", "0", "0", "0", "0", "60", "18", "6", "0", "0", "0", "11", "10", "10", "0", "0", "0", "0", "0", "0", "0", "0", "17", "27", "17", "0", "0", "0", "4", "17", "9", "0", "0", "0", "0", "0", "0", "0", "0", "0", "0", "0", "0", "0", "0", "0", "0", "0", "0", "0", "0", "0", "0", "0", "0", "0", "0", "0", "0", "0", "0", "0", "0", "0", "0", "0", "0", "0", "0", "0", "0", "0", "0", "0", "0", "0", "0", "0", "0", "0", "0", "0", "0", "0", "0", "0", "0", "0", "0", "0", "0", "0", "0", "0", "0", "0", "0", "0", "0", "0", "0", "0", "0", "0", "0", "0", "0", "0", "0", "0", "0", "0", "0", "0", "0", "0", "0", "0", "0", "0", "0", "0", "0", "0", "0", "0", "0", "0", "0", "0", "0", "0", "0", "0", "0", "0", "0", "0", "0", "0", "0", "0", "0", "0", "0", "0", "0", "0", "0", "0", "0", "0", "0", "0", "0", "0", "0", "0"], ["25", "9", "18", "15", "24", "0", "0", "14", "8", "0", "0", "0", "0", "10", "6", "0", "0", "0", "0", "0", "0", "0", "0", "0", "0", "0", "0", "0", "0", "0", "0", "0", "0", "0", "0", "0", "0", "0", "0", "0", "0", "0", "0", "0", "0", "0", "0", "0", "0", "0", "0", "0", "0", "0", "0", "0", "0", "0", "0", "0", "0", "0", "0", "0", "0", "0", "0", "0", "34", "15", "28", "38", "17", "0", "0", "21", "15", "0", "0", "0", "0", "27", "10", "0", "0", "20", "31", "17", "9", "23", "0", "0", "20", "64", "0", "0", "0", "0", "4", "43", "0", "0", "5", "6", "10", "43", "44", "0", "0", "4", "31", "0", "0", "0", "0", "22", "11", "0", "0", "10", "8", "24", "8", "20", "0", "0", "25", "14", "0", "0", "0", "0", "7", "4", "0", "0", "5", "19", "22", "5", "18", "0", "0", "7", "12", "0", "0", "0", "0", "46", "6", "0", "0", "0", "0", "0", "0", "0", "0", "0", "0", "0", "0", "0", "0", "0", "0", "0", "0", "0", "0", "0", "0", "0", "0", "0", "0", "0", "0", "0", "0", "0", "0", "0", "0", "0", "0", "0", "0", "0", "0", "0", "0", "0", "0", "0", "0", "0", "0", "0", "0", "0", "0", "0", "0", "0", "0", "0", "0", "0", "0", "0", "0", "0", "0", "0", "0", "0", "0", "0", "0", "0", "0", "0", "0", "0", "0", "0", "0", "0", "0", "0", "0", "0", "0", "0", "0", "0", "0", "0", "0", "0", "0", "0", "0", "0", "0", "0", "0", "0", "0", "0", "0", "0", "0", "0", "0", "0", "0", "0", "0", "0", "0", "0", "0", "0", "0", "0", "0", "0", "0", "0", "0", "0", "0", "0", "0", "0", "0", "0", "0", "0", "0", "0", "0", "0", "0", "0", "0"]]}