{"state": {"resTurn": "30", "h": "8", "w": "10", "score": [["2", "5", "3", "6", "1", "1", "6", "3", "5", "2"], ["1", "4", "4", "1", "7", "7", "1", "4", "4", "1"], ["1", "1", "5", "2", "-2", "-2", "2", "5", "1", "1"], ["-4", "5", "2", "-2", "9", "9", "-2", "2", "5", "-4"], ["5", "1", "5", "5", "0", "0", "5", "5", "1", "5"], ["6", "7", "13", "7", "3", "3", "7", "13", "7", "6"], ["2", "1", "3", "-5", "1", "1", "-5", "3", "1", "2"], ["4", "4", "3", "3", "3", "3", "3", "3", "4", "4"]], "color": [["1", "0", "0", "0", "0", "0", "0", "0", "0", "0"], ["1", "1", "1", "1", "1", "0", "0", "0", "0", "0"], ["1", "1", "1", "1", "1", "1", "0", "0", "0", "0"], ["1", "0", "1", "1", "0", "1", "0", "0", "0", "0"], ["1", "1", "0", "1", "2", "1", "1", "2", "0", "0"], ["1", "2", "0", "0", "2", "2", "2", "2", "0", "0"], ["2", "2", "2", "2", "2", "2", "2", "2", "0", "0"], ["0", "2", "2", "2", "2", "2", "2", "2", "0", "0"]], "pos": [{"x": "0", "y": "2"}, {"x": "0", "y": "4"}, {"x": "2", "y": "6"}, {"x": "4", "y": "6"}]}, "q": "0.001406559649361589", "z": "1", "visitCount": [["52", "0", "11", "0", "0", "0", "20", "36", "22", "14", "0", "0", "0", "0", "0", "0", "0", "10", "0", "13", "0", "0", "0", "16", "4", "71", "55", "0", "0", "0", "0", "0", "0", "0", "29", "0", "21", "0", "0", "0", "17", "23", "51", "6", "0", "0", "0", "0", "0", "0", "0", "0", "0", "0", "0", "0", "0", "0", "0", "0", "0", "0", "0", "0", "0", "0", "0", "0", "0", "0", "0", "0", "0", "0", "0", "0", "0", "0", "0", "0", "0", "0", "0", "0", "0", "0", "0", "0", "0", "0", "0", "0", "0", "0", "0", "0", "0", "0", "0", "0", "0", "0", "6", "0", "17", "0", "0", "0", "113", "14", "6", "41", "0", "0", "0", "0", "0", "0", "0", "7", "0", "17", "0", "0", "0", "9", "31", "33", "16", "0", "0", "0", "0", "0", "0", "0", "15", "0", "73", "0", "0", "0", "30", "9", "36", "56", "0", "0", "0", "0", "0", "0", "0", "0", "0", "0", "0", "0", "0", "0", "0", "0", "0", "0", "0", "0", "0", "0", "0", "0", "0", "0", "0", "0", "0", "0", "0", "0", "0", "0", "0", "0", "0", "0", "0", "0", "0", "0", "0", "0", "0", "0", "0", "0", "0", "0", "0", "0", "0", "0", "0", "0", "0", "0", "0", "0", "0", "0", "0", "0", "0", "0", "0", "0", "0", "0", "0", "0", "0", "0", "0", "0", "0", "0", "0", "0", "0", "0", "0", "0", "0", "0", "0", "0", "0", "0", "0", "0", "0", "0", "0", "0", "0", "0", "0", "0", "0", "0", "0", "0", "0", "0", "0", "0", "0", "0", "0", "0", "0", "0", "0", "0", "0", "0", "0", "0", "0", "0", "0", "0", "0", "0", "0", "0", "0", "0", "0", "0", "0", "0", "0", "0", "0", "0", "0", "0", "0", "0", "0"], ["12", "16", "15", "12", "5", "23", "12", "12", "13", "0", "0", "0", "0", "0", "0", "0", "0", "7", "2", "12", "26", "14", "8", "8", "26", "15", "0", "0", "0", "0", "0", "0", "0", "0", "15", "15", "3", "7", "15", "10", "27", "7", "5", "0", "0", "0", "0", "0", "0", "0", "0", "13", "10", "6", "4", "7", "15", "9", "12", "10", "0", "0", "0", "0", "0", "0", "0", "0", "15", "7", "7", "15", "10", "44", "9", "6", "10", "0", "0", "0", "0", "0", "0", "0", "0", "13", "35", "9", "9", "12", "9", "14", "10", "14", "0", "0", "0", "0", "0", "0", "0", "0", "9", "15", "5", "10", "8", "11", "12", "13", "19", "0", "0", "0", "0", "0", "0", "0", "0", "23", "5", "11", "18", "11", "13", "6", "14", "12", "0", "0", "0", "0", "0", "0", "0", "0", "8", "11", "21", "23", "6", "8", "10", "4", "18", "0", "0", "0", "0", "0", "0", "0", "0", "0", "0", "0", "0", "0", "0", "0", "0", "0", "0", "0", "0", "0", "0", "0", "0", "0", "0", "0", "0", "0", "0", "0", "0", "0", "0", "0", "0", "0", "0", "0", "0", "0", "0", "0", "0", "0", "0", "0", "0", "0", "0", "0", "0", "0", "0", "0", "0", "0", "0", "0", "0", "0", "0", "0", "0", "0", "0", "0", "0", "0", "0", "0", "0", "0", "0", "0", "0", "0", "0", "0", "0", "0", "0", "0", "0", "0", "0", "0", "0", "0", "0", "0", "0", "0", "0", "0", "0", "0", "0", "0", "0", "0", "0", "0", "0", "0", "0", "0", "0", "0", "0", "0", "0", "0", "0", "0", "0", "0", "0", "0", "0", "0", "0", "0", "0", "0", "0", "0", "0", "0", "0", "0", "0", "0", "0", "0", "0", "0", "0", "0", "0", "0", "0", "0", "0"]]}