{"state": {"resTurn": "29", "h": "8", "w": "10", "score": [["2", "5", "3", "6", "1", "1", "6", "3", "5", "2"], ["1", "4", "4", "1", "7", "7", "1", "4", "4", "1"], ["1", "1", "5", "2", "-2", "-2", "2", "5", "1", "1"], ["-4", "5", "2", "-2", "9", "9", "-2", "2", "5", "-4"], ["5", "1", "5", "5", "0", "0", "5", "5", "1", "5"], ["6", "7", "13", "7", "3", "3", "7", "13", "7", "6"], ["2", "1", "3", "-5", "1", "1", "-5", "3", "1", "2"], ["4", "4", "3", "3", "3", "3", "3", "3", "4", "4"]], "color": [["1", "0", "0", "0", "0", "0", "0", "0", "0", "0"], ["1", "1", "1", "1", "1", "0", "0", "0", "0", "0"], ["1", "1", "1", "1", "1", "1", "0", "0", "0", "0"], ["1", "0", "1", "1", "0", "1", "0", "0", "0", "0"], ["1", "1", "0", "1", "2", "1", "1", "2", "0", "0"], ["1", "2", "0", "2", "2", "2", "2", "2", "0", "0"], ["2", "2", "2", "2", "2", "2", "2", "2", "0", "0"], ["0", "2", "2", "2", "2", "2", "2", "2", "0", "0"]], "pos": [{"x": "0", "y": "1"}, {"x": "0", "y": "3"}, {"x": "1", "y": "6"}, {"x": "3", "y": "5"}]}, "q": "0.001179996225414595", "z": "1", "visitCount": [["23", "9", "48", "0", "0", "0", "24", "17", "53", "0", "0", "0", "0", "0", "0", "0", "0", "17", "3", "7", "0", "0", "0", "32", "8", "40", "0", "0", "0", "0", "0", "0", "0", "0", "47", "26", "8", "0", "0", "0", "18", "26", "11", "0", "0", "0", "0", "0", "0", "0", "0", "0", "0", "0", "0", "0", "0", "0", "0", "0", "0", "0", "0", "0", "0", "0", "0", "0", "0", "0", "0", "0", "0", "0", "0", "0", "0", "0", "0", "0", "0", "0", "0", "0", "0", "0", "0", "0", "0", "0", "0", "0", "0", "0", "0", "0", "0", "0", "0", "0", "0", "0", "55", "14", "13", "0", "0", "0", "13", "46", "26", "0", "0", "0", "0", "0", "0", "0", "0", "18", "15", "39", "0", "0", "0", "74", "31", "15", "0", "0", "0", "0", "0", "0", "0", "0", "68", "8", "26", "0", "0", "0", "43", "30", "49", "0", "0", "0", "0", "0", "0", "0", "0", "0", "0", "0", "0", "0", "0", "0", "0", "0", "0", "0", "0", "0", "0", "0", "0", "0", "0", "0", "0", "0", "0", "0", "0", "0", "0", "0", "0", "0", "0", "0", "0", "0", "0", "0", "0", "0", "0", "0", "0", "0", "0", "0", "0", "0", "0", "0", "0", "0", "0", "0", "0", "0", "0", "0", "0", "0", "0", "0", "0", "0", "0", "0", "0", "0", "0", "0", "0", "0", "0", "0", "0", "0", "0", "0", "0", "0", "0", "0", "0", "0", "0", "0", "0", "0", "0", "0", "0", "0", "0", "0", "0", "0", "0", "0", "0", "0", "0", "0", "0", "0", "0", "0", "0", "0", "0", "0", "0", "0", "0", "0", "0", "0", "0", "0", "0", "0", "0", "0", "0", "0", "0", "0", "0", "0", "0", "0", "0", "0", "0", "0", "0", "0", "0", "0", "0"], ["24", "12", "4", "16", "5", "11", "0", "15", "11", "0", "0", "0", "0", "0", "26", "0", "0", "10", "10", "12", "14", "12", "14", "0", "12", "13", "0", "0", "0", "0", "0", "4", "0", "0", "12", "30", "11", "11", "4", "10", "0", "26", "16", "0", "0", "0", "0", "0", "14", "0", "0", "4", "10", "25", "9", "17", "6", "0", "6", "9", "0", "0", "0", "0", "0", "9", "0", "0", "15", "6", "28", "14", "11", "4", "0", "10", "13", "0", "0", "0", "0", "0", "7", "0", "0", "0", "0", "0", "0", "0", "0", "0", "0", "0", "0", "0", "0", "0", "0", "0", "0", "0", "5", "23", "27", "11", "13", "10", "0", "21", "5", "0", "0", "0", "0", "0", "29", "0", "0", "13", "10", "17", "6", "18", "13", "0", "17", "5", "0", "0", "0", "0", "0", "5", "0", "0", "13", "8", "7", "31", "11", "10", "0", "16", "11", "0", "0", "0", "0", "0", "9", "0", "0", "0", "0", "0", "0", "0", "0", "0", "0", "0", "0", "0", "0", "0", "0", "0", "0", "0", "0", "0", "0", "0", "0", "0", "0", "0", "0", "0", "0", "0", "0", "0", "0", "0", "0", "0", "0", "0", "0", "0", "0", "0", "0", "0", "0", "0", "0", "0", "0", "0", "0", "0", "0", "0", "0", "0", "0", "0", "0", "0", "0", "0", "0", "0", "0", "0", "0", "0", "0", "4", "9", "4", "7", "9", "12", "0", "16", "8", "0", "0", "0", "0", "0", "5", "0", "0", "0", "0", "0", "0", "0", "0", "0", "0", "0", "0", "0", "0", "0", "0", "0", "0", "0", "0", "0", "0", "0", "0", "0", "0", "0", "0", "0", "0", "0", "0", "0", "0", "0", "0", "0", "0", "0", "0", "0", "0", "0", "0", "0", "0", "0", "0", "0", "0", "0", "0", "0"]]}