{"state": {"resTurn": "28", "h": "8", "w": "10", "score": [["2", "5", "3", "6", "1", "1", "6", "3", "5", "2"], ["1", "4", "4", "1", "7", "7", "1", "4", "4", "1"], ["1", "1", "5", "2", "-2", "-2", "2", "5", "1", "1"], ["-4", "5", "2", "-2", "9", "9", "-2", "2", "5", "-4"], ["5", "1", "5", "5", "0", "0", "5", "5", "1", "5"], ["6", "7", "13", "7", "3", "3", "7", "13", "7", "6"], ["2", "1", "3", "-5", "1", "1", "-5", "3", "1", "2"], ["4", "4", "3", "3", "3", "3", "3", "3", "4", "4"]], "color": [["1", "1", "0", "0", "0", "0", "0", "0", "0", "0"], ["1", "1", "1", "1", "1", "0", "0", "0", "0", "0"], ["1", "1", "1", "1", "1", "1", "0", "0", "0", "0"], ["1", "0", "1", "1", "0", "1", "0", "0", "0", "0"], ["1", "1", "0", "1", "2", "1", "1", "2", "0", "0"], ["1", "2", "0", "2", "2", "2", "2", "2", "0", "0"], ["2", "2", "2", "2", "2", "2", "2", "2", "0", "0"], ["0", "2", "2", "2", "2", "2", "2", "2", "0", "0"]], "pos": [{"x": "1", "y": "0"}, {"x": "0", "y": "2"}, {"x": "1", "y": "6"}, {"x": "3", "y": "5"}]}, "q": "0.0003651055648093497", "z": "1", "visitCount": [["11", "25", "34", "0", "0", "0", "29", "45", "20", "0", "0", "0", "0", "0", "0", "0", "0", "8", "184", "11", "0", "0", "0", "11", "16", "10", "0", "0", "0", "0", "0", "0", "0", "0", "54", "11", "45", "0", "0", "0", "10", "34", "8", "0", "0", "0", "0", "0", "0", "0", "0", "36", "16", "13", "0", "0", "0", "41", "7", "35", "0", "0", "0", "0", "0", "0", "0", "0", "56", "7", "40", "0", "0", "0", "14", "6", "42", "0", "0", "0", "0", "0", "0", "0", "0", "0", "0", "0", "0", "0", "0", "0", "0", "0", "0", "0", "0", "0", "0", "0", "0", "0", "0", "0", "0", "0", "0", "0", "0", "0", "0", "0", "0", "0", "0", "0", "0", "0", "0", "0", "0", "0", "0", "0", "0", "0", "0", "0", "0", "0", "0", "0", "0", "0", "0", "0", "28", "23", "21", "0", "0", "0", "29", "10", "12", "0", "0", "0", "0", "0", "0", "0", "0", "0", "0", "0", "0", "0", "0", "0", "0", "0", "0", "0", "0", "0", "0", "0", "0", "0", "0", "0", "0", "0", "0", "0", "0", "0", "0", "0", "0", "0", "0", "0", "0", "0", "0", "0", "0", "0", "0", "0", "0", "0", "0", "0", "0", "0", "0", "0", "0", "0", "0", "0", "0", "0", "0", "0", "0", "0", "0", "0", "0", "0", "0", "0", "0", "0", "0", "0", "0", "0", "0", "0", "0", "0", "0", "0", "0", "0", "0", "0", "0", "0", "0", "0", "0", "0", "0", "0", "0", "0", "0", "0", "0", "0", "0", "0", "0", "0", "0", "0", "0", "0", "0", "0", "0", "0", "0", "0", "0", "0", "0", "0", "0", "0", "0", "0", "0", "0", "0", "0", "0", "0", "0", "0", "0", "0", "0", "0", "0", "0", "0", "0", "0", "0", "0", "0", "0"], ["10", "10", "3", "10", "29", "5", "0", "8", "5", "0", "0", "0", "0", "0", "10", "0", "0", "14", "5", "11", "8", "11", "8", "0", "8", "9", "0", "0", "0", "0", "0", "7", "0", "0", "10", "11", "4", "10", "13", "16", "0", "29", "8", "0", "0", "0", "0", "0", "14", "0", "0", "9", "5", "6", "22", "13", "15", "0", "7", "19", "0", "0", "0", "0", "0", "28", "0", "0", "7", "22", "14", "7", "8", "25", "0", "19", "15", "0", "0", "0", "0", "0", "9", "0", "0", "0", "0", "0", "0", "0", "0", "0", "0", "0", "0", "0", "0", "0", "0", "0", "0", "0", "14", "4", "22", "22", "9", "16", "0", "6", "20", "0", "0", "0", "0", "0", "10", "0", "0", "16", "12", "14", "8", "7", "4", "0", "2", "20", "0", "0", "0", "0", "0", "27", "0", "0", "11", "16", "35", "11", "19", "17", "0", "11", "9", "0", "0", "0", "0", "0", "7", "0", "0", "0", "0", "0", "0", "0", "0", "0", "0", "0", "0", "0", "0", "0", "0", "0", "0", "0", "0", "0", "0", "0", "0", "0", "0", "0", "0", "0", "0", "0", "0", "0", "0", "0", "0", "0", "0", "0", "0", "0", "0", "0", "0", "0", "0", "0", "0", "0", "0", "0", "0", "0", "0", "0", "0", "0", "0", "0", "0", "0", "0", "0", "0", "0", "0", "0", "0", "0", "0", "5", "5", "18", "20", "11", "9", "0", "4", "11", "0", "0", "0", "0", "0", "14", "0", "0", "0", "0", "0", "0", "0", "0", "0", "0", "0", "0", "0", "0", "0", "0", "0", "0", "0", "0", "0", "0", "0", "0", "0", "0", "0", "0", "0", "0", "0", "0", "0", "0", "0", "0", "0", "0", "0", "0", "0", "0", "0", "0", "0", "0", "0", "0", "0", "0", "0", "0", "0"]]}