{"state": {"resTurn": "27", "h": "8", "w": "10", "score": [["2", "5", "3", "6", "1", "1", "6", "3", "5", "2"], ["1", "4", "4", "1", "7", "7", "1", "4", "4", "1"], ["1", "1", "5", "2", "-2", "-2", "2", "5", "1", "1"], ["-4", "5", "2", "-2", "9", "9", "-2", "2", "5", "-4"], ["5", "1", "5", "5", "0", "0", "5", "5", "1", "5"], ["6", "7", "13", "7", "3", "3", "7", "13", "7", "6"], ["2", "1", "3", "-5", "1", "1", "-5", "3", "1", "2"], ["4", "4", "3", "3", "3", "3", "3", "3", "4", "4"]], "color": [["1", "1", "0", "0", "0", "0", "0", "0", "0", "0"], ["1", "1", "1", "1", "1", "0", "0", "0", "0", "0"], ["1", "1", "1", "1", "1", "1", "0", "0", "0", "0"], ["1", "1", "1", "1", "0", "1", "0", "0", "0", "0"], ["1", "1", "0", "1", "2", "1", "1", "2", "0", "0"], ["1", "2", "0", "2", "2", "2", "2", "2", "0", "0"], ["2", "2", "2", "2", "2", "2", "2", "2", "0", "0"], ["0", "2", "2", "2", "2", "2", "2", "2", "0", "0"]], "pos": [{"x": "2", "y": "1"}, {"x": "1", "y": "3"}, {"x": "2", "y": "6"}, {"x": "3", "y": "6"}]}, "q": "0.001533799747473826", "z": "1", "visitCount": [["13", "19", "12", "8", "13", "7", "20", "11", "13", "0", "0", "0", "0", "0", "0", "0", "0", "6", "12", "9", "11", "10", "9", "9", "5", "10", "0", "0", "0", "0", "0", "0", "0", "0", "15", "4", "6", "13", "5", "7", "15", "18", "16", "0", "0", "0", "0", "0", "0", "0", "0", "13", "17", "9", "9", "5", "5", "18", "13", "5", "0", "0", "0", "0", "0", "0", "0", "0", "8", "31", "11", "24", "9", "14", "11", "12", "15", "0", "0", "0", "0", "0", "0", "0", "0", "5", "28", "14", "16", "7", "12", "18", "10", "11", "0", "0", "0", "0", "0", "0", "0", "0", "13", "5", "9", "7", "17", "14", "26", "14", "25", "0", "0", "0", "0", "0", "0", "0", "0", "14", "19", "10", "18", "34", "10", "7", "10", "10", "0", "0", "0", "0", "0", "0", "0", "0", "10", "7", "5", "8", "13", "21", "3", "11", "17", "0", "0", "0", "0", "0", "0", "0", "0", "0", "0", "0", "0", "0", "0", "0", "0", "0", "0", "0", "0", "0", "0", "0", "0", "0", "0", "0", "0", "0", "0", "0", "0", "0", "0", "0", "0", "0", "0", "0", "0", "0", "0", "0", "0", "0", "0", "0", "0", "0", "0", "0", "0", "0", "0", "0", "0", "0", "0", "0", "0", "0", "0", "0", "0", "0", "0", "0", "0", "0", "0", "0", "0", "0", "0", "0", "0", "0", "0", "0", "0", "0", "0", "0", "0", "0", "0", "0", "0", "0", "0", "0", "0", "0", "0", "0", "0", "0", "0", "0", "0", "0", "0", "0", "0", "0", "0", "0", "0", "0", "0", "0", "0", "0", "0", "0", "0", "0", "0", "0", "0", "0", "0", "0", "0", "0", "0", "0", "0", "0", "0", "0", "0", "0", "0", "0", "0", "0", "0", "0", "0", "0", "0", "0", "0"], ["19", "22", "24", "22", "19", "4", "3", "24", "12", "0", "0", "0", "0", "0", "0", "0", "0", "10", "7", "14", "4", "20", "28", "11", "5", "15", "0", "0", "0", "0", "0", "0", "0", "0", "5", "11", "2", "26", "11", "13", "6", "15", "11", "0", "0", "0", "0", "0", "0", "0", "0", "16", "13", "4", "12", "10", "3", "15", "4", "14", "0", "0", "0", "0", "0", "0", "0", "0", "18", "8", "13", "6", "9", "6", "22", "25", "5", "0", "0", "0", "0", "0", "0", "0", "0", "13", "7", "10", "11", "14", "14", "3", "6", "11", "0", "0", "0", "0", "0", "0", "0", "0", "8", "8", "12", "11", "11", "29", "7", "21", "11", "0", "0", "0", "0", "0", "0", "0", "0", "9", "12", "12", "16", "18", "15", "14", "8", "10", "0", "0", "0", "0", "0", "0", "0", "0", "7", "17", "8", "23", "4", "15", "10", "10", "22", "0", "0", "0", "0", "0", "0", "0", "0", "0", "0", "0", "0", "0", "0", "0", "0", "0", "0", "0", "0", "0", "0", "0", "0", "0", "0", "0", "0", "0", "0", "0", "0", "0", "0", "0", "0", "0", "0", "0", "0", "0", "0", "0", "0", "0", "0", "0", "0", "0", "0", "0", "0", "0", "0", "0", "0", "0", "0", "0", "0", "0", "0", "0", "0", "0", "0", "0", "0", "0", "0", "0", "0", "0", "0", "0", "0", "0", "0", "0", "0", "0", "0", "0", "0", "0", "0", "0", "0", "0", "0", "0", "0", "0", "0", "0", "0", "0", "0", "0", "0", "0", "0", "0", "0", "0", "0", "0", "0", "0", "0", "0", "0", "0", "0", "0", "0", "0", "0", "0", "0", "0", "0", "0", "0", "0", "0", "0", "0", "0", "0", "0", "0", "0", "0", "0", "0", "0", "0", "0", "0", "0", "0", "0", "0"]]}