{"state": {"resTurn": "26", "h": "8", "w": "10", "score": [["2", "5", "3", "6", "1", "1", "6", "3", "5", "2"], ["1", "4", "4", "1", "7", "7", "1", "4", "4", "1"], ["1", "1", "5", "2", "-2", "-2", "2", "5", "1", "1"], ["-4", "5", "2", "-2", "9", "9", "-2", "2", "5", "-4"], ["5", "1", "5", "5", "0", "0", "5", "5", "1", "5"], ["6", "7", "13", "7", "3", "3", "7", "13", "7", "6"], ["2", "1", "3", "-5", "1", "1", "-5", "3", "1", "2"], ["4", "4", "3", "3", "3", "3", "3", "3", "4", "4"]], "color": [["1", "1", "0", "1", "0", "0", "0", "0", "0", "0"], ["1", "1", "1", "1", "1", "0", "0", "0", "0", "0"], ["1", "1", "1", "1", "1", "1", "0", "0", "0", "0"], ["1", "1", "1", "1", "0", "1", "0", "0", "0", "0"], ["1", "1", "0", "1", "2", "1", "1", "2", "0", "0"], ["1", "2", "0", "2", "2", "2", "2", "2", "0", "0"], ["2", "2", "2", "2", "2", "2", "2", "2", "0", "0"], ["0", "2", "2", "2", "2", "2", "2", "2", "0", "0"]], "pos": [{"x": "3", "y": "0"}, {"x": "0", "y": "3"}, {"x": "2", "y": "6"}, {"x": "3", "y": "6"}]}, "q": "0.001452503977161597", "z": "1", "visitCount": [["34", "14", "36", "0", "0", "0", "21", "6", "12", "0", "0", "0", "0", "0", "0", "0", "0", "13", "13", "49", "0", "0", "0", "17", "34", "8", "0", "0", "0", "0", "0", "0", "0", "0", "65", "21", "80", "0", "0", "0", "14", "13", "29", "0", "0", "0", "0", "0", "0", "0", "0", "62", "17", "34", "0", "0", "0", "15", "38", "11", "0", "0", "0", "0", "0", "0", "0", "0", "47", "58", "56", "0", "0", "0", "14", "21", "43", "0", "0", "0", "0", "0", "0", "0", "0", "0", "0", "0", "0", "0", "0", "0", "0", "0", "0", "0", "0", "0", "0", "0", "0", "0", "0", "0", "0", "0", "0", "0", "0", "0", "0", "0", "0", "0", "0", "0", "0", "0", "0", "0", "0", "0", "0", "0", "0", "0", "0", "0", "0", "0", "0", "0", "0", "0", "0", "0", "16", "22", "12", "0", "0", "0", "16", "19", "20", "0", "0", "0", "0", "0", "0", "0", "0", "0", "0", "0", "0", "0", "0", "0", "0", "0", "0", "0", "0", "0", "0", "0", "0", "0", "0", "0", "0", "0", "0", "0", "0", "0", "0", "0", "0", "0", "0", "0", "0", "0", "0", "0", "0", "0", "0", "0", "0", "0", "0", "0", "0", "0", "0", "0", "0", "0", "0", "0", "0", "0", "0", "0", "0", "0", "0", "0", "0", "0", "0", "0", "0", "0", "0", "0", "0", "0", "0", "0", "0", "0", "0", "0", "0", "0", "0", "0", "0", "0", "0", "0", "0", "0", "0", "0", "0", "0", "0", "0", "0", "0", "0", "0", "0", "0", "0", "0", "0", "0", "0", "0", "0", "0", "0", "0", "0", "0", "0", "0", "0", "0", "0", "0", "0", "0", "0", "0", "0", "0", "0", "0", "0", "0", "0", "0", "0", "0", "0", "0", "0", "0", "0", "0", "0"], ["20", "7", "11", "7", "6", "11", "20", "12", "4", "0", "0", "0", "0", "0", "0", "0", "0", "8", "24", "14", "25", "15", "18", "8", "20", "18", "0", "0", "0", "0", "0", "0", "0", "0", "21", "6", "20", "14", "17", "4", "11", "24", "7", "0", "0", "0", "0", "0", "0", "0", "0", "4", "12", "8", "8", "5", "16", "9", "6", "19", "0", "0", "0", "0", "0", "0", "0", "0", "20", "4", "15", "21", "14", "6", "10", "10", "7", "0", "0", "0", "0", "0", "0", "0", "0", "13", "7", "19", "8", "21", "4", "7", "6", "6", "0", "0", "0", "0", "0", "0", "0", "0", "16", "16", "10", "13", "20", "8", "7", "7", "10", "0", "0", "0", "0", "0", "0", "0", "0", "12", "7", "8", "13", "27", "12", "12", "11", "16", "0", "0", "0", "0", "0", "0", "0", "0", "21", "7", "27", "10", "9", "12", "10", "9", "13", "0", "0", "0", "0", "0", "0", "0", "0", "0", "0", "0", "0", "0", "0", "0", "0", "0", "0", "0", "0", "0", "0", "0", "0", "0", "0", "0", "0", "0", "0", "0", "0", "0", "0", "0", "0", "0", "0", "0", "0", "0", "0", "0", "0", "0", "0", "0", "0", "0", "0", "0", "0", "0", "0", "0", "0", "0", "0", "0", "0", "0", "0", "0", "0", "0", "0", "0", "0", "0", "0", "0", "0", "0", "0", "0", "0", "0", "0", "0", "0", "0", "0", "0", "0", "0", "0", "0", "0", "0", "0", "0", "0", "0", "0", "0", "0", "0", "0", "0", "0", "0", "0", "0", "0", "0", "0", "0", "0", "0", "0", "0", "0", "0", "0", "0", "0", "0", "0", "0", "0", "0", "0", "0", "0", "0", "0", "0", "0", "0", "0", "0", "0", "0", "0", "0", "0", "0", "0", "0", "0", "0", "0", "0", "0"]]}