{"state": {"resTurn": "25", "h": "8", "w": "10", "score": [["2", "5", "3", "6", "1", "1", "6", "3", "5", "2"], ["1", "4", "4", "1", "7", "7", "1", "4", "4", "1"], ["1", "1", "5", "2", "-2", "-2", "2", "5", "1", "1"], ["-4", "5", "2", "-2", "9", "9", "-2", "2", "5", "-4"], ["5", "1", "5", "5", "0", "0", "5", "5", "1", "5"], ["6", "7", "13", "7", "3", "3", "7", "13", "7", "6"], ["2", "1", "3", "-5", "1", "1", "-5", "3", "1", "2"], ["4", "4", "3", "3", "3", "3", "3", "3", "4", "4"]], "color": [["1", "1", "0", "1", "0", "0", "0", "0", "0", "0"], ["1", "1", "1", "1", "1", "0", "0", "0", "0", "0"], ["1", "1", "1", "1", "1", "1", "0", "0", "0", "0"], ["1", "1", "1", "1", "0", "1", "0", "0", "0", "0"], ["1", "1", "0", "1", "2", "1", "1", "2", "0", "0"], ["1", "2", "0", "2", "2", "2", "2", "2", "0", "0"], ["2", "2", "2", "2", "2", "2", "2", "2", "0", "0"], ["0", "2", "2", "2", "2", "2", "2", "2", "0", "0"]], "pos": [{"x": "3", "y": "1"}, {"x": "0", "y": "4"}, {"x": "3", "y": "5"}, {"x": "2", "y": "6"}]}, "q": "0.001997416300680217", "z": "1", "visitCount": [["17", "0", "28", "0", "0", "0", "11", "26", "6", "26", "0", "0", "0", "0", "0", "0", "0", "8", "0", "6", "0", "0", "0", "21", "47", "18", "22", "0", "0", "0", "0", "0", "0", "0", "19", "0", "19", "0", "0", "0", "11", "7", "19", "83", "0", "0", "0", "0", "0", "0", "0", "18", "0", "4", "0", "0", "0", "5", "27", "41", "8", "0", "0", "0", "0", "0", "0", "0", "10", "0", "51", "0", "0", "0", "16", "19", "17", "26", "0", "0", "0", "0", "0", "0", "0", "10", "0", "8", "0", "0", "0", "20", "9", "17", "13", "0", "0", "0", "0", "0", "0", "0", "22", "0", "10", "0", "0", "0", "11", "12", "15", "9", "0", "0", "0", "0", "0", "0", "0", "15", "0", "9", "0", "0", "0", "8", "32", "12", "10", "0", "0", "0", "0", "0", "0", "0", "17", "0", "9", "0", "0", "0", "27", "11", "12", "48", "0", "0", "0", "0", "0", "0", "0", "0", "0", "0", "0", "0", "0", "0", "0", "0", "0", "0", "0", "0", "0", "0", "0", "0", "0", "0", "0", "0", "0", "0", "0", "0", "0", "0", "0", "0", "0", "0", "0", "0", "0", "0", "0", "0", "0", "0", "0", "0", "0", "0", "0", "0", "0", "0", "0", "0", "0", "0", "0", "0", "0", "0", "0", "0", "0", "0", "0", "0", "0", "0", "0", "0", "0", "0", "0", "0", "0", "0", "0", "0", "0", "0", "0", "0", "0", "0", "0", "0", "0", "0", "0", "0", "0", "0", "0", "0", "0", "0", "0", "0", "0", "0", "0", "0", "0", "0", "0", "0", "0", "0", "0", "0", "0", "0", "0", "0", "0", "0", "0", "0", "0", "0", "0", "0", "0", "0", "0", "0", "0", "0", "0", "0", "0", "0", "0", "0", "0", "0", "0", "0", "0", "0", "0"], ["27", "24", "7", "15", "17", "14", "11", "14", "6", "0", "0", "0", "0", "0", "0", "0", "0", "10", "22", "7", "9", "11", "18", "19", "15", "13", "0", "0", "0", "0", "0", "0", "0", "0", "13", "14", "5", "26", "20", "11", "11", "10", "6", "0", "0", "0", "0", "0", "0", "0", "0", "4", "9", "18", "10", "15", "5", "24", "19", "25", "0", "0", "0", "0", "0", "0", "0", "0", "11", "14", "7", "17", "6", "6", "20", "38", "12", "0", "0", "0", "0", "0", "0", "0", "0", "12", "3", "10", "12", "13", "10", "14", "5", "6", "0", "0", "0", "0", "0", "0", "0", "0", "0", "0", "0", "0", "0", "0", "0", "0", "0", "0", "0", "0", "0", "0", "0", "0", "0", "5", "7", "7", "10", "15", "8", "8", "17", "7", "0", "0", "0", "0", "0", "0", "0", "0", "5", "13", "9", "8", "11", "14", "4", "18", "3", "0", "0", "0", "0", "0", "0", "0", "0", "0", "0", "0", "0", "0", "0", "0", "0", "0", "0", "0", "0", "0", "0", "0", "0", "0", "0", "0", "0", "0", "0", "0", "0", "0", "0", "0", "0", "0", "0", "0", "0", "0", "0", "0", "0", "0", "0", "0", "0", "0", "0", "0", "0", "0", "0", "0", "0", "0", "0", "0", "0", "0", "0", "0", "0", "0", "0", "0", "0", "0", "0", "0", "0", "0", "0", "0", "0", "0", "0", "0", "0", "0", "0", "0", "0", "0", "0", "0", "0", "0", "0", "0", "0", "0", "9", "16", "5", "6", "29", "9", "16", "13", "10", "0", "0", "0", "0", "0", "0", "0", "0", "0", "0", "0", "0", "0", "0", "0", "0", "0", "0", "0", "0", "0", "0", "0", "0", "0", "0", "0", "0", "0", "0", "0", "0", "0", "0", "0", "0", "0", "0", "0", "0", "0", "0"]]}