{"state": {"resTurn": "24", "h": "8", "w": "10", "score": [["2", "5", "3", "6", "1", "1", "6", "3", "5", "2"], ["1", "4", "4", "1", "7", "7", "1", "4", "4", "1"], ["1", "1", "5", "2", "-2", "-2", "2", "5", "1", "1"], ["-4", "5", "2", "-2", "9", "9", "-2", "2", "5", "-4"], ["5", "1", "5", "5", "0", "0", "5", "5", "1", "5"], ["6", "7", "13", "7", "3", "3", "7", "13", "7", "6"], ["2", "1", "3", "-5", "1", "1", "-5", "3", "1", "2"], ["4", "4", "3", "3", "3", "3", "3", "3", "4", "4"]], "color": [["1", "1", "0", "1", "0", "0", "0", "0", "0", "0"], ["1", "1", "1", "1", "1", "0", "0", "0", "0", "0"], ["1", "1", "1", "1", "1", "1", "0", "0", "0", "0"], ["1", "1", "1", "1", "0", "1", "0", "0", "0", "0"], ["1", "1", "0", "1", "2", "1", "1", "2", "0", "0"], ["1", "0", "2", "2", "2", "2", "2", "2", "0", "0"], ["2", "2", "2", "2", "2", "2", "2", "2", "0", "0"], ["0", "2", "2", "2", "2", "2", "2", "2", "0", "0"]], "pos": [{"x": "3", "y": "2"}, {"x": "0", "y": "4"}, {"x": "2", "y": "5"}, {"x": "3", "y": "5"}]}, "q": "0.000475586234005102", "z": "1", "visitCount": [["11", "11", "22", "0", "0", "0", "30", "19", "6", "0", "0", "0", "0", "0", "0", "0", "0", "12", "4", "10", "0", "0", "0", "42", "13", "18", "0", "0", "0", "0", "0", "0", "0", "0", "32", "28", "22", "0", "0", "0", "32", "16", "20", "0", "0", "0", "0", "0", "0", "0", "0", "41", "6", "13", "0", "0", "0", "11", "30", "25", "0", "0", "0", "0", "0", "0", "0", "0", "30", "8", "42", "0", "0", "0", "26", "25", "28", "0", "0", "0", "0", "0", "0", "0", "0", "5", "6", "10", "0", "0", "0", "11", "20", "4", "0", "0", "0", "0", "0", "0", "0", "0", "17", "5", "14", "0", "0", "0", "21", "62", "8", "0", "0", "0", "0", "0", "0", "0", "0", "32", "3", "14", "0", "0", "0", "5", "27", "13", "0", "0", "0", "0", "0", "0", "0", "0", "9", "13", "12", "0", "0", "0", "19", "27", "11", "0", "0", "0", "0", "0", "0", "0", "0", "0", "0", "0", "0", "0", "0", "0", "0", "0", "0", "0", "0", "0", "0", "0", "0", "0", "0", "0", "0", "0", "0", "0", "0", "0", "0", "0", "0", "0", "0", "0", "0", "0", "0", "0", "0", "0", "0", "0", "0", "0", "0", "0", "0", "0", "0", "0", "0", "0", "0", "0", "0", "0", "0", "0", "0", "0", "0", "0", "0", "0", "0", "0", "0", "0", "0", "0", "0", "0", "0", "0", "0", "0", "0", "0", "0", "0", "0", "0", "0", "0", "0", "0", "0", "0", "0", "0", "0", "0", "0", "0", "0", "0", "0", "0", "0", "0", "0", "0", "0", "0", "0", "0", "0", "0", "0", "0", "0", "0", "0", "0", "0", "0", "0", "0", "0", "0", "0", "0", "0", "0", "0", "0", "0", "0", "0", "0", "0", "0", "0", "0", "0", "0", "0", "0", "0"], ["12", "10", "10", "10", "10", "6", "0", "16", "13", "0", "0", "0", "0", "0", "6", "0", "0", "14", "3", "20", "6", "16", "35", "0", "7", "15", "0", "0", "0", "0", "0", "13", "0", "0", "17", "8", "7", "5", "8", "7", "0", "11", "13", "0", "0", "0", "0", "0", "7", "0", "0", "35", "28", "9", "7", "14", "7", "0", "7", "15", "0", "0", "0", "0", "0", "9", "0", "0", "20", "19", "21", "15", "8", "20", "0", "8", "17", "0", "0", "0", "0", "0", "11", "0", "0", "0", "0", "0", "0", "0", "0", "0", "0", "0", "0", "0", "0", "0", "0", "0", "0", "0", "21", "17", "9", "20", "15", "12", "0", "6", "7", "0", "0", "0", "0", "0", "5", "0", "0", "0", "0", "0", "0", "0", "0", "0", "0", "0", "0", "0", "0", "0", "0", "0", "0", "0", "14", "14", "6", "7", "17", "15", "0", "3", "9", "0", "0", "0", "0", "0", "6", "0", "0", "0", "0", "0", "0", "0", "0", "0", "0", "0", "0", "0", "0", "0", "0", "0", "0", "0", "0", "0", "0", "0", "0", "0", "0", "0", "0", "0", "0", "0", "0", "0", "0", "0", "0", "0", "0", "0", "0", "0", "0", "0", "0", "0", "0", "0", "0", "0", "0", "0", "0", "0", "0", "0", "0", "0", "0", "0", "0", "0", "0", "0", "0", "0", "0", "0", "0", "0", "0", "8", "9", "14", "17", "11", "18", "0", "14", "5", "0", "0", "0", "0", "0", "4", "0", "0", "0", "0", "0", "0", "0", "0", "0", "0", "0", "0", "0", "0", "0", "0", "0", "0", "0", "4", "18", "22", "13", "13", "4", "0", "7", "22", "0", "0", "0", "0", "0", "20", "0", "0", "0", "0", "0", "0", "0", "0", "0", "0", "0", "0", "0", "0", "0", "0", "0", "0", "0"]]}