{"state": {"resTurn": "23", "h": "8", "w": "10", "score": [["2", "5", "3", "6", "1", "1", "6", "3", "5", "2"], ["1", "4", "4", "1", "7", "7", "1", "4", "4", "1"], ["1", "1", "5", "2", "-2", "-2", "2", "5", "1", "1"], ["-4", "5", "2", "-2", "9", "9", "-2", "2", "5", "-4"], ["5", "1", "5", "5", "0", "0", "5", "5", "1", "5"], ["6", "7", "13", "7", "3", "3", "7", "13", "7", "6"], ["2", "1", "3", "-5", "1", "1", "-5", "3", "1", "2"], ["4", "4", "3", "3", "3", "3", "3", "3", "4", "4"]], "color": [["1", "1", "0", "1", "0", "0", "0", "0", "0", "0"], ["1", "1", "1", "1", "1", "0", "0", "0", "0", "0"], ["1", "1", "1", "1", "1", "1", "0", "0", "0", "0"], ["1", "1", "1", "1", "0", "1", "0", "0", "0", "0"], ["1", "1", "2", "1", "2", "1", "1", "2", "0", "0"], ["1", "0", "2", "2", "2", "2", "2", "2", "0", "0"], ["2", "2", "2", "2", "2", "2", "2", "2", "0", "0"], ["0", "2", "2", "2", "2", "2", "2", "2", "0", "0"]], "pos": [{"x": "3", "y": "1"}, {"x": "1", "y": "3"}, {"x": "3", "y": "6"}, {"x": "2", "y": "4"}]}, "q": "0.001890490029049395", "z": "1", "visitCount": [["16", "0", "17", "15", "4", "15", "5", "6", "11", "10", "0", "0", "0", "0", "0", "0", "0", "5", "0", "10", "19", "22", "4", "11", "24", "16", "17", "0", "0", "0", "0", "0", "0", "0", "10", "0", "11", "26", "18", "13", "8", "12", "7", "8", "0", "0", "0", "0", "0", "0", "0", "18", "0", "8", "12", "2", "15", "12", "13", "8", "12", "0", "0", "0", "0", "0", "0", "0", "8", "0", "7", "15", "6", "16", "16", "17", "2", "13", "0", "0", "0", "0", "0", "0", "0", "6", "0", "11", "13", "15", "24", "7", "10", "7", "12", "0", "0", "0", "0", "0", "0", "0", "24", "0", "5", "8", "4", "8", "25", "14", "12", "23", "0", "0", "0", "0", "0", "0", "0", "11", "0", "8", "11", "11", "20", "26", "8", "8", "27", "0", "0", "0", "0", "0", "0", "0", "14", "0", "17", "7", "8", "8", "9", "16", "9", "14", "0", "0", "0", "0", "0", "0", "0", "0", "0", "0", "0", "0", "0", "0", "0", "0", "0", "0", "0", "0", "0", "0", "0", "0", "0", "0", "0", "0", "0", "0", "0", "0", "0", "0", "0", "0", "0", "0", "0", "0", "0", "0", "0", "0", "0", "0", "0", "0", "0", "0", "0", "0", "0", "0", "0", "0", "0", "0", "0", "0", "0", "0", "0", "0", "0", "0", "0", "0", "0", "0", "0", "0", "0", "0", "0", "0", "0", "0", "0", "0", "0", "0", "0", "0", "0", "0", "0", "0", "0", "0", "0", "0", "0", "0", "0", "0", "0", "0", "0", "0", "0", "0", "0", "0", "0", "0", "0", "0", "0", "0", "0", "0", "0", "0", "0", "0", "0", "0", "0", "0", "0", "0", "0", "0", "0", "0", "0", "0", "0", "0", "0", "0", "0", "0", "0", "0", "0", "0", "0", "0", "0", "0", "0"], ["20", "20", "4", "7", "0", "0", "0", "0", "0", "0", "0", "0", "9", "16", "19", "19", "9", "6", "27", "6", "17", "0", "0", "0", "0", "0", "0", "0", "0", "9", "5", "9", "11", "10", "5", "6", "7", "9", "0", "0", "0", "0", "0", "0", "0", "0", "5", "17", "9", "8", "11", "20", "11", "12", "12", "0", "0", "0", "0", "0", "0", "0", "0", "10", "23", "9", "16", "5", "21", "6", "7", "9", "0", "0", "0", "0", "0", "0", "0", "0", "11", "16", "9", "12", "12", "40", "3", "11", "7", "0", "0", "0", "0", "0", "0", "0", "0", "22", "7", "31", "22", "13", "11", "15", "8", "5", "0", "0", "0", "0", "0", "0", "0", "0", "15", "13", "15", "16", "26", "12", "6", "9", "11", "0", "0", "0", "0", "0", "0", "0", "0", "4", "8", "3", "27", "10", "8", "8", "22", "12", "0", "0", "0", "0", "0", "0", "0", "0", "14", "15", "10", "12", "8", "0", "0", "0", "0", "0", "0", "0", "0", "0", "0", "0", "0", "0", "0", "0", "0", "0", "0", "0", "0", "0", "0", "0", "0", "0", "0", "0", "0", "0", "0", "0", "0", "0", "0", "0", "0", "0", "0", "0", "0", "0", "0", "0", "0", "0", "0", "0", "0", "0", "0", "0", "0", "0", "0", "0", "0", "0", "0", "0", "0", "0", "0", "0", "0", "0", "0", "0", "0", "0", "0", "0", "0", "0", "0", "0", "0", "0", "0", "0", "0", "0", "0", "0", "0", "0", "0", "0", "0", "0", "0", "0", "0", "0", "0", "0", "0", "0", "0", "0", "0", "0", "0", "0", "0", "0", "0", "0", "0", "0", "0", "0", "0", "0", "0", "0", "0", "0", "0", "0", "0", "0", "0", "0", "0", "0", "0", "0", "0", "0", "0", "0", "0", "0", "0", "0", "0"]]}