{"state": {"resTurn": "22", "h": "8", "w": "10", "score": [["2", "5", "3", "6", "1", "1", "6", "3", "5", "2"], ["1", "4", "4", "1", "7", "7", "1", "4", "4", "1"], ["1", "1", "5", "2", "-2", "-2", "2", "5", "1", "1"], ["-4", "5", "2", "-2", "9", "9", "-2", "2", "5", "-4"], ["5", "1", "5", "5", "0", "0", "5", "5", "1", "5"], ["6", "7", "13", "7", "3", "3", "7", "13", "7", "6"], ["2", "1", "3", "-5", "1", "1", "-5", "3", "1", "2"], ["4", "4", "3", "3", "3", "3", "3", "3", "4", "4"]], "color": [["1", "1", "0", "1", "1", "0", "0", "0", "0", "0"], ["1", "1", "1", "1", "1", "0", "0", "0", "0", "0"], ["1", "1", "1", "1", "1", "1", "0", "0", "0", "0"], ["1", "1", "1", "1", "0", "1", "0", "0", "0", "0"], ["1", "1", "2", "1", "2", "1", "1", "2", "0", "0"], ["1", "0", "2", "2", "2", "2", "2", "2", "0", "0"], ["2", "2", "2", "2", "2", "2", "2", "2", "0", "0"], ["0", "2", "2", "2", "2", "2", "2", "2", "0", "0"]], "pos": [{"x": "4", "y": "0"}, {"x": "1", "y": "3"}, {"x": "2", "y": "5"}, {"x": "2", "y": "4"}]}, "q": "0.00127684065005451", "z": "1", "visitCount": [["20", "0", "15", "9", "17", "19", "11", "9", "7", "21", "0", "0", "0", "0", "0", "0", "0", "17", "0", "8", "21", "25", "21", "38", "38", "14", "18", "0", "0", "0", "0", "0", "0", "0", "14", "0", "26", "14", "10", "7", "29", "10", "28", "24", "0", "0", "0", "0", "0", "0", "0", "10", "0", "35", "16", "10", "4", "27", "6", "11", "24", "0", "0", "0", "0", "0", "0", "0", "31", "0", "24", "19", "9", "32", "21", "24", "15", "10", "0", "0", "0", "0", "0", "0", "0", "0", "0", "0", "0", "0", "0", "0", "0", "0", "0", "0", "0", "0", "0", "0", "0", "0", "0", "0", "0", "0", "0", "0", "0", "0", "0", "0", "0", "0", "0", "0", "0", "0", "0", "0", "0", "0", "0", "0", "0", "0", "0", "0", "0", "0", "0", "0", "0", "0", "0", "0", "24", "0", "21", "6", "30", "21", "47", "13", "15", "5", "0", "0", "0", "0", "0", "0", "0", "0", "0", "0", "0", "0", "0", "0", "0", "0", "0", "0", "0", "0", "0", "0", "0", "0", "0", "0", "0", "0", "0", "0", "0", "0", "0", "0", "0", "0", "0", "0", "0", "0", "0", "0", "0", "0", "0", "0", "0", "0", "0", "0", "0", "0", "0", "0", "0", "0", "0", "0", "0", "0", "0", "0", "0", "0", "0", "0", "0", "0", "0", "0", "0", "0", "0", "0", "0", "0", "0", "0", "0", "0", "0", "0", "0", "0", "0", "0", "0", "0", "0", "0", "0", "0", "0", "0", "0", "0", "0", "0", "0", "0", "0", "0", "0", "0", "0", "0", "0", "0", "0", "0", "0", "0", "0", "0", "0", "0", "0", "0", "0", "0", "0", "0", "0", "0", "0", "0", "0", "0", "0", "0", "0", "0", "0", "0", "0", "0", "0", "0", "0", "0", "0", "0", "0"], ["22", "9", "8", "24", "0", "0", "0", "0", "0", "0", "0", "0", "19", "10", "6", "7", "14", "2", "11", "15", "18", "0", "0", "0", "0", "0", "0", "0", "0", "14", "14", "7", "9", "20", "5", "3", "10", "15", "0", "0", "0", "0", "0", "0", "0", "0", "6", "28", "15", "6", "4", "12", "17", "15", "19", "0", "0", "0", "0", "0", "0", "0", "0", "19", "28", "16", "32", "10", "13", "13", "38", "7", "0", "0", "0", "0", "0", "0", "0", "0", "12", "15", "11", "11", "8", "0", "0", "0", "0", "0", "0", "0", "0", "0", "0", "0", "0", "0", "0", "0", "0", "0", "9", "15", "28", "20", "0", "0", "0", "0", "0", "0", "0", "0", "7", "2", "9", "9", "7", "0", "0", "0", "0", "0", "0", "0", "0", "0", "0", "0", "0", "0", "0", "0", "0", "0", "9", "7", "14", "14", "0", "0", "0", "0", "0", "0", "0", "0", "9", "9", "5", "3", "8", "0", "0", "0", "0", "0", "0", "0", "0", "0", "0", "0", "0", "0", "0", "0", "0", "0", "0", "0", "0", "0", "0", "0", "0", "0", "0", "0", "0", "0", "0", "0", "0", "0", "0", "0", "0", "0", "0", "0", "0", "0", "0", "0", "0", "0", "0", "0", "0", "0", "0", "0", "0", "0", "0", "0", "0", "0", "0", "0", "0", "0", "0", "0", "0", "0", "0", "0", "0", "12", "11", "16", "9", "0", "0", "0", "0", "0", "0", "0", "0", "10", "12", "9", "13", "5", "0", "0", "0", "0", "0", "0", "0", "0", "0", "0", "0", "0", "0", "0", "0", "0", "0", "7", "21", "4", "6", "0", "0", "0", "0", "0", "0", "0", "0", "19", "13", "17", "7", "8", "0", "0", "0", "0", "0", "0", "0", "0", "0", "0", "0", "0", "0", "0", "0", "0", "0"]]}