{"state": {"resTurn": "21", "h": "8", "w": "10", "score": [["2", "5", "3", "6", "1", "1", "6", "3", "5", "2"], ["1", "4", "4", "1", "7", "7", "1", "4", "4", "1"], ["1", "1", "5", "2", "-2", "-2", "2", "5", "1", "1"], ["-4", "5", "2", "-2", "9", "9", "-2", "2", "5", "-4"], ["5", "1", "5", "5", "0", "0", "5", "5", "1", "5"], ["6", "7", "13", "7", "3", "3", "7", "13", "7", "6"], ["2", "1", "3", "-5", "1", "1", "-5", "3", "1", "2"], ["4", "4", "3", "3", "3", "3", "3", "3", "4", "4"]], "color": [["1", "1", "0", "1", "1", "1", "0", "0", "0", "0"], ["1", "1", "1", "1", "1", "0", "0", "0", "0", "0"], ["1", "1", "1", "1", "1", "1", "0", "0", "0", "0"], ["1", "1", "1", "1", "0", "1", "0", "0", "0", "0"], ["1", "1", "2", "1", "2", "1", "1", "2", "0", "0"], ["1", "2", "2", "2", "2", "2", "2", "2", "0", "0"], ["2", "2", "2", "2", "2", "2", "2", "2", "0", "0"], ["0", "2", "2", "2", "2", "2", "2", "2", "0", "0"]], "pos": [{"x": "5", "y": "0"}, {"x": "1", "y": "2"}, {"x": "1", "y": "5"}, {"x": "2", "y": "5"}]}, "q": "0.0003200671907581869", "z": "1", "visitCount": [["18", "15", "5", "12", "15", "6", "9", "17", "14", "0", "0", "0", "0", "0", "0", "0", "0", "22", "7", "9", "17", "34", "15", "9", "39", "9", "0", "0", "0", "0", "0", "0", "0", "0", "25", "16", "23", "20", "20", "14", "14", "15", "10", "0", "0", "0", "0", "0", "0", "0", "0", "17", "21", "5", "4", "26", "6", "8", "22", "18", "0", "0", "0", "0", "0", "0", "0", "0", "10", "40", "12", "8", "27", "10", "24", "8", "50", "0", "0", "0", "0", "0", "0", "0", "0", "0", "0", "0", "0", "0", "0", "0", "0", "0", "0", "0", "0", "0", "0", "0", "0", "0", "0", "0", "0", "0", "0", "0", "0", "0", "0", "0", "0", "0", "0", "0", "0", "0", "0", "0", "0", "0", "0", "0", "0", "0", "0", "0", "0", "0", "0", "0", "0", "0", "0", "0", "61", "89", "22", "12", "14", "20", "12", "15", "10", "0", "0", "0", "0", "0", "0", "0", "0", "0", "0", "0", "0", "0", "0", "0", "0", "0", "0", "0", "0", "0", "0", "0", "0", "0", "0", "0", "0", "0", "0", "0", "0", "0", "0", "0", "0", "0", "0", "0", "0", "0", "0", "0", "0", "0", "0", "0", "0", "0", "0", "0", "0", "0", "0", "0", "0", "0", "0", "0", "0", "0", "0", "0", "0", "0", "0", "0", "0", "0", "0", "0", "0", "0", "0", "0", "0", "0", "0", "0", "0", "0", "0", "0", "0", "0", "0", "0", "0", "0", "0", "0", "0", "0", "0", "0", "0", "0", "0", "0", "0", "0", "0", "0", "0", "0", "0", "0", "0", "0", "0", "0", "0", "0", "0", "0", "0", "0", "0", "0", "0", "0", "0", "0", "0", "0", "0", "0", "0", "0", "0", "0", "0", "0", "0", "0", "0", "0", "0", "0", "0", "0", "0", "0", "0"], ["25", "25", "22", "12", "14", "0", "12", "0", "13", "0", "0", "0", "0", "10", "0", "6", "0", "16", "6", "19", "8", "15", "0", "4", "0", "11", "0", "0", "0", "0", "4", "0", "5", "0", "14", "12", "6", "6", "9", "0", "8", "0", "10", "0", "0", "0", "0", "14", "0", "9", "0", "4", "5", "11", "15", "15", "0", "25", "0", "16", "0", "0", "0", "0", "13", "0", "10", "0", "0", "0", "0", "0", "0", "0", "0", "0", "0", "0", "0", "0", "0", "0", "0", "0", "0", "0", "0", "0", "0", "0", "0", "0", "0", "0", "0", "0", "0", "0", "0", "0", "0", "0", "0", "0", "0", "0", "0", "0", "0", "0", "0", "0", "0", "0", "0", "0", "0", "0", "0", "8", "10", "11", "8", "21", "0", "20", "0", "10", "0", "0", "0", "0", "20", "0", "15", "0", "13", "10", "13", "4", "18", "0", "43", "0", "4", "0", "0", "0", "0", "7", "0", "6", "0", "0", "0", "0", "0", "0", "0", "0", "0", "0", "0", "0", "0", "0", "0", "0", "0", "0", "0", "0", "0", "0", "0", "0", "0", "0", "0", "0", "0", "0", "0", "0", "0", "0", "0", "0", "0", "0", "0", "0", "0", "0", "0", "0", "0", "0", "0", "0", "0", "0", "0", "0", "19", "13", "9", "10", "17", "0", "7", "0", "10", "0", "0", "0", "0", "9", "0", "14", "0", "4", "19", "11", "8", "19", "0", "4", "0", "10", "0", "0", "0", "0", "10", "0", "29", "0", "4", "14", "19", "13", "5", "0", "15", "0", "13", "0", "0", "0", "0", "15", "0", "10", "0", "0", "0", "0", "0", "0", "0", "0", "0", "0", "0", "0", "0", "0", "0", "0", "0", "0", "0", "0", "0", "0", "0", "0", "0", "0", "0", "0", "0", "0", "0", "0", "0", "0", "0"]]}