{"state": {"resTurn": "56", "h": "8", "w": "10", "score": [["2", "5", "3", "6", "1", "1", "6", "3", "5", "2"], ["1", "4", "4", "1", "7", "7", "1", "4", "4", "1"], ["1", "1", "5", "2", "-2", "-2", "2", "5", "1", "1"], ["-4", "5", "2", "-2", "9", "9", "-2", "2", "5", "-4"], ["5", "1", "5", "5", "0", "0", "5", "5", "1", "5"], ["6", "7", "13", "7", "3", "3", "7", "13", "7", "6"], ["2", "1", "3", "-5", "1", "1", "-5", "3", "1", "2"], ["4", "4", "3", "3", "3", "3", "3", "3", "4", "4"]], "color": [["0", "0", "0", "0", "0", "0", "0", "0", "0", "0"], ["0", "0", "0", "0", "0", "0", "0", "0", "0", "0"], ["0", "0", "0", "0", "0", "0", "0", "0", "0", "0"], ["0", "0", "0", "0", "0", "0", "0", "0", "0", "0"], ["1", "1", "1", "0", "1", "1", "1", "2", "0", "0"], ["0", "0", "0", "2", "0", "0", "2", "2", "0", "0"], ["0", "0", "2", "0", "2", "0", "0", "0", "0", "0"], ["0", "0", "0", "2", "0", "0", "0", "0", "0", "0"]], "pos": [{"x": "4", "y": "4"}, {"x": "1", "y": "4"}, {"x": "2", "y": "6"}, {"x": "7", "y": "5"}]}, "q": "0.001839888385828843", "z": "1", "visitCount": [["6", "19", "14", "8", "7", "15", "6", "19", "4", "0", "0", "0", "0", "0", "0", "0", "0", "22", "18", "8", "5", "17", "6", "7", "11", "13", "0", "0", "0", "0", "0", "0", "0", "0", "10", "13", "9", "5", "10", "16", "10", "7", "11", "0", "0", "0", "0", "0", "0", "0", "0", "0", "0", "0", "0", "0", "0", "0", "0", "0", "0", "0", "0", "0", "0", "0", "0", "0", "6", "13", "6", "11", "11", "17", "13", "9", "22", "0", "0", "0", "0", "0", "0", "0", "0", "22", "11", "9", "39", "4", "8", "15", "13", "17", "0", "0", "0", "0", "0", "0", "0", "0", "11", "26", "3", "37", "15", "5", "19", "11", "4", "0", "0", "0", "0", "0", "0", "0", "0", "13", "6", "10", "13", "12", "9", "4", "9", "6", "0", "0", "0", "0", "0", "0", "0", "0", "6", "5", "13", "19", "10", "36", "14", "19", "9", "0", "0", "0", "0", "0", "0", "0", "0", "0", "0", "0", "0", "0", "0", "0", "0", "0", "0", "0", "0", "0", "0", "0", "0", "0", "0", "0", "0", "0", "0", "0", "0", "0", "0", "0", "0", "0", "0", "0", "0", "0", "0", "20", "13", "9", "11", "22", "13", "13", "6", "12", "0", "0", "0", "0", "0", "0", "0", "0", "0", "0", "0", "0", "0", "0", "0", "0", "0", "0", "0", "0", "0", "0", "0", "0", "0", "0", "0", "0", "0", "0", "0", "0", "0", "0", "0", "0", "0", "0", "0", "0", "0", "0", "0", "0", "0", "0", "0", "0", "0", "0", "0", "0", "0", "0", "0", "0", "0", "0", "0", "0", "0", "0", "0", "0", "0", "0", "0", "0", "0", "0", "0", "0", "0", "0", "0", "0", "0", "0", "0", "0", "0", "0", "0", "0", "0", "0", "0", "0", "0", "0", "0", "0", "0"], ["7", "20", "16", "23", "8", "0", "22", "3", "26", "0", "0", "0", "0", "9", "0", "0", "0", "11", "11", "4", "20", "10", "0", "5", "7", "14", "0", "0", "0", "0", "11", "0", "0", "0", "5", "11", "9", "4", "6", "0", "13", "8", "6", "0", "0", "0", "0", "15", "0", "0", "0", "13", "9", "15", "20", "16", "0", "20", "10", "15", "0", "0", "0", "0", "7", "0", "0", "0", "7", "2", "6", "11", "5", "0", "20", "20", "15", "0", "0", "0", "0", "7", "0", "0", "0", "16", "20", "16", "16", "20", "0", "21", "11", "9", "0", "0", "0", "0", "12", "0", "0", "0", "20", "9", "9", "22", "15", "0", "24", "11", "17", "0", "0", "0", "0", "18", "0", "0", "0", "5", "5", "26", "7", "8", "0", "15", "9", "11", "0", "0", "0", "0", "8", "0", "0", "0", "17", "7", "31", "10", "3", "0", "7", "12", "9", "0", "0", "0", "0", "7", "0", "0", "0", "0", "0", "0", "0", "0", "0", "0", "0", "0", "0", "0", "0", "0", "0", "0", "0", "0", "0", "0", "0", "0", "0", "0", "0", "0", "0", "0", "0", "0", "0", "0", "0", "0", "0", "0", "0", "0", "0", "0", "0", "0", "0", "0", "0", "0", "0", "0", "0", "0", "0", "0", "0", "0", "0", "0", "0", "0", "0", "0", "0", "0", "0", "0", "0", "0", "0", "0", "0", "0", "0", "0", "0", "0", "0", "0", "0", "0", "0", "0", "0", "0", "0", "0", "0", "0", "0", "0", "0", "0", "0", "0", "0", "0", "0", "0", "0", "0", "0", "0", "0", "0", "0", "0", "0", "0", "0", "0", "0", "0", "0", "0", "0", "0", "0", "0", "0", "0", "0", "0", "0", "0", "0", "0", "0", "0", "0", "0", "0", "0", "0", "0", "0", "0", "0", "0", "0"]]}