{"state": {"resTurn": "20", "h": "8", "w": "10", "score": [["2", "5", "3", "6", "1", "1", "6", "3", "5", "2"], ["1", "4", "4", "1", "7", "7", "1", "4", "4", "1"], ["1", "1", "5", "2", "-2", "-2", "2", "5", "1", "1"], ["-4", "5", "2", "-2", "9", "9", "-2", "2", "5", "-4"], ["5", "1", "5", "5", "0", "0", "5", "5", "1", "5"], ["6", "7", "13", "7", "3", "3", "7", "13", "7", "6"], ["2", "1", "3", "-5", "1", "1", "-5", "3", "1", "2"], ["4", "4", "3", "3", "3", "3", "3", "3", "4", "4"]], "color": [["1", "1", "0", "1", "1", "1", "1", "0", "0", "0"], ["1", "1", "1", "1", "1", "0", "0", "0", "0", "0"], ["1", "1", "1", "1", "1", "1", "0", "0", "0", "0"], ["1", "1", "1", "1", "0", "1", "0", "0", "0", "0"], ["1", "1", "2", "1", "2", "1", "1", "2", "0", "0"], ["1", "2", "2", "2", "2", "2", "2", "2", "0", "0"], ["2", "2", "2", "2", "2", "2", "2", "2", "0", "0"], ["0", "2", "2", "2", "2", "2", "2", "2", "0", "0"]], "pos": [{"x": "6", "y": "0"}, {"x": "2", "y": "3"}, {"x": "2", "y": "5"}, {"x": "2", "y": "4"}]}, "q": "0.001017515635881947", "z": "1", "visitCount": [["20", "16", "0", "14", "8", "5", "61", "23", "10", "0", "12", "0", "0", "0", "0", "0", "0", "28", "22", "0", "7", "55", "12", "8", "8", "23", "0", "7", "0", "0", "0", "0", "0", "0", "18", "19", "0", "26", "11", "11", "14", "11", "21", "0", "20", "0", "0", "0", "0", "0", "0", "33", "7", "0", "20", "25", "25", "15", "44", "45", "0", "14", "0", "0", "0", "0", "0", "0", "38", "20", "0", "6", "16", "11", "19", "8", "13", "0", "14", "0", "0", "0", "0", "0", "0", "0", "0", "0", "0", "0", "0", "0", "0", "0", "0", "0", "0", "0", "0", "0", "0", "0", "0", "0", "0", "0", "0", "0", "0", "0", "0", "0", "0", "0", "0", "0", "0", "0", "0", "0", "0", "0", "0", "0", "0", "0", "0", "0", "0", "0", "0", "0", "0", "0", "0", "0", "19", "11", "0", "17", "11", "10", "10", "13", "24", "0", "24", "0", "0", "0", "0", "0", "0", "0", "0", "0", "0", "0", "0", "0", "0", "0", "0", "0", "0", "0", "0", "0", "0", "0", "0", "0", "0", "0", "0", "0", "0", "0", "0", "0", "0", "0", "0", "0", "0", "0", "0", "0", "0", "0", "0", "0", "0", "0", "0", "0", "0", "0", "0", "0", "0", "0", "0", "0", "0", "0", "0", "0", "0", "0", "0", "0", "0", "0", "0", "0", "0", "0", "0", "0", "0", "0", "0", "0", "0", "0", "0", "0", "0", "0", "0", "0", "0", "0", "0", "0", "0", "0", "0", "0", "0", "0", "0", "0", "0", "0", "0", "0", "0", "0", "0", "0", "0", "0", "0", "0", "0", "0", "0", "0", "0", "0", "0", "0", "0", "0", "0", "0", "0", "0", "0", "0", "0", "0", "0", "0", "0", "0", "0", "0", "0", "0", "0", "0", "0", "0", "0", "0", "0"], ["15", "13", "15", "7", "0", "0", "0", "0", "0", "0", "0", "0", "15", "18", "3", "9", "5", "5", "18", "28", "6", "0", "0", "0", "0", "0", "0", "0", "0", "23", "5", "16", "3", "3", "15", "8", "8", "4", "0", "0", "0", "0", "0", "0", "0", "0", "20", "17", "14", "15", "10", "12", "14", "20", "11", "0", "0", "0", "0", "0", "0", "0", "0", "25", "10", "5", "9", "14", "24", "6", "3", "5", "0", "0", "0", "0", "0", "0", "0", "0", "9", "14", "5", "4", "12", "0", "0", "0", "0", "0", "0", "0", "0", "0", "0", "0", "0", "0", "0", "0", "0", "0", "3", "17", "6", "9", "0", "0", "0", "0", "0", "0", "0", "0", "18", "4", "16", "36", "5", "0", "0", "0", "0", "0", "0", "0", "0", "0", "0", "0", "0", "0", "0", "0", "0", "0", "7", "16", "18", "17", "0", "0", "0", "0", "0", "0", "0", "0", "17", "5", "25", "22", "5", "0", "0", "0", "0", "0", "0", "0", "0", "0", "0", "0", "0", "0", "0", "0", "0", "0", "0", "0", "0", "0", "0", "0", "0", "0", "0", "0", "0", "0", "0", "0", "0", "0", "0", "0", "0", "0", "0", "0", "0", "0", "0", "0", "0", "0", "0", "0", "0", "0", "0", "0", "0", "0", "0", "0", "0", "0", "0", "0", "0", "0", "0", "0", "0", "0", "0", "0", "0", "14", "13", "16", "18", "0", "0", "0", "0", "0", "0", "0", "0", "17", "4", "15", "22", "10", "0", "0", "0", "0", "0", "0", "0", "0", "0", "0", "0", "0", "0", "0", "0", "0", "0", "7", "19", "5", "12", "0", "0", "0", "0", "0", "0", "0", "0", "11", "4", "12", "24", "13", "0", "0", "0", "0", "0", "0", "0", "0", "0", "0", "0", "0", "0", "0", "0", "0", "0"]]}