{"state": {"resTurn": "19", "h": "8", "w": "10", "score": [["2", "5", "3", "6", "1", "1", "6", "3", "5", "2"], ["1", "4", "4", "1", "7", "7", "1", "4", "4", "1"], ["1", "1", "5", "2", "-2", "-2", "2", "5", "1", "1"], ["-4", "5", "2", "-2", "9", "9", "-2", "2", "5", "-4"], ["5", "1", "5", "5", "0", "0", "5", "5", "1", "5"], ["6", "7", "13", "7", "3", "3", "7", "13", "7", "6"], ["2", "1", "3", "-5", "1", "1", "-5", "3", "1", "2"], ["4", "4", "3", "3", "3", "3", "3", "3", "4", "4"]], "color": [["1", "1", "0", "1", "1", "1", "1", "0", "0", "0"], ["1", "1", "1", "1", "1", "0", "0", "0", "0", "0"], ["1", "1", "1", "1", "1", "1", "0", "0", "0", "0"], ["1", "1", "1", "0", "0", "1", "0", "0", "0", "0"], ["1", "1", "2", "1", "2", "1", "1", "2", "0", "0"], ["1", "2", "2", "2", "2", "2", "2", "2", "0", "0"], ["2", "2", "2", "2", "2", "2", "2", "2", "0", "0"], ["0", "2", "2", "2", "2", "2", "2", "2", "0", "0"]], "pos": [{"x": "6", "y": "0"}, {"x": "2", "y": "2"}, {"x": "2", "y": "5"}, {"x": "2", "y": "4"}]}, "q": "0.001232065474754547", "z": "1", "visitCount": [["12", "13", "15", "23", "20", "25", "14", "19", "37", "0", "0", "0", "0", "0", "0", "0", "0", "25", "10", "4", "20", "25", "36", "8", "8", "37", "0", "0", "0", "0", "0", "0", "0", "0", "7", "12", "19", "30", "19", "31", "18", "18", "11", "0", "0", "0", "0", "0", "0", "0", "0", "21", "8", "22", "11", "8", "19", "15", "14", "9", "0", "0", "0", "0", "0", "0", "0", "0", "12", "14", "22", "48", "13", "37", "14", "34", "20", "0", "0", "0", "0", "0", "0", "0", "0", "0", "0", "0", "0", "0", "0", "0", "0", "0", "0", "0", "0", "0", "0", "0", "0", "0", "0", "0", "0", "0", "0", "0", "0", "0", "0", "0", "0", "0", "0", "0", "0", "0", "0", "0", "0", "0", "0", "0", "0", "0", "0", "0", "0", "0", "0", "0", "0", "0", "0", "0", "17", "11", "3", "22", "22", "12", "26", "18", "12", "0", "0", "0", "0", "0", "0", "0", "0", "0", "0", "0", "0", "0", "0", "0", "0", "0", "0", "0", "0", "0", "0", "0", "0", "0", "0", "0", "0", "0", "0", "0", "0", "0", "0", "0", "0", "0", "0", "0", "0", "0", "0", "0", "0", "0", "0", "0", "0", "0", "0", "0", "0", "0", "0", "0", "0", "0", "0", "0", "0", "0", "0", "0", "0", "0", "0", "0", "0", "0", "0", "0", "0", "0", "0", "0", "0", "0", "0", "0", "0", "0", "0", "0", "0", "0", "0", "0", "0", "0", "0", "0", "0", "0", "0", "0", "0", "0", "0", "0", "0", "0", "0", "0", "0", "0", "0", "0", "0", "0", "0", "0", "0", "0", "0", "0", "0", "0", "0", "0", "0", "0", "0", "0", "0", "0", "0", "0", "0", "0", "0", "0", "0", "0", "0", "0", "0", "0", "0", "0", "0", "0", "0", "0", "0"], ["13", "11", "27", "21", "0", "0", "0", "8", "0", "0", "0", "0", "2", "10", "10", "0", "20", "12", "16", "10", "10", "0", "0", "0", "4", "0", "0", "0", "0", "25", "6", "21", "0", "7", "15", "13", "32", "10", "0", "0", "0", "5", "0", "0", "0", "0", "10", "18", "7", "0", "9", "9", "12", "10", "7", "0", "0", "0", "3", "0", "0", "0", "0", "7", "16", "11", "0", "26", "7", "12", "26", "20", "0", "0", "0", "9", "0", "0", "0", "0", "17", "9", "8", "0", "8", "0", "0", "0", "0", "0", "0", "0", "0", "0", "0", "0", "0", "0", "0", "0", "0", "0", "4", "6", "5", "9", "0", "0", "0", "8", "0", "0", "0", "0", "5", "8", "12", "0", "6", "0", "0", "0", "0", "0", "0", "0", "0", "0", "0", "0", "0", "0", "0", "0", "0", "0", "27", "17", "8", "13", "0", "0", "0", "22", "0", "0", "0", "0", "13", "9", "12", "0", "3", "0", "0", "0", "0", "0", "0", "0", "0", "0", "0", "0", "0", "0", "0", "0", "0", "0", "0", "0", "0", "0", "0", "0", "0", "0", "0", "0", "0", "0", "0", "0", "0", "0", "0", "0", "0", "0", "0", "0", "0", "0", "0", "0", "0", "0", "0", "0", "0", "0", "0", "0", "0", "0", "0", "0", "0", "0", "0", "0", "0", "0", "0", "0", "0", "0", "0", "0", "0", "17", "17", "14", "15", "0", "0", "0", "13", "0", "0", "0", "0", "13", "14", "13", "0", "8", "0", "0", "0", "0", "0", "0", "0", "0", "0", "0", "0", "0", "0", "0", "0", "0", "0", "9", "43", "6", "20", "0", "0", "0", "15", "0", "0", "0", "0", "5", "8", "3", "0", "11", "0", "0", "0", "0", "0", "0", "0", "0", "0", "0", "0", "0", "0", "0", "0", "0", "0"]]}