{"state": {"resTurn": "18", "h": "8", "w": "10", "score": [["2", "5", "3", "6", "1", "1", "6", "3", "5", "2"], ["1", "4", "4", "1", "7", "7", "1", "4", "4", "1"], ["1", "1", "5", "2", "-2", "-2", "2", "5", "1", "1"], ["-4", "5", "2", "-2", "9", "9", "-2", "2", "5", "-4"], ["5", "1", "5", "5", "0", "0", "5", "5", "1", "5"], ["6", "7", "13", "7", "3", "3", "7", "13", "7", "6"], ["2", "1", "3", "-5", "1", "1", "-5", "3", "1", "2"], ["4", "4", "3", "3", "3", "3", "3", "3", "4", "4"]], "color": [["1", "1", "0", "1", "1", "1", "1", "0", "0", "0"], ["1", "1", "1", "1", "1", "0", "0", "0", "0", "0"], ["1", "1", "1", "1", "1", "1", "0", "0", "0", "0"], ["1", "1", "1", "0", "0", "1", "0", "0", "0", "0"], ["1", "1", "2", "0", "2", "1", "1", "2", "0", "0"], ["1", "2", "2", "2", "2", "2", "2", "2", "0", "0"], ["2", "2", "2", "2", "2", "2", "2", "2", "0", "0"], ["0", "2", "2", "2", "2", "2", "2", "2", "0", "0"]], "pos": [{"x": "5", "y": "0"}, {"x": "1", "y": "3"}, {"x": "2", "y": "5"}, {"x": "3", "y": "5"}]}, "q": "0.0009362355780713921", "z": "1", "visitCount": [["30", "0", "13", "12", "20", "6", "14", "9", "16", "50", "0", "0", "0", "0", "0", "0", "0", "22", "0", "6", "8", "18", "10", "19", "18", "21", "24", "0", "0", "0", "0", "0", "0", "0", "15", "0", "2", "15", "7", "36", "9", "11", "15", "19", "0", "0", "0", "0", "0", "0", "0", "24", "0", "31", "14", "11", "26", "9", "15", "4", "18", "0", "0", "0", "0", "0", "0", "0", "42", "0", "25", "22", "21", "18", "25", "27", "15", "31", "0", "0", "0", "0", "0", "0", "0", "0", "0", "0", "0", "0", "0", "0", "0", "0", "0", "0", "0", "0", "0", "0", "0", "0", "0", "0", "0", "0", "0", "0", "0", "0", "0", "0", "0", "0", "0", "0", "0", "0", "0", "0", "0", "0", "0", "0", "0", "0", "0", "0", "0", "0", "0", "0", "0", "0", "0", "0", "50", "0", "25", "13", "11", "10", "16", "13", "11", "31", "0", "0", "0", "0", "0", "0", "0", "0", "0", "0", "0", "0", "0", "0", "0", "0", "0", "0", "0", "0", "0", "0", "0", "0", "0", "0", "0", "0", "0", "0", "0", "0", "0", "0", "0", "0", "0", "0", "0", "0", "0", "0", "0", "0", "0", "0", "0", "0", "0", "0", "0", "0", "0", "0", "0", "0", "0", "0", "0", "0", "0", "0", "0", "0", "0", "0", "0", "0", "0", "0", "0", "0", "0", "0", "0", "0", "0", "0", "0", "0", "0", "0", "0", "0", "0", "0", "0", "0", "0", "0", "0", "0", "0", "0", "0", "0", "0", "0", "0", "0", "0", "0", "0", "0", "0", "0", "0", "0", "0", "0", "0", "0", "0", "0", "0", "0", "0", "0", "0", "0", "0", "0", "0", "0", "0", "0", "0", "0", "0", "0", "0", "0", "0", "0", "0", "0", "0", "0", "0", "0", "0", "0", "0"], ["13", "13", "11", "10", "8", "13", "16", "8", "8", "0", "0", "0", "0", "0", "0", "0", "0", "11", "13", "23", "7", "10", "18", "8", "20", "16", "0", "0", "0", "0", "0", "0", "0", "0", "7", "26", "10", "4", "17", "12", "12", "6", "19", "0", "0", "0", "0", "0", "0", "0", "0", "5", "7", "13", "11", "3", "24", "11", "6", "4", "0", "0", "0", "0", "0", "0", "0", "0", "11", "3", "26", "16", "5", "8", "11", "18", "16", "0", "0", "0", "0", "0", "0", "0", "0", "0", "0", "0", "0", "0", "0", "0", "0", "0", "0", "0", "0", "0", "0", "0", "0", "0", "15", "16", "10", "24", "8", "11", "12", "15", "20", "0", "0", "0", "0", "0", "0", "0", "0", "17", "9", "15", "4", "3", "7", "11", "13", "17", "0", "0", "0", "0", "0", "0", "0", "0", "6", "12", "7", "8", "19", "15", "16", "9", "16", "0", "0", "0", "0", "0", "0", "0", "0", "0", "0", "0", "0", "0", "0", "0", "0", "0", "0", "0", "0", "0", "0", "0", "0", "0", "0", "0", "0", "0", "0", "0", "0", "0", "0", "0", "0", "0", "0", "0", "0", "0", "0", "0", "0", "0", "0", "0", "0", "0", "0", "0", "0", "0", "0", "0", "0", "0", "0", "0", "0", "0", "0", "0", "0", "0", "0", "0", "0", "0", "0", "0", "0", "0", "0", "0", "0", "14", "13", "10", "19", "12", "13", "11", "11", "28", "0", "0", "0", "0", "0", "0", "0", "0", "0", "0", "0", "0", "0", "0", "0", "0", "0", "0", "0", "0", "0", "0", "0", "0", "0", "0", "0", "0", "0", "0", "0", "0", "0", "0", "0", "0", "0", "0", "0", "0", "0", "0", "0", "0", "0", "0", "0", "0", "0", "0", "0", "0", "0", "0", "0", "0", "0", "0", "0"]]}