{"state": {"resTurn": "17", "h": "8", "w": "10", "score": [["2", "5", "3", "6", "1", "1", "6", "3", "5", "2"], ["1", "4", "4", "1", "7", "7", "1", "4", "4", "1"], ["1", "1", "5", "2", "-2", "-2", "2", "5", "1", "1"], ["-4", "5", "2", "-2", "9", "9", "-2", "2", "5", "-4"], ["5", "1", "5", "5", "0", "0", "5", "5", "1", "5"], ["6", "7", "13", "7", "3", "3", "7", "13", "7", "6"], ["2", "1", "3", "-5", "1", "1", "-5", "3", "1", "2"], ["4", "4", "3", "3", "3", "3", "3", "3", "4", "4"]], "color": [["1", "1", "0", "1", "1", "1", "1", "0", "0", "0"], ["1", "1", "1", "1", "1", "0", "0", "0", "0", "0"], ["1", "1", "1", "1", "1", "1", "0", "0", "0", "0"], ["1", "1", "1", "0", "0", "1", "0", "0", "0", "0"], ["1", "0", "0", "0", "2", "1", "1", "2", "0", "0"], ["1", "2", "2", "2", "2", "2", "2", "2", "0", "0"], ["2", "2", "2", "2", "2", "2", "2", "2", "0", "0"], ["0", "2", "2", "2", "2", "2", "2", "2", "0", "0"]], "pos": [{"x": "5", "y": "0"}, {"x": "1", "y": "3"}, {"x": "2", "y": "5"}, {"x": "4", "y": "5"}]}, "q": "0.0008287374431777167", "z": "1", "visitCount": [["26", "9", "11", "13", "29", "19", "27", "21", "8", "0", "0", "0", "0", "0", "0", "0", "0", "36", "25", "5", "39", "7", "7", "10", "13", "8", "0", "0", "0", "0", "0", "0", "0", "0", "14", "25", "17", "10", "9", "20", "14", "20", "16", "0", "0", "0", "0", "0", "0", "0", "0", "19", "48", "8", "21", "12", "41", "10", "17", "18", "0", "0", "0", "0", "0", "0", "0", "0", "14", "8", "8", "7", "15", "12", "19", "24", "28", "0", "0", "0", "0", "0", "0", "0", "0", "0", "0", "0", "0", "0", "0", "0", "0", "0", "0", "0", "0", "0", "0", "0", "0", "0", "0", "0", "0", "0", "0", "0", "0", "0", "0", "0", "0", "0", "0", "0", "0", "0", "0", "0", "0", "0", "0", "0", "0", "0", "0", "0", "0", "0", "0", "0", "0", "0", "0", "0", "11", "7", "31", "42", "22", "11", "17", "63", "10", "0", "0", "0", "0", "0", "0", "0", "0", "0", "0", "0", "0", "0", "0", "0", "0", "0", "0", "0", "0", "0", "0", "0", "0", "0", "0", "0", "0", "0", "0", "0", "0", "0", "0", "0", "0", "0", "0", "0", "0", "0", "0", "0", "0", "0", "0", "0", "0", "0", "0", "0", "0", "0", "0", "0", "0", "0", "0", "0", "0", "0", "0", "0", "0", "0", "0", "0", "0", "0", "0", "0", "0", "0", "0", "0", "0", "0", "0", "0", "0", "0", "0", "0", "0", "0", "0", "0", "0", "0", "0", "0", "0", "0", "0", "0", "0", "0", "0", "0", "0", "0", "0", "0", "0", "0", "0", "0", "0", "0", "0", "0", "0", "0", "0", "0", "0", "0", "0", "0", "0", "0", "0", "0", "0", "0", "0", "0", "0", "0", "0", "0", "0", "0", "0", "0", "0", "0", "0", "0", "0", "0", "0", "0", "0"], ["8", "8", "11", "7", "4", "17", "13", "0", "4", "0", "0", "0", "0", "0", "0", "13", "0", "7", "5", "7", "13", "11", "23", "9", "0", "11", "0", "0", "0", "0", "0", "0", "8", "0", "15", "20", "12", "20", "13", "9", "20", "0", "13", "0", "0", "0", "0", "0", "0", "8", "0", "13", "4", "6", "15", "18", "8", "8", "0", "12", "0", "0", "0", "0", "0", "0", "7", "0", "13", "8", "5", "18", "7", "36", "24", "0", "9", "0", "0", "0", "0", "0", "0", "21", "0", "14", "20", "14", "14", "19", "14", "15", "0", "23", "0", "0", "0", "0", "0", "0", "5", "0", "15", "8", "5", "9", "6", "19", "5", "0", "2", "0", "0", "0", "0", "0", "0", "33", "0", "6", "6", "13", "17", "6", "5", "4", "0", "16", "0", "0", "0", "0", "0", "0", "28", "0", "12", "5", "6", "40", "16", "5", "5", "0", "18", "0", "0", "0", "0", "0", "0", "12", "0", "0", "0", "0", "0", "0", "0", "0", "0", "0", "0", "0", "0", "0", "0", "0", "0", "0", "0", "0", "0", "0", "0", "0", "0", "0", "0", "0", "0", "0", "0", "0", "0", "0", "0", "0", "0", "0", "0", "0", "0", "0", "0", "0", "0", "0", "0", "0", "0", "0", "0", "0", "0", "0", "0", "0", "0", "0", "0", "0", "0", "0", "0", "0", "0", "0", "0", "0", "0", "0", "0", "0", "0", "0", "0", "0", "0", "0", "0", "0", "0", "0", "0", "0", "0", "0", "0", "0", "0", "0", "0", "0", "0", "0", "0", "0", "0", "0", "0", "0", "0", "0", "0", "0", "0", "0", "0", "0", "0", "0", "0", "0", "0", "0", "0", "0", "0", "0", "0", "0", "0", "0", "0", "0", "0", "0", "0", "0", "0", "0", "0", "0", "0", "0", "0", "0", "0"]]}