{"state": {"resTurn": "16", "h": "8", "w": "10", "score": [["2", "5", "3", "6", "1", "1", "6", "3", "5", "2"], ["1", "4", "4", "1", "7", "7", "1", "4", "4", "1"], ["1", "1", "5", "2", "-2", "-2", "2", "5", "1", "1"], ["-4", "5", "2", "-2", "9", "9", "-2", "2", "5", "-4"], ["5", "1", "5", "5", "0", "0", "5", "5", "1", "5"], ["6", "7", "13", "7", "3", "3", "7", "13", "7", "6"], ["2", "1", "3", "-5", "1", "1", "-5", "3", "1", "2"], ["4", "4", "3", "3", "3", "3", "3", "3", "4", "4"]], "color": [["1", "1", "0", "1", "1", "1", "1", "0", "0", "0"], ["1", "1", "1", "1", "1", "0", "0", "0", "0", "0"], ["1", "1", "1", "1", "1", "1", "0", "0", "0", "0"], ["1", "1", "1", "0", "0", "1", "0", "0", "0", "0"], ["1", "0", "0", "0", "2", "1", "1", "2", "0", "0"], ["1", "2", "2", "2", "2", "2", "2", "2", "0", "0"], ["2", "2", "2", "2", "2", "2", "2", "2", "0", "0"], ["0", "2", "2", "2", "2", "2", "2", "2", "0", "0"]], "pos": [{"x": "6", "y": "0"}, {"x": "2", "y": "2"}, {"x": "3", "y": "5"}, {"x": "3", "y": "6"}]}, "q": "0.001546012595284743", "z": "1", "visitCount": [["13", "6", "24", "6", "24", "14", "11", "8", "13", "0", "0", "0", "0", "0", "0", "0", "0", "36", "32", "7", "50", "27", "22", "9", "11", "20", "0", "0", "0", "0", "0", "0", "0", "0", "23", "7", "48", "23", "31", "8", "41", "27", "13", "0", "0", "0", "0", "0", "0", "0", "0", "22", "23", "21", "6", "16", "9", "24", "7", "16", "0", "0", "0", "0", "0", "0", "0", "0", "7", "4", "10", "13", "10", "3", "21", "7", "13", "0", "0", "0", "0", "0", "0", "0", "0", "0", "0", "0", "0", "0", "0", "0", "0", "0", "0", "0", "0", "0", "0", "0", "0", "0", "0", "0", "0", "0", "0", "0", "0", "0", "0", "0", "0", "0", "0", "0", "0", "0", "0", "0", "0", "0", "0", "0", "0", "0", "0", "0", "0", "0", "0", "0", "0", "0", "0", "0", "33", "7", "36", "23", "21", "28", "17", "18", "33", "0", "0", "0", "0", "0", "0", "0", "0", "0", "0", "0", "0", "0", "0", "0", "0", "0", "0", "0", "0", "0", "0", "0", "0", "0", "0", "0", "0", "0", "0", "0", "0", "0", "0", "0", "0", "0", "0", "0", "0", "0", "0", "0", "0", "0", "0", "0", "0", "0", "0", "0", "0", "0", "0", "0", "0", "0", "0", "0", "0", "0", "0", "0", "0", "0", "0", "0", "0", "0", "0", "0", "0", "0", "0", "0", "0", "0", "0", "0", "0", "0", "0", "0", "0", "0", "0", "0", "0", "0", "0", "0", "0", "0", "0", "0", "0", "0", "0", "0", "0", "0", "0", "0", "0", "0", "0", "0", "0", "0", "0", "0", "0", "0", "0", "0", "0", "0", "0", "0", "0", "0", "0", "0", "0", "0", "0", "0", "0", "0", "0", "0", "0", "0", "0", "0", "0", "0", "0", "0", "0", "0", "0", "0", "0"], ["31", "16", "12", "16", "13", "8", "8", "17", "9", "0", "0", "0", "0", "0", "0", "0", "0", "8", "11", "15", "18", "6", "17", "5", "6", "19", "0", "0", "0", "0", "0", "0", "0", "0", "5", "6", "15", "10", "11", "19", "15", "10", "16", "0", "0", "0", "0", "0", "0", "0", "0", "15", "4", "23", "7", "23", "10", "21", "18", "7", "0", "0", "0", "0", "0", "0", "0", "0", "12", "19", "5", "15", "21", "15", "5", "5", "5", "0", "0", "0", "0", "0", "0", "0", "0", "8", "16", "20", "9", "21", "22", "16", "7", "15", "0", "0", "0", "0", "0", "0", "0", "0", "7", "13", "8", "5", "15", "15", "7", "15", "11", "0", "0", "0", "0", "0", "0", "0", "0", "14", "10", "7", "10", "13", "9", "7", "3", "20", "0", "0", "0", "0", "0", "0", "0", "0", "5", "9", "5", "15", "21", "6", "11", "18", "17", "0", "0", "0", "0", "0", "0", "0", "0", "0", "0", "0", "0", "0", "0", "0", "0", "0", "0", "0", "0", "0", "0", "0", "0", "0", "0", "0", "0", "0", "0", "0", "0", "0", "0", "0", "0", "0", "0", "0", "0", "0", "0", "0", "0", "0", "0", "0", "0", "0", "0", "0", "0", "0", "0", "0", "0", "0", "0", "0", "0", "0", "0", "0", "0", "0", "0", "0", "0", "0", "0", "0", "0", "0", "0", "0", "0", "0", "0", "0", "0", "0", "0", "0", "0", "0", "0", "0", "0", "0", "0", "0", "0", "0", "0", "0", "0", "0", "0", "0", "0", "0", "0", "0", "0", "0", "0", "0", "0", "0", "0", "0", "0", "0", "0", "0", "0", "0", "0", "0", "0", "0", "0", "0", "0", "0", "0", "0", "0", "0", "0", "0", "0", "0", "0", "0", "0", "0", "0", "0", "0", "0", "0", "0", "0"]]}