{"state": {"resTurn": "15", "h": "8", "w": "10", "score": [["2", "5", "3", "6", "1", "1", "6", "3", "5", "2"], ["1", "4", "4", "1", "7", "7", "1", "4", "4", "1"], ["1", "1", "5", "2", "-2", "-2", "2", "5", "1", "1"], ["-4", "5", "2", "-2", "9", "9", "-2", "2", "5", "-4"], ["5", "1", "5", "5", "0", "0", "5", "5", "1", "5"], ["6", "7", "13", "7", "3", "3", "7", "13", "7", "6"], ["2", "1", "3", "-5", "1", "1", "-5", "3", "1", "2"], ["4", "4", "3", "3", "3", "3", "3", "3", "4", "4"]], "color": [["1", "1", "0", "1", "1", "1", "1", "0", "0", "0"], ["1", "1", "1", "1", "1", "0", "0", "1", "0", "0"], ["1", "1", "1", "1", "1", "1", "0", "0", "0", "0"], ["1", "1", "1", "0", "0", "1", "0", "0", "0", "0"], ["1", "0", "0", "0", "2", "1", "1", "2", "0", "0"], ["1", "2", "2", "2", "2", "2", "2", "2", "0", "0"], ["2", "2", "2", "2", "2", "2", "2", "2", "0", "0"], ["0", "2", "2", "2", "2", "2", "2", "2", "0", "0"]], "pos": [{"x": "7", "y": "1"}, {"x": "1", "y": "3"}, {"x": "3", "y": "5"}, {"x": "3", "y": "6"}]}, "q": "0.0006324084784136769", "z": "1", "visitCount": [["7", "13", "21", "5", "20", "10", "37", "10", "6", "0", "0", "0", "0", "0", "0", "0", "0", "8", "5", "40", "7", "17", "18", "7", "11", "12", "0", "0", "0", "0", "0", "0", "0", "0", "9", "5", "12", "7", "13", "6", "9", "10", "7", "0", "0", "0", "0", "0", "0", "0", "0", "15", "8", "16", "19", "11", "19", "16", "6", "17", "0", "0", "0", "0", "0", "0", "0", "0", "27", "10", "7", "21", "6", "35", "7", "13", "13", "0", "0", "0", "0", "0", "0", "0", "0", "4", "12", "5", "6", "9", "6", "5", "14", "6", "0", "0", "0", "0", "0", "0", "0", "0", "11", "5", "5", "17", "20", "32", "6", "7", "11", "0", "0", "0", "0", "0", "0", "0", "0", "17", "17", "6", "9", "34", "5", "6", "20", "7", "0", "0", "0", "0", "0", "0", "0", "0", "7", "13", "7", "7", "22", "5", "13", "11", "15", "0", "0", "0", "0", "0", "0", "0", "0", "0", "0", "0", "0", "0", "0", "0", "0", "0", "0", "0", "0", "0", "0", "0", "0", "0", "0", "0", "0", "0", "0", "0", "0", "0", "0", "0", "0", "0", "0", "0", "0", "0", "0", "0", "0", "0", "0", "0", "0", "0", "0", "0", "0", "0", "0", "0", "0", "0", "0", "0", "0", "0", "0", "0", "0", "0", "0", "0", "0", "0", "0", "0", "0", "0", "0", "0", "0", "0", "0", "0", "0", "0", "0", "0", "0", "0", "0", "0", "0", "0", "0", "0", "0", "0", "0", "0", "0", "0", "0", "0", "0", "0", "0", "0", "0", "0", "0", "0", "0", "0", "0", "0", "0", "0", "0", "0", "0", "0", "0", "0", "0", "0", "0", "0", "0", "0", "0", "0", "0", "0", "0", "0", "0", "0", "0", "0", "0", "0", "0", "0", "0", "0", "0", "0", "0"], ["16", "7", "11", "8", "13", "4", "12", "9", "5", "0", "0", "0", "0", "0", "0", "0", "0", "14", "16", "4", "9", "24", "19", "21", "11", "5", "0", "0", "0", "0", "0", "0", "0", "0", "5", "24", "18", "9", "13", "30", "29", "12", "7", "0", "0", "0", "0", "0", "0", "0", "0", "8", "14", "12", "9", "6", "24", "8", "12", "7", "0", "0", "0", "0", "0", "0", "0", "0", "5", "13", "16", "7", "11", "8", "9", "11", "10", "0", "0", "0", "0", "0", "0", "0", "0", "13", "14", "13", "10", "15", "6", "7", "28", "14", "0", "0", "0", "0", "0", "0", "0", "0", "8", "21", "8", "11", "10", "13", "7", "11", "14", "0", "0", "0", "0", "0", "0", "0", "0", "19", "6", "12", "11", "16", "3", "12", "13", "10", "0", "0", "0", "0", "0", "0", "0", "0", "8", "3", "17", "11", "33", "14", "11", "27", "6", "0", "0", "0", "0", "0", "0", "0", "0", "0", "0", "0", "0", "0", "0", "0", "0", "0", "0", "0", "0", "0", "0", "0", "0", "0", "0", "0", "0", "0", "0", "0", "0", "0", "0", "0", "0", "0", "0", "0", "0", "0", "0", "0", "0", "0", "0", "0", "0", "0", "0", "0", "0", "0", "0", "0", "0", "0", "0", "0", "0", "0", "0", "0", "0", "0", "0", "0", "0", "0", "0", "0", "0", "0", "0", "0", "0", "0", "0", "0", "0", "0", "0", "0", "0", "0", "0", "0", "0", "0", "0", "0", "0", "0", "0", "0", "0", "0", "0", "0", "0", "0", "0", "0", "0", "0", "0", "0", "0", "0", "0", "0", "0", "0", "0", "0", "0", "0", "0", "0", "0", "0", "0", "0", "0", "0", "0", "0", "0", "0", "0", "0", "0", "0", "0", "0", "0", "0", "0", "0", "0", "0", "0", "0", "0"]]}