{"state": {"resTurn": "14", "h": "8", "w": "10", "score": [["2", "5", "3", "6", "1", "1", "6", "3", "5", "2"], ["1", "4", "4", "1", "7", "7", "1", "4", "4", "1"], ["1", "1", "5", "2", "-2", "-2", "2", "5", "1", "1"], ["-4", "5", "2", "-2", "9", "9", "-2", "2", "5", "-4"], ["5", "1", "5", "5", "0", "0", "5", "5", "1", "5"], ["6", "7", "13", "7", "3", "3", "7", "13", "7", "6"], ["2", "1", "3", "-5", "1", "1", "-5", "3", "1", "2"], ["4", "4", "3", "3", "3", "3", "3", "3", "4", "4"]], "color": [["1", "1", "0", "1", "1", "1", "1", "0", "0", "0"], ["1", "1", "1", "1", "1", "0", "0", "1", "0", "0"], ["1", "1", "1", "1", "1", "1", "0", "0", "1", "0"], ["1", "1", "1", "0", "0", "1", "0", "0", "0", "0"], ["1", "1", "0", "0", "2", "1", "1", "2", "0", "0"], ["1", "2", "2", "2", "2", "2", "2", "2", "0", "0"], ["2", "2", "2", "2", "2", "2", "2", "2", "0", "0"], ["0", "2", "2", "2", "2", "2", "2", "2", "0", "0"]], "pos": [{"x": "8", "y": "2"}, {"x": "1", "y": "4"}, {"x": "4", "y": "5"}, {"x": "2", "y": "6"}]}, "q": "0.0006772109420890626", "z": "1", "visitCount": [["4", "0", "0", "13", "8", "19", "12", "9", "6", "8", "9", "0", "0", "0", "0", "0", "0", "6", "0", "0", "15", "20", "16", "15", "6", "19", "12", "9", "0", "0", "0", "0", "0", "0", "28", "0", "0", "4", "9", "20", "6", "12", "20", "9", "18", "0", "0", "0", "0", "0", "0", "4", "0", "0", "9", "8", "18", "19", "8", "9", "5", "22", "0", "0", "0", "0", "0", "0", "7", "0", "0", "7", "11", "7", "7", "27", "11", "8", "14", "0", "0", "0", "0", "0", "0", "13", "0", "0", "25", "6", "17", "13", "5", "20", "16", "15", "0", "0", "0", "0", "0", "0", "20", "0", "0", "7", "15", "6", "5", "14", "21", "7", "19", "0", "0", "0", "0", "0", "0", "3", "0", "0", "5", "21", "5", "8", "33", "7", "5", "16", "0", "0", "0", "0", "0", "0", "8", "0", "0", "19", "7", "23", "23", "17", "10", "5", "8", "0", "0", "0", "0", "0", "0", "0", "0", "0", "0", "0", "0", "0", "0", "0", "0", "0", "0", "0", "0", "0", "0", "0", "0", "0", "0", "0", "0", "0", "0", "0", "0", "0", "0", "0", "0", "0", "0", "0", "0", "0", "0", "0", "0", "0", "0", "0", "0", "0", "0", "0", "0", "0", "0", "0", "0", "0", "0", "0", "0", "0", "0", "0", "0", "0", "0", "0", "0", "0", "0", "0", "0", "0", "0", "0", "0", "0", "0", "0", "0", "0", "0", "0", "0", "0", "0", "0", "0", "0", "0", "0", "0", "0", "0", "0", "0", "0", "0", "0", "0", "0", "0", "0", "0", "0", "0", "0", "0", "0", "0", "0", "0", "0", "0", "0", "0", "0", "0", "0", "0", "0", "0", "0", "0", "0", "0", "0", "0", "0", "0", "0", "0", "0", "0", "0", "0", "0", "0", "0", "0", "0", "0"], ["24", "19", "8", "24", "21", "12", "5", "8", "8", "0", "0", "0", "0", "0", "0", "0", "0", "11", "19", "2", "3", "12", "5", "8", "24", "13", "0", "0", "0", "0", "0", "0", "0", "0", "4", "7", "11", "6", "11", "5", "17", "6", "19", "0", "0", "0", "0", "0", "0", "0", "0", "6", "5", "31", "3", "7", "24", "10", "15", "6", "0", "0", "0", "0", "0", "0", "0", "0", "20", "18", "13", "7", "19", "7", "13", "15", "16", "0", "0", "0", "0", "0", "0", "0", "0", "14", "19", "7", "23", "17", "21", "16", "5", "17", "0", "0", "0", "0", "0", "0", "0", "0", "17", "28", "2", "10", "11", "10", "16", "7", "12", "0", "0", "0", "0", "0", "0", "0", "0", "0", "0", "0", "0", "0", "0", "0", "0", "0", "0", "0", "0", "0", "0", "0", "0", "0", "21", "10", "9", "11", "13", "7", "6", "8", "6", "0", "0", "0", "0", "0", "0", "0", "0", "0", "0", "0", "0", "0", "0", "0", "0", "0", "0", "0", "0", "0", "0", "0", "0", "0", "0", "0", "0", "0", "0", "0", "0", "0", "0", "0", "0", "0", "0", "0", "0", "0", "0", "0", "0", "0", "0", "0", "0", "0", "0", "0", "0", "0", "0", "0", "0", "0", "0", "0", "0", "0", "0", "0", "0", "0", "0", "0", "0", "0", "0", "0", "0", "0", "0", "0", "0", "0", "0", "0", "0", "0", "0", "0", "0", "0", "0", "0", "0", "0", "0", "0", "0", "0", "0", "0", "0", "0", "0", "0", "0", "0", "0", "0", "0", "0", "0", "0", "0", "0", "0", "23", "15", "11", "4", "11", "15", "12", "12", "7", "0", "0", "0", "0", "0", "0", "0", "0", "0", "0", "0", "0", "0", "0", "0", "0", "0", "0", "0", "0", "0", "0", "0", "0", "0"]]}