{"state": {"resTurn": "13", "h": "8", "w": "10", "score": [["2", "5", "3", "6", "1", "1", "6", "3", "5", "2"], ["1", "4", "4", "1", "7", "7", "1", "4", "4", "1"], ["1", "1", "5", "2", "-2", "-2", "2", "5", "1", "1"], ["-4", "5", "2", "-2", "9", "9", "-2", "2", "5", "-4"], ["5", "1", "5", "5", "0", "0", "5", "5", "1", "5"], ["6", "7", "13", "7", "3", "3", "7", "13", "7", "6"], ["2", "1", "3", "-5", "1", "1", "-5", "3", "1", "2"], ["4", "4", "3", "3", "3", "3", "3", "3", "4", "4"]], "color": [["1", "1", "0", "1", "1", "1", "1", "0", "0", "0"], ["1", "1", "1", "1", "1", "0", "0", "1", "0", "1"], ["1", "1", "1", "1", "1", "1", "0", "0", "1", "0"], ["1", "1", "1", "0", "0", "1", "0", "0", "0", "0"], ["1", "1", "0", "0", "2", "1", "1", "2", "0", "0"], ["1", "2", "2", "2", "2", "2", "2", "2", "0", "0"], ["2", "2", "2", "2", "2", "2", "2", "2", "0", "0"], ["0", "2", "2", "2", "2", "2", "2", "2", "0", "0"]], "pos": [{"x": "9", "y": "1"}, {"x": "2", "y": "3"}, {"x": "3", "y": "6"}, {"x": "2", "y": "7"}]}, "q": "0.0008301860814365515", "z": "1", "visitCount": [["9", "44", "14", "4", "7", "26", "9", "7", "35", "0", "0", "0", "0", "0", "0", "0", "0", "0", "0", "0", "0", "0", "0", "0", "0", "0", "0", "0", "0", "0", "0", "0", "0", "0", "43", "15", "43", "12", "11", "14", "41", "15", "21", "0", "0", "0", "0", "0", "0", "0", "0", "24", "10", "40", "21", "4", "30", "16", "17", "15", "0", "0", "0", "0", "0", "0", "0", "0", "7", "11", "9", "10", "5", "14", "13", "26", "4", "0", "0", "0", "0", "0", "0", "0", "0", "9", "9", "35", "11", "47", "18", "18", "33", "35", "0", "0", "0", "0", "0", "0", "0", "0", "5", "32", "34", "6", "15", "19", "7", "9", "12", "0", "0", "0", "0", "0", "0", "0", "0", "0", "0", "0", "0", "0", "0", "0", "0", "0", "0", "0", "0", "0", "0", "0", "0", "0", "0", "0", "0", "0", "0", "0", "0", "0", "0", "0", "0", "0", "0", "0", "0", "0", "0", "0", "0", "0", "0", "0", "0", "0", "0", "0", "0", "0", "0", "0", "0", "0", "0", "0", "0", "0", "0", "0", "0", "0", "0", "0", "0", "0", "0", "0", "0", "0", "0", "0", "0", "0", "0", "0", "0", "0", "0", "0", "0", "0", "0", "0", "0", "0", "0", "0", "0", "0", "0", "0", "0", "0", "0", "0", "0", "0", "0", "0", "0", "0", "0", "0", "0", "0", "0", "0", "0", "0", "0", "0", "0", "0", "0", "0", "0", "0", "0", "0", "0", "0", "0", "0", "0", "0", "0", "0", "0", "0", "0", "0", "0", "0", "0", "0", "0", "0", "0", "0", "0", "0", "0", "0", "0", "0", "0", "0", "0", "0", "0", "0", "0", "0", "0", "0", "0", "0", "0", "0", "0", "0", "0", "0", "0", "0", "0", "0", "0", "0", "0", "0", "0", "0", "0"], ["53", "0", "0", "0", "7", "19", "29", "8", "31", "0", "0", "0", "0", "0", "0", "0", "0", "9", "0", "0", "0", "22", "15", "13", "30", "13", "0", "0", "0", "0", "0", "0", "0", "0", "12", "0", "0", "0", "9", "80", "13", "12", "10", "0", "0", "0", "0", "0", "0", "0", "0", "10", "0", "0", "0", "11", "22", "19", "12", "5", "0", "0", "0", "0", "0", "0", "0", "0", "19", "0", "0", "0", "11", "27", "51", "21", "10", "0", "0", "0", "0", "0", "0", "0", "0", "9", "0", "0", "0", "34", "21", "17", "15", "10", "0", "0", "0", "0", "0", "0", "0", "0", "8", "0", "0", "0", "13", "17", "12", "23", "8", "0", "0", "0", "0", "0", "0", "0", "0", "22", "0", "0", "0", "20", "18", "18", "20", "34", "0", "0", "0", "0", "0", "0", "0", "0", "18", "0", "0", "0", "8", "18", "9", "11", "14", "0", "0", "0", "0", "0", "0", "0", "0", "0", "0", "0", "0", "0", "0", "0", "0", "0", "0", "0", "0", "0", "0", "0", "0", "0", "0", "0", "0", "0", "0", "0", "0", "0", "0", "0", "0", "0", "0", "0", "0", "0", "0", "0", "0", "0", "0", "0", "0", "0", "0", "0", "0", "0", "0", "0", "0", "0", "0", "0", "0", "0", "0", "0", "0", "0", "0", "0", "0", "0", "0", "0", "0", "0", "0", "0", "0", "0", "0", "0", "0", "0", "0", "0", "0", "0", "0", "0", "0", "0", "0", "0", "0", "0", "0", "0", "0", "0", "0", "0", "0", "0", "0", "0", "0", "0", "0", "0", "0", "0", "0", "0", "0", "0", "0", "0", "0", "0", "0", "0", "0", "0", "0", "0", "0", "0", "0", "0", "0", "0", "0", "0", "0", "0", "0", "0", "0", "0", "0", "0", "0", "0", "0", "0", "0"]]}