{"state": {"resTurn": "55", "h": "8", "w": "10", "score": [["2", "5", "3", "6", "1", "1", "6", "3", "5", "2"], ["1", "4", "4", "1", "7", "7", "1", "4", "4", "1"], ["1", "1", "5", "2", "-2", "-2", "2", "5", "1", "1"], ["-4", "5", "2", "-2", "9", "9", "-2", "2", "5", "-4"], ["5", "1", "5", "5", "0", "0", "5", "5", "1", "5"], ["6", "7", "13", "7", "3", "3", "7", "13", "7", "6"], ["2", "1", "3", "-5", "1", "1", "-5", "3", "1", "2"], ["4", "4", "3", "3", "3", "3", "3", "3", "4", "4"]], "color": [["0", "0", "0", "0", "0", "0", "0", "0", "0", "0"], ["0", "0", "0", "0", "0", "0", "0", "0", "0", "0"], ["0", "0", "0", "0", "0", "0", "0", "0", "0", "0"], ["0", "0", "0", "1", "0", "0", "0", "0", "0", "0"], ["1", "1", "1", "0", "1", "1", "1", "2", "0", "0"], ["1", "0", "0", "2", "0", "0", "2", "2", "0", "0"], ["0", "0", "2", "2", "2", "0", "0", "2", "0", "0"], ["0", "0", "0", "2", "0", "0", "0", "0", "0", "0"]], "pos": [{"x": "3", "y": "3"}, {"x": "0", "y": "5"}, {"x": "3", "y": "6"}, {"x": "7", "y": "6"}]}, "q": "0.002066667641580017", "z": "1", "visitCount": [["9", "13", "31", "0", "0", "0", "33", "12", "23", "0", "0", "0", "0", "0", "0", "0", "0", "8", "6", "13", "0", "0", "0", "19", "77", "3", "0", "0", "0", "0", "0", "0", "0", "0", "22", "17", "21", "0", "0", "0", "41", "14", "11", "0", "0", "0", "0", "0", "0", "0", "0", "28", "16", "28", "0", "0", "0", "4", "12", "21", "0", "0", "0", "0", "0", "0", "0", "0", "24", "36", "20", "0", "0", "0", "7", "18", "3", "0", "0", "0", "0", "0", "0", "0", "0", "12", "17", "8", "0", "0", "0", "25", "35", "4", "0", "0", "0", "0", "0", "0", "0", "0", "11", "21", "19", "0", "0", "0", "12", "9", "17", "0", "0", "0", "0", "0", "0", "0", "0", "11", "23", "40", "0", "0", "0", "12", "12", "18", "0", "0", "0", "0", "0", "0", "0", "0", "29", "11", "14", "0", "0", "0", "20", "8", "22", "0", "0", "0", "0", "0", "0", "0", "0", "0", "0", "0", "0", "0", "0", "0", "0", "0", "0", "0", "0", "0", "0", "0", "0", "0", "0", "0", "0", "0", "0", "0", "0", "0", "0", "0", "0", "0", "0", "0", "0", "0", "0", "0", "0", "0", "0", "0", "0", "0", "0", "0", "0", "0", "0", "0", "0", "0", "0", "0", "0", "0", "0", "0", "0", "0", "0", "0", "0", "0", "0", "0", "0", "0", "0", "0", "0", "0", "0", "0", "0", "0", "0", "0", "0", "0", "0", "0", "0", "0", "0", "0", "0", "0", "0", "0", "0", "0", "0", "0", "0", "0", "0", "0", "0", "0", "0", "0", "0", "0", "0", "0", "0", "0", "0", "0", "0", "0", "0", "0", "0", "0", "0", "0", "0", "0", "0", "0", "0", "0", "0", "0", "0", "0", "0", "0", "0", "0", "0", "0", "0", "0", "0", "0", "0"], ["8", "12", "13", "13", "10", "24", "7", "10", "10", "0", "0", "0", "0", "0", "0", "0", "0", "6", "15", "9", "23", "14", "11", "18", "5", "9", "0", "0", "0", "0", "0", "0", "0", "0", "19", "13", "3", "27", "12", "7", "13", "12", "5", "0", "0", "0", "0", "0", "0", "0", "0", "20", "9", "17", "8", "8", "14", "7", "8", "19", "0", "0", "0", "0", "0", "0", "0", "0", "7", "7", "7", "10", "9", "27", "17", "21", "15", "0", "0", "0", "0", "0", "0", "0", "0", "9", "11", "11", "5", "21", "8", "21", "8", "21", "0", "0", "0", "0", "0", "0", "0", "0", "27", "9", "8", "10", "20", "14", "4", "11", "7", "0", "0", "0", "0", "0", "0", "0", "0", "8", "12", "3", "17", "14", "11", "7", "9", "21", "0", "0", "0", "0", "0", "0", "0", "0", "7", "3", "12", "13", "14", "37", "14", "8", "7", "0", "0", "0", "0", "0", "0", "0", "0", "0", "0", "0", "0", "0", "0", "0", "0", "0", "0", "0", "0", "0", "0", "0", "0", "0", "0", "0", "0", "0", "0", "0", "0", "0", "0", "0", "0", "0", "0", "0", "0", "0", "0", "0", "0", "0", "0", "0", "0", "0", "0", "0", "0", "0", "0", "0", "0", "0", "0", "0", "0", "0", "0", "0", "0", "0", "0", "0", "0", "0", "0", "0", "0", "0", "0", "0", "0", "0", "0", "0", "0", "0", "0", "0", "0", "0", "0", "0", "0", "0", "0", "0", "0", "0", "0", "0", "0", "0", "0", "0", "0", "0", "0", "0", "0", "0", "0", "0", "0", "0", "0", "0", "0", "0", "0", "0", "0", "0", "0", "0", "0", "0", "0", "0", "0", "0", "0", "0", "0", "0", "0", "0", "0", "0", "0", "0", "0", "0", "0", "0", "0", "0", "0", "0", "0"]]}