{"state": {"resTurn": "9", "h": "8", "w": "10", "score": [["2", "5", "3", "6", "1", "1", "6", "3", "5", "2"], ["1", "4", "4", "1", "7", "7", "1", "4", "4", "1"], ["1", "1", "5", "2", "-2", "-2", "2", "5", "1", "1"], ["-4", "5", "2", "-2", "9", "9", "-2", "2", "5", "-4"], ["5", "1", "5", "5", "0", "0", "5", "5", "1", "5"], ["6", "7", "13", "7", "3", "3", "7", "13", "7", "6"], ["2", "1", "3", "-5", "1", "1", "-5", "3", "1", "2"], ["4", "4", "3", "3", "3", "3", "3", "3", "4", "4"]], "color": [["1", "1", "0", "1", "1", "1", "1", "0", "1", "1"], ["1", "1", "1", "1", "1", "0", "0", "1", "0", "1"], ["1", "1", "1", "1", "1", "1", "0", "0", "1", "0"], ["1", "1", "1", "0", "0", "1", "0", "0", "0", "0"], ["1", "0", "0", "0", "2", "1", "1", "2", "0", "0"], ["0", "2", "2", "2", "2", "2", "2", "2", "0", "0"], ["2", "2", "2", "2", "2", "2", "2", "2", "0", "0"], ["0", "2", "2", "2", "2", "2", "2", "2", "0", "0"]], "pos": [{"x": "9", "y": "0"}, {"x": "1", "y": "1"}, {"x": "1", "y": "6"}, {"x": "0", "y": "6"}]}, "q": "0.0005858530618590599", "z": "1", "visitCount": [["21", "42", "39", "28", "52", "27", "8", "14", "36", "0", "0", "0", "0", "0", "0", "0", "0", "0", "0", "0", "0", "0", "0", "0", "0", "0", "0", "0", "0", "0", "0", "0", "0", "0", "37", "27", "14", "6", "43", "55", "33", "25", "17", "0", "0", "0", "0", "0", "0", "0", "0", "69", "34", "17", "21", "52", "31", "17", "14", "20", "0", "0", "0", "0", "0", "0", "0", "0", "21", "25", "16", "50", "13", "21", "19", "31", "7", "0", "0", "0", "0", "0", "0", "0", "0", "0", "0", "0", "0", "0", "0", "0", "0", "0", "0", "0", "0", "0", "0", "0", "0", "0", "0", "0", "0", "0", "0", "0", "0", "0", "0", "0", "0", "0", "0", "0", "0", "0", "0", "0", "0", "0", "0", "0", "0", "0", "0", "0", "0", "0", "0", "0", "0", "0", "0", "0", "0", "0", "0", "0", "0", "0", "0", "0", "0", "0", "0", "0", "0", "0", "0", "0", "0", "0", "0", "0", "0", "0", "0", "0", "0", "0", "0", "0", "0", "0", "0", "0", "0", "0", "0", "0", "0", "0", "0", "0", "0", "0", "0", "0", "0", "0", "0", "0", "0", "0", "0", "0", "0", "0", "0", "0", "0", "0", "0", "0", "0", "0", "0", "0", "0", "0", "0", "0", "0", "0", "0", "0", "0", "0", "0", "0", "0", "0", "0", "0", "0", "0", "0", "0", "0", "0", "0", "0", "0", "0", "0", "0", "0", "0", "0", "0", "0", "0", "0", "0", "0", "0", "0", "0", "0", "0", "0", "0", "0", "0", "0", "0", "0", "0", "0", "0", "0", "0", "0", "0", "0", "0", "0", "0", "0", "0", "0", "0", "0", "0", "0", "0", "0", "0", "0", "0", "0", "0", "0", "0", "0", "0", "0", "0", "0", "0", "0", "0", "0", "0", "0", "0", "0"], ["8", "6", "34", "0", "0", "0", "27", "24", "26", "0", "0", "0", "0", "0", "0", "0", "0", "15", "14", "17", "0", "0", "0", "9", "47", "12", "0", "0", "0", "0", "0", "0", "0", "0", "19", "18", "16", "0", "0", "0", "20", "9", "14", "0", "0", "0", "0", "0", "0", "0", "0", "7", "30", "10", "0", "0", "0", "6", "18", "21", "0", "0", "0", "0", "0", "0", "0", "0", "9", "8", "12", "0", "0", "0", "20", "24", "31", "0", "0", "0", "0", "0", "0", "0", "0", "3", "16", "18", "0", "0", "0", "19", "20", "46", "0", "0", "0", "0", "0", "0", "0", "0", "5", "11", "31", "0", "0", "0", "16", "3", "10", "0", "0", "0", "0", "0", "0", "0", "0", "42", "6", "20", "0", "0", "0", "19", "10", "7", "0", "0", "0", "0", "0", "0", "0", "0", "53", "27", "14", "0", "0", "0", "53", "18", "4", "0", "0", "0", "0", "0", "0", "0", "0", "0", "0", "0", "0", "0", "0", "0", "0", "0", "0", "0", "0", "0", "0", "0", "0", "0", "0", "0", "0", "0", "0", "0", "0", "0", "0", "0", "0", "0", "0", "0", "0", "0", "0", "0", "0", "0", "0", "0", "0", "0", "0", "0", "0", "0", "0", "0", "0", "0", "0", "0", "0", "0", "0", "0", "0", "0", "0", "0", "0", "0", "0", "0", "0", "0", "0", "0", "0", "0", "0", "0", "0", "0", "0", "0", "0", "0", "0", "0", "0", "0", "0", "0", "0", "0", "0", "0", "0", "0", "0", "0", "0", "0", "0", "0", "0", "0", "0", "0", "0", "0", "0", "0", "0", "0", "0", "0", "0", "0", "0", "0", "0", "0", "0", "0", "0", "0", "0", "0", "0", "0", "0", "0", "0", "0", "0", "0", "0", "0", "0", "0", "0", "0", "0", "0", "0"]]}