{"state": {"resTurn": "8", "h": "8", "w": "10", "score": [["2", "5", "3", "6", "1", "1", "6", "3", "5", "2"], ["1", "4", "4", "1", "7", "7", "1", "4", "4", "1"], ["1", "1", "5", "2", "-2", "-2", "2", "5", "1", "1"], ["-4", "5", "2", "-2", "9", "9", "-2", "2", "5", "-4"], ["5", "1", "5", "5", "0", "0", "5", "5", "1", "5"], ["6", "7", "13", "7", "3", "3", "7", "13", "7", "6"], ["2", "1", "3", "-5", "1", "1", "-5", "3", "1", "2"], ["4", "4", "3", "3", "3", "3", "3", "3", "4", "4"]], "color": [["1", "1", "0", "1", "1", "1", "1", "0", "1", "1"], ["1", "1", "1", "1", "1", "0", "0", "1", "1", "1"], ["1", "1", "1", "1", "1", "1", "0", "0", "1", "0"], ["1", "1", "1", "0", "0", "1", "0", "0", "0", "0"], ["1", "0", "0", "0", "2", "1", "1", "2", "0", "0"], ["0", "2", "2", "2", "2", "2", "2", "2", "0", "0"], ["2", "2", "2", "2", "2", "2", "2", "2", "0", "0"], ["0", "2", "2", "2", "2", "2", "2", "2", "0", "0"]], "pos": [{"x": "8", "y": "1"}, {"x": "1", "y": "1"}, {"x": "2", "y": "6"}, {"x": "0", "y": "6"}]}, "q": "0.001401406879175777", "z": "1", "visitCount": [["23", "11", "7", "3", "9", "12", "7", "15", "8", "0", "0", "0", "0", "0", "0", "0", "0", "11", "7", "13", "9", "29", "6", "17", "11", "16", "0", "0", "0", "0", "0", "0", "0", "0", "35", "23", "14", "16", "11", "3", "24", "8", "24", "0", "0", "0", "0", "0", "0", "0", "0", "14", "14", "41", "9", "10", "12", "18", "15", "6", "0", "0", "0", "0", "0", "0", "0", "0", "7", "9", "9", "18", "6", "2", "9", "7", "8", "0", "0", "0", "0", "0", "0", "0", "0", "15", "20", "9", "9", "8", "12", "10", "14", "8", "0", "0", "0", "0", "0", "0", "0", "0", "12", "11", "14", "16", "6", "17", "6", "7", "14", "0", "0", "0", "0", "0", "0", "0", "0", "16", "6", "25", "6", "7", "8", "18", "8", "4", "0", "0", "0", "0", "0", "0", "0", "0", "19", "13", "11", "14", "7", "10", "8", "14", "13", "0", "0", "0", "0", "0", "0", "0", "0", "0", "0", "0", "0", "0", "0", "0", "0", "0", "0", "0", "0", "0", "0", "0", "0", "0", "0", "0", "0", "0", "0", "0", "0", "0", "0", "0", "0", "0", "0", "0", "0", "0", "0", "0", "0", "0", "0", "0", "0", "0", "0", "0", "0", "0", "0", "0", "0", "0", "0", "0", "0", "0", "0", "0", "0", "0", "0", "0", "0", "0", "0", "0", "0", "0", "0", "0", "0", "0", "0", "0", "0", "0", "0", "0", "0", "0", "0", "0", "0", "0", "0", "0", "0", "0", "0", "0", "0", "0", "0", "0", "0", "0", "0", "0", "0", "0", "0", "0", "0", "0", "0", "0", "0", "0", "0", "0", "0", "0", "0", "0", "0", "0", "0", "0", "0", "0", "0", "0", "0", "0", "0", "0", "0", "0", "0", "0", "0", "0", "0", "0", "0", "0", "0", "0", "0"], ["6", "10", "35", "0", "0", "0", "21", "20", "4", "0", "0", "0", "0", "0", "0", "0", "0", "27", "16", "15", "0", "0", "0", "28", "13", "11", "0", "0", "0", "0", "0", "0", "0", "0", "5", "27", "19", "0", "0", "0", "14", "51", "47", "0", "0", "0", "0", "0", "0", "0", "0", "14", "18", "16", "0", "0", "0", "25", "12", "17", "0", "0", "0", "0", "0", "0", "0", "0", "26", "16", "17", "0", "0", "0", "9", "11", "18", "0", "0", "0", "0", "0", "0", "0", "0", "7", "21", "12", "0", "0", "0", "11", "33", "12", "0", "0", "0", "0", "0", "0", "0", "0", "21", "27", "27", "0", "0", "0", "21", "5", "24", "0", "0", "0", "0", "0", "0", "0", "0", "6", "16", "17", "0", "0", "0", "5", "18", "24", "0", "0", "0", "0", "0", "0", "0", "0", "5", "7", "58", "0", "0", "0", "22", "9", "25", "0", "0", "0", "0", "0", "0", "0", "0", "0", "0", "0", "0", "0", "0", "0", "0", "0", "0", "0", "0", "0", "0", "0", "0", "0", "0", "0", "0", "0", "0", "0", "0", "0", "0", "0", "0", "0", "0", "0", "0", "0", "0", "0", "0", "0", "0", "0", "0", "0", "0", "0", "0", "0", "0", "0", "0", "0", "0", "0", "0", "0", "0", "0", "0", "0", "0", "0", "0", "0", "0", "0", "0", "0", "0", "0", "0", "0", "0", "0", "0", "0", "0", "0", "0", "0", "0", "0", "0", "0", "0", "0", "0", "0", "0", "0", "0", "0", "0", "0", "0", "0", "0", "0", "0", "0", "0", "0", "0", "0", "0", "0", "0", "0", "0", "0", "0", "0", "0", "0", "0", "0", "0", "0", "0", "0", "0", "0", "0", "0", "0", "0", "0", "0", "0", "0", "0", "0", "0", "0", "0", "0", "0", "0", "0"]]}