{"state": {"resTurn": "7", "h": "8", "w": "10", "score": [["2", "5", "3", "6", "1", "1", "6", "3", "5", "2"], ["1", "4", "4", "1", "7", "7", "1", "4", "4", "1"], ["1", "1", "5", "2", "-2", "-2", "2", "5", "1", "1"], ["-4", "5", "2", "-2", "9", "9", "-2", "2", "5", "-4"], ["5", "1", "5", "5", "0", "0", "5", "5", "1", "5"], ["6", "7", "13", "7", "3", "3", "7", "13", "7", "6"], ["2", "1", "3", "-5", "1", "1", "-5", "3", "1", "2"], ["4", "4", "3", "3", "3", "3", "3", "3", "4", "4"]], "color": [["1", "1", "0", "1", "1", "1", "1", "0", "1", "1"], ["1", "1", "1", "1", "1", "0", "0", "1", "1", "1"], ["1", "1", "1", "1", "1", "1", "0", "1", "1", "0"], ["1", "1", "1", "0", "0", "1", "0", "0", "0", "0"], ["1", "0", "0", "0", "2", "1", "1", "2", "0", "0"], ["0", "2", "2", "2", "2", "2", "2", "2", "0", "0"], ["2", "2", "2", "2", "2", "2", "2", "2", "0", "0"], ["2", "2", "2", "2", "2", "2", "2", "2", "0", "0"]], "pos": [{"x": "7", "y": "2"}, {"x": "1", "y": "2"}, {"x": "3", "y": "6"}, {"x": "0", "y": "7"}]}, "q": "-0.0003692569988565989", "z": "1", "visitCount": [["24", "10", "15", "6", "6", "7", "7", "17", "20", "0", "0", "0", "0", "0", "0", "0", "0", "7", "4", "12", "12", "11", "19", "5", "11", "16", "0", "0", "0", "0", "0", "0", "0", "0", "7", "10", "9", "10", "15", "11", "8", "3", "14", "0", "0", "0", "0", "0", "0", "0", "0", "10", "24", "9", "10", "10", "13", "8", "28", "16", "0", "0", "0", "0", "0", "0", "0", "0", "7", "8", "18", "16", "10", "26", "20", "6", "13", "0", "0", "0", "0", "0", "0", "0", "0", "9", "8", "14", "12", "23", "7", "7", "6", "16", "0", "0", "0", "0", "0", "0", "0", "0", "6", "9", "25", "16", "10", "7", "9", "6", "11", "0", "0", "0", "0", "0", "0", "0", "0", "11", "10", "13", "13", "13", "21", "9", "5", "22", "0", "0", "0", "0", "0", "0", "0", "0", "8", "21", "14", "15", "8", "9", "20", "20", "22", "0", "0", "0", "0", "0", "0", "0", "0", "0", "0", "0", "0", "0", "0", "0", "0", "0", "0", "0", "0", "0", "0", "0", "0", "0", "0", "0", "0", "0", "0", "0", "0", "0", "0", "0", "0", "0", "0", "0", "0", "0", "0", "0", "0", "0", "0", "0", "0", "0", "0", "0", "0", "0", "0", "0", "0", "0", "0", "0", "0", "0", "0", "0", "0", "0", "0", "0", "0", "0", "0", "0", "0", "0", "0", "0", "0", "0", "0", "0", "0", "0", "0", "0", "0", "0", "0", "0", "0", "0", "0", "0", "0", "0", "0", "0", "0", "0", "0", "0", "0", "0", "0", "0", "0", "0", "0", "0", "0", "0", "0", "0", "0", "0", "0", "0", "0", "0", "0", "0", "0", "0", "0", "0", "0", "0", "0", "0", "0", "0", "0", "0", "0", "0", "0", "0", "0", "0", "0", "0", "0", "0", "0", "0", "0"], ["13", "0", "0", "0", "0", "0", "4", "29", "72", "0", "0", "0", "0", "0", "0", "0", "0", "21", "0", "0", "0", "0", "0", "20", "98", "6", "0", "0", "0", "0", "0", "0", "0", "0", "10", "0", "0", "0", "0", "0", "22", "15", "30", "0", "0", "0", "0", "0", "0", "0", "0", "17", "0", "0", "0", "0", "0", "44", "15", "4", "0", "0", "0", "0", "0", "0", "0", "0", "31", "0", "0", "0", "0", "0", "94", "29", "31", "0", "0", "0", "0", "0", "0", "0", "0", "9", "0", "0", "0", "0", "0", "52", "8", "22", "0", "0", "0", "0", "0", "0", "0", "0", "7", "0", "0", "0", "0", "0", "45", "27", "25", "0", "0", "0", "0", "0", "0", "0", "0", "34", "0", "0", "0", "0", "0", "43", "6", "38", "0", "0", "0", "0", "0", "0", "0", "0", "12", "0", "0", "0", "0", "0", "28", "8", "34", "0", "0", "0", "0", "0", "0", "0", "0", "0", "0", "0", "0", "0", "0", "0", "0", "0", "0", "0", "0", "0", "0", "0", "0", "0", "0", "0", "0", "0", "0", "0", "0", "0", "0", "0", "0", "0", "0", "0", "0", "0", "0", "0", "0", "0", "0", "0", "0", "0", "0", "0", "0", "0", "0", "0", "0", "0", "0", "0", "0", "0", "0", "0", "0", "0", "0", "0", "0", "0", "0", "0", "0", "0", "0", "0", "0", "0", "0", "0", "0", "0", "0", "0", "0", "0", "0", "0", "0", "0", "0", "0", "0", "0", "0", "0", "0", "0", "0", "0", "0", "0", "0", "0", "0", "0", "0", "0", "0", "0", "0", "0", "0", "0", "0", "0", "0", "0", "0", "0", "0", "0", "0", "0", "0", "0", "0", "0", "0", "0", "0", "0", "0", "0", "0", "0", "0", "0", "0", "0", "0", "0", "0", "0", "0"]]}