{"state": {"resTurn": "6", "h": "8", "w": "10", "score": [["2", "5", "3", "6", "1", "1", "6", "3", "5", "2"], ["1", "4", "4", "1", "7", "7", "1", "4", "4", "1"], ["1", "1", "5", "2", "-2", "-2", "2", "5", "1", "1"], ["-4", "5", "2", "-2", "9", "9", "-2", "2", "5", "-4"], ["5", "1", "5", "5", "0", "0", "5", "5", "1", "5"], ["6", "7", "13", "7", "3", "3", "7", "13", "7", "6"], ["2", "1", "3", "-5", "1", "1", "-5", "3", "1", "2"], ["4", "4", "3", "3", "3", "3", "3", "3", "4", "4"]], "color": [["1", "1", "0", "1", "1", "1", "1", "0", "1", "1"], ["1", "1", "1", "1", "1", "0", "0", "1", "1", "1"], ["1", "1", "1", "1", "1", "1", "0", "1", "1", "0"], ["1", "1", "1", "0", "0", "1", "1", "0", "0", "0"], ["1", "0", "0", "0", "2", "1", "1", "2", "0", "0"], ["0", "2", "2", "2", "2", "2", "2", "2", "0", "0"], ["2", "2", "2", "2", "2", "2", "2", "2", "0", "0"], ["2", "2", "2", "2", "2", "2", "2", "2", "0", "0"]], "pos": [{"x": "6", "y": "3"}, {"x": "2", "y": "1"}, {"x": "4", "y": "7"}, {"x": "1", "y": "6"}]}, "q": "0.001437912473160367", "z": "1", "visitCount": [["6", "12", "19", "10", "11", "13", "18", "5", "16", "0", "0", "0", "0", "0", "0", "0", "0", "0", "0", "0", "0", "0", "0", "0", "0", "0", "0", "0", "0", "0", "0", "0", "0", "0", "23", "17", "14", "9", "9", "17", "9", "13", "23", "0", "0", "0", "0", "0", "0", "0", "0", "11", "4", "10", "19", "8", "21", "5", "7", "9", "0", "0", "0", "0", "0", "0", "0", "0", "27", "12", "9", "10", "7", "11", "12", "7", "7", "0", "0", "0", "0", "0", "0", "0", "0", "28", "11", "7", "10", "4", "14", "12", "27", "10", "0", "0", "0", "0", "0", "0", "0", "0", "6", "8", "17", "11", "24", "15", "15", "7", "11", "0", "0", "0", "0", "0", "0", "0", "0", "9", "5", "10", "12", "7", "11", "19", "13", "13", "0", "0", "0", "0", "0", "0", "0", "0", "8", "12", "8", "13", "28", "17", "7", "10", "3", "0", "0", "0", "0", "0", "0", "0", "0", "13", "16", "4", "15", "15", "14", "17", "8", "16", "0", "0", "0", "0", "0", "0", "0", "0", "0", "0", "0", "0", "0", "0", "0", "0", "0", "0", "0", "0", "0", "0", "0", "0", "0", "0", "0", "0", "0", "0", "0", "0", "0", "0", "0", "0", "0", "0", "0", "0", "0", "0", "0", "0", "0", "0", "0", "0", "0", "0", "0", "0", "0", "0", "0", "0", "0", "0", "0", "0", "0", "0", "0", "0", "0", "0", "0", "0", "0", "0", "0", "0", "0", "0", "0", "0", "0", "0", "0", "0", "0", "0", "0", "0", "0", "0", "0", "0", "0", "0", "0", "0", "0", "0", "0", "0", "0", "0", "0", "0", "0", "0", "0", "0", "0", "0", "0", "0", "0", "0", "0", "0", "0", "0", "0", "0", "0", "0", "0", "0", "0", "0", "0", "0", "0", "0", "0"], ["6", "4", "18", "12", "7", "4", "15", "24", "39", "0", "0", "0", "0", "0", "0", "0", "0", "0", "0", "0", "0", "0", "0", "0", "0", "0", "0", "0", "0", "0", "0", "0", "0", "0", "0", "0", "0", "0", "0", "0", "0", "0", "0", "0", "0", "0", "0", "0", "0", "0", "0", "0", "0", "0", "0", "0", "0", "0", "0", "0", "0", "0", "0", "0", "0", "0", "0", "0", "15", "21", "14", "31", "6", "17", "23", "8", "32", "0", "0", "0", "0", "0", "0", "0", "0", "16", "32", "7", "16", "24", "12", "35", "25", "18", "0", "0", "0", "0", "0", "0", "0", "0", "8", "9", "34", "24", "38", "14", "29", "22", "6", "0", "0", "0", "0", "0", "0", "0", "0", "26", "30", "18", "9", "11", "27", "17", "16", "5", "0", "0", "0", "0", "0", "0", "0", "0", "11", "26", "34", "27", "13", "5", "6", "4", "50", "0", "0", "0", "0", "0", "0", "0", "0", "0", "0", "0", "0", "0", "0", "0", "0", "0", "0", "0", "0", "0", "0", "0", "0", "0", "0", "0", "0", "0", "0", "0", "0", "0", "0", "0", "0", "0", "0", "0", "0", "0", "0", "0", "0", "0", "0", "0", "0", "0", "0", "0", "0", "0", "0", "0", "0", "0", "0", "0", "0", "0", "0", "0", "0", "0", "0", "0", "0", "0", "0", "0", "0", "0", "0", "0", "0", "0", "0", "0", "0", "0", "0", "0", "0", "0", "0", "0", "0", "0", "0", "0", "0", "0", "0", "0", "0", "0", "0", "0", "0", "0", "0", "0", "0", "0", "0", "0", "0", "0", "0", "0", "0", "0", "0", "0", "0", "0", "0", "0", "0", "0", "0", "0", "0", "0", "0", "0", "0", "0", "0", "0", "0", "0", "0", "0", "0", "0", "0", "0", "0", "0", "0", "0", "0"]]}