{"state": {"resTurn": "5", "h": "8", "w": "10", "score": [["2", "5", "3", "6", "1", "1", "6", "3", "5", "2"], ["1", "4", "4", "1", "7", "7", "1", "4", "4", "1"], ["1", "1", "5", "2", "-2", "-2", "2", "5", "1", "1"], ["-4", "5", "2", "-2", "9", "9", "-2", "2", "5", "-4"], ["5", "1", "5", "5", "0", "0", "5", "5", "1", "5"], ["6", "7", "13", "7", "3", "3", "7", "13", "7", "6"], ["2", "1", "3", "-5", "1", "1", "-5", "3", "1", "2"], ["4", "4", "3", "3", "3", "3", "3", "3", "4", "4"]], "color": [["1", "1", "0", "1", "1", "1", "1", "0", "1", "1"], ["1", "1", "1", "1", "1", "0", "0", "1", "1", "1"], ["1", "1", "1", "1", "1", "1", "0", "1", "1", "0"], ["1", "1", "1", "0", "0", "1", "1", "0", "0", "0"], ["1", "0", "0", "0", "2", "1", "1", "2", "0", "0"], ["0", "2", "2", "2", "2", "2", "2", "2", "0", "0"], ["2", "2", "2", "2", "2", "2", "2", "2", "0", "0"], ["2", "2", "2", "2", "2", "2", "2", "2", "0", "0"]], "pos": [{"x": "5", "y": "2"}, {"x": "2", "y": "1"}, {"x": "5", "y": "7"}, {"x": "2", "y": "6"}]}, "q": "0.00127239751682494", "z": "1", "visitCount": [["16", "33", "20", "18", "4", "6", "15", "8", "16", "0", "0", "0", "0", "0", "0", "0", "0", "8", "22", "12", "13", "11", "10", "19", "22", "20", "0", "0", "0", "0", "0", "0", "0", "0", "4", "9", "8", "10", "6", "11", "4", "9", "13", "0", "0", "0", "0", "0", "0", "0", "0", "14", "3", "10", "24", "19", "8", "13", "12", "20", "0", "0", "0", "0", "0", "0", "0", "0", "16", "23", "14", "16", "20", "20", "13", "19", "5", "0", "0", "0", "0", "0", "0", "0", "0", "7", "5", "22", "13", "12", "13", "8", "9", "8", "0", "0", "0", "0", "0", "0", "0", "0", "5", "19", "11", "6", "10", "12", "7", "17", "13", "0", "0", "0", "0", "0", "0", "0", "0", "6", "12", "6", "5", "16", "7", "10", "3", "11", "0", "0", "0", "0", "0", "0", "0", "0", "14", "13", "11", "23", "16", "16", "12", "3", "4", "0", "0", "0", "0", "0", "0", "0", "0", "0", "0", "0", "0", "0", "0", "0", "0", "0", "0", "0", "0", "0", "0", "0", "0", "0", "0", "0", "0", "0", "0", "0", "0", "0", "0", "0", "0", "0", "0", "0", "0", "0", "0", "0", "0", "0", "0", "0", "0", "0", "0", "0", "0", "0", "0", "0", "0", "0", "0", "0", "0", "0", "0", "0", "0", "0", "0", "0", "0", "0", "0", "0", "0", "0", "0", "0", "0", "0", "0", "0", "0", "0", "0", "0", "0", "0", "0", "0", "0", "0", "0", "0", "0", "0", "0", "0", "0", "0", "0", "0", "0", "0", "0", "0", "0", "0", "0", "0", "0", "0", "0", "0", "0", "0", "0", "0", "0", "0", "0", "0", "0", "0", "0", "0", "0", "0", "0", "0", "0", "0", "0", "0", "0", "0", "0", "0", "0", "0", "0", "0", "0", "0", "0", "0", "0"], ["25", "24", "15", "23", "9", "14", "5", "9", "16", "0", "0", "0", "0", "0", "0", "0", "0", "0", "0", "0", "0", "0", "0", "0", "0", "0", "0", "0", "0", "0", "0", "0", "0", "0", "0", "0", "0", "0", "0", "0", "0", "0", "0", "0", "0", "0", "0", "0", "0", "0", "0", "0", "0", "0", "0", "0", "0", "0", "0", "0", "0", "0", "0", "0", "0", "0", "0", "0", "19", "18", "6", "17", "11", "21", "18", "65", "21", "0", "0", "0", "0", "0", "0", "0", "0", "8", "8", "9", "30", "16", "22", "15", "29", "9", "0", "0", "0", "0", "0", "0", "0", "0", "29", "16", "62", "14", "35", "15", "7", "28", "4", "0", "0", "0", "0", "0", "0", "0", "0", "6", "12", "10", "12", "24", "8", "7", "15", "68", "0", "0", "0", "0", "0", "0", "0", "0", "9", "19", "6", "4", "20", "26", "8", "51", "4", "0", "0", "0", "0", "0", "0", "0", "0", "0", "0", "0", "0", "0", "0", "0", "0", "0", "0", "0", "0", "0", "0", "0", "0", "0", "0", "0", "0", "0", "0", "0", "0", "0", "0", "0", "0", "0", "0", "0", "0", "0", "0", "0", "0", "0", "0", "0", "0", "0", "0", "0", "0", "0", "0", "0", "0", "0", "0", "0", "0", "0", "0", "0", "0", "0", "0", "0", "0", "0", "0", "0", "0", "0", "0", "0", "0", "0", "0", "0", "0", "0", "0", "0", "0", "0", "0", "0", "0", "0", "0", "0", "0", "0", "0", "0", "0", "0", "0", "0", "0", "0", "0", "0", "0", "0", "0", "0", "0", "0", "0", "0", "0", "0", "0", "0", "0", "0", "0", "0", "0", "0", "0", "0", "0", "0", "0", "0", "0", "0", "0", "0", "0", "0", "0", "0", "0", "0", "0", "0", "0", "0", "0", "0", "0"]]}