{"state": {"resTurn": "4", "h": "8", "w": "10", "score": [["2", "5", "3", "6", "1", "1", "6", "3", "5", "2"], ["1", "4", "4", "1", "7", "7", "1", "4", "4", "1"], ["1", "1", "5", "2", "-2", "-2", "2", "5", "1", "1"], ["-4", "5", "2", "-2", "9", "9", "-2", "2", "5", "-4"], ["5", "1", "5", "5", "0", "0", "5", "5", "1", "5"], ["6", "7", "13", "7", "3", "3", "7", "13", "7", "6"], ["2", "1", "3", "-5", "1", "1", "-5", "3", "1", "2"], ["4", "4", "3", "3", "3", "3", "3", "3", "4", "4"]], "color": [["1", "1", "0", "1", "1", "1", "1", "0", "1", "1"], ["1", "1", "1", "1", "1", "0", "0", "1", "1", "1"], ["1", "1", "1", "1", "1", "1", "0", "1", "1", "0"], ["1", "1", "1", "0", "0", "1", "1", "0", "0", "0"], ["1", "0", "0", "0", "2", "1", "1", "2", "0", "0"], ["0", "2", "2", "2", "2", "2", "2", "2", "0", "0"], ["2", "2", "2", "2", "2", "2", "2", "2", "0", "0"], ["2", "2", "2", "2", "2", "2", "2", "2", "0", "0"]], "pos": [{"x": "5", "y": "2"}, {"x": "3", "y": "2"}, {"x": "6", "y": "6"}, {"x": "3", "y": "6"}]}, "q": "0.00107030971057777", "z": "1", "visitCount": [["6", "5", "7", "12", "8", "25", "22", "15", "14", "0", "0", "0", "0", "0", "0", "0", "0", "9", "7", "9", "8", "21", "35", "6", "15", "17", "0", "0", "0", "0", "0", "0", "0", "0", "9", "23", "11", "6", "16", "13", "3", "13", "9", "0", "0", "0", "0", "0", "0", "0", "0", "4", "14", "17", "6", "5", "10", "14", "11", "15", "0", "0", "0", "0", "0", "0", "0", "0", "25", "7", "6", "4", "4", "12", "12", "11", "25", "0", "0", "0", "0", "0", "0", "0", "0", "13", "25", "13", "16", "9", "11", "13", "9", "30", "0", "0", "0", "0", "0", "0", "0", "0", "5", "8", "18", "20", "7", "9", "24", "10", "12", "0", "0", "0", "0", "0", "0", "0", "0", "9", "6", "8", "10", "4", "14", "17", "7", "13", "0", "0", "0", "0", "0", "0", "0", "0", "12", "10", "13", "11", "22", "19", "5", "15", "8", "0", "0", "0", "0", "0", "0", "0", "0", "0", "0", "0", "0", "0", "0", "0", "0", "0", "0", "0", "0", "0", "0", "0", "0", "0", "0", "0", "0", "0", "0", "0", "0", "0", "0", "0", "0", "0", "0", "0", "0", "0", "0", "0", "0", "0", "0", "0", "0", "0", "0", "0", "0", "0", "0", "0", "0", "0", "0", "0", "0", "0", "0", "0", "0", "0", "0", "0", "0", "0", "0", "0", "0", "0", "0", "0", "0", "0", "0", "0", "0", "0", "0", "0", "0", "0", "0", "0", "0", "0", "0", "0", "0", "0", "0", "0", "0", "0", "0", "0", "0", "0", "0", "0", "0", "0", "0", "0", "0", "0", "0", "0", "0", "0", "0", "0", "0", "0", "0", "0", "0", "0", "0", "0", "0", "0", "0", "0", "0", "0", "0", "0", "0", "0", "0", "0", "0", "0", "0", "0", "0", "0", "0", "0", "0"], ["7", "8", "15", "7", "19", "15", "11", "5", "11", "0", "0", "0", "0", "0", "0", "0", "0", "8", "9", "5", "12", "9", "4", "10", "5", "14", "0", "0", "0", "0", "0", "0", "0", "0", "17", "13", "10", "21", "13", "49", "10", "7", "11", "0", "0", "0", "0", "0", "0", "0", "0", "9", "7", "19", "7", "7", "12", "13", "10", "15", "0", "0", "0", "0", "0", "0", "0", "0", "11", "21", "15", "24", "9", "8", "11", "8", "14", "0", "0", "0", "0", "0", "0", "0", "0", "24", "7", "11", "12", "25", "3", "17", "12", "7", "0", "0", "0", "0", "0", "0", "0", "0", "10", "28", "13", "7", "10", "6", "6", "14", "15", "0", "0", "0", "0", "0", "0", "0", "0", "12", "7", "7", "9", "6", "14", "11", "6", "15", "0", "0", "0", "0", "0", "0", "0", "0", "16", "19", "9", "15", "38", "10", "3", "11", "21", "0", "0", "0", "0", "0", "0", "0", "0", "0", "0", "0", "0", "0", "0", "0", "0", "0", "0", "0", "0", "0", "0", "0", "0", "0", "0", "0", "0", "0", "0", "0", "0", "0", "0", "0", "0", "0", "0", "0", "0", "0", "0", "0", "0", "0", "0", "0", "0", "0", "0", "0", "0", "0", "0", "0", "0", "0", "0", "0", "0", "0", "0", "0", "0", "0", "0", "0", "0", "0", "0", "0", "0", "0", "0", "0", "0", "0", "0", "0", "0", "0", "0", "0", "0", "0", "0", "0", "0", "0", "0", "0", "0", "0", "0", "0", "0", "0", "0", "0", "0", "0", "0", "0", "0", "0", "0", "0", "0", "0", "0", "0", "0", "0", "0", "0", "0", "0", "0", "0", "0", "0", "0", "0", "0", "0", "0", "0", "0", "0", "0", "0", "0", "0", "0", "0", "0", "0", "0", "0", "0", "0", "0", "0", "0"]]}