{"state": {"resTurn": "3", "h": "8", "w": "10", "score": [["2", "5", "3", "6", "1", "1", "6", "3", "5", "2"], ["1", "4", "4", "1", "7", "7", "1", "4", "4", "1"], ["1", "1", "5", "2", "-2", "-2", "2", "5", "1", "1"], ["-4", "5", "2", "-2", "9", "9", "-2", "2", "5", "-4"], ["5", "1", "5", "5", "0", "0", "5", "5", "1", "5"], ["6", "7", "13", "7", "3", "3", "7", "13", "7", "6"], ["2", "1", "3", "-5", "1", "1", "-5", "3", "1", "2"], ["4", "4", "3", "3", "3", "3", "3", "3", "4", "4"]], "color": [["1", "1", "0", "1", "1", "1", "1", "0", "1", "1"], ["1", "1", "1", "1", "1", "0", "0", "1", "1", "1"], ["1", "1", "1", "1", "1", "1", "0", "1", "1", "0"], ["1", "1", "1", "0", "0", "1", "1", "0", "0", "0"], ["1", "0", "0", "0", "2", "1", "1", "2", "0", "0"], ["0", "2", "2", "2", "2", "2", "2", "2", "0", "0"], ["2", "2", "2", "2", "2", "2", "2", "2", "0", "0"], ["2", "2", "2", "2", "2", "2", "2", "2", "0", "0"]], "pos": [{"x": "6", "y": "3"}, {"x": "2", "y": "1"}, {"x": "6", "y": "7"}, {"x": "2", "y": "5"}]}, "q": "0.0008653473688445807", "z": "1", "visitCount": [["15", "7", "11", "11", "5", "16", "15", "9", "3", "0", "0", "0", "0", "0", "0", "0", "0", "0", "0", "0", "0", "0", "0", "0", "0", "0", "0", "0", "0", "0", "0", "0", "0", "0", "10", "4", "11", "16", "12", "13", "19", "12", "3", "0", "0", "0", "0", "0", "0", "0", "0", "12", "7", "7", "6", "35", "12", "12", "5", "8", "0", "0", "0", "0", "0", "0", "0", "0", "6", "8", "14", "7", "23", "3", "17", "18", "9", "0", "0", "0", "0", "0", "0", "0", "0", "9", "11", "13", "4", "16", "17", "16", "24", "9", "0", "0", "0", "0", "0", "0", "0", "0", "6", "15", "27", "14", "6", "6", "20", "12", "10", "0", "0", "0", "0", "0", "0", "0", "0", "6", "12", "16", "11", "15", "11", "11", "15", "5", "0", "0", "0", "0", "0", "0", "0", "0", "12", "6", "10", "8", "14", "12", "13", "7", "9", "0", "0", "0", "0", "0", "0", "0", "0", "25", "22", "16", "10", "14", "14", "23", "4", "43", "0", "0", "0", "0", "0", "0", "0", "0", "0", "0", "0", "0", "0", "0", "0", "0", "0", "0", "0", "0", "0", "0", "0", "0", "0", "0", "0", "0", "0", "0", "0", "0", "0", "0", "0", "0", "0", "0", "0", "0", "0", "0", "0", "0", "0", "0", "0", "0", "0", "0", "0", "0", "0", "0", "0", "0", "0", "0", "0", "0", "0", "0", "0", "0", "0", "0", "0", "0", "0", "0", "0", "0", "0", "0", "0", "0", "0", "0", "0", "0", "0", "0", "0", "0", "0", "0", "0", "0", "0", "0", "0", "0", "0", "0", "0", "0", "0", "0", "0", "0", "0", "0", "0", "0", "0", "0", "0", "0", "0", "0", "0", "0", "0", "0", "0", "0", "0", "0", "0", "0", "0", "0", "0", "0", "0", "0", "0"], ["35", "17", "6", "18", "10", "17", "32", "4", "12", "0", "0", "0", "0", "0", "0", "0", "0", "0", "0", "0", "0", "0", "0", "0", "0", "0", "0", "0", "0", "0", "0", "0", "0", "0", "0", "0", "0", "0", "0", "0", "0", "0", "0", "0", "0", "0", "0", "0", "0", "0", "0", "0", "0", "0", "0", "0", "0", "0", "0", "0", "0", "0", "0", "0", "0", "0", "0", "0", "8", "55", "26", "7", "10", "38", "26", "5", "30", "0", "0", "0", "0", "0", "0", "0", "0", "9", "5", "23", "13", "11", "29", "36", "27", "10", "0", "0", "0", "0", "0", "0", "0", "0", "14", "30", "15", "13", "3", "20", "13", "19", "35", "0", "0", "0", "0", "0", "0", "0", "0", "15", "22", "21", "17", "15", "3", "8", "38", "6", "0", "0", "0", "0", "0", "0", "0", "0", "11", "35", "13", "29", "18", "33", "5", "13", "17", "0", "0", "0", "0", "0", "0", "0", "0", "0", "0", "0", "0", "0", "0", "0", "0", "0", "0", "0", "0", "0", "0", "0", "0", "0", "0", "0", "0", "0", "0", "0", "0", "0", "0", "0", "0", "0", "0", "0", "0", "0", "0", "0", "0", "0", "0", "0", "0", "0", "0", "0", "0", "0", "0", "0", "0", "0", "0", "0", "0", "0", "0", "0", "0", "0", "0", "0", "0", "0", "0", "0", "0", "0", "0", "0", "0", "0", "0", "0", "0", "0", "0", "0", "0", "0", "0", "0", "0", "0", "0", "0", "0", "0", "0", "0", "0", "0", "0", "0", "0", "0", "0", "0", "0", "0", "0", "0", "0", "0", "0", "0", "0", "0", "0", "0", "0", "0", "0", "0", "0", "0", "0", "0", "0", "0", "0", "0", "0", "0", "0", "0", "0", "0", "0", "0", "0", "0", "0", "0", "0", "0", "0", "0", "0"]]}