{"state": {"resTurn": "2", "h": "8", "w": "10", "score": [["2", "5", "3", "6", "1", "1", "6", "3", "5", "2"], ["1", "4", "4", "1", "7", "7", "1", "4", "4", "1"], ["1", "1", "5", "2", "-2", "-2", "2", "5", "1", "1"], ["-4", "5", "2", "-2", "9", "9", "-2", "2", "5", "-4"], ["5", "1", "5", "5", "0", "0", "5", "5", "1", "5"], ["6", "7", "13", "7", "3", "3", "7", "13", "7", "6"], ["2", "1", "3", "-5", "1", "1", "-5", "3", "1", "2"], ["4", "4", "3", "3", "3", "3", "3", "3", "4", "4"]], "color": [["1", "1", "0", "1", "1", "1", "1", "0", "1", "1"], ["1", "1", "1", "1", "1", "0", "0", "1", "1", "1"], ["1", "1", "1", "1", "1", "1", "0", "1", "1", "0"], ["1", "1", "1", "0", "0", "1", "1", "0", "0", "0"], ["1", "0", "0", "0", "2", "1", "1", "0", "0", "0"], ["0", "2", "2", "2", "2", "2", "2", "2", "0", "0"], ["2", "2", "2", "2", "2", "2", "2", "2", "0", "0"], ["2", "2", "2", "2", "2", "2", "2", "2", "0", "0"]], "pos": [{"x": "6", "y": "3"}, {"x": "3", "y": "1"}, {"x": "5", "y": "7"}, {"x": "3", "y": "6"}]}, "q": "0.0006505533687373663", "z": "1", "visitCount": [["14", "21", "14", "17", "18", "28", "15", "6", "10", "0", "0", "0", "0", "0", "0", "0", "0", "19", "11", "9", "8", "9", "13", "9", "9", "5", "0", "0", "0", "0", "0", "0", "0", "0", "10", "11", "30", "13", "4", "9", "12", "9", "6", "0", "0", "0", "0", "0", "0", "0", "0", "8", "11", "8", "8", "18", "11", "9", "13", "13", "0", "0", "0", "0", "0", "0", "0", "0", "9", "10", "7", "17", "19", "10", "9", "10", "15", "0", "0", "0", "0", "0", "0", "0", "0", "8", "24", "14", "8", "17", "11", "15", "6", "26", "0", "0", "0", "0", "0", "0", "0", "0", "28", "7", "28", "10", "9", "19", "8", "19", "20", "0", "0", "0", "0", "0", "0", "0", "0", "3", "8", "14", "13", "5", "9", "19", "11", "15", "0", "0", "0", "0", "0", "0", "0", "0", "7", "5", "15", "3", "10", "13", "11", "5", "13", "0", "0", "0", "0", "0", "0", "0", "0", "0", "0", "0", "0", "0", "0", "0", "0", "0", "0", "0", "0", "0", "0", "0", "0", "0", "0", "0", "0", "0", "0", "0", "0", "0", "0", "0", "0", "0", "0", "0", "0", "0", "0", "0", "0", "0", "0", "0", "0", "0", "0", "0", "0", "0", "0", "0", "0", "0", "0", "0", "0", "0", "0", "0", "0", "0", "0", "0", "0", "0", "0", "0", "0", "0", "0", "0", "0", "0", "0", "0", "0", "0", "0", "0", "0", "0", "0", "0", "0", "0", "0", "0", "0", "0", "0", "0", "0", "0", "0", "0", "0", "0", "0", "0", "0", "0", "0", "0", "0", "0", "0", "0", "0", "0", "0", "0", "0", "0", "0", "0", "0", "0", "0", "0", "0", "0", "0", "0", "0", "0", "0", "0", "0", "0", "0", "0", "0", "0", "0", "0", "0", "0", "0", "0", "0"], ["9", "13", "26", "43", "34", "19", "14", "12", "16", "0", "0", "0", "0", "0", "0", "0", "0", "0", "0", "0", "0", "0", "0", "0", "0", "0", "0", "0", "0", "0", "0", "0", "0", "0", "0", "0", "0", "0", "0", "0", "0", "0", "0", "0", "0", "0", "0", "0", "0", "0", "0", "0", "0", "0", "0", "0", "0", "0", "0", "0", "0", "0", "0", "0", "0", "0", "0", "0", "14", "10", "34", "17", "24", "8", "5", "4", "12", "0", "0", "0", "0", "0", "0", "0", "0", "16", "14", "12", "14", "34", "29", "25", "10", "6", "0", "0", "0", "0", "0", "0", "0", "0", "34", "29", "24", "3", "13", "16", "6", "41", "20", "0", "0", "0", "0", "0", "0", "0", "0", "19", "24", "20", "5", "46", "16", "13", "14", "22", "0", "0", "0", "0", "0", "0", "0", "0", "27", "7", "18", "19", "17", "11", "25", "32", "5", "0", "0", "0", "0", "0", "0", "0", "0", "0", "0", "0", "0", "0", "0", "0", "0", "0", "0", "0", "0", "0", "0", "0", "0", "0", "0", "0", "0", "0", "0", "0", "0", "0", "0", "0", "0", "0", "0", "0", "0", "0", "0", "0", "0", "0", "0", "0", "0", "0", "0", "0", "0", "0", "0", "0", "0", "0", "0", "0", "0", "0", "0", "0", "0", "0", "0", "0", "0", "0", "0", "0", "0", "0", "0", "0", "0", "0", "0", "0", "0", "0", "0", "0", "0", "0", "0", "0", "0", "0", "0", "0", "0", "0", "0", "0", "0", "0", "0", "0", "0", "0", "0", "0", "0", "0", "0", "0", "0", "0", "0", "0", "0", "0", "0", "0", "0", "0", "0", "0", "0", "0", "0", "0", "0", "0", "0", "0", "0", "0", "0", "0", "0", "0", "0", "0", "0", "0", "0", "0", "0", "0", "0", "0", "0"]]}