{"state": {"resTurn": "1", "h": "8", "w": "10", "score": [["2", "5", "3", "6", "1", "1", "6", "3", "5", "2"], ["1", "4", "4", "1", "7", "7", "1", "4", "4", "1"], ["1", "1", "5", "2", "-2", "-2", "2", "5", "1", "1"], ["-4", "5", "2", "-2", "9", "9", "-2", "2", "5", "-4"], ["5", "1", "5", "5", "0", "0", "5", "5", "1", "5"], ["6", "7", "13", "7", "3", "3", "7", "13", "7", "6"], ["2", "1", "3", "-5", "1", "1", "-5", "3", "1", "2"], ["4", "4", "3", "3", "3", "3", "3", "3", "4", "4"]], "color": [["1", "1", "0", "1", "1", "1", "1", "0", "1", "1"], ["1", "1", "1", "1", "1", "0", "0", "1", "1", "1"], ["1", "1", "1", "1", "1", "1", "0", "1", "1", "0"], ["1", "1", "1", "0", "0", "1", "1", "0", "0", "0"], ["1", "0", "0", "0", "2", "1", "1", "0", "0", "0"], ["0", "2", "2", "2", "2", "2", "2", "2", "0", "0"], ["2", "2", "2", "2", "2", "2", "2", "2", "0", "0"], ["2", "2", "2", "2", "2", "2", "2", "2", "0", "0"]], "pos": [{"x": "6", "y": "4"}, {"x": "3", "y": "2"}, {"x": "6", "y": "6"}, {"x": "2", "y": "6"}]}, "q": "0.001348329988844738", "z": "1", "visitCount": [["11", "31", "17", "16", "5", "8", "19", "13", "9", "0", "0", "0", "0", "0", "0", "0", "0", "0", "0", "0", "0", "0", "0", "0", "0", "0", "0", "0", "0", "0", "0", "0", "0", "0", "0", "0", "0", "0", "0", "0", "0", "0", "0", "0", "0", "0", "0", "0", "0", "0", "0", "0", "0", "0", "0", "0", "0", "0", "0", "0", "0", "0", "0", "0", "0", "0", "0", "0", "14", "15", "15", "22", "18", "37", "5", "6", "22", "0", "0", "0", "0", "0", "0", "0", "0", "12", "19", "4", "19", "14", "9", "14", "25", "11", "0", "0", "0", "0", "0", "0", "0", "0", "8", "8", "4", "5", "5", "8", "10", "9", "23", "0", "0", "0", "0", "0", "0", "0", "0", "14", "15", "9", "6", "13", "5", "18", "9", "11", "0", "0", "0", "0", "0", "0", "0", "0", "18", "7", "11", "11", "5", "15", "12", "11", "8", "0", "0", "0", "0", "0", "0", "0", "0", "19", "12", "6", "7", "6", "10", "17", "8", "10", "0", "0", "0", "0", "0", "0", "0", "0", "6", "5", "18", "11", "5", "2", "11", "17", "7", "0", "0", "0", "0", "0", "0", "0", "0", "12", "22", "9", "16", "5", "17", "12", "24", "19", "0", "0", "0", "0", "0", "0", "0", "0", "0", "0", "0", "0", "0", "0", "0", "0", "0", "0", "0", "0", "0", "0", "0", "0", "0", "0", "0", "0", "0", "0", "0", "0", "0", "0", "0", "0", "0", "0", "0", "0", "0", "0", "0", "0", "0", "0", "0", "0", "0", "0", "0", "0", "0", "0", "0", "0", "0", "0", "0", "0", "0", "0", "0", "0", "0", "0", "0", "0", "0", "0", "0", "0", "0", "0", "0", "0", "0", "0", "0", "0", "0", "0", "0", "0", "0", "0", "0", "0", "0", "0", "0", "0", "0"], ["8", "34", "5", "21", "11", "9", "18", "33", "20", "0", "0", "0", "0", "0", "0", "0", "0", "10", "2", "19", "22", "11", "4", "4", "8", "7", "0", "0", "0", "0", "0", "0", "0", "0", "29", "9", "14", "12", "8", "18", "14", "9", "36", "0", "0", "0", "0", "0", "0", "0", "0", "5", "18", "11", "11", "12", "6", "3", "7", "20", "0", "0", "0", "0", "0", "0", "0", "0", "5", "4", "16", "19", "11", "10", "14", "20", "4", "0", "0", "0", "0", "0", "0", "0", "0", "14", "14", "12", "24", "12", "10", "23", "13", "10", "0", "0", "0", "0", "0", "0", "0", "0", "6", "5", "14", "9", "10", "13", "7", "6", "3", "0", "0", "0", "0", "0", "0", "0", "0", "8", "17", "4", "10", "5", "7", "4", "14", "13", "0", "0", "0", "0", "0", "0", "0", "0", "12", "6", "15", "19", "13", "23", "12", "10", "13", "0", "0", "0", "0", "0", "0", "0", "0", "0", "0", "0", "0", "0", "0", "0", "0", "0", "0", "0", "0", "0", "0", "0", "0", "0", "0", "0", "0", "0", "0", "0", "0", "0", "0", "0", "0", "0", "0", "0", "0", "0", "0", "0", "0", "0", "0", "0", "0", "0", "0", "0", "0", "0", "0", "0", "0", "0", "0", "0", "0", "0", "0", "0", "0", "0", "0", "0", "0", "0", "0", "0", "0", "0", "0", "0", "0", "0", "0", "0", "0", "0", "0", "0", "0", "0", "0", "0", "0", "0", "0", "0", "0", "0", "0", "0", "0", "0", "0", "0", "0", "0", "0", "0", "0", "0", "0", "0", "0", "0", "0", "0", "0", "0", "0", "0", "0", "0", "0", "0", "0", "0", "0", "0", "0", "0", "0", "0", "0", "0", "0", "0", "0", "0", "0", "0", "0", "0", "0", "0", "0", "0", "0", "0", "0"]]}