{"state": {"resTurn": "54", "h": "8", "w": "10", "score": [["2", "5", "3", "6", "1", "1", "6", "3", "5", "2"], ["1", "4", "4", "1", "7", "7", "1", "4", "4", "1"], ["1", "1", "5", "2", "-2", "-2", "2", "5", "1", "1"], ["-4", "5", "2", "-2", "9", "9", "-2", "2", "5", "-4"], ["5", "1", "5", "5", "0", "0", "5", "5", "1", "5"], ["6", "7", "13", "7", "3", "3", "7", "13", "7", "6"], ["2", "1", "3", "-5", "1", "1", "-5", "3", "1", "2"], ["4", "4", "3", "3", "3", "3", "3", "3", "4", "4"]], "color": [["0", "0", "0", "0", "0", "0", "0", "0", "0", "0"], ["0", "0", "0", "0", "0", "0", "0", "0", "0", "0"], ["0", "0", "0", "0", "0", "0", "0", "0", "0", "0"], ["0", "0", "0", "1", "0", "0", "0", "0", "0", "0"], ["1", "1", "1", "0", "1", "1", "1", "2", "0", "0"], ["1", "0", "0", "2", "0", "0", "2", "2", "0", "0"], ["0", "0", "2", "2", "2", "0", "0", "2", "0", "0"], ["0", "0", "0", "2", "0", "0", "0", "0", "0", "0"]], "pos": [{"x": "4", "y": "4"}, {"x": "1", "y": "4"}, {"x": "4", "y": "6"}, {"x": "6", "y": "5"}]}, "q": "0.002979621565700402", "z": "1", "visitCount": [["5", "47", "6", "10", "12", "20", "17", "13", "23", "0", "0", "0", "0", "0", "0", "0", "0", "14", "7", "9", "15", "6", "4", "6", "18", "29", "0", "0", "0", "0", "0", "0", "0", "0", "9", "10", "15", "14", "11", "6", "7", "18", "12", "0", "0", "0", "0", "0", "0", "0", "0", "0", "0", "0", "0", "0", "0", "0", "0", "0", "0", "0", "0", "0", "0", "0", "0", "0", "11", "17", "6", "19", "8", "17", "14", "5", "14", "0", "0", "0", "0", "0", "0", "0", "0", "6", "30", "16", "6", "10", "7", "11", "10", "13", "0", "0", "0", "0", "0", "0", "0", "0", "5", "12", "5", "6", "8", "18", "14", "20", "10", "0", "0", "0", "0", "0", "0", "0", "0", "11", "11", "5", "10", "5", "6", "20", "10", "16", "0", "0", "0", "0", "0", "0", "0", "0", "13", "13", "14", "9", "6", "15", "7", "24", "3", "0", "0", "0", "0", "0", "0", "0", "0", "0", "0", "0", "0", "0", "0", "0", "0", "0", "0", "0", "0", "0", "0", "0", "0", "0", "0", "0", "0", "0", "0", "0", "0", "0", "0", "0", "0", "0", "0", "0", "0", "0", "0", "14", "14", "4", "6", "10", "25", "10", "32", "7", "0", "0", "0", "0", "0", "0", "0", "0", "0", "0", "0", "0", "0", "0", "0", "0", "0", "0", "0", "0", "0", "0", "0", "0", "0", "0", "0", "0", "0", "0", "0", "0", "0", "0", "0", "0", "0", "0", "0", "0", "0", "0", "0", "0", "0", "0", "0", "0", "0", "0", "0", "0", "0", "0", "0", "0", "0", "0", "0", "0", "0", "0", "0", "0", "0", "0", "0", "0", "0", "0", "0", "0", "0", "0", "0", "0", "0", "0", "0", "0", "0", "0", "0", "0", "0", "0", "0", "0", "0", "0", "0", "0", "0"], ["21", "6", "16", "13", "8", "0", "0", "16", "12", "0", "0", "0", "0", "6", "3", "0", "0", "9", "16", "23", "4", "12", "0", "0", "15", "2", "0", "0", "0", "0", "20", "11", "0", "0", "14", "13", "8", "13", "7", "0", "0", "10", "8", "0", "0", "0", "0", "22", "7", "0", "0", "8", "25", "8", "2", "10", "0", "0", "18", "12", "0", "0", "0", "0", "18", "19", "0", "0", "7", "14", "24", "9", "11", "0", "0", "8", "3", "0", "0", "0", "0", "9", "10", "0", "0", "11", "22", "14", "9", "17", "0", "0", "6", "22", "0", "0", "0", "0", "16", "6", "0", "0", "23", "12", "17", "19", "10", "0", "0", "9", "19", "0", "0", "0", "0", "20", "5", "0", "0", "9", "7", "19", "10", "8", "0", "0", "11", "12", "0", "0", "0", "0", "18", "21", "0", "0", "12", "6", "7", "8", "25", "0", "0", "20", "8", "0", "0", "0", "0", "8", "5", "0", "0", "0", "0", "0", "0", "0", "0", "0", "0", "0", "0", "0", "0", "0", "0", "0", "0", "0", "0", "0", "0", "0", "0", "0", "0", "0", "0", "0", "0", "0", "0", "0", "0", "0", "0", "0", "0", "0", "0", "0", "0", "0", "0", "0", "0", "0", "0", "0", "0", "0", "0", "0", "0", "0", "0", "0", "0", "0", "0", "0", "0", "0", "0", "0", "0", "0", "0", "0", "0", "0", "0", "0", "0", "0", "0", "0", "0", "0", "0", "0", "0", "0", "0", "0", "0", "0", "0", "0", "0", "0", "0", "0", "0", "0", "0", "0", "0", "0", "0", "0", "0", "0", "0", "0", "0", "0", "0", "0", "0", "0", "0", "0", "0", "0", "0", "0", "0", "0", "0", "0", "0", "0", "0", "0", "0", "0", "0", "0", "0", "0", "0", "0", "0", "0", "0", "0", "0"]]}