{"state": {"resTurn": "53", "h": "8", "w": "10", "score": [["2", "5", "3", "6", "1", "1", "6", "3", "5", "2"], ["1", "4", "4", "1", "7", "7", "1", "4", "4", "1"], ["1", "1", "5", "2", "-2", "-2", "2", "5", "1", "1"], ["-4", "5", "2", "-2", "9", "9", "-2", "2", "5", "-4"], ["5", "1", "5", "5", "0", "0", "5", "5", "1", "5"], ["6", "7", "13", "7", "3", "3", "7", "13", "7", "6"], ["2", "1", "3", "-5", "1", "1", "-5", "3", "1", "2"], ["4", "4", "3", "3", "3", "3", "3", "3", "4", "4"]], "color": [["0", "0", "0", "0", "0", "0", "0", "0", "0", "0"], ["0", "0", "0", "0", "0", "0", "0", "0", "0", "0"], ["0", "0", "0", "0", "0", "0", "0", "0", "0", "0"], ["0", "0", "0", "1", "0", "0", "0", "0", "0", "0"], ["1", "1", "1", "0", "1", "1", "1", "2", "0", "0"], ["1", "0", "1", "2", "0", "0", "2", "2", "0", "0"], ["0", "0", "2", "2", "2", "0", "0", "2", "0", "0"], ["0", "0", "0", "2", "0", "0", "0", "0", "0", "0"]], "pos": [{"x": "4", "y": "4"}, {"x": "2", "y": "5"}, {"x": "3", "y": "7"}, {"x": "7", "y": "6"}]}, "q": "0.002152389752290529", "z": "1", "visitCount": [["10", "0", "0", "7", "21", "12", "5", "12", "0", "11", "8", "0", "0", "0", "0", "0", "4", "13", "0", "0", "13", "15", "5", "12", "12", "0", "5", "16", "0", "0", "0", "0", "0", "16", "7", "0", "0", "13", "17", "11", "25", "8", "0", "10", "6", "0", "0", "0", "0", "0", "20", "0", "0", "0", "0", "0", "0", "0", "0", "0", "0", "0", "0", "0", "0", "0", "0", "0", "7", "0", "0", "9", "9", "6", "6", "10", "0", "15", "9", "0", "0", "0", "0", "0", "7", "16", "0", "0", "44", "9", "10", "9", "6", "0", "10", "12", "0", "0", "0", "0", "0", "4", "11", "0", "0", "15", "5", "20", "5", "8", "0", "16", "10", "0", "0", "0", "0", "0", "5", "15", "0", "0", "7", "7", "5", "20", "8", "0", "5", "23", "0", "0", "0", "0", "0", "28", "23", "0", "0", "7", "11", "20", "10", "28", "0", "8", "7", "0", "0", "0", "0", "0", "7", "0", "0", "0", "0", "0", "0", "0", "0", "0", "0", "0", "0", "0", "0", "0", "0", "0", "0", "0", "0", "0", "0", "0", "0", "0", "0", "0", "0", "0", "0", "0", "0", "0", "0", "12", "0", "0", "9", "5", "11", "12", "7", "0", "24", "50", "0", "0", "0", "0", "0", "24", "0", "0", "0", "0", "0", "0", "0", "0", "0", "0", "0", "0", "0", "0", "0", "0", "0", "0", "0", "0", "0", "0", "0", "0", "0", "0", "0", "0", "0", "0", "0", "0", "0", "0", "0", "0", "0", "0", "0", "0", "0", "0", "0", "0", "0", "0", "0", "0", "0", "0", "0", "0", "0", "0", "0", "0", "0", "0", "0", "0", "0", "0", "0", "0", "0", "0", "0", "0", "0", "0", "0", "0", "0", "0", "0", "0", "0", "0", "0", "0", "0", "0", "0", "0", "0"], ["15", "3", "9", "26", "31", "40", "22", "18", "11", "0", "0", "0", "0", "0", "0", "0", "0", "0", "0", "0", "0", "0", "0", "0", "0", "0", "0", "0", "0", "0", "0", "0", "0", "0", "0", "0", "0", "0", "0", "0", "0", "0", "0", "0", "0", "0", "0", "0", "0", "0", "0", "0", "0", "0", "0", "0", "0", "0", "0", "0", "0", "0", "0", "0", "0", "0", "0", "0", "6", "20", "81", "30", "10", "25", "8", "14", "4", "0", "0", "0", "0", "0", "0", "0", "0", "71", "24", "11", "53", "15", "12", "9", "23", "15", "0", "0", "0", "0", "0", "0", "0", "0", "3", "14", "6", "12", "6", "12", "17", "22", "14", "0", "0", "0", "0", "0", "0", "0", "0", "13", "12", "14", "14", "16", "12", "4", "8", "18", "0", "0", "0", "0", "0", "0", "0", "0", "31", "9", "7", "24", "18", "15", "12", "15", "46", "0", "0", "0", "0", "0", "0", "0", "0", "0", "0", "0", "0", "0", "0", "0", "0", "0", "0", "0", "0", "0", "0", "0", "0", "0", "0", "0", "0", "0", "0", "0", "0", "0", "0", "0", "0", "0", "0", "0", "0", "0", "0", "0", "0", "0", "0", "0", "0", "0", "0", "0", "0", "0", "0", "0", "0", "0", "0", "0", "0", "0", "0", "0", "0", "0", "0", "0", "0", "0", "0", "0", "0", "0", "0", "0", "0", "0", "0", "0", "0", "0", "0", "0", "0", "0", "0", "0", "0", "0", "0", "0", "0", "0", "0", "0", "0", "0", "0", "0", "0", "0", "0", "0", "0", "0", "0", "0", "0", "0", "0", "0", "0", "0", "0", "0", "0", "0", "0", "0", "0", "0", "0", "0", "0", "0", "0", "0", "0", "0", "0", "0", "0", "0", "0", "0", "0", "0", "0", "0", "0", "0", "0", "0", "0"]]}