{"state": {"resTurn": "52", "h": "8", "w": "10", "score": [["2", "5", "3", "6", "1", "1", "6", "3", "5", "2"], ["1", "4", "4", "1", "7", "7", "1", "4", "4", "1"], ["1", "1", "5", "2", "-2", "-2", "2", "5", "1", "1"], ["-4", "5", "2", "-2", "9", "9", "-2", "2", "5", "-4"], ["5", "1", "5", "5", "0", "0", "5", "5", "1", "5"], ["6", "7", "13", "7", "3", "3", "7", "13", "7", "6"], ["2", "1", "3", "-5", "1", "1", "-5", "3", "1", "2"], ["4", "4", "3", "3", "3", "3", "3", "3", "4", "4"]], "color": [["0", "0", "0", "0", "0", "0", "0", "0", "0", "0"], ["0", "0", "0", "0", "0", "0", "0", "0", "0", "0"], ["0", "0", "0", "0", "0", "0", "0", "0", "0", "0"], ["0", "0", "0", "1", "0", "0", "0", "0", "0", "0"], ["1", "1", "1", "0", "1", "1", "1", "2", "0", "0"], ["1", "0", "1", "0", "0", "0", "2", "2", "0", "0"], ["0", "0", "0", "2", "2", "0", "0", "2", "0", "0"], ["0", "0", "2", "2", "0", "0", "0", "2", "0", "0"]], "pos": [{"x": "4", "y": "4"}, {"x": "2", "y": "5"}, {"x": "2", "y": "7"}, {"x": "7", "y": "7"}]}, "q": "0.002510592928408456", "z": "1", "visitCount": [["7", "0", "17", "10", "13", "5", "8", "27", "17", "16", "0", "0", "0", "0", "0", "0", "0", "13", "0", "18", "8", "6", "2", "4", "5", "15", "10", "0", "0", "0", "0", "0", "0", "0", "12", "0", "3", "6", "16", "11", "9", "9", "16", "24", "0", "0", "0", "0", "0", "0", "0", "5", "0", "26", "24", "6", "8", "5", "12", "10", "23", "0", "0", "0", "0", "0", "0", "0", "6", "0", "11", "20", "7", "15", "9", "12", "7", "8", "0", "0", "0", "0", "0", "0", "0", "27", "0", "11", "4", "15", "14", "12", "22", "12", "7", "0", "0", "0", "0", "0", "0", "0", "18", "0", "9", "9", "13", "8", "11", "31", "24", "14", "0", "0", "0", "0", "0", "0", "0", "23", "0", "8", "15", "10", "11", "16", "8", "17", "8", "0", "0", "0", "0", "0", "0", "0", "19", "0", "17", "17", "4", "5", "6", "4", "21", "9", "0", "0", "0", "0", "0", "0", "0", "0", "0", "0", "0", "0", "0", "0", "0", "0", "0", "0", "0", "0", "0", "0", "0", "0", "0", "0", "0", "0", "0", "0", "0", "0", "0", "0", "0", "0", "0", "0", "0", "0", "0", "0", "0", "0", "0", "0", "0", "0", "0", "0", "0", "0", "0", "0", "0", "0", "0", "0", "0", "0", "0", "0", "0", "0", "0", "0", "0", "0", "0", "0", "0", "0", "0", "0", "0", "0", "0", "0", "0", "0", "0", "0", "0", "0", "0", "0", "0", "0", "0", "0", "0", "0", "0", "0", "0", "0", "0", "0", "0", "0", "0", "0", "0", "0", "0", "0", "0", "0", "0", "0", "0", "0", "0", "0", "0", "0", "0", "0", "0", "0", "0", "0", "0", "0", "0", "0", "0", "0", "0", "0", "0", "0", "0", "0", "0", "0", "0", "0", "0", "0", "0", "0", "0"], ["13", "0", "0", "0", "7", "16", "14", "12", "54", "0", "0", "0", "0", "0", "0", "0", "0", "0", "0", "0", "0", "0", "0", "0", "0", "0", "0", "0", "0", "0", "0", "0", "0", "0", "0", "0", "0", "0", "0", "0", "0", "0", "0", "0", "0", "0", "0", "0", "0", "0", "0", "0", "0", "0", "0", "0", "0", "0", "0", "0", "0", "0", "0", "0", "0", "0", "0", "0", "74", "0", "0", "0", "32", "116", "15", "8", "21", "0", "0", "0", "0", "0", "0", "0", "0", "47", "0", "0", "0", "13", "23", "45", "33", "26", "0", "0", "0", "0", "0", "0", "0", "0", "28", "0", "0", "0", "45", "20", "40", "10", "31", "0", "0", "0", "0", "0", "0", "0", "0", "7", "0", "0", "0", "10", "45", "21", "18", "24", "0", "0", "0", "0", "0", "0", "0", "0", "28", "0", "0", "0", "22", "31", "16", "22", "13", "0", "0", "0", "0", "0", "0", "0", "0", "0", "0", "0", "0", "0", "0", "0", "0", "0", "0", "0", "0", "0", "0", "0", "0", "0", "0", "0", "0", "0", "0", "0", "0", "0", "0", "0", "0", "0", "0", "0", "0", "0", "0", "0", "0", "0", "0", "0", "0", "0", "0", "0", "0", "0", "0", "0", "0", "0", "0", "0", "0", "0", "0", "0", "0", "0", "0", "0", "0", "0", "0", "0", "0", "0", "0", "0", "0", "0", "0", "0", "0", "0", "0", "0", "0", "0", "0", "0", "0", "0", "0", "0", "0", "0", "0", "0", "0", "0", "0", "0", "0", "0", "0", "0", "0", "0", "0", "0", "0", "0", "0", "0", "0", "0", "0", "0", "0", "0", "0", "0", "0", "0", "0", "0", "0", "0", "0", "0", "0", "0", "0", "0", "0", "0", "0", "0", "0", "0", "0", "0", "0", "0", "0", "0", "0"]]}