{"state": {"resTurn": "51", "h": "8", "w": "10", "score": [["2", "5", "3", "6", "1", "1", "6", "3", "5", "2"], ["1", "4", "4", "1", "7", "7", "1", "4", "4", "1"], ["1", "1", "5", "2", "-2", "-2", "2", "5", "1", "1"], ["-4", "5", "2", "-2", "9", "9", "-2", "2", "5", "-4"], ["5", "1", "5", "5", "0", "0", "5", "5", "1", "5"], ["6", "7", "13", "7", "3", "3", "7", "13", "7", "6"], ["2", "1", "3", "-5", "1", "1", "-5", "3", "1", "2"], ["4", "4", "3", "3", "3", "3", "3", "3", "4", "4"]], "color": [["0", "0", "0", "0", "0", "0", "0", "0", "0", "0"], ["0", "0", "0", "0", "0", "0", "0", "0", "0", "0"], ["0", "0", "0", "0", "0", "0", "0", "0", "0", "0"], ["0", "0", "0", "1", "1", "0", "0", "0", "0", "0"], ["1", "1", "1", "1", "1", "1", "1", "2", "0", "0"], ["1", "0", "1", "0", "0", "0", "2", "2", "0", "0"], ["0", "0", "0", "2", "2", "0", "2", "2", "0", "0"], ["0", "2", "2", "2", "0", "0", "0", "2", "0", "0"]], "pos": [{"x": "4", "y": "3"}, {"x": "3", "y": "4"}, {"x": "1", "y": "7"}, {"x": "6", "y": "6"}]}, "q": "0.00201844782328676", "z": "1", "visitCount": [["4", "14", "6", "15", "18", "14", "10", "20", "10", "0", "0", "0", "0", "0", "0", "0", "0", "14", "9", "6", "14", "19", "10", "7", "14", "8", "0", "0", "0", "0", "0", "0", "0", "0", "9", "16", "11", "13", "11", "5", "11", "8", "5", "0", "0", "0", "0", "0", "0", "0", "0", "7", "15", "21", "5", "9", "7", "24", "38", "16", "0", "0", "0", "0", "0", "0", "0", "0", "13", "25", "8", "9", "5", "17", "7", "5", "13", "0", "0", "0", "0", "0", "0", "0", "0", "8", "11", "7", "11", "6", "15", "19", "13", "12", "0", "0", "0", "0", "0", "0", "0", "0", "18", "10", "16", "8", "14", "6", "21", "8", "13", "0", "0", "0", "0", "0", "0", "0", "0", "14", "7", "12", "14", "14", "20", "8", "15", "12", "0", "0", "0", "0", "0", "0", "0", "0", "10", "5", "16", "10", "23", "13", "22", "6", "20", "0", "0", "0", "0", "0", "0", "0", "0", "0", "0", "0", "0", "0", "0", "0", "0", "0", "0", "0", "0", "0", "0", "0", "0", "0", "0", "0", "0", "0", "0", "0", "0", "0", "0", "0", "0", "0", "0", "0", "0", "0", "0", "0", "0", "0", "0", "0", "0", "0", "0", "0", "0", "0", "0", "0", "0", "0", "0", "0", "0", "0", "0", "0", "0", "0", "0", "0", "0", "0", "0", "0", "0", "0", "0", "0", "0", "0", "0", "0", "0", "0", "0", "0", "0", "0", "0", "0", "0", "0", "0", "0", "0", "0", "0", "0", "0", "0", "0", "0", "0", "0", "0", "0", "0", "0", "0", "0", "0", "0", "0", "0", "0", "0", "0", "0", "0", "0", "0", "0", "0", "0", "0", "0", "0", "0", "0", "0", "0", "0", "0", "0", "0", "0", "0", "0", "0", "0", "0", "0", "0", "0", "0", "0", "0"], ["23", "48", "10", "22", "38", "15", "29", "24", "19", "0", "0", "0", "0", "0", "0", "0", "0", "0", "0", "0", "0", "0", "0", "0", "0", "0", "0", "0", "0", "0", "0", "0", "0", "0", "0", "0", "0", "0", "0", "0", "0", "0", "0", "0", "0", "0", "0", "0", "0", "0", "0", "0", "0", "0", "0", "0", "0", "0", "0", "0", "0", "0", "0", "0", "0", "0", "0", "0", "24", "32", "27", "8", "9", "12", "8", "6", "3", "0", "0", "0", "0", "0", "0", "0", "0", "5", "33", "20", "12", "30", "32", "16", "7", "13", "0", "0", "0", "0", "0", "0", "0", "0", "37", "17", "57", "4", "20", "15", "6", "23", "11", "0", "0", "0", "0", "0", "0", "0", "0", "14", "6", "8", "8", "14", "4", "52", "6", "38", "0", "0", "0", "0", "0", "0", "0", "0", "14", "10", "12", "13", "17", "17", "21", "24", "9", "0", "0", "0", "0", "0", "0", "0", "0", "0", "0", "0", "0", "0", "0", "0", "0", "0", "0", "0", "0", "0", "0", "0", "0", "0", "0", "0", "0", "0", "0", "0", "0", "0", "0", "0", "0", "0", "0", "0", "0", "0", "0", "0", "0", "0", "0", "0", "0", "0", "0", "0", "0", "0", "0", "0", "0", "0", "0", "0", "0", "0", "0", "0", "0", "0", "0", "0", "0", "0", "0", "0", "0", "0", "0", "0", "0", "0", "0", "0", "0", "0", "0", "0", "0", "0", "0", "0", "0", "0", "0", "0", "0", "0", "0", "0", "0", "0", "0", "0", "0", "0", "0", "0", "0", "0", "0", "0", "0", "0", "0", "0", "0", "0", "0", "0", "0", "0", "0", "0", "0", "0", "0", "0", "0", "0", "0", "0", "0", "0", "0", "0", "0", "0", "0", "0", "0", "0", "0", "0", "0", "0", "0", "0", "0"]]}