{"state": {"resTurn": "110", "h": "6", "w": "12", "score": [["0", "-1", "1", "0", "1", "0", "0", "1", "0", "1", "-1", "0"], ["0", "1", "0", "0", "1", "1", "1", "1", "0", "0", "1", "0"], ["0", "0", "0", "0", "0", "1", "1", "0", "0", "0", "0", "0"], ["0", "0", "0", "0", "1", "1", "1", "1", "0", "0", "0", "0"], ["0", "1", "1", "1", "0", "1", "1", "0", "1", "1", "1", "0"], ["0", "-1", "0", "1", "1", "1", "1", "1", "1", "0", "-1", "0"]], "color": [["0", "0", "0", "0", "0", "0", "0", "0", "0", "0", "0", "0"], ["0", "0", "2", "0", "0", "0", "0", "0", "0", "1", "0", "0"], ["0", "0", "0", "0", "0", "0", "0", "0", "0", "0", "0", "0"], ["0", "0", "0", "0", "0", "0", "0", "0", "0", "0", "0", "0"], ["0", "0", "0", "0", "0", "0", "0", "0", "0", "0", "0", "0"], ["0", "0", "0", "1", "0", "0", "0", "0", "2", "0", "0", "0"]], "pos": [{"x": "9", "y": "1"}, {"x": "3", "y": "5"}, {"x": "2", "y": "1"}, {"x": "8", "y": "5"}]}, "q": "-0.0001472538297026769", "z": "1", "visitCount": [["16", "0", "0", "0", "18", "17", "17", "15", "20", "0", "0", "0", "0", "0", "0", "0", "0", "17", "0", "0", "0", "21", "18", "16", "16", "17", "0", "0", "0", "0", "0", "0", "0", "0", "15", "0", "0", "0", "19", "15", "17", "18", "17", "0", "0", "0", "0", "0", "0", "0", "0", "16", "0", "0", "0", "20", "17", "17", "17", "18", "0", "0", "0", "0", "0", "0", "0", "0", "20", "0", "0", "0", "21", "20", "16", "23", "21", "0", "0", "0", "0", "0", "0", "0", "0", "18", "0", "0", "0", "20", "17", "19", "23", "18", "0", "0", "0", "0", "0", "0", "0", "0", "23", "0", "0", "0", "23", "21", "19", "19", "22", "0", "0", "0", "0", "0", "0", "0", "0", "21", "0", "0", "0", "18", "16", "18", "18", "21", "0", "0", "0", "0", "0", "0", "0", "0", "17", "0", "0", "0", "21", "18", "18", "20", "17", "0", "0", "0", "0", "0", "0", "0", "0", "0", "0", "0", "0", "0", "0", "0", "0", "0", "0", "0", "0", "0", "0", "0", "0", "0", "0", "0", "0", "0", "0", "0", "0", "0", "0", "0", "0", "0", "0", "0", "0", "0", "0", "0", "0", "0", "0", "0", "0", "0", "0", "0", "0", "0", "0", "0", "0", "0", "0", "0", "0", "0", "0", "0", "0", "0", "0", "0", "0", "0", "0", "0", "0", "0", "0", "0", "0", "0", "0", "0", "0", "0", "0", "0", "0", "0", "0", "0", "0", "0", "0", "0", "0", "0", "0", "0", "0", "0", "0", "0", "0", "0", "0", "0", "0", "0", "0", "0", "0", "0", "0", "0", "0", "0", "0", "0", "0", "0", "0", "0", "0", "0", "0", "0", "0", "0", "0", "0", "0", "0", "0", "0", "0", "0", "0", "0", "0", "0", "0", "0", "0", "0", "0", "0", "0"], ["19", "0", "0", "0", "20", "16", "18", "18", "16", "0", "0", "0", "0", "0", "0", "0", "0", "20", "0", "0", "0", "18", "21", "19", "19", "17", "0", "0", "0", "0", "0", "0", "0", "0", "19", "0", "0", "0", "19", "18", "21", "19", "20", "0", "0", "0", "0", "0", "0", "0", "0", "17", "0", "0", "0", "20", "21", "16", "21", "18", "0", "0", "0", "0", "0", "0", "0", "0", "19", "0", "0", "0", "17", "17", "18", "19", "22", "0", "0", "0", "0", "0", "0", "0", "0", "20", "0", "0", "0", "19", "18", "17", "19", "17", "0", "0", "0", "0", "0", "0", "0", "0", "17", "0", "0", "0", "18", "15", "19", "20", "19", "0", "0", "0", "0", "0", "0", "0", "0", "19", "0", "0", "0", "19", "17", "18", "17", "18", "0", "0", "0", "0", "0", "0", "0", "0", "18", "0", "0", "0", "18", "19", "19", "20", "18", "0", "0", "0", "0", "0", "0", "0", "0", "0", "0", "0", "0", "0", "0", "0", "0", "0", "0", "0", "0", "0", "0", "0", "0", "0", "0", "0", "0", "0", "0", "0", "0", "0", "0", "0", "0", "0", "0", "0", "0", "0", "0", "0", "0", "0", "0", "0", "0", "0", "0", "0", "0", "0", "0", "0", "0", "0", "0", "0", "0", "0", "0", "0", "0", "0", "0", "0", "0", "0", "0", "0", "0", "0", "0", "0", "0", "0", "0", "0", "0", "0", "0", "0", "0", "0", "0", "0", "0", "0", "0", "0", "0", "0", "0", "0", "0", "0", "0", "0", "0", "0", "0", "0", "0", "0", "0", "0", "0", "0", "0", "0", "0", "0", "0", "0", "0", "0", "0", "0", "0", "0", "0", "0", "0", "0", "0", "0", "0", "0", "0", "0", "0", "0", "0", "0", "0", "0", "0", "0", "0", "0", "0", "0", "0"]]}