{"state": {"resTurn": "109", "h": "6", "w": "12", "score": [["0", "-1", "1", "0", "1", "0", "0", "1", "0", "1", "-1", "0"], ["0", "1", "0", "0", "1", "1", "1", "1", "0", "0", "1", "0"], ["0", "0", "0", "0", "0", "1", "1", "0", "0", "0", "0", "0"], ["0", "0", "0", "0", "1", "1", "1", "1", "0", "0", "0", "0"], ["0", "1", "1", "1", "0", "1", "1", "0", "1", "1", "1", "0"], ["0", "-1", "0", "1", "1", "1", "1", "1", "1", "0", "-1", "0"]], "color": [["0", "0", "0", "0", "0", "0", "0", "0", "0", "0", "0", "0"], ["0", "2", "2", "0", "0", "0", "0", "0", "1", "1", "0", "0"], ["0", "0", "0", "0", "0", "0", "0", "0", "0", "0", "0", "0"], ["0", "0", "0", "0", "0", "0", "0", "0", "0", "0", "0", "0"], ["0", "0", "0", "0", "1", "0", "0", "0", "0", "0", "0", "0"], ["0", "0", "0", "1", "0", "0", "0", "0", "2", "2", "0", "0"]], "pos": [{"x": "8", "y": "1"}, {"x": "4", "y": "4"}, {"x": "1", "y": "1"}, {"x": "9", "y": "5"}]}, "q": "-4.818932870238494e-05", "z": "1", "visitCount": [["13", "13", "13", "13", "13", "12", "12", "11", "12", "0", "0", "0", "0", "0", "0", "0", "0", "12", "10", "13", "10", "10", "14", "11", "11", "11", "0", "0", "0", "0", "0", "0", "0", "0", "12", "12", "12", "12", "13", "12", "11", "12", "14", "0", "0", "0", "0", "0", "0", "0", "0", "14", "13", "13", "13", "12", "9", "12", "12", "11", "0", "0", "0", "0", "0", "0", "0", "0", "13", "12", "12", "11", "13", "11", "13", "12", "11", "0", "0", "0", "0", "0", "0", "0", "0", "12", "15", "15", "13", "13", "12", "13", "11", "12", "0", "0", "0", "0", "0", "0", "0", "0", "12", "11", "13", "13", "12", "11", "14", "13", "14", "0", "0", "0", "0", "0", "0", "0", "0", "12", "11", "14", "17", "12", "11", "13", "12", "13", "0", "0", "0", "0", "0", "0", "0", "0", "13", "13", "12", "14", "15", "12", "12", "12", "12", "0", "0", "0", "0", "0", "0", "0", "0", "0", "0", "0", "0", "0", "0", "0", "0", "0", "0", "0", "0", "0", "0", "0", "0", "0", "0", "0", "0", "0", "0", "0", "0", "0", "0", "0", "0", "0", "0", "0", "0", "0", "0", "0", "0", "0", "0", "0", "0", "0", "0", "0", "0", "0", "0", "0", "0", "0", "0", "0", "0", "0", "0", "0", "0", "0", "0", "0", "0", "0", "0", "0", "0", "0", "0", "0", "0", "0", "0", "0", "0", "0", "0", "0", "0", "0", "0", "0", "0", "0", "0", "0", "0", "0", "0", "0", "0", "0", "0", "0", "0", "0", "0", "0", "0", "0", "0", "0", "0", "0", "0", "0", "0", "0", "0", "0", "0", "0", "0", "0", "0", "0", "0", "0", "0", "0", "0", "0", "0", "0", "0", "0", "0", "0", "0", "0", "0", "0", "0", "0", "0", "0", "0", "0", "0"], ["19", "0", "0", "0", "18", "17", "15", "21", "22", "0", "0", "0", "0", "0", "0", "0", "0", "16", "0", "0", "0", "20", "19", "19", "21", "20", "0", "0", "0", "0", "0", "0", "0", "0", "18", "0", "0", "0", "17", "19", "20", "21", "15", "0", "0", "0", "0", "0", "0", "0", "0", "20", "0", "0", "0", "16", "21", "17", "17", "19", "0", "0", "0", "0", "0", "0", "0", "0", "20", "0", "0", "0", "17", "16", "18", "19", "21", "0", "0", "0", "0", "0", "0", "0", "0", "19", "0", "0", "0", "17", "15", "18", "20", "21", "0", "0", "0", "0", "0", "0", "0", "0", "19", "0", "0", "0", "18", "17", "18", "23", "19", "0", "0", "0", "0", "0", "0", "0", "0", "20", "0", "0", "0", "18", "19", "17", "19", "19", "0", "0", "0", "0", "0", "0", "0", "0", "15", "0", "0", "0", "21", "18", "18", "16", "18", "0", "0", "0", "0", "0", "0", "0", "0", "0", "0", "0", "0", "0", "0", "0", "0", "0", "0", "0", "0", "0", "0", "0", "0", "0", "0", "0", "0", "0", "0", "0", "0", "0", "0", "0", "0", "0", "0", "0", "0", "0", "0", "0", "0", "0", "0", "0", "0", "0", "0", "0", "0", "0", "0", "0", "0", "0", "0", "0", "0", "0", "0", "0", "0", "0", "0", "0", "0", "0", "0", "0", "0", "0", "0", "0", "0", "0", "0", "0", "0", "0", "0", "0", "0", "0", "0", "0", "0", "0", "0", "0", "0", "0", "0", "0", "0", "0", "0", "0", "0", "0", "0", "0", "0", "0", "0", "0", "0", "0", "0", "0", "0", "0", "0", "0", "0", "0", "0", "0", "0", "0", "0", "0", "0", "0", "0", "0", "0", "0", "0", "0", "0", "0", "0", "0", "0", "0", "0", "0", "0", "0", "0", "0", "0"]]}