{"state": {"resTurn": "100", "h": "6", "w": "12", "score": [["0", "-1", "1", "0", "1", "0", "0", "1", "0", "1", "-1", "0"], ["0", "1", "0", "0", "1", "1", "1", "1", "0", "0", "1", "0"], ["0", "0", "0", "0", "0", "1", "1", "0", "0", "0", "0", "0"], ["0", "0", "0", "0", "1", "1", "1", "1", "0", "0", "0", "0"], ["0", "1", "1", "1", "0", "1", "1", "0", "1", "1", "1", "0"], ["0", "-1", "0", "1", "1", "1", "1", "1", "1", "0", "-1", "0"]], "color": [["2", "2", "0", "1", "0", "0", "0", "0", "0", "1", "1", "1"], ["2", "2", "2", "1", "1", "0", "0", "0", "1", "1", "1", "0"], ["2", "0", "0", "1", "0", "0", "0", "0", "0", "0", "0", "0"], ["0", "2", "2", "0", "1", "0", "0", "0", "0", "0", "0", "0"], ["0", "0", "2", "0", "1", "1", "0", "0", "0", "0", "2", "2"], ["0", "0", "0", "1", "1", "0", "0", "0", "2", "2", "2", "2"]], "pos": [{"x": "9", "y": "0"}, {"x": "3", "y": "0"}, {"x": "2", "y": "3"}, {"x": "8", "y": "5"}]}, "q": "-0.0001665913554853161", "z": "1", "visitCount": [["21", "35", "29", "0", "24", "0", "0", "0", "22", "0", "0", "31", "0", "0", "0", "0", "0", "32", "27", "27", "0", "29", "0", "0", "0", "22", "0", "0", "29", "0", "0", "0", "0", "0", "28", "29", "32", "0", "24", "0", "0", "0", "26", "0", "0", "24", "0", "0", "0", "0", "0", "20", "19", "27", "0", "23", "0", "0", "0", "24", "0", "0", "35", "0", "0", "0", "0", "0", "31", "29", "34", "0", "27", "0", "0", "0", "33", "0", "0", "27", "0", "0", "0", "0", "0", "0", "0", "0", "0", "0", "0", "0", "0", "0", "0", "0", "0", "0", "0", "0", "0", "0", "0", "0", "0", "0", "0", "0", "0", "0", "0", "0", "0", "0", "0", "0", "0", "0", "0", "0", "0", "0", "0", "0", "0", "0", "0", "0", "0", "0", "0", "0", "0", "0", "0", "0", "23", "30", "30", "0", "30", "0", "0", "0", "41", "0", "0", "26", "0", "0", "0", "0", "0", "0", "0", "0", "0", "0", "0", "0", "0", "0", "0", "0", "0", "0", "0", "0", "0", "0", "0", "0", "0", "0", "0", "0", "0", "0", "0", "0", "0", "0", "0", "0", "0", "0", "0", "0", "0", "0", "0", "0", "0", "0", "0", "0", "0", "0", "0", "0", "0", "0", "0", "0", "0", "0", "0", "0", "0", "0", "0", "0", "0", "0", "0", "0", "0", "0", "0", "0", "0", "0", "0", "0", "0", "0", "0", "0", "0", "0", "0", "0", "0", "0", "0", "0", "0", "0", "0", "0", "0", "0", "0", "0", "0", "0", "0", "0", "0", "0", "0", "0", "0", "0", "0", "0", "0", "0", "0", "0", "0", "0", "0", "0", "0", "0", "0", "0", "0", "0", "0", "0", "0", "0", "0", "0", "0", "0", "0", "0", "0", "0", "0", "0", "0", "0", "0", "0", "0"], ["20", "0", "0", "0", "19", "25", "22", "17", "17", "0", "0", "0", "0", "0", "0", "0", "0", "16", "0", "0", "0", "18", "19", "16", "18", "24", "0", "0", "0", "0", "0", "0", "0", "0", "18", "0", "0", "0", "19", "17", "19", "21", "19", "0", "0", "0", "0", "0", "0", "0", "0", "17", "0", "0", "0", "15", "18", "17", "14", "15", "0", "0", "0", "0", "0", "0", "0", "0", "22", "0", "0", "0", "20", "21", "27", "18", "16", "0", "0", "0", "0", "0", "0", "0", "0", "20", "0", "0", "0", "19", "17", "21", "14", "21", "0", "0", "0", "0", "0", "0", "0", "0", "20", "0", "0", "0", "17", "22", "19", "17", "17", "0", "0", "0", "0", "0", "0", "0", "0", "0", "0", "0", "0", "0", "0", "0", "0", "0", "0", "0", "0", "0", "0", "0", "0", "0", "21", "0", "0", "0", "18", "15", "24", "23", "17", "0", "0", "0", "0", "0", "0", "0", "0", "0", "0", "0", "0", "0", "0", "0", "0", "0", "0", "0", "0", "0", "0", "0", "0", "0", "0", "0", "0", "0", "0", "0", "0", "0", "0", "0", "0", "0", "0", "0", "0", "0", "0", "0", "0", "0", "0", "0", "0", "0", "0", "0", "0", "0", "0", "0", "0", "0", "0", "0", "0", "0", "0", "0", "0", "0", "0", "0", "0", "0", "0", "0", "0", "0", "0", "0", "0", "0", "0", "0", "0", "0", "0", "0", "0", "0", "0", "0", "0", "0", "0", "0", "0", "0", "0", "0", "0", "0", "0", "0", "0", "0", "0", "0", "0", "0", "0", "0", "0", "0", "0", "14", "0", "0", "0", "16", "19", "17", "16", "12", "0", "0", "0", "0", "0", "0", "0", "0", "0", "0", "0", "0", "0", "0", "0", "0", "0", "0", "0", "0", "0", "0", "0", "0", "0"]]}