{"state": {"resTurn": "10", "h": "6", "w": "12", "score": [["0", "-1", "1", "0", "1", "0", "0", "1", "0", "1", "-1", "0"], ["0", "1", "0", "0", "1", "1", "1", "1", "0", "0", "1", "0"], ["0", "0", "0", "0", "0", "1", "1", "0", "0", "0", "0", "0"], ["0", "0", "0", "0", "1", "1", "1", "1", "0", "0", "0", "0"], ["0", "1", "1", "1", "0", "1", "1", "0", "1", "1", "1", "0"], ["0", "-1", "0", "1", "1", "1", "1", "1", "1", "0", "-1", "0"]], "color": [["2", "2", "0", "1", "1", "1", "1", "1", "1", "1", "1", "1"], ["2", "2", "1", "1", "1", "1", "1", "1", "1", "1", "1", "0"], ["2", "2", "0", "0", "1", "0", "0", "1", "1", "0", "0", "0"], ["0", "2", "0", "2", "2", "2", "1", "2", "2", "0", "2", "0"], ["2", "2", "2", "2", "2", "0", "1", "2", "0", "2", "2", "2"], ["0", "0", "2", "2", "2", "0", "0", "1", "2", "2", "2", "2"]], "pos": [{"x": "7", "y": "5"}, {"x": "2", "y": "1"}, {"x": "4", "y": "3"}, {"x": "7", "y": "4"}]}, "q": "-0.0002600171083939929", "z": "1", "visitCount": [["25", "15", "17", "0", "0", "0", "18", "20", "19", "0", "0", "18", "16", "18", "0", "0", "0", "0", "0", "0", "0", "0", "0", "0", "0", "0", "0", "0", "0", "0", "0", "0", "0", "0", "0", "0", "0", "0", "0", "0", "0", "0", "0", "0", "0", "0", "0", "0", "0", "0", "0", "0", "0", "0", "0", "0", "0", "0", "0", "0", "0", "0", "0", "0", "0", "0", "0", "0", "22", "19", "20", "0", "0", "0", "17", "19", "18", "0", "0", "19", "21", "18", "0", "0", "0", "20", "19", "16", "0", "0", "0", "19", "20", "23", "0", "0", "17", "19", "18", "0", "0", "0", "0", "0", "0", "0", "0", "0", "0", "0", "0", "0", "0", "0", "0", "0", "0", "0", "0", "16", "16", "20", "0", "0", "0", "19", "23", "17", "0", "0", "19", "18", "18", "0", "0", "0", "0", "0", "0", "0", "0", "0", "0", "0", "0", "0", "0", "0", "0", "0", "0", "0", "0", "0", "0", "0", "0", "0", "0", "0", "0", "0", "0", "0", "0", "0", "0", "0", "0", "0", "0", "0", "0", "0", "0", "0", "0", "0", "0", "0", "0", "0", "0", "0", "0", "0", "0", "0", "0", "0", "0", "0", "0", "0", "0", "0", "0", "0", "0", "0", "0", "0", "0", "0", "0", "0", "0", "0", "0", "0", "0", "0", "0", "0", "0", "0", "0", "0", "0", "0", "0", "0", "0", "0", "0", "0", "0", "0", "0", "0", "0", "0", "0", "0", "0", "0", "0", "0", "17", "21", "19", "0", "0", "0", "18", "18", "19", "0", "0", "19", "19", "16", "0", "0", "0", "0", "0", "0", "0", "0", "0", "0", "0", "0", "0", "0", "0", "0", "0", "0", "0", "0", "19", "15", "15", "0", "0", "0", "17", "18", "20", "0", "0", "17", "19", "18", "0", "0", "0"], ["12", "12", "0", "13", "0", "0", "12", "12", "12", "0", "13", "0", "12", "10", "0", "0", "0", "12", "10", "0", "12", "0", "0", "11", "12", "14", "0", "12", "0", "12", "13", "0", "0", "0", "13", "15", "0", "11", "0", "0", "14", "12", "10", "0", "12", "0", "13", "14", "0", "0", "0", "12", "11", "0", "14", "0", "0", "13", "12", "11", "0", "13", "0", "13", "10", "0", "0", "0", "14", "12", "0", "11", "0", "0", "12", "11", "14", "0", "12", "0", "12", "12", "0", "0", "0", "14", "14", "0", "12", "0", "0", "11", "13", "12", "0", "13", "0", "12", "14", "0", "0", "0", "0", "0", "0", "0", "0", "0", "0", "0", "0", "0", "0", "0", "0", "0", "0", "0", "0", "11", "11", "0", "13", "0", "0", "14", "12", "13", "0", "14", "0", "13", "13", "0", "0", "0", "14", "13", "0", "12", "0", "0", "13", "14", "14", "0", "13", "0", "10", "12", "0", "0", "0", "0", "0", "0", "0", "0", "0", "0", "0", "0", "0", "0", "0", "0", "0", "0", "0", "0", "0", "0", "0", "0", "0", "0", "0", "0", "0", "0", "0", "0", "0", "0", "0", "0", "0", "0", "0", "0", "0", "0", "0", "0", "0", "0", "0", "0", "0", "0", "0", "0", "0", "0", "0", "0", "0", "0", "0", "0", "0", "0", "0", "0", "0", "0", "0", "0", "0", "0", "0", "0", "0", "0", "0", "0", "0", "0", "0", "0", "0", "0", "0", "0", "0", "0", "0", "0", "13", "13", "0", "12", "0", "0", "12", "10", "13", "0", "12", "0", "12", "10", "0", "0", "0", "0", "0", "0", "0", "0", "0", "0", "0", "0", "0", "0", "0", "0", "0", "0", "0", "0", "0", "0", "0", "0", "0", "0", "0", "0", "0", "0", "0", "0", "0", "0", "0", "0", "0"]]}