{"state": {"resTurn": "9", "h": "6", "w": "12", "score": [["0", "-1", "1", "0", "1", "0", "0", "1", "0", "1", "-1", "0"], ["0", "1", "0", "0", "1", "1", "1", "1", "0", "0", "1", "0"], ["0", "0", "0", "0", "0", "1", "1", "0", "0", "0", "0", "0"], ["0", "0", "0", "0", "1", "1", "1", "1", "0", "0", "0", "0"], ["0", "1", "1", "1", "0", "1", "1", "0", "1", "1", "1", "0"], ["0", "-1", "0", "1", "1", "1", "1", "1", "1", "0", "-1", "0"]], "color": [["2", "2", "0", "1", "1", "1", "1", "1", "1", "1", "1", "1"], ["2", "2", "1", "1", "1", "1", "1", "1", "1", "1", "1", "0"], ["2", "2", "0", "0", "1", "0", "0", "1", "1", "0", "0", "0"], ["0", "2", "0", "2", "2", "2", "1", "2", "2", "0", "2", "0"], ["2", "2", "2", "2", "2", "0", "1", "2", "0", "2", "2", "2"], ["0", "0", "2", "2", "2", "0", "0", "1", "2", "2", "2", "2"]], "pos": [{"x": "7", "y": "5"}, {"x": "2", "y": "1"}, {"x": "4", "y": "4"}, {"x": "8", "y": "5"}]}, "q": "-0.0005822683924927774", "z": "1", "visitCount": [["21", "20", "14", "0", "0", "0", "21", "16", "17", "0", "0", "19", "22", "20", "0", "0", "0", "0", "0", "0", "0", "0", "0", "0", "0", "0", "0", "0", "0", "0", "0", "0", "0", "0", "0", "0", "0", "0", "0", "0", "0", "0", "0", "0", "0", "0", "0", "0", "0", "0", "0", "0", "0", "0", "0", "0", "0", "0", "0", "0", "0", "0", "0", "0", "0", "0", "0", "0", "19", "18", "23", "0", "0", "0", "17", "25", "16", "0", "0", "16", "16", "20", "0", "0", "0", "20", "18", "17", "0", "0", "0", "20", "16", "20", "0", "0", "19", "19", "18", "0", "0", "0", "0", "0", "0", "0", "0", "0", "0", "0", "0", "0", "0", "0", "0", "0", "0", "0", "0", "20", "18", "20", "0", "0", "0", "23", "16", "17", "0", "0", "22", "18", "15", "0", "0", "0", "0", "0", "0", "0", "0", "0", "0", "0", "0", "0", "0", "0", "0", "0", "0", "0", "0", "0", "0", "0", "0", "0", "0", "0", "0", "0", "0", "0", "0", "0", "0", "0", "0", "0", "0", "0", "0", "0", "0", "0", "0", "0", "0", "0", "0", "0", "0", "0", "0", "0", "0", "0", "0", "0", "0", "0", "0", "0", "0", "0", "0", "0", "0", "0", "0", "0", "0", "0", "0", "0", "0", "0", "0", "0", "0", "0", "0", "0", "0", "0", "0", "0", "0", "0", "0", "0", "0", "0", "0", "0", "0", "0", "0", "0", "0", "0", "0", "0", "0", "0", "0", "0", "17", "18", "18", "0", "0", "0", "18", "18", "17", "0", "0", "22", "20", "24", "0", "0", "0", "0", "0", "0", "0", "0", "0", "0", "0", "0", "0", "0", "0", "0", "0", "0", "0", "0", "16", "18", "21", "0", "0", "0", "14", "16", "18", "0", "0", "16", "16", "17", "0", "0", "0"], ["18", "0", "0", "0", "0", "15", "23", "21", "17", "0", "0", "0", "20", "0", "0", "0", "0", "16", "0", "0", "0", "0", "22", "17", "16", "18", "0", "0", "0", "17", "0", "0", "0", "0", "18", "0", "0", "0", "0", "24", "19", "22", "18", "0", "0", "0", "19", "0", "0", "0", "0", "17", "0", "0", "0", "0", "24", "19", "19", "17", "0", "0", "0", "22", "0", "0", "0", "0", "15", "0", "0", "0", "0", "19", "17", "18", "14", "0", "0", "0", "16", "0", "0", "0", "0", "16", "0", "0", "0", "0", "21", "18", "20", "17", "0", "0", "0", "20", "0", "0", "0", "0", "24", "0", "0", "0", "0", "20", "18", "18", "20", "0", "0", "0", "21", "0", "0", "0", "0", "17", "0", "0", "0", "0", "19", "19", "20", "14", "0", "0", "0", "22", "0", "0", "0", "0", "16", "0", "0", "0", "0", "16", "17", "16", "15", "0", "0", "0", "19", "0", "0", "0", "0", "0", "0", "0", "0", "0", "0", "0", "0", "0", "0", "0", "0", "0", "0", "0", "0", "0", "0", "0", "0", "0", "0", "0", "0", "0", "0", "0", "0", "0", "0", "0", "0", "0", "0", "0", "0", "0", "0", "0", "0", "0", "0", "0", "0", "0", "0", "0", "0", "0", "0", "0", "0", "0", "0", "0", "0", "0", "0", "0", "0", "0", "0", "0", "0", "0", "0", "0", "0", "0", "0", "0", "0", "0", "0", "0", "0", "0", "0", "0", "0", "0", "0", "0", "0", "0", "0", "0", "0", "0", "0", "0", "0", "0", "0", "0", "0", "0", "0", "0", "0", "0", "0", "0", "0", "0", "0", "0", "0", "0", "0", "0", "0", "0", "0", "0", "0", "0", "0", "0", "0", "0", "0", "0", "0", "0", "0", "0", "0", "0", "0", "0", "0", "0", "0", "0", "0"]]}