{"state": {"resTurn": "7", "h": "6", "w": "12", "score": [["0", "-1", "1", "0", "1", "0", "0", "1", "0", "1", "-1", "0"], ["0", "1", "0", "0", "1", "1", "1", "1", "0", "0", "1", "0"], ["0", "0", "0", "0", "0", "1", "1", "0", "0", "0", "0", "0"], ["0", "0", "0", "0", "1", "1", "1", "1", "0", "0", "0", "0"], ["0", "1", "1", "1", "0", "1", "1", "0", "1", "1", "1", "0"], ["0", "-1", "0", "1", "1", "1", "1", "1", "1", "0", "-1", "0"]], "color": [["2", "2", "0", "1", "1", "1", "1", "1", "1", "1", "1", "1"], ["2", "2", "1", "1", "1", "1", "1", "1", "1", "1", "1", "0"], ["2", "2", "0", "0", "1", "0", "0", "1", "1", "0", "0", "0"], ["0", "2", "0", "2", "2", "2", "1", "2", "2", "0", "2", "0"], ["2", "2", "2", "2", "2", "0", "1", "2", "0", "2", "2", "2"], ["0", "0", "2", "2", "2", "0", "1", "0", "2", "2", "2", "2"]], "pos": [{"x": "6", "y": "4"}, {"x": "4", "y": "0"}, {"x": "4", "y": "4"}, {"x": "7", "y": "4"}]}, "q": "-0.0005615549443227546", "z": "1", "visitCount": [["19", "20", "20", "19", "21", "0", "0", "0", "18", "0", "0", "0", "0", "0", "0", "0", "0", "14", "17", "25", "25", "20", "0", "0", "0", "20", "0", "0", "0", "0", "0", "0", "0", "0", "17", "18", "14", "16", "17", "0", "0", "0", "19", "0", "0", "0", "0", "0", "0", "0", "0", "18", "19", "19", "19", "23", "0", "0", "0", "16", "0", "0", "0", "0", "0", "0", "0", "0", "16", "24", "17", "17", "18", "0", "0", "0", "16", "0", "0", "0", "0", "0", "0", "0", "0", "0", "0", "0", "0", "0", "0", "0", "0", "0", "0", "0", "0", "0", "0", "0", "0", "0", "18", "16", "17", "17", "17", "0", "0", "0", "16", "0", "0", "0", "0", "0", "0", "0", "0", "0", "0", "0", "0", "0", "0", "0", "0", "0", "0", "0", "0", "0", "0", "0", "0", "0", "0", "0", "0", "0", "0", "0", "0", "0", "0", "0", "0", "0", "0", "0", "0", "0", "0", "0", "0", "0", "0", "0", "0", "0", "0", "0", "0", "0", "0", "0", "0", "0", "0", "0", "0", "0", "0", "0", "0", "0", "0", "0", "0", "0", "0", "0", "0", "0", "0", "0", "0", "0", "0", "0", "0", "0", "0", "0", "0", "0", "0", "0", "0", "0", "0", "0", "0", "0", "0", "0", "0", "0", "0", "0", "0", "0", "0", "0", "0", "0", "0", "0", "0", "0", "0", "20", "17", "20", "22", "19", "0", "0", "0", "16", "0", "0", "0", "0", "0", "0", "0", "0", "0", "0", "0", "0", "0", "0", "0", "0", "0", "0", "0", "0", "0", "0", "0", "0", "0", "18", "19", "20", "19", "18", "0", "0", "0", "20", "0", "0", "0", "0", "0", "0", "0", "0", "20", "20", "17", "17", "18", "0", "0", "0", "19", "0", "0", "0", "0", "0", "0", "0", "0"], ["11", "14", "12", "0", "0", "0", "13", "14", "12", "0", "0", "15", "12", "13", "0", "0", "0", "11", "12", "12", "0", "0", "0", "11", "15", "11", "0", "0", "12", "12", "12", "0", "0", "0", "11", "11", "13", "0", "0", "0", "12", "12", "13", "0", "0", "12", "12", "13", "0", "0", "0", "13", "12", "12", "0", "0", "0", "13", "13", "11", "0", "0", "13", "11", "12", "0", "0", "0", "12", "12", "12", "0", "0", "0", "12", "13", "14", "0", "0", "13", "13", "12", "0", "0", "0", "12", "13", "12", "0", "0", "0", "12", "11", "10", "0", "0", "13", "13", "12", "0", "0", "0", "13", "13", "13", "0", "0", "0", "12", "13", "9", "0", "0", "13", "13", "14", "0", "0", "0", "14", "13", "14", "0", "0", "0", "13", "13", "12", "0", "0", "12", "12", "12", "0", "0", "0", "12", "11", "12", "0", "0", "0", "12", "13", "12", "0", "0", "12", "13", "12", "0", "0", "0", "0", "0", "0", "0", "0", "0", "0", "0", "0", "0", "0", "0", "0", "0", "0", "0", "0", "0", "0", "0", "0", "0", "0", "0", "0", "0", "0", "0", "0", "0", "0", "0", "0", "0", "0", "0", "0", "0", "0", "0", "0", "0", "0", "0", "0", "0", "0", "0", "0", "0", "0", "0", "0", "0", "0", "0", "0", "0", "0", "0", "0", "0", "0", "0", "0", "0", "0", "0", "0", "0", "0", "0", "0", "0", "0", "0", "0", "0", "0", "0", "0", "0", "0", "0", "0", "0", "0", "0", "0", "0", "0", "0", "0", "0", "0", "0", "0", "0", "0", "0", "0", "0", "0", "0", "0", "0", "0", "0", "0", "0", "0", "0", "0", "0", "0", "0", "0", "0", "0", "0", "0", "0", "0", "0", "0", "0", "0", "0", "0", "0", "0", "0", "0", "0", "0", "0"]]}