{"state": {"resTurn": "6", "h": "6", "w": "12", "score": [["0", "-1", "1", "0", "1", "0", "0", "1", "0", "1", "-1", "0"], ["0", "1", "0", "0", "1", "1", "1", "1", "0", "0", "1", "0"], ["0", "0", "0", "0", "0", "1", "1", "0", "0", "0", "0", "0"], ["0", "0", "0", "0", "1", "1", "1", "1", "0", "0", "0", "0"], ["0", "1", "1", "1", "0", "1", "1", "0", "1", "1", "1", "0"], ["0", "-1", "0", "1", "1", "1", "1", "1", "1", "0", "-1", "0"]], "color": [["2", "2", "0", "1", "1", "1", "1", "1", "1", "1", "1", "1"], ["2", "2", "1", "1", "1", "1", "1", "1", "1", "1", "1", "0"], ["2", "2", "0", "0", "1", "0", "0", "1", "1", "0", "0", "0"], ["0", "2", "0", "2", "2", "2", "1", "2", "2", "0", "2", "0"], ["2", "2", "2", "2", "2", "0", "1", "2", "0", "2", "2", "2"], ["0", "0", "2", "2", "2", "0", "0", "1", "2", "2", "2", "2"]], "pos": [{"x": "7", "y": "5"}, {"x": "4", "y": "1"}, {"x": "4", "y": "4"}, {"x": "7", "y": "4"}]}, "q": "-0.0003443252296544372", "z": "1", "visitCount": [["17", "22", "18", "19", "17", "22", "19", "18", "21", "0", "0", "0", "0", "0", "0", "0", "0", "0", "0", "0", "0", "0", "0", "0", "0", "0", "0", "0", "0", "0", "0", "0", "0", "0", "0", "0", "0", "0", "0", "0", "0", "0", "0", "0", "0", "0", "0", "0", "0", "0", "0", "0", "0", "0", "0", "0", "0", "0", "0", "0", "0", "0", "0", "0", "0", "0", "0", "0", "15", "20", "16", "20", "19", "17", "23", "21", "15", "0", "0", "0", "0", "0", "0", "0", "0", "18", "18", "19", "16", "21", "17", "23", "20", "18", "0", "0", "0", "0", "0", "0", "0", "0", "0", "0", "0", "0", "0", "0", "0", "0", "0", "0", "0", "0", "0", "0", "0", "0", "0", "15", "16", "17", "20", "20", "23", "18", "16", "17", "0", "0", "0", "0", "0", "0", "0", "0", "0", "0", "0", "0", "0", "0", "0", "0", "0", "0", "0", "0", "0", "0", "0", "0", "0", "0", "0", "0", "0", "0", "0", "0", "0", "0", "0", "0", "0", "0", "0", "0", "0", "0", "0", "0", "0", "0", "0", "0", "0", "0", "0", "0", "0", "0", "0", "0", "0", "0", "0", "0", "0", "0", "0", "0", "0", "0", "0", "0", "0", "0", "0", "0", "0", "0", "0", "0", "0", "0", "0", "0", "0", "0", "0", "0", "0", "0", "0", "0", "0", "0", "0", "0", "0", "0", "0", "0", "0", "0", "0", "0", "0", "0", "0", "0", "0", "0", "0", "0", "0", "0", "22", "20", "17", "21", "20", "18", "18", "19", "20", "0", "0", "0", "0", "0", "0", "0", "0", "0", "0", "0", "0", "0", "0", "0", "0", "0", "0", "0", "0", "0", "0", "0", "0", "0", "16", "17", "17", "15", "16", "21", "18", "15", "19", "0", "0", "0", "0", "0", "0", "0", "0"], ["17", "13", "0", "10", "0", "0", "13", "10", "13", "0", "15", "0", "11", "13", "0", "0", "0", "12", "12", "0", "13", "0", "0", "10", "10", "10", "0", "14", "0", "12", "12", "0", "0", "0", "13", "13", "0", "13", "0", "0", "13", "12", "14", "0", "16", "0", "11", "13", "0", "0", "0", "13", "12", "0", "13", "0", "0", "11", "13", "11", "0", "13", "0", "12", "13", "0", "0", "0", "12", "12", "0", "13", "0", "0", "11", "13", "13", "0", "14", "0", "11", "13", "0", "0", "0", "12", "11", "0", "12", "0", "0", "12", "10", "12", "0", "13", "0", "12", "11", "0", "0", "0", "13", "14", "0", "13", "0", "0", "14", "13", "13", "0", "12", "0", "13", "13", "0", "0", "0", "11", "13", "0", "11", "0", "0", "12", "12", "12", "0", "11", "0", "13", "11", "0", "0", "0", "13", "11", "0", "13", "0", "0", "12", "13", "12", "0", "14", "0", "11", "11", "0", "0", "0", "0", "0", "0", "0", "0", "0", "0", "0", "0", "0", "0", "0", "0", "0", "0", "0", "0", "0", "0", "0", "0", "0", "0", "0", "0", "0", "0", "0", "0", "0", "0", "0", "0", "0", "0", "0", "0", "0", "0", "0", "0", "0", "0", "0", "0", "0", "0", "0", "0", "0", "0", "0", "0", "0", "0", "0", "0", "0", "0", "0", "0", "0", "0", "0", "0", "0", "0", "0", "0", "0", "0", "0", "0", "0", "0", "0", "0", "0", "0", "0", "0", "0", "0", "0", "0", "0", "0", "0", "0", "0", "0", "0", "0", "0", "0", "0", "0", "0", "0", "0", "0", "0", "0", "0", "0", "0", "0", "0", "0", "0", "0", "0", "0", "0", "0", "0", "0", "0", "0", "0", "0", "0", "0", "0", "0", "0", "0", "0", "0", "0", "0", "0", "0", "0", "0", "0"]]}