{"state": {"resTurn": "5", "h": "6", "w": "12", "score": [["0", "-1", "1", "0", "1", "0", "0", "1", "0", "1", "-1", "0"], ["0", "1", "0", "0", "1", "1", "1", "1", "0", "0", "1", "0"], ["0", "0", "0", "0", "0", "1", "1", "0", "0", "0", "0", "0"], ["0", "0", "0", "0", "1", "1", "1", "1", "0", "0", "0", "0"], ["0", "1", "1", "1", "0", "1", "1", "0", "1", "1", "1", "0"], ["0", "-1", "0", "1", "1", "1", "1", "1", "1", "0", "-1", "0"]], "color": [["2", "2", "0", "1", "1", "1", "1", "1", "1", "1", "1", "1"], ["2", "2", "1", "1", "1", "1", "1", "1", "1", "1", "1", "0"], ["2", "2", "0", "0", "1", "0", "0", "1", "1", "0", "0", "0"], ["0", "2", "0", "2", "2", "2", "1", "2", "2", "0", "2", "0"], ["2", "2", "2", "2", "2", "0", "1", "2", "0", "2", "2", "2"], ["0", "0", "2", "2", "2", "0", "1", "1", "2", "2", "2", "2"]], "pos": [{"x": "6", "y": "5"}, {"x": "4", "y": "0"}, {"x": "4", "y": "4"}, {"x": "7", "y": "4"}]}, "q": "-0.0004076490625630985", "z": "1", "visitCount": [["28", "28", "31", "32", "25", "0", "0", "0", "25", "0", "0", "0", "0", "0", "0", "0", "0", "0", "0", "0", "0", "0", "0", "0", "0", "0", "0", "0", "0", "0", "0", "0", "0", "0", "0", "0", "0", "0", "0", "0", "0", "0", "0", "0", "0", "0", "0", "0", "0", "0", "0", "0", "0", "0", "0", "0", "0", "0", "0", "0", "0", "0", "0", "0", "0", "0", "0", "0", "31", "26", "36", "26", "20", "0", "0", "0", "27", "0", "0", "0", "0", "0", "0", "0", "0", "26", "30", "17", "30", "30", "0", "0", "0", "24", "0", "0", "0", "0", "0", "0", "0", "0", "28", "28", "27", "27", "33", "0", "0", "0", "28", "0", "0", "0", "0", "0", "0", "0", "0", "0", "0", "0", "0", "0", "0", "0", "0", "0", "0", "0", "0", "0", "0", "0", "0", "0", "26", "24", "31", "26", "27", "0", "0", "0", "33", "0", "0", "0", "0", "0", "0", "0", "0", "0", "0", "0", "0", "0", "0", "0", "0", "0", "0", "0", "0", "0", "0", "0", "0", "0", "0", "0", "0", "0", "0", "0", "0", "0", "0", "0", "0", "0", "0", "0", "0", "0", "0", "0", "0", "0", "0", "0", "0", "0", "0", "0", "0", "0", "0", "0", "0", "0", "0", "0", "0", "0", "0", "0", "0", "0", "0", "0", "0", "0", "0", "0", "0", "0", "0", "0", "0", "0", "0", "0", "0", "0", "0", "0", "0", "0", "0", "0", "0", "0", "0", "0", "0", "0", "0", "0", "0", "0", "0", "0", "0", "0", "0", "0", "0", "0", "0", "0", "0", "0", "0", "32", "35", "25", "28", "26", "0", "0", "0", "24", "0", "0", "0", "0", "0", "0", "0", "0", "0", "0", "0", "0", "0", "0", "0", "0", "0", "0", "0", "0", "0", "0", "0", "0", "0"], ["14", "12", "0", "0", "0", "0", "14", "13", "11", "0", "13", "12", "12", "12", "0", "0", "0", "12", "11", "0", "0", "0", "0", "13", "11", "14", "0", "13", "13", "12", "12", "0", "0", "0", "14", "12", "0", "0", "0", "0", "12", "12", "12", "0", "13", "13", "14", "12", "0", "0", "0", "12", "11", "0", "0", "0", "0", "11", "12", "13", "0", "13", "13", "13", "12", "0", "0", "0", "14", "11", "0", "0", "0", "0", "12", "12", "12", "0", "14", "12", "11", "11", "0", "0", "0", "12", "10", "0", "0", "0", "0", "11", "11", "13", "0", "11", "11", "12", "12", "0", "0", "0", "15", "14", "0", "0", "0", "0", "13", "13", "12", "0", "12", "14", "13", "14", "0", "0", "0", "13", "13", "0", "0", "0", "0", "13", "12", "12", "0", "11", "13", "12", "12", "0", "0", "0", "12", "12", "0", "0", "0", "0", "11", "14", "10", "0", "14", "11", "13", "12", "0", "0", "0", "0", "0", "0", "0", "0", "0", "0", "0", "0", "0", "0", "0", "0", "0", "0", "0", "0", "0", "0", "0", "0", "0", "0", "0", "0", "0", "0", "0", "0", "0", "0", "0", "0", "0", "0", "0", "0", "0", "0", "0", "0", "0", "0", "0", "0", "0", "0", "0", "0", "0", "0", "0", "0", "0", "0", "0", "0", "0", "0", "0", "0", "0", "0", "0", "0", "0", "0", "0", "0", "0", "0", "0", "0", "0", "0", "0", "0", "0", "0", "0", "0", "0", "0", "0", "0", "0", "0", "0", "0", "0", "0", "0", "0", "0", "0", "0", "0", "0", "0", "0", "0", "0", "0", "0", "0", "0", "0", "0", "0", "0", "0", "0", "0", "0", "0", "0", "0", "0", "0", "0", "0", "0", "0", "0", "0", "0", "0", "0", "0", "0", "0", "0", "0", "0", "0", "0"]]}