{"state": {"resTurn": "4", "h": "6", "w": "12", "score": [["0", "-1", "1", "0", "1", "0", "0", "1", "0", "1", "-1", "0"], ["0", "1", "0", "0", "1", "1", "1", "1", "0", "0", "1", "0"], ["0", "0", "0", "0", "0", "1", "1", "0", "0", "0", "0", "0"], ["0", "0", "0", "0", "1", "1", "1", "1", "0", "0", "0", "0"], ["0", "1", "1", "1", "0", "1", "1", "0", "1", "1", "1", "0"], ["0", "-1", "0", "1", "1", "1", "1", "1", "1", "0", "-1", "0"]], "color": [["2", "2", "0", "1", "1", "1", "1", "1", "1", "1", "1", "1"], ["2", "2", "1", "1", "1", "1", "1", "1", "1", "1", "1", "0"], ["2", "2", "0", "0", "1", "0", "0", "1", "1", "0", "0", "0"], ["0", "2", "0", "2", "2", "2", "1", "2", "2", "0", "2", "0"], ["2", "2", "2", "2", "2", "0", "1", "2", "0", "2", "2", "2"], ["0", "0", "2", "2", "2", "1", "1", "1", "2", "2", "2", "2"]], "pos": [{"x": "5", "y": "5"}, {"x": "4", "y": "1"}, {"x": "4", "y": "3"}, {"x": "7", "y": "4"}]}, "q": "-0.0004237142447054857", "z": "1", "visitCount": [["19", "19", "20", "18", "20", "17", "18", "16", "20", "0", "0", "0", "0", "0", "0", "0", "0", "0", "0", "0", "0", "0", "0", "0", "0", "0", "0", "0", "0", "0", "0", "0", "0", "0", "0", "0", "0", "0", "0", "0", "0", "0", "0", "0", "0", "0", "0", "0", "0", "0", "0", "0", "0", "0", "0", "0", "0", "0", "0", "0", "0", "0", "0", "0", "0", "0", "0", "0", "0", "0", "0", "0", "0", "0", "0", "0", "0", "0", "0", "0", "0", "0", "0", "0", "0", "0", "0", "0", "0", "0", "0", "0", "0", "0", "0", "0", "0", "0", "0", "0", "0", "0", "20", "17", "14", "15", "17", "17", "17", "19", "17", "0", "0", "0", "0", "0", "0", "0", "0", "20", "20", "19", "17", "21", "20", "19", "19", "20", "0", "0", "0", "0", "0", "0", "0", "0", "17", "16", "24", "17", "24", "20", "21", "21", "17", "0", "0", "0", "0", "0", "0", "0", "0", "0", "0", "0", "0", "0", "0", "0", "0", "0", "0", "0", "0", "0", "0", "0", "0", "0", "0", "0", "0", "0", "0", "0", "0", "0", "0", "0", "0", "0", "0", "0", "0", "0", "0", "0", "0", "0", "0", "0", "0", "0", "0", "0", "0", "0", "0", "0", "0", "0", "0", "0", "19", "17", "19", "17", "19", "18", "20", "17", "22", "0", "0", "0", "0", "0", "0", "0", "0", "15", "19", "20", "18", "17", "16", "18", "19", "18", "0", "0", "0", "0", "0", "0", "0", "0", "0", "0", "0", "0", "0", "0", "0", "0", "0", "0", "0", "0", "0", "0", "0", "0", "0", "0", "0", "0", "0", "0", "0", "0", "0", "0", "0", "0", "0", "0", "0", "0", "0", "0", "0", "0", "0", "0", "0", "0", "0", "0", "0", "0", "0", "0", "0", "0", "0", "0", "0"], ["10", "14", "0", "0", "0", "0", "11", "13", "14", "0", "12", "13", "12", "14", "0", "0", "0", "12", "11", "0", "0", "0", "0", "12", "11", "12", "0", "12", "12", "11", "10", "0", "0", "0", "16", "14", "0", "0", "0", "0", "11", "15", "13", "0", "15", "11", "13", "12", "0", "0", "0", "13", "10", "0", "0", "0", "0", "12", "12", "12", "0", "11", "12", "13", "13", "0", "0", "0", "11", "13", "0", "0", "0", "0", "12", "10", "12", "0", "13", "13", "11", "12", "0", "0", "0", "12", "13", "0", "0", "0", "0", "12", "11", "14", "0", "11", "10", "10", "14", "0", "0", "0", "0", "0", "0", "0", "0", "0", "0", "0", "0", "0", "0", "0", "0", "0", "0", "0", "0", "13", "11", "0", "0", "0", "0", "13", "13", "16", "0", "12", "14", "14", "9", "0", "0", "0", "13", "11", "0", "0", "0", "0", "11", "12", "13", "0", "13", "12", "13", "11", "0", "0", "0", "0", "0", "0", "0", "0", "0", "0", "0", "0", "0", "0", "0", "0", "0", "0", "0", "0", "0", "0", "0", "0", "0", "0", "0", "0", "0", "0", "0", "0", "0", "0", "0", "0", "0", "0", "0", "0", "0", "0", "0", "0", "0", "0", "0", "0", "0", "0", "0", "0", "0", "0", "0", "0", "0", "0", "0", "0", "0", "0", "0", "0", "0", "0", "0", "0", "0", "0", "0", "0", "0", "0", "0", "0", "0", "0", "0", "0", "0", "0", "0", "0", "0", "0", "0", "0", "12", "13", "0", "0", "0", "0", "14", "12", "14", "0", "13", "13", "13", "14", "0", "0", "0", "0", "0", "0", "0", "0", "0", "0", "0", "0", "0", "0", "0", "0", "0", "0", "0", "0", "0", "0", "0", "0", "0", "0", "0", "0", "0", "0", "0", "0", "0", "0", "0", "0", "0"]]}