{"state": {"resTurn": "3", "h": "6", "w": "12", "score": [["0", "-1", "1", "0", "1", "0", "0", "1", "0", "1", "-1", "0"], ["0", "1", "0", "0", "1", "1", "1", "1", "0", "0", "1", "0"], ["0", "0", "0", "0", "0", "1", "1", "0", "0", "0", "0", "0"], ["0", "0", "0", "0", "1", "1", "1", "1", "0", "0", "0", "0"], ["0", "1", "1", "1", "0", "1", "1", "0", "1", "1", "1", "0"], ["0", "-1", "0", "1", "1", "1", "1", "1", "1", "0", "-1", "0"]], "color": [["2", "2", "0", "1", "1", "1", "1", "1", "1", "1", "1", "1"], ["2", "2", "1", "1", "1", "1", "1", "1", "1", "1", "1", "0"], ["2", "2", "0", "0", "1", "0", "0", "1", "1", "0", "0", "0"], ["0", "2", "0", "2", "2", "2", "1", "2", "2", "0", "2", "0"], ["2", "2", "2", "2", "2", "0", "1", "2", "0", "2", "2", "2"], ["0", "0", "2", "2", "2", "1", "1", "1", "2", "2", "2", "2"]], "pos": [{"x": "6", "y": "5"}, {"x": "4", "y": "2"}, {"x": "4", "y": "4"}, {"x": "7", "y": "4"}]}, "q": "-0.0003559478837072524", "z": "1", "visitCount": [["17", "0", "0", "0", "19", "18", "21", "17", "19", "18", "16", "17", "0", "0", "0", "0", "0", "0", "0", "0", "0", "0", "0", "0", "0", "0", "0", "0", "0", "0", "0", "0", "0", "0", "0", "0", "0", "0", "0", "0", "0", "0", "0", "0", "0", "0", "0", "0", "0", "0", "0", "0", "0", "0", "0", "0", "0", "0", "0", "0", "0", "0", "0", "0", "0", "0", "0", "0", "21", "0", "0", "0", "21", "14", "18", "16", "19", "21", "17", "21", "0", "0", "0", "0", "0", "17", "0", "0", "0", "17", "17", "18", "18", "21", "18", "17", "17", "0", "0", "0", "0", "0", "21", "0", "0", "0", "16", "20", "17", "21", "19", "17", "17", "17", "0", "0", "0", "0", "0", "0", "0", "0", "0", "0", "0", "0", "0", "0", "0", "0", "0", "0", "0", "0", "0", "0", "21", "0", "0", "0", "17", "21", "20", "21", "20", "25", "20", "16", "0", "0", "0", "0", "0", "0", "0", "0", "0", "0", "0", "0", "0", "0", "0", "0", "0", "0", "0", "0", "0", "0", "0", "0", "0", "0", "0", "0", "0", "0", "0", "0", "0", "0", "0", "0", "0", "0", "0", "0", "0", "0", "0", "0", "0", "0", "0", "0", "0", "0", "0", "0", "0", "0", "0", "0", "0", "0", "0", "0", "0", "0", "0", "0", "0", "0", "0", "0", "0", "0", "0", "0", "0", "0", "0", "0", "0", "0", "0", "0", "0", "0", "0", "0", "0", "0", "0", "0", "0", "0", "0", "0", "0", "0", "0", "0", "0", "0", "0", "0", "0", "0", "0", "0", "0", "0", "0", "18", "0", "0", "0", "17", "20", "21", "18", "18", "20", "16", "16", "0", "0", "0", "0", "0", "0", "0", "0", "0", "0", "0", "0", "0", "0", "0", "0", "0", "0", "0", "0", "0", "0"], ["15", "11", "0", "0", "0", "0", "12", "11", "14", "0", "16", "15", "13", "9", "0", "0", "0", "0", "0", "0", "0", "0", "0", "0", "0", "0", "0", "0", "0", "0", "0", "0", "0", "0", "12", "13", "0", "0", "0", "0", "12", "12", "13", "0", "12", "13", "13", "14", "0", "0", "0", "13", "12", "0", "0", "0", "0", "9", "13", "11", "0", "13", "14", "14", "14", "0", "0", "0", "13", "11", "0", "0", "0", "0", "12", "12", "12", "0", "13", "13", "12", "12", "0", "0", "0", "12", "11", "0", "0", "0", "0", "13", "12", "11", "0", "11", "12", "12", "12", "0", "0", "0", "13", "13", "0", "0", "0", "0", "11", "12", "12", "0", "12", "12", "10", "12", "0", "0", "0", "15", "11", "0", "0", "0", "0", "11", "14", "11", "0", "11", "11", "13", "11", "0", "0", "0", "11", "10", "0", "0", "0", "0", "11", "12", "11", "0", "11", "11", "13", "13", "0", "0", "0", "16", "13", "0", "0", "0", "0", "15", "13", "14", "0", "15", "12", "14", "11", "0", "0", "0", "0", "0", "0", "0", "0", "0", "0", "0", "0", "0", "0", "0", "0", "0", "0", "0", "0", "0", "0", "0", "0", "0", "0", "0", "0", "0", "0", "0", "0", "0", "0", "0", "0", "0", "0", "0", "0", "0", "0", "0", "0", "0", "0", "0", "0", "0", "0", "0", "0", "0", "0", "0", "0", "0", "0", "0", "0", "0", "0", "0", "0", "0", "0", "0", "0", "0", "0", "0", "0", "0", "0", "0", "0", "0", "0", "0", "0", "0", "0", "0", "0", "0", "0", "0", "0", "0", "0", "0", "0", "0", "0", "0", "0", "0", "0", "0", "0", "0", "0", "0", "0", "0", "0", "0", "0", "0", "0", "0", "0", "0", "0", "0", "0", "0", "0", "0", "0", "0", "0"]]}