{"state": {"resTurn": "2", "h": "6", "w": "12", "score": [["0", "-1", "1", "0", "1", "0", "0", "1", "0", "1", "-1", "0"], ["0", "1", "0", "0", "1", "1", "1", "1", "0", "0", "1", "0"], ["0", "0", "0", "0", "0", "1", "1", "0", "0", "0", "0", "0"], ["0", "0", "0", "0", "1", "1", "1", "1", "0", "0", "0", "0"], ["0", "1", "1", "1", "0", "1", "1", "0", "1", "1", "1", "0"], ["0", "-1", "0", "1", "1", "1", "1", "1", "1", "0", "-1", "0"]], "color": [["2", "2", "0", "1", "1", "1", "1", "1", "1", "1", "1", "1"], ["2", "2", "1", "1", "1", "1", "1", "1", "1", "1", "1", "0"], ["2", "2", "0", "0", "1", "0", "0", "1", "1", "0", "0", "0"], ["0", "2", "0", "2", "2", "0", "1", "2", "2", "0", "2", "0"], ["2", "2", "2", "2", "2", "0", "1", "2", "0", "2", "2", "2"], ["0", "0", "2", "2", "2", "1", "1", "1", "2", "2", "2", "2"]], "pos": [{"x": "7", "y": "5"}, {"x": "4", "y": "2"}, {"x": "4", "y": "4"}, {"x": "7", "y": "4"}]}, "q": "-0.0003571215059377146", "z": "1", "visitCount": [["18", "16", "0", "0", "19", "19", "17", "23", "18", "0", "20", "17", "0", "0", "0", "0", "0", "0", "0", "0", "0", "0", "0", "0", "0", "0", "0", "0", "0", "0", "0", "0", "0", "0", "0", "0", "0", "0", "0", "0", "0", "0", "0", "0", "0", "0", "0", "0", "0", "0", "0", "0", "0", "0", "0", "0", "0", "0", "0", "0", "0", "0", "0", "0", "0", "0", "0", "0", "20", "20", "0", "0", "19", "16", "16", "23", "21", "0", "16", "17", "0", "0", "0", "0", "0", "17", "17", "0", "0", "17", "17", "19", "20", "19", "0", "21", "20", "0", "0", "0", "0", "0", "0", "0", "0", "0", "0", "0", "0", "0", "0", "0", "0", "0", "0", "0", "0", "0", "0", "16", "17", "0", "0", "19", "18", "19", "25", "19", "0", "19", "18", "0", "0", "0", "0", "0", "0", "0", "0", "0", "0", "0", "0", "0", "0", "0", "0", "0", "0", "0", "0", "0", "0", "0", "0", "0", "0", "0", "0", "0", "0", "0", "0", "0", "0", "0", "0", "0", "0", "0", "0", "0", "0", "0", "0", "0", "0", "0", "0", "0", "0", "0", "0", "0", "0", "0", "0", "0", "0", "0", "0", "0", "0", "0", "0", "0", "0", "0", "0", "0", "0", "0", "0", "0", "0", "0", "0", "0", "0", "0", "0", "0", "0", "0", "0", "0", "0", "0", "0", "0", "0", "0", "0", "0", "0", "0", "0", "0", "0", "0", "0", "0", "0", "0", "0", "0", "0", "0", "19", "21", "0", "0", "16", "20", "22", "19", "20", "0", "18", "15", "0", "0", "0", "0", "0", "0", "0", "0", "0", "0", "0", "0", "0", "0", "0", "0", "0", "0", "0", "0", "0", "0", "15", "16", "0", "0", "20", "21", "19", "15", "17", "0", "15", "20", "0", "0", "0", "0", "0"], ["12", "13", "0", "0", "0", "0", "13", "13", "13", "0", "11", "15", "13", "11", "0", "0", "0", "0", "0", "0", "0", "0", "0", "0", "0", "0", "0", "0", "0", "0", "0", "0", "0", "0", "14", "13", "0", "0", "0", "0", "14", "12", "13", "0", "12", "15", "14", "12", "0", "0", "0", "13", "12", "0", "0", "0", "0", "11", "13", "12", "0", "13", "11", "12", "11", "0", "0", "0", "13", "11", "0", "0", "0", "0", "11", "13", "11", "0", "12", "13", "11", "13", "0", "0", "0", "12", "9", "0", "0", "0", "0", "12", "12", "10", "0", "12", "13", "10", "12", "0", "0", "0", "12", "13", "0", "0", "0", "0", "11", "12", "14", "0", "12", "12", "13", "14", "0", "0", "0", "13", "11", "0", "0", "0", "0", "11", "13", "13", "0", "13", "12", "12", "13", "0", "0", "0", "12", "10", "0", "0", "0", "0", "11", "12", "12", "0", "13", "12", "11", "12", "0", "0", "0", "15", "13", "0", "0", "0", "0", "12", "13", "13", "0", "14", "15", "14", "11", "0", "0", "0", "0", "0", "0", "0", "0", "0", "0", "0", "0", "0", "0", "0", "0", "0", "0", "0", "0", "0", "0", "0", "0", "0", "0", "0", "0", "0", "0", "0", "0", "0", "0", "0", "0", "0", "0", "0", "0", "0", "0", "0", "0", "0", "0", "0", "0", "0", "0", "0", "0", "0", "0", "0", "0", "0", "0", "0", "0", "0", "0", "0", "0", "0", "0", "0", "0", "0", "0", "0", "0", "0", "0", "0", "0", "0", "0", "0", "0", "0", "0", "0", "0", "0", "0", "0", "0", "0", "0", "0", "0", "0", "0", "0", "0", "0", "0", "0", "0", "0", "0", "0", "0", "0", "0", "0", "0", "0", "0", "0", "0", "0", "0", "0", "0", "0", "0", "0", "0", "0", "0"]]}