{"state": {"resTurn": "1", "h": "6", "w": "12", "score": [["0", "-1", "1", "0", "1", "0", "0", "1", "0", "1", "-1", "0"], ["0", "1", "0", "0", "1", "1", "1", "1", "0", "0", "1", "0"], ["0", "0", "0", "0", "0", "1", "1", "0", "0", "0", "0", "0"], ["0", "0", "0", "0", "1", "1", "1", "1", "0", "0", "0", "0"], ["0", "1", "1", "1", "0", "1", "1", "0", "1", "1", "1", "0"], ["0", "-1", "0", "1", "1", "1", "1", "1", "1", "0", "-1", "0"]], "color": [["2", "2", "0", "1", "1", "1", "1", "1", "1", "1", "1", "1"], ["2", "2", "1", "1", "1", "1", "1", "1", "1", "1", "1", "0"], ["2", "2", "0", "0", "1", "0", "0", "1", "1", "0", "0", "0"], ["0", "2", "0", "2", "2", "0", "1", "2", "2", "0", "2", "0"], ["2", "2", "2", "2", "2", "0", "1", "2", "1", "2", "2", "2"], ["0", "0", "2", "2", "2", "1", "0", "1", "2", "2", "2", "2"]], "pos": [{"x": "8", "y": "4"}, {"x": "5", "y": "1"}, {"x": "4", "y": "4"}, {"x": "7", "y": "4"}]}, "q": "-0.0004407115648149989", "z": "1", "visitCount": [["12", "11", "14", "12", "11", "13", "13", "11", "13", "0", "0", "0", "0", "0", "0", "0", "0", "0", "0", "0", "0", "0", "0", "0", "0", "0", "0", "0", "0", "0", "0", "0", "0", "0", "0", "0", "0", "0", "0", "0", "0", "0", "0", "0", "0", "0", "0", "0", "0", "0", "0", "14", "13", "12", "12", "12", "11", "12", "12", "12", "0", "0", "0", "0", "0", "0", "0", "0", "0", "0", "0", "0", "0", "0", "0", "0", "0", "0", "0", "0", "0", "0", "0", "0", "0", "0", "0", "0", "0", "0", "0", "0", "0", "0", "0", "0", "0", "0", "0", "0", "0", "0", "0", "0", "0", "0", "0", "0", "0", "0", "0", "0", "0", "0", "0", "0", "0", "0", "0", "11", "13", "10", "12", "12", "11", "12", "11", "12", "0", "0", "0", "0", "0", "0", "0", "0", "0", "0", "0", "0", "0", "0", "0", "0", "0", "0", "0", "0", "0", "0", "0", "0", "0", "13", "11", "12", "14", "10", "11", "12", "12", "13", "0", "0", "0", "0", "0", "0", "0", "0", "15", "13", "11", "12", "12", "11", "11", "12", "11", "0", "0", "0", "0", "0", "0", "0", "0", "0", "0", "0", "0", "0", "0", "0", "0", "0", "0", "0", "0", "0", "0", "0", "0", "0", "13", "14", "12", "11", "12", "13", "12", "14", "12", "0", "0", "0", "0", "0", "0", "0", "0", "13", "13", "12", "13", "14", "12", "13", "14", "12", "0", "0", "0", "0", "0", "0", "0", "0", "15", "11", "13", "16", "14", "14", "12", "13", "12", "0", "0", "0", "0", "0", "0", "0", "0", "0", "0", "0", "0", "0", "0", "0", "0", "0", "0", "0", "0", "0", "0", "0", "0", "0", "12", "13", "13", "12", "11", "14", "12", "12", "12", "0", "0", "0", "0", "0", "0", "0", "0"], ["17", "13", "0", "12", "0", "0", "11", "12", "0", "0", "12", "0", "14", "14", "0", "0", "13", "0", "0", "0", "0", "0", "0", "0", "0", "0", "0", "0", "0", "0", "0", "0", "0", "0", "10", "11", "0", "14", "0", "0", "11", "10", "0", "0", "12", "0", "13", "13", "0", "0", "11", "13", "14", "0", "12", "0", "0", "11", "12", "0", "0", "12", "0", "12", "11", "0", "0", "13", "12", "12", "0", "12", "0", "0", "10", "10", "0", "0", "14", "0", "13", "12", "0", "0", "11", "12", "11", "0", "12", "0", "0", "13", "13", "0", "0", "11", "0", "14", "12", "0", "0", "10", "12", "12", "0", "16", "0", "0", "12", "12", "0", "0", "12", "0", "13", "13", "0", "0", "13", "12", "11", "0", "12", "0", "0", "13", "12", "0", "0", "15", "0", "13", "13", "0", "0", "14", "13", "12", "0", "12", "0", "0", "13", "10", "0", "0", "12", "0", "12", "13", "0", "0", "13", "11", "13", "0", "15", "0", "0", "12", "11", "0", "0", "12", "0", "12", "11", "0", "0", "16", "0", "0", "0", "0", "0", "0", "0", "0", "0", "0", "0", "0", "0", "0", "0", "0", "0", "0", "0", "0", "0", "0", "0", "0", "0", "0", "0", "0", "0", "0", "0", "0", "0", "0", "0", "0", "0", "0", "0", "0", "0", "0", "0", "0", "0", "0", "0", "0", "0", "0", "0", "0", "0", "0", "0", "0", "0", "0", "0", "0", "0", "0", "0", "0", "0", "0", "0", "0", "0", "0", "0", "0", "0", "0", "0", "0", "0", "0", "0", "0", "0", "0", "0", "0", "0", "0", "0", "0", "0", "0", "0", "0", "0", "0", "0", "0", "0", "0", "0", "0", "0", "0", "0", "0", "0", "0", "0", "0", "0", "0", "0", "0", "0", "0", "0", "0", "0", "0", "0"]]}