{"state": {"resTurn": "99", "h": "6", "w": "12", "score": [["0", "-1", "1", "0", "1", "0", "0", "1", "0", "1", "-1", "0"], ["0", "1", "0", "0", "1", "1", "1", "1", "0", "0", "1", "0"], ["0", "0", "0", "0", "0", "1", "1", "0", "0", "0", "0", "0"], ["0", "0", "0", "0", "1", "1", "1", "1", "0", "0", "0", "0"], ["0", "1", "1", "1", "0", "1", "1", "0", "1", "1", "1", "0"], ["0", "-1", "0", "1", "1", "1", "1", "1", "1", "0", "-1", "0"]], "color": [["2", "2", "0", "1", "1", "0", "0", "0", "0", "1", "1", "1"], ["2", "2", "2", "1", "1", "0", "0", "0", "1", "1", "1", "0"], ["2", "0", "0", "1", "0", "0", "0", "0", "0", "0", "0", "0"], ["0", "2", "2", "0", "1", "0", "0", "0", "0", "0", "0", "0"], ["0", "0", "2", "0", "1", "1", "0", "0", "2", "0", "2", "2"], ["0", "0", "0", "1", "1", "0", "0", "0", "2", "2", "2", "2"]], "pos": [{"x": "10", "y": "0"}, {"x": "4", "y": "0"}, {"x": "1", "y": "3"}, {"x": "8", "y": "4"}]}, "q": "-3.850352986750752e-05", "z": "1", "visitCount": [["29", "28", "26", "29", "29", "0", "0", "0", "25", "0", "0", "0", "0", "0", "0", "0", "0", "23", "31", "23", "29", "25", "0", "0", "0", "27", "0", "0", "0", "0", "0", "0", "0", "0", "24", "27", "33", "28", "28", "0", "0", "0", "35", "0", "0", "0", "0", "0", "0", "0", "0", "26", "35", "26", "22", "33", "0", "0", "0", "24", "0", "0", "0", "0", "0", "0", "0", "0", "32", "27", "28", "37", "25", "0", "0", "0", "40", "0", "0", "0", "0", "0", "0", "0", "0", "0", "0", "0", "0", "0", "0", "0", "0", "0", "0", "0", "0", "0", "0", "0", "0", "0", "0", "0", "0", "0", "0", "0", "0", "0", "0", "0", "0", "0", "0", "0", "0", "0", "0", "0", "0", "0", "0", "0", "0", "0", "0", "0", "0", "0", "0", "0", "0", "0", "0", "0", "24", "21", "23", "24", "22", "0", "0", "0", "32", "0", "0", "0", "0", "0", "0", "0", "0", "0", "0", "0", "0", "0", "0", "0", "0", "0", "0", "0", "0", "0", "0", "0", "0", "0", "0", "0", "0", "0", "0", "0", "0", "0", "0", "0", "0", "0", "0", "0", "0", "0", "0", "0", "0", "0", "0", "0", "0", "0", "0", "0", "0", "0", "0", "0", "0", "0", "0", "0", "0", "0", "0", "0", "0", "0", "0", "0", "0", "0", "0", "0", "0", "0", "0", "0", "0", "0", "0", "0", "0", "0", "0", "0", "0", "0", "0", "0", "0", "0", "0", "0", "0", "0", "0", "0", "0", "0", "0", "0", "0", "0", "0", "0", "0", "0", "0", "0", "0", "0", "0", "0", "0", "0", "0", "0", "0", "0", "0", "0", "0", "0", "0", "0", "0", "0", "0", "0", "0", "0", "0", "0", "0", "0", "0", "0", "0", "0", "0", "0", "0", "0", "0", "0", "0"], ["14", "12", "15", "16", "12", "13", "15", "10", "12", "0", "0", "0", "0", "0", "0", "0", "0", "13", "11", "15", "14", "13", "10", "12", "14", "13", "0", "0", "0", "0", "0", "0", "0", "0", "12", "11", "11", "10", "9", "13", "12", "10", "10", "0", "0", "0", "0", "0", "0", "0", "0", "13", "10", "15", "12", "14", "11", "11", "13", "10", "0", "0", "0", "0", "0", "0", "0", "0", "12", "10", "13", "11", "12", "12", "12", "12", "10", "0", "0", "0", "0", "0", "0", "0", "0", "14", "10", "12", "15", "13", "13", "13", "11", "13", "0", "0", "0", "0", "0", "0", "0", "0", "18", "12", "12", "11", "12", "15", "12", "12", "12", "0", "0", "0", "0", "0", "0", "0", "0", "12", "11", "12", "13", "16", "13", "10", "12", "12", "0", "0", "0", "0", "0", "0", "0", "0", "15", "12", "13", "11", "12", "17", "12", "11", "11", "0", "0", "0", "0", "0", "0", "0", "0", "0", "0", "0", "0", "0", "0", "0", "0", "0", "0", "0", "0", "0", "0", "0", "0", "0", "0", "0", "0", "0", "0", "0", "0", "0", "0", "0", "0", "0", "0", "0", "0", "0", "0", "0", "0", "0", "0", "0", "0", "0", "0", "0", "0", "0", "0", "0", "0", "0", "0", "0", "0", "0", "0", "0", "0", "0", "0", "0", "0", "0", "0", "0", "0", "0", "0", "0", "0", "0", "0", "0", "0", "0", "0", "0", "0", "0", "0", "0", "0", "0", "0", "0", "0", "0", "0", "0", "0", "0", "0", "0", "0", "0", "0", "0", "0", "0", "0", "0", "0", "0", "0", "0", "0", "0", "0", "0", "0", "0", "0", "0", "0", "0", "0", "0", "0", "0", "0", "0", "0", "0", "0", "0", "0", "0", "0", "0", "0", "0", "0", "0", "0", "0", "0", "0", "0"]]}