{"state": {"resTurn": "98", "h": "6", "w": "12", "score": [["0", "-1", "1", "0", "1", "0", "0", "1", "0", "1", "-1", "0"], ["0", "1", "0", "0", "1", "1", "1", "1", "0", "0", "1", "0"], ["0", "0", "0", "0", "0", "1", "1", "0", "0", "0", "0", "0"], ["0", "0", "0", "0", "1", "1", "1", "1", "0", "0", "0", "0"], ["0", "1", "1", "1", "0", "1", "1", "0", "1", "1", "1", "0"], ["0", "-1", "0", "1", "1", "1", "1", "1", "1", "0", "-1", "0"]], "color": [["2", "2", "0", "1", "1", "1", "0", "0", "0", "1", "1", "1"], ["2", "2", "2", "1", "1", "0", "0", "0", "1", "1", "1", "0"], ["2", "2", "0", "1", "0", "0", "0", "0", "0", "0", "0", "0"], ["0", "2", "2", "0", "1", "0", "0", "0", "0", "0", "0", "0"], ["0", "0", "2", "0", "1", "1", "0", "0", "2", "0", "2", "2"], ["0", "0", "0", "1", "1", "0", "0", "0", "2", "2", "2", "2"]], "pos": [{"x": "9", "y": "0"}, {"x": "5", "y": "0"}, {"x": "1", "y": "2"}, {"x": "8", "y": "4"}]}, "q": "-0.0002504843307830084", "z": "1", "visitCount": [["25", "25", "31", "30", "45", "0", "0", "0", "31", "0", "0", "0", "0", "0", "0", "0", "0", "30", "33", "26", "25", "19", "0", "0", "0", "25", "0", "0", "0", "0", "0", "0", "0", "0", "29", "32", "32", "23", "26", "0", "0", "0", "30", "0", "0", "0", "0", "0", "0", "0", "0", "20", "27", "24", "22", "27", "0", "0", "0", "20", "0", "0", "0", "0", "0", "0", "0", "0", "37", "25", "27", "26", "30", "0", "0", "0", "26", "0", "0", "0", "0", "0", "0", "0", "0", "0", "0", "0", "0", "0", "0", "0", "0", "0", "0", "0", "0", "0", "0", "0", "0", "0", "0", "0", "0", "0", "0", "0", "0", "0", "0", "0", "0", "0", "0", "0", "0", "0", "0", "0", "0", "0", "0", "0", "0", "0", "0", "0", "0", "0", "0", "0", "0", "0", "0", "0", "22", "27", "25", "30", "37", "0", "0", "0", "31", "0", "0", "0", "0", "0", "0", "0", "0", "0", "0", "0", "0", "0", "0", "0", "0", "0", "0", "0", "0", "0", "0", "0", "0", "0", "0", "0", "0", "0", "0", "0", "0", "0", "0", "0", "0", "0", "0", "0", "0", "0", "0", "0", "0", "0", "0", "0", "0", "0", "0", "0", "0", "0", "0", "0", "0", "0", "0", "0", "0", "0", "0", "0", "0", "0", "0", "0", "0", "0", "0", "0", "0", "0", "0", "0", "0", "0", "0", "0", "0", "0", "0", "0", "0", "0", "0", "0", "0", "0", "0", "0", "0", "0", "0", "0", "0", "0", "0", "0", "0", "0", "0", "0", "0", "0", "0", "0", "0", "0", "0", "0", "0", "0", "0", "0", "0", "0", "0", "0", "0", "0", "0", "0", "0", "0", "0", "0", "0", "0", "0", "0", "0", "0", "0", "0", "0", "0", "0", "0", "0", "0", "0", "0", "0"], ["14", "9", "11", "11", "11", "12", "12", "12", "11", "0", "0", "0", "0", "0", "0", "0", "0", "13", "12", "13", "14", "9", "14", "13", "13", "11", "0", "0", "0", "0", "0", "0", "0", "0", "12", "11", "15", "13", "12", "14", "14", "12", "12", "0", "0", "0", "0", "0", "0", "0", "0", "13", "12", "10", "12", "9", "12", "11", "13", "13", "0", "0", "0", "0", "0", "0", "0", "0", "16", "10", "13", "14", "11", "14", "12", "10", "14", "0", "0", "0", "0", "0", "0", "0", "0", "11", "10", "11", "14", "12", "13", "15", "11", "12", "0", "0", "0", "0", "0", "0", "0", "0", "14", "10", "11", "11", "11", "14", "15", "13", "12", "0", "0", "0", "0", "0", "0", "0", "0", "12", "12", "13", "15", "13", "11", "11", "14", "12", "0", "0", "0", "0", "0", "0", "0", "0", "13", "12", "12", "13", "15", "13", "15", "14", "11", "0", "0", "0", "0", "0", "0", "0", "0", "0", "0", "0", "0", "0", "0", "0", "0", "0", "0", "0", "0", "0", "0", "0", "0", "0", "0", "0", "0", "0", "0", "0", "0", "0", "0", "0", "0", "0", "0", "0", "0", "0", "0", "0", "0", "0", "0", "0", "0", "0", "0", "0", "0", "0", "0", "0", "0", "0", "0", "0", "0", "0", "0", "0", "0", "0", "0", "0", "0", "0", "0", "0", "0", "0", "0", "0", "0", "0", "0", "0", "0", "0", "0", "0", "0", "0", "0", "0", "0", "0", "0", "0", "0", "0", "0", "0", "0", "0", "0", "0", "0", "0", "0", "0", "0", "0", "0", "0", "0", "0", "0", "0", "0", "0", "0", "0", "0", "0", "0", "0", "0", "0", "0", "0", "0", "0", "0", "0", "0", "0", "0", "0", "0", "0", "0", "0", "0", "0", "0", "0", "0", "0", "0", "0", "0"]]}