{"state": {"resTurn": "96", "h": "6", "w": "12", "score": [["0", "-1", "1", "0", "1", "0", "0", "1", "0", "1", "-1", "0"], ["0", "1", "0", "0", "1", "1", "1", "1", "0", "0", "1", "0"], ["0", "0", "0", "0", "0", "1", "1", "0", "0", "0", "0", "0"], ["0", "0", "0", "0", "1", "1", "1", "1", "0", "0", "0", "0"], ["0", "1", "1", "1", "0", "1", "1", "0", "1", "1", "1", "0"], ["0", "-1", "0", "1", "1", "1", "1", "1", "1", "0", "-1", "0"]], "color": [["2", "2", "0", "1", "1", "1", "0", "0", "1", "1", "1", "1"], ["2", "2", "2", "1", "1", "0", "0", "0", "1", "1", "1", "0"], ["2", "2", "0", "1", "0", "0", "0", "0", "0", "0", "0", "0"], ["0", "2", "2", "0", "1", "0", "0", "0", "0", "0", "0", "0"], ["0", "0", "2", "0", "1", "1", "0", "0", "2", "0", "2", "2"], ["0", "0", "0", "1", "1", "0", "0", "0", "2", "2", "2", "2"]], "pos": [{"x": "8", "y": "0"}, {"x": "3", "y": "1"}, {"x": "0", "y": "1"}, {"x": "8", "y": "5"}]}, "q": "-0.0005975320380504125", "z": "1", "visitCount": [["18", "20", "22", "13", "0", "22", "19", "19", "18", "0", "0", "0", "16", "0", "0", "0", "0", "16", "21", "19", "11", "0", "18", "21", "21", "19", "0", "0", "0", "24", "0", "0", "0", "0", "21", "13", "24", "19", "0", "21", "23", "17", "16", "0", "0", "0", "14", "0", "0", "0", "0", "16", "24", "17", "17", "0", "20", "17", "17", "16", "0", "0", "0", "17", "0", "0", "0", "0", "18", "26", "19", "17", "0", "21", "19", "17", "20", "0", "0", "0", "18", "0", "0", "0", "0", "0", "0", "0", "0", "0", "0", "0", "0", "0", "0", "0", "0", "0", "0", "0", "0", "0", "0", "0", "0", "0", "0", "0", "0", "0", "0", "0", "0", "0", "0", "0", "0", "0", "0", "0", "0", "0", "0", "0", "0", "0", "0", "0", "0", "0", "0", "0", "0", "0", "0", "0", "18", "17", "18", "18", "0", "21", "14", "19", "15", "0", "0", "0", "19", "0", "0", "0", "0", "0", "0", "0", "0", "0", "0", "0", "0", "0", "0", "0", "0", "0", "0", "0", "0", "0", "0", "0", "0", "0", "0", "0", "0", "0", "0", "0", "0", "0", "0", "0", "0", "0", "0", "0", "0", "0", "0", "0", "0", "0", "0", "0", "0", "0", "0", "0", "0", "0", "0", "0", "0", "0", "0", "0", "0", "0", "0", "0", "0", "0", "0", "0", "0", "0", "0", "0", "0", "0", "0", "0", "0", "0", "0", "0", "0", "0", "0", "0", "0", "0", "0", "0", "0", "0", "0", "0", "0", "0", "0", "0", "0", "0", "0", "0", "0", "0", "0", "0", "0", "0", "0", "0", "0", "0", "0", "0", "0", "0", "0", "0", "0", "0", "0", "0", "0", "0", "0", "0", "0", "0", "0", "0", "0", "0", "0", "0", "0", "0", "0", "0", "0", "0", "0", "0", "0"], ["26", "0", "0", "0", "30", "26", "29", "22", "29", "0", "0", "0", "0", "0", "0", "0", "0", "30", "0", "0", "0", "21", "28", "27", "27", "33", "0", "0", "0", "0", "0", "0", "0", "0", "30", "0", "0", "0", "27", "36", "22", "35", "25", "0", "0", "0", "0", "0", "0", "0", "0", "0", "0", "0", "0", "0", "0", "0", "0", "0", "0", "0", "0", "0", "0", "0", "0", "0", "0", "0", "0", "0", "0", "0", "0", "0", "0", "0", "0", "0", "0", "0", "0", "0", "0", "0", "0", "0", "0", "0", "0", "0", "0", "0", "0", "0", "0", "0", "0", "0", "0", "0", "39", "0", "0", "0", "25", "26", "22", "28", "22", "0", "0", "0", "0", "0", "0", "0", "0", "45", "0", "0", "0", "28", "23", "28", "23", "22", "0", "0", "0", "0", "0", "0", "0", "0", "28", "0", "0", "0", "29", "23", "32", "28", "26", "0", "0", "0", "0", "0", "0", "0", "0", "0", "0", "0", "0", "0", "0", "0", "0", "0", "0", "0", "0", "0", "0", "0", "0", "0", "0", "0", "0", "0", "0", "0", "0", "0", "0", "0", "0", "0", "0", "0", "0", "0", "0", "0", "0", "0", "0", "0", "0", "0", "0", "0", "0", "0", "0", "0", "0", "0", "0", "0", "0", "0", "0", "0", "0", "0", "0", "0", "0", "0", "0", "0", "0", "0", "0", "0", "0", "0", "0", "0", "0", "0", "0", "0", "0", "0", "0", "0", "0", "0", "0", "0", "0", "0", "0", "0", "0", "0", "0", "0", "0", "0", "0", "0", "0", "0", "0", "0", "0", "0", "0", "0", "0", "0", "0", "0", "0", "0", "0", "0", "0", "0", "0", "0", "0", "0", "0", "0", "0", "0", "0", "0", "0", "0", "0", "0", "0", "0", "0", "0", "0", "0", "0", "0", "0"]]}