{"state": {"resTurn": "94", "h": "6", "w": "12", "score": [["0", "-1", "1", "0", "1", "0", "0", "1", "0", "1", "-1", "0"], ["0", "1", "0", "0", "1", "1", "1", "1", "0", "0", "1", "0"], ["0", "0", "0", "0", "0", "1", "1", "0", "0", "0", "0", "0"], ["0", "0", "0", "0", "1", "1", "1", "1", "0", "0", "0", "0"], ["0", "1", "1", "1", "0", "1", "1", "0", "1", "1", "1", "0"], ["0", "-1", "0", "1", "1", "1", "1", "1", "1", "0", "-1", "0"]], "color": [["2", "2", "0", "1", "1", "1", "0", "1", "1", "1", "1", "1"], ["2", "2", "2", "1", "1", "0", "0", "0", "1", "1", "1", "0"], ["2", "2", "0", "1", "1", "0", "0", "0", "0", "0", "0", "0"], ["0", "2", "2", "0", "1", "0", "0", "0", "0", "0", "0", "0"], ["0", "0", "2", "0", "1", "1", "0", "0", "2", "2", "2", "2"], ["0", "0", "0", "1", "1", "0", "0", "0", "2", "2", "2", "2"]], "pos": [{"x": "7", "y": "0"}, {"x": "4", "y": "1"}, {"x": "0", "y": "1"}, {"x": "9", "y": "4"}]}, "q": "-0.0008548209615861693", "z": "1", "visitCount": [["15", "22", "14", "18", "17", "14", "16", "20", "17", "0", "0", "0", "0", "0", "0", "0", "0", "17", "26", "20", "14", "18", "23", "17", "15", "23", "0", "0", "0", "0", "0", "0", "0", "0", "18", "23", "19", "16", "17", "22", "17", "18", "17", "0", "0", "0", "0", "0", "0", "0", "0", "22", "20", "17", "18", "14", "17", "19", "15", "17", "0", "0", "0", "0", "0", "0", "0", "0", "21", "24", "17", "20", "19", "16", "20", "20", "15", "0", "0", "0", "0", "0", "0", "0", "0", "0", "0", "0", "0", "0", "0", "0", "0", "0", "0", "0", "0", "0", "0", "0", "0", "0", "0", "0", "0", "0", "0", "0", "0", "0", "0", "0", "0", "0", "0", "0", "0", "0", "0", "0", "0", "0", "0", "0", "0", "0", "0", "0", "0", "0", "0", "0", "0", "0", "0", "0", "15", "19", "21", "19", "21", "20", "23", "17", "21", "0", "0", "0", "0", "0", "0", "0", "0", "0", "0", "0", "0", "0", "0", "0", "0", "0", "0", "0", "0", "0", "0", "0", "0", "0", "0", "0", "0", "0", "0", "0", "0", "0", "0", "0", "0", "0", "0", "0", "0", "0", "0", "0", "0", "0", "0", "0", "0", "0", "0", "0", "0", "0", "0", "0", "0", "0", "0", "0", "0", "0", "0", "0", "0", "0", "0", "0", "0", "0", "0", "0", "0", "0", "0", "0", "0", "0", "0", "0", "0", "0", "0", "0", "0", "0", "0", "0", "0", "0", "0", "0", "0", "0", "0", "0", "0", "0", "0", "0", "0", "0", "0", "0", "0", "0", "0", "0", "0", "0", "0", "0", "0", "0", "0", "0", "0", "0", "0", "0", "0", "0", "0", "0", "0", "0", "0", "0", "0", "0", "0", "0", "0", "0", "0", "0", "0", "0", "0", "0", "0", "0", "0", "0", "0"], ["21", "16", "19", "18", "19", "15", "15", "15", "16", "0", "0", "0", "0", "0", "0", "0", "0", "21", "18", "20", "17", "26", "18", "18", "21", "17", "0", "0", "0", "0", "0", "0", "0", "0", "19", "19", "20", "18", "17", "14", "16", "19", "19", "0", "0", "0", "0", "0", "0", "0", "0", "0", "0", "0", "0", "0", "0", "0", "0", "0", "0", "0", "0", "0", "0", "0", "0", "0", "0", "0", "0", "0", "0", "0", "0", "0", "0", "0", "0", "0", "0", "0", "0", "0", "0", "0", "0", "0", "0", "0", "0", "0", "0", "0", "0", "0", "0", "0", "0", "0", "0", "0", "20", "16", "16", "22", "15", "16", "20", "22", "22", "0", "0", "0", "0", "0", "0", "0", "0", "18", "18", "17", "18", "22", "17", "17", "16", "21", "0", "0", "0", "0", "0", "0", "0", "0", "18", "21", "22", "19", "18", "22", "17", "22", "17", "0", "0", "0", "0", "0", "0", "0", "0", "0", "0", "0", "0", "0", "0", "0", "0", "0", "0", "0", "0", "0", "0", "0", "0", "0", "0", "0", "0", "0", "0", "0", "0", "0", "0", "0", "0", "0", "0", "0", "0", "0", "0", "0", "0", "0", "0", "0", "0", "0", "0", "0", "0", "0", "0", "0", "0", "0", "0", "0", "0", "0", "0", "0", "0", "0", "0", "0", "0", "0", "0", "0", "0", "0", "0", "0", "0", "0", "0", "0", "0", "0", "0", "0", "0", "0", "0", "0", "0", "0", "0", "0", "0", "0", "0", "0", "0", "0", "0", "0", "0", "0", "0", "0", "0", "0", "0", "0", "0", "0", "0", "0", "0", "0", "0", "0", "0", "0", "0", "0", "0", "0", "0", "0", "0", "0", "0", "0", "0", "0", "0", "0", "0", "0", "0", "0", "0", "0", "0", "0", "0", "0", "0", "0", "0"]]}