{"state": {"resTurn": "93", "h": "6", "w": "12", "score": [["0", "-1", "1", "0", "1", "0", "0", "1", "0", "1", "-1", "0"], ["0", "1", "0", "0", "1", "1", "1", "1", "0", "0", "1", "0"], ["0", "0", "0", "0", "0", "1", "1", "0", "0", "0", "0", "0"], ["0", "0", "0", "0", "1", "1", "1", "1", "0", "0", "0", "0"], ["0", "1", "1", "1", "0", "1", "1", "0", "1", "1", "1", "0"], ["0", "-1", "0", "1", "1", "1", "1", "1", "1", "0", "-1", "0"]], "color": [["2", "2", "0", "1", "1", "1", "0", "1", "1", "1", "1", "1"], ["2", "2", "2", "1", "1", "0", "0", "0", "1", "1", "1", "0"], ["2", "2", "0", "1", "1", "1", "0", "0", "0", "0", "0", "0"], ["0", "2", "2", "0", "1", "0", "0", "0", "0", "0", "0", "0"], ["0", "0", "2", "0", "1", "1", "0", "0", "2", "2", "2", "2"], ["0", "0", "0", "1", "1", "0", "0", "0", "2", "2", "2", "2"]], "pos": [{"x": "8", "y": "1"}, {"x": "5", "y": "2"}, {"x": "1", "y": "2"}, {"x": "8", "y": "4"}]}, "q": "-0.0002372118554343904", "z": "1", "visitCount": [["14", "11", "12", "12", "10", "12", "16", "15", "10", "0", "0", "0", "0", "0", "0", "0", "0", "11", "10", "11", "12", "9", "13", "13", "11", "12", "0", "0", "0", "0", "0", "0", "0", "0", "10", "12", "12", "10", "11", "13", "14", "14", "13", "0", "0", "0", "0", "0", "0", "0", "0", "11", "11", "12", "14", "15", "13", "13", "13", "13", "0", "0", "0", "0", "0", "0", "0", "0", "13", "15", "11", "12", "14", "12", "14", "12", "11", "0", "0", "0", "0", "0", "0", "0", "0", "11", "13", "13", "11", "12", "11", "13", "15", "10", "0", "0", "0", "0", "0", "0", "0", "0", "14", "11", "12", "11", "12", "14", "14", "13", "12", "0", "0", "0", "0", "0", "0", "0", "0", "13", "16", "12", "13", "12", "13", "10", "13", "15", "0", "0", "0", "0", "0", "0", "0", "0", "10", "13", "12", "13", "11", "14", "12", "14", "10", "0", "0", "0", "0", "0", "0", "0", "0", "0", "0", "0", "0", "0", "0", "0", "0", "0", "0", "0", "0", "0", "0", "0", "0", "0", "0", "0", "0", "0", "0", "0", "0", "0", "0", "0", "0", "0", "0", "0", "0", "0", "0", "0", "0", "0", "0", "0", "0", "0", "0", "0", "0", "0", "0", "0", "0", "0", "0", "0", "0", "0", "0", "0", "0", "0", "0", "0", "0", "0", "0", "0", "0", "0", "0", "0", "0", "0", "0", "0", "0", "0", "0", "0", "0", "0", "0", "0", "0", "0", "0", "0", "0", "0", "0", "0", "0", "0", "0", "0", "0", "0", "0", "0", "0", "0", "0", "0", "0", "0", "0", "0", "0", "0", "0", "0", "0", "0", "0", "0", "0", "0", "0", "0", "0", "0", "0", "0", "0", "0", "0", "0", "0", "0", "0", "0", "0", "0", "0", "0", "0", "0", "0", "0", "0"], ["13", "12", "11", "12", "14", "15", "15", "11", "14", "0", "0", "0", "0", "0", "0", "0", "0", "12", "12", "13", "13", "13", "17", "12", "11", "14", "0", "0", "0", "0", "0", "0", "0", "0", "11", "12", "10", "12", "13", "13", "13", "12", "13", "0", "0", "0", "0", "0", "0", "0", "0", "14", "11", "13", "13", "13", "11", "12", "12", "12", "0", "0", "0", "0", "0", "0", "0", "0", "11", "13", "12", "15", "13", "11", "10", "10", "13", "0", "0", "0", "0", "0", "0", "0", "0", "14", "16", "14", "15", "14", "12", "10", "12", "13", "0", "0", "0", "0", "0", "0", "0", "0", "12", "12", "10", "13", "9", "11", "13", "12", "14", "0", "0", "0", "0", "0", "0", "0", "0", "11", "11", "12", "11", "12", "12", "13", "12", "12", "0", "0", "0", "0", "0", "0", "0", "0", "14", "10", "12", "11", "13", "12", "11", "10", "13", "0", "0", "0", "0", "0", "0", "0", "0", "0", "0", "0", "0", "0", "0", "0", "0", "0", "0", "0", "0", "0", "0", "0", "0", "0", "0", "0", "0", "0", "0", "0", "0", "0", "0", "0", "0", "0", "0", "0", "0", "0", "0", "0", "0", "0", "0", "0", "0", "0", "0", "0", "0", "0", "0", "0", "0", "0", "0", "0", "0", "0", "0", "0", "0", "0", "0", "0", "0", "0", "0", "0", "0", "0", "0", "0", "0", "0", "0", "0", "0", "0", "0", "0", "0", "0", "0", "0", "0", "0", "0", "0", "0", "0", "0", "0", "0", "0", "0", "0", "0", "0", "0", "0", "0", "0", "0", "0", "0", "0", "0", "0", "0", "0", "0", "0", "0", "0", "0", "0", "0", "0", "0", "0", "0", "0", "0", "0", "0", "0", "0", "0", "0", "0", "0", "0", "0", "0", "0", "0", "0", "0", "0", "0", "0"]]}