{"state": {"resTurn": "92", "h": "6", "w": "12", "score": [["0", "-1", "1", "0", "1", "0", "0", "1", "0", "1", "-1", "0"], ["0", "1", "0", "0", "1", "1", "1", "1", "0", "0", "1", "0"], ["0", "0", "0", "0", "0", "1", "1", "0", "0", "0", "0", "0"], ["0", "0", "0", "0", "1", "1", "1", "1", "0", "0", "0", "0"], ["0", "1", "1", "1", "0", "1", "1", "0", "1", "1", "1", "0"], ["0", "-1", "0", "1", "1", "1", "1", "1", "1", "0", "-1", "0"]], "color": [["2", "2", "0", "1", "1", "1", "0", "1", "1", "1", "1", "1"], ["2", "2", "2", "1", "1", "1", "0", "0", "1", "1", "1", "0"], ["2", "2", "0", "1", "1", "1", "0", "0", "0", "0", "0", "0"], ["0", "2", "2", "0", "1", "0", "0", "2", "0", "0", "0", "0"], ["0", "0", "2", "0", "1", "1", "0", "0", "2", "2", "2", "2"], ["0", "0", "0", "1", "1", "0", "0", "0", "2", "2", "2", "2"]], "pos": [{"x": "8", "y": "1"}, {"x": "5", "y": "1"}, {"x": "2", "y": "3"}, {"x": "7", "y": "3"}]}, "q": "-0.0002370553613725057", "z": "1", "visitCount": [["13", "10", "12", "10", "10", "13", "10", "14", "13", "0", "0", "0", "0", "0", "0", "0", "0", "14", "10", "15", "10", "11", "11", "12", "12", "10", "0", "0", "0", "0", "0", "0", "0", "0", "13", "15", "12", "14", "12", "12", "12", "14", "13", "0", "0", "0", "0", "0", "0", "0", "0", "15", "15", "15", "12", "12", "14", "13", "12", "11", "0", "0", "0", "0", "0", "0", "0", "0", "9", "11", "13", "14", "16", "10", "14", "14", "12", "0", "0", "0", "0", "0", "0", "0", "0", "11", "13", "12", "12", "13", "11", "15", "14", "11", "0", "0", "0", "0", "0", "0", "0", "0", "12", "10", "13", "13", "13", "14", "12", "12", "12", "0", "0", "0", "0", "0", "0", "0", "0", "13", "14", "12", "13", "12", "11", "11", "11", "12", "0", "0", "0", "0", "0", "0", "0", "0", "15", "11", "10", "12", "12", "10", "12", "13", "14", "0", "0", "0", "0", "0", "0", "0", "0", "0", "0", "0", "0", "0", "0", "0", "0", "0", "0", "0", "0", "0", "0", "0", "0", "0", "0", "0", "0", "0", "0", "0", "0", "0", "0", "0", "0", "0", "0", "0", "0", "0", "0", "0", "0", "0", "0", "0", "0", "0", "0", "0", "0", "0", "0", "0", "0", "0", "0", "0", "0", "0", "0", "0", "0", "0", "0", "0", "0", "0", "0", "0", "0", "0", "0", "0", "0", "0", "0", "0", "0", "0", "0", "0", "0", "0", "0", "0", "0", "0", "0", "0", "0", "0", "0", "0", "0", "0", "0", "0", "0", "0", "0", "0", "0", "0", "0", "0", "0", "0", "0", "0", "0", "0", "0", "0", "0", "0", "0", "0", "0", "0", "0", "0", "0", "0", "0", "0", "0", "0", "0", "0", "0", "0", "0", "0", "0", "0", "0", "0", "0", "0", "0", "0", "0"], ["13", "11", "16", "15", "12", "11", "12", "11", "14", "0", "0", "0", "0", "0", "0", "0", "0", "10", "12", "11", "10", "11", "13", "13", "14", "14", "0", "0", "0", "0", "0", "0", "0", "0", "13", "15", "17", "13", "15", "12", "10", "9", "11", "0", "0", "0", "0", "0", "0", "0", "0", "14", "10", "13", "11", "14", "10", "11", "10", "10", "0", "0", "0", "0", "0", "0", "0", "0", "13", "13", "14", "11", "12", "14", "12", "10", "12", "0", "0", "0", "0", "0", "0", "0", "0", "10", "11", "16", "12", "13", "14", "12", "14", "13", "0", "0", "0", "0", "0", "0", "0", "0", "11", "12", "14", "14", "13", "11", "11", "13", "13", "0", "0", "0", "0", "0", "0", "0", "0", "0", "0", "0", "0", "0", "0", "0", "0", "0", "0", "0", "0", "0", "0", "0", "0", "0", "15", "11", "15", "14", "13", "12", "12", "10", "13", "0", "0", "0", "0", "0", "0", "0", "0", "0", "0", "0", "0", "0", "0", "0", "0", "0", "0", "0", "0", "0", "0", "0", "0", "0", "0", "0", "0", "0", "0", "0", "0", "0", "0", "0", "0", "0", "0", "0", "0", "0", "0", "0", "0", "0", "0", "0", "0", "0", "0", "0", "0", "0", "0", "0", "0", "0", "0", "0", "0", "0", "0", "0", "0", "0", "0", "0", "0", "0", "0", "0", "0", "0", "0", "0", "0", "0", "0", "0", "0", "0", "0", "0", "0", "0", "0", "0", "0", "0", "0", "0", "0", "0", "0", "0", "0", "0", "0", "0", "0", "0", "0", "0", "0", "0", "0", "0", "0", "0", "0", "12", "13", "10", "14", "14", "10", "11", "10", "12", "0", "0", "0", "0", "0", "0", "0", "0", "0", "0", "0", "0", "0", "0", "0", "0", "0", "0", "0", "0", "0", "0", "0", "0", "0"]]}