{"state": {"resTurn": "91", "h": "6", "w": "12", "score": [["0", "-1", "1", "0", "1", "0", "0", "1", "0", "1", "-1", "0"], ["0", "1", "0", "0", "1", "1", "1", "1", "0", "0", "1", "0"], ["0", "0", "0", "0", "0", "1", "1", "0", "0", "0", "0", "0"], ["0", "0", "0", "0", "1", "1", "1", "1", "0", "0", "0", "0"], ["0", "1", "1", "1", "0", "1", "1", "0", "1", "1", "1", "0"], ["0", "-1", "0", "1", "1", "1", "1", "1", "1", "0", "-1", "0"]], "color": [["2", "2", "0", "1", "1", "1", "0", "1", "1", "1", "1", "1"], ["2", "2", "2", "1", "1", "1", "0", "1", "1", "1", "1", "0"], ["2", "2", "0", "1", "1", "1", "0", "0", "0", "0", "0", "0"], ["0", "2", "2", "0", "1", "0", "0", "2", "0", "0", "0", "0"], ["0", "0", "2", "0", "1", "1", "0", "2", "2", "2", "2", "2"], ["0", "0", "0", "1", "1", "0", "0", "0", "2", "2", "2", "2"]], "pos": [{"x": "7", "y": "1"}, {"x": "4", "y": "1"}, {"x": "2", "y": "4"}, {"x": "7", "y": "4"}]}, "q": "-0.0002199741251764354", "z": "1", "visitCount": [["12", "12", "15", "11", "13", "12", "12", "15", "14", "0", "0", "0", "0", "0", "0", "0", "0", "10", "10", "10", "11", "11", "14", "16", "12", "13", "0", "0", "0", "0", "0", "0", "0", "0", "15", "13", "12", "14", "12", "14", "13", "12", "11", "0", "0", "0", "0", "0", "0", "0", "0", "15", "13", "12", "10", "13", "14", "12", "12", "11", "0", "0", "0", "0", "0", "0", "0", "0", "12", "17", "12", "13", "14", "14", "14", "14", "12", "0", "0", "0", "0", "0", "0", "0", "0", "11", "10", "10", "12", "15", "13", "12", "12", "12", "0", "0", "0", "0", "0", "0", "0", "0", "10", "16", "11", "12", "12", "11", "15", "10", "11", "0", "0", "0", "0", "0", "0", "0", "0", "12", "11", "13", "13", "12", "10", "12", "12", "12", "0", "0", "0", "0", "0", "0", "0", "0", "13", "10", "12", "13", "12", "11", "10", "12", "12", "0", "0", "0", "0", "0", "0", "0", "0", "0", "0", "0", "0", "0", "0", "0", "0", "0", "0", "0", "0", "0", "0", "0", "0", "0", "0", "0", "0", "0", "0", "0", "0", "0", "0", "0", "0", "0", "0", "0", "0", "0", "0", "0", "0", "0", "0", "0", "0", "0", "0", "0", "0", "0", "0", "0", "0", "0", "0", "0", "0", "0", "0", "0", "0", "0", "0", "0", "0", "0", "0", "0", "0", "0", "0", "0", "0", "0", "0", "0", "0", "0", "0", "0", "0", "0", "0", "0", "0", "0", "0", "0", "0", "0", "0", "0", "0", "0", "0", "0", "0", "0", "0", "0", "0", "0", "0", "0", "0", "0", "0", "0", "0", "0", "0", "0", "0", "0", "0", "0", "0", "0", "0", "0", "0", "0", "0", "0", "0", "0", "0", "0", "0", "0", "0", "0", "0", "0", "0", "0", "0", "0", "0", "0", "0"], ["13", "11", "11", "13", "9", "12", "12", "13", "12", "0", "0", "0", "0", "0", "0", "0", "0", "0", "0", "0", "0", "0", "0", "0", "0", "0", "0", "0", "0", "0", "0", "0", "0", "0", "13", "14", "12", "14", "11", "14", "13", "13", "11", "0", "0", "0", "0", "0", "0", "0", "0", "15", "12", "15", "15", "15", "10", "12", "11", "12", "0", "0", "0", "0", "0", "0", "0", "0", "11", "11", "16", "12", "11", "11", "11", "14", "12", "0", "0", "0", "0", "0", "0", "0", "0", "13", "13", "14", "12", "11", "11", "11", "12", "11", "0", "0", "0", "0", "0", "0", "0", "0", "10", "14", "12", "12", "14", "13", "13", "14", "12", "0", "0", "0", "0", "0", "0", "0", "0", "11", "15", "11", "13", "14", "13", "12", "12", "13", "0", "0", "0", "0", "0", "0", "0", "0", "15", "12", "12", "11", "14", "13", "12", "11", "10", "0", "0", "0", "0", "0", "0", "0", "0", "13", "10", "10", "10", "14", "10", "14", "11", "15", "0", "0", "0", "0", "0", "0", "0", "0", "0", "0", "0", "0", "0", "0", "0", "0", "0", "0", "0", "0", "0", "0", "0", "0", "0", "0", "0", "0", "0", "0", "0", "0", "0", "0", "0", "0", "0", "0", "0", "0", "0", "0", "0", "0", "0", "0", "0", "0", "0", "0", "0", "0", "0", "0", "0", "0", "0", "0", "0", "0", "0", "0", "0", "0", "0", "0", "0", "0", "0", "0", "0", "0", "0", "0", "0", "0", "0", "0", "0", "0", "0", "0", "0", "0", "0", "0", "0", "0", "0", "0", "0", "0", "0", "0", "0", "0", "0", "0", "0", "0", "0", "0", "0", "0", "0", "0", "0", "0", "0", "0", "0", "0", "0", "0", "0", "0", "0", "0", "0", "0", "0", "0", "0", "0", "0", "0", "0"]]}