{"state": {"resTurn": "108", "h": "6", "w": "12", "score": [["0", "-1", "1", "0", "1", "0", "0", "1", "0", "1", "-1", "0"], ["0", "1", "0", "0", "1", "1", "1", "1", "0", "0", "1", "0"], ["0", "0", "0", "0", "0", "1", "1", "0", "0", "0", "0", "0"], ["0", "0", "0", "0", "1", "1", "1", "1", "0", "0", "0", "0"], ["0", "1", "1", "1", "0", "1", "1", "0", "1", "1", "1", "0"], ["0", "-1", "0", "1", "1", "1", "1", "1", "1", "0", "-1", "0"]], "color": [["0", "2", "0", "0", "0", "0", "0", "0", "0", "1", "0", "0"], ["0", "2", "2", "0", "0", "0", "0", "0", "1", "1", "0", "0"], ["0", "0", "0", "0", "0", "0", "0", "0", "0", "0", "0", "0"], ["0", "0", "0", "0", "0", "0", "0", "0", "0", "0", "0", "0"], ["0", "0", "0", "0", "1", "0", "0", "0", "0", "0", "2", "0"], ["0", "0", "0", "1", "0", "0", "0", "0", "2", "2", "0", "0"]], "pos": [{"x": "9", "y": "0"}, {"x": "3", "y": "5"}, {"x": "1", "y": "0"}, {"x": "10", "y": "4"}]}, "q": "-0.0006806381966941402", "z": "1", "visitCount": [["27", "0", "0", "0", "29", "31", "23", "27", "29", "0", "0", "0", "0", "0", "0", "0", "0", "28", "0", "0", "0", "24", "28", "27", "31", "33", "0", "0", "0", "0", "0", "0", "0", "0", "27", "0", "0", "0", "29", "28", "27", "25", "27", "0", "0", "0", "0", "0", "0", "0", "0", "20", "0", "0", "0", "26", "29", "25", "27", "27", "0", "0", "0", "0", "0", "0", "0", "0", "29", "0", "0", "0", "24", "27", "27", "30", "29", "0", "0", "0", "0", "0", "0", "0", "0", "0", "0", "0", "0", "0", "0", "0", "0", "0", "0", "0", "0", "0", "0", "0", "0", "0", "0", "0", "0", "0", "0", "0", "0", "0", "0", "0", "0", "0", "0", "0", "0", "0", "0", "0", "0", "0", "0", "0", "0", "0", "0", "0", "0", "0", "0", "0", "0", "0", "0", "0", "35", "0", "0", "0", "30", "34", "25", "24", "32", "0", "0", "0", "0", "0", "0", "0", "0", "0", "0", "0", "0", "0", "0", "0", "0", "0", "0", "0", "0", "0", "0", "0", "0", "0", "0", "0", "0", "0", "0", "0", "0", "0", "0", "0", "0", "0", "0", "0", "0", "0", "0", "0", "0", "0", "0", "0", "0", "0", "0", "0", "0", "0", "0", "0", "0", "0", "0", "0", "0", "0", "0", "0", "0", "0", "0", "0", "0", "0", "0", "0", "0", "0", "0", "0", "0", "0", "0", "0", "0", "0", "0", "0", "0", "0", "0", "0", "0", "0", "0", "0", "0", "0", "0", "0", "0", "0", "0", "0", "0", "0", "0", "0", "0", "0", "0", "0", "0", "0", "0", "0", "0", "0", "0", "0", "0", "0", "0", "0", "0", "0", "0", "0", "0", "0", "0", "0", "0", "0", "0", "0", "0", "0", "0", "0", "0", "0", "0", "0", "0", "0", "0", "0", "0"], ["16", "20", "16", "15", "18", "19", "17", "15", "19", "0", "0", "0", "0", "0", "0", "0", "0", "18", "19", "18", "17", "21", "20", "19", "19", "16", "0", "0", "0", "0", "0", "0", "0", "0", "20", "20", "19", "17", "19", "20", "19", "19", "22", "0", "0", "0", "0", "0", "0", "0", "0", "16", "19", "17", "22", "14", "18", "21", "18", "17", "0", "0", "0", "0", "0", "0", "0", "0", "18", "25", "20", "20", "21", "18", "19", "17", "21", "0", "0", "0", "0", "0", "0", "0", "0", "0", "0", "0", "0", "0", "0", "0", "0", "0", "0", "0", "0", "0", "0", "0", "0", "0", "0", "0", "0", "0", "0", "0", "0", "0", "0", "0", "0", "0", "0", "0", "0", "0", "0", "0", "0", "0", "0", "0", "0", "0", "0", "0", "0", "0", "0", "0", "0", "0", "0", "0", "16", "20", "16", "19", "19", "17", "18", "20", "17", "0", "0", "0", "0", "0", "0", "0", "0", "0", "0", "0", "0", "0", "0", "0", "0", "0", "0", "0", "0", "0", "0", "0", "0", "0", "0", "0", "0", "0", "0", "0", "0", "0", "0", "0", "0", "0", "0", "0", "0", "0", "0", "0", "0", "0", "0", "0", "0", "0", "0", "0", "0", "0", "0", "0", "0", "0", "0", "0", "0", "0", "0", "0", "0", "0", "0", "0", "0", "0", "0", "0", "0", "0", "0", "0", "0", "0", "0", "0", "0", "0", "0", "0", "0", "0", "0", "0", "0", "0", "0", "0", "0", "0", "0", "0", "0", "0", "0", "0", "0", "0", "0", "0", "0", "0", "0", "0", "0", "0", "0", "0", "0", "0", "0", "0", "0", "0", "0", "0", "0", "0", "0", "0", "0", "0", "0", "0", "0", "0", "0", "0", "0", "0", "0", "0", "0", "0", "0", "0", "0", "0", "0", "0", "0"]]}