{"state": {"resTurn": "90", "h": "6", "w": "12", "score": [["0", "-1", "1", "0", "1", "0", "0", "1", "0", "1", "-1", "0"], ["0", "1", "0", "0", "1", "1", "1", "1", "0", "0", "1", "0"], ["0", "0", "0", "0", "0", "1", "1", "0", "0", "0", "0", "0"], ["0", "0", "0", "0", "1", "1", "1", "1", "0", "0", "0", "0"], ["0", "1", "1", "1", "0", "1", "1", "0", "1", "1", "1", "0"], ["0", "-1", "0", "1", "1", "1", "1", "1", "1", "0", "-1", "0"]], "color": [["2", "2", "0", "1", "1", "1", "0", "1", "1", "1", "1", "1"], ["2", "2", "2", "1", "1", "1", "1", "1", "1", "1", "1", "0"], ["2", "2", "0", "1", "1", "1", "0", "0", "0", "0", "0", "0"], ["0", "2", "2", "0", "1", "0", "0", "2", "0", "0", "0", "0"], ["0", "2", "2", "0", "1", "1", "0", "2", "2", "2", "2", "2"], ["0", "0", "0", "1", "1", "0", "0", "2", "2", "2", "2", "2"]], "pos": [{"x": "6", "y": "1"}, {"x": "5", "y": "2"}, {"x": "1", "y": "4"}, {"x": "7", "y": "5"}]}, "q": "-0.0003985674624530951", "z": "1", "visitCount": [["14", "13", "10", "14", "10", "15", "12", "15", "12", "0", "0", "0", "0", "0", "0", "0", "0", "12", "14", "10", "12", "11", "10", "10", "12", "12", "0", "0", "0", "0", "0", "0", "0", "0", "15", "14", "10", "13", "13", "12", "13", "10", "11", "0", "0", "0", "0", "0", "0", "0", "0", "11", "12", "12", "11", "11", "13", "13", "9", "10", "0", "0", "0", "0", "0", "0", "0", "0", "10", "15", "13", "12", "13", "13", "13", "12", "13", "0", "0", "0", "0", "0", "0", "0", "0", "14", "12", "14", "12", "14", "12", "14", "14", "12", "0", "0", "0", "0", "0", "0", "0", "0", "14", "12", "10", "11", "13", "13", "12", "12", "13", "0", "0", "0", "0", "0", "0", "0", "0", "13", "14", "11", "11", "12", "15", "12", "11", "14", "0", "0", "0", "0", "0", "0", "0", "0", "14", "13", "14", "12", "15", "12", "13", "12", "9", "0", "0", "0", "0", "0", "0", "0", "0", "0", "0", "0", "0", "0", "0", "0", "0", "0", "0", "0", "0", "0", "0", "0", "0", "0", "0", "0", "0", "0", "0", "0", "0", "0", "0", "0", "0", "0", "0", "0", "0", "0", "0", "0", "0", "0", "0", "0", "0", "0", "0", "0", "0", "0", "0", "0", "0", "0", "0", "0", "0", "0", "0", "0", "0", "0", "0", "0", "0", "0", "0", "0", "0", "0", "0", "0", "0", "0", "0", "0", "0", "0", "0", "0", "0", "0", "0", "0", "0", "0", "0", "0", "0", "0", "0", "0", "0", "0", "0", "0", "0", "0", "0", "0", "0", "0", "0", "0", "0", "0", "0", "0", "0", "0", "0", "0", "0", "0", "0", "0", "0", "0", "0", "0", "0", "0", "0", "0", "0", "0", "0", "0", "0", "0", "0", "0", "0", "0", "0", "0", "0", "0", "0", "0", "0"], ["15", "0", "0", "0", "14", "16", "14", "18", "22", "0", "0", "0", "0", "0", "0", "0", "0", "19", "0", "0", "0", "15", "18", "16", "18", "17", "0", "0", "0", "0", "0", "0", "0", "0", "21", "0", "0", "0", "22", "14", "20", "20", "15", "0", "0", "0", "0", "0", "0", "0", "0", "21", "0", "0", "0", "18", "22", "18", "14", "15", "0", "0", "0", "0", "0", "0", "0", "0", "15", "0", "0", "0", "29", "23", "21", "23", "18", "0", "0", "0", "0", "0", "0", "0", "0", "26", "0", "0", "0", "21", "21", "13", "17", "14", "0", "0", "0", "0", "0", "0", "0", "0", "18", "0", "0", "0", "18", "16", "19", "14", "21", "0", "0", "0", "0", "0", "0", "0", "0", "23", "0", "0", "0", "20", "22", "15", "22", "17", "0", "0", "0", "0", "0", "0", "0", "0", "19", "0", "0", "0", "16", "18", "27", "16", "16", "0", "0", "0", "0", "0", "0", "0", "0", "0", "0", "0", "0", "0", "0", "0", "0", "0", "0", "0", "0", "0", "0", "0", "0", "0", "0", "0", "0", "0", "0", "0", "0", "0", "0", "0", "0", "0", "0", "0", "0", "0", "0", "0", "0", "0", "0", "0", "0", "0", "0", "0", "0", "0", "0", "0", "0", "0", "0", "0", "0", "0", "0", "0", "0", "0", "0", "0", "0", "0", "0", "0", "0", "0", "0", "0", "0", "0", "0", "0", "0", "0", "0", "0", "0", "0", "0", "0", "0", "0", "0", "0", "0", "0", "0", "0", "0", "0", "0", "0", "0", "0", "0", "0", "0", "0", "0", "0", "0", "0", "0", "0", "0", "0", "0", "0", "0", "0", "0", "0", "0", "0", "0", "0", "0", "0", "0", "0", "0", "0", "0", "0", "0", "0", "0", "0", "0", "0", "0", "0", "0", "0", "0", "0", "0"]]}