{"state": {"resTurn": "88", "h": "6", "w": "12", "score": [["0", "-1", "1", "0", "1", "0", "0", "1", "0", "1", "-1", "0"], ["0", "1", "0", "0", "1", "1", "1", "1", "0", "0", "1", "0"], ["0", "0", "0", "0", "0", "1", "1", "0", "0", "0", "0", "0"], ["0", "0", "0", "0", "1", "1", "1", "1", "0", "0", "0", "0"], ["0", "1", "1", "1", "0", "1", "1", "0", "1", "1", "1", "0"], ["0", "-1", "0", "1", "1", "1", "1", "1", "1", "0", "-1", "0"]], "color": [["2", "2", "0", "1", "1", "1", "0", "1", "1", "1", "1", "1"], ["2", "2", "2", "1", "1", "1", "1", "1", "1", "1", "1", "0"], ["2", "2", "0", "1", "1", "1", "0", "1", "0", "0", "0", "0"], ["0", "2", "2", "0", "1", "0", "0", "2", "0", "0", "0", "0"], ["2", "2", "2", "0", "1", "1", "0", "2", "2", "2", "2", "2"], ["0", "2", "0", "1", "1", "2", "2", "2", "2", "2", "2", "2"]], "pos": [{"x": "7", "y": "2"}, {"x": "3", "y": "2"}, {"x": "1", "y": "5"}, {"x": "5", "y": "5"}]}, "q": "-0.0005196536936420754", "z": "1", "visitCount": [["12", "10", "13", "0", "13", "0", "12", "18", "11", "0", "0", "11", "0", "10", "0", "0", "0", "10", "11", "10", "0", "11", "0", "13", "11", "12", "0", "0", "9", "0", "15", "0", "0", "0", "0", "0", "0", "0", "0", "0", "0", "0", "0", "0", "0", "0", "0", "0", "0", "0", "0", "12", "11", "10", "0", "14", "0", "15", "11", "10", "0", "0", "15", "0", "14", "0", "0", "0", "15", "14", "15", "0", "11", "0", "13", "14", "13", "0", "0", "9", "0", "13", "0", "0", "0", "12", "10", "11", "0", "11", "0", "14", "10", "11", "0", "0", "13", "0", "10", "0", "0", "0", "11", "15", "15", "0", "10", "0", "10", "13", "10", "0", "0", "12", "0", "15", "0", "0", "0", "13", "13", "12", "0", "15", "0", "13", "11", "12", "0", "0", "17", "0", "9", "0", "0", "0", "14", "12", "11", "0", "11", "0", "11", "11", "10", "0", "0", "12", "0", "15", "0", "0", "0", "0", "0", "0", "0", "0", "0", "0", "0", "0", "0", "0", "0", "0", "0", "0", "0", "0", "13", "13", "18", "0", "13", "0", "14", "9", "13", "0", "0", "15", "0", "16", "0", "0", "0", "0", "0", "0", "0", "0", "0", "0", "0", "0", "0", "0", "0", "0", "0", "0", "0", "0", "0", "0", "0", "0", "0", "0", "0", "0", "0", "0", "0", "0", "0", "0", "0", "0", "0", "0", "0", "0", "0", "0", "0", "0", "0", "0", "0", "0", "0", "0", "0", "0", "0", "0", "0", "0", "0", "0", "0", "0", "0", "0", "0", "0", "0", "0", "0", "0", "0", "0", "0", "0", "0", "0", "0", "0", "0", "0", "0", "0", "0", "0", "0", "0", "0", "0", "0", "0", "0", "0", "0", "0", "0", "0", "0", "0", "0", "0", "0", "0", "0", "0", "0", "0", "0"], ["27", "0", "0", "0", "0", "0", "0", "19", "38", "0", "0", "0", "24", "34", "22", "0", "0", "0", "0", "0", "0", "0", "0", "0", "0", "0", "0", "0", "0", "0", "0", "0", "0", "0", "0", "0", "0", "0", "0", "0", "0", "0", "0", "0", "0", "0", "0", "0", "0", "0", "0", "0", "0", "0", "0", "0", "0", "0", "0", "0", "0", "0", "0", "0", "0", "0", "0", "0", "25", "0", "0", "0", "0", "0", "0", "25", "20", "0", "0", "0", "21", "26", "38", "0", "0", "27", "0", "0", "0", "0", "0", "0", "33", "28", "0", "0", "0", "25", "33", "28", "0", "0", "25", "0", "0", "0", "0", "0", "0", "32", "31", "0", "0", "0", "21", "23", "35", "0", "0", "25", "0", "0", "0", "0", "0", "0", "56", "30", "0", "0", "0", "20", "30", "26", "0", "0", "27", "0", "0", "0", "0", "0", "0", "28", "28", "0", "0", "0", "21", "25", "24", "0", "0", "0", "0", "0", "0", "0", "0", "0", "0", "0", "0", "0", "0", "0", "0", "0", "0", "0", "0", "0", "0", "0", "0", "0", "0", "0", "0", "0", "0", "0", "0", "0", "0", "0", "0", "0", "0", "0", "0", "0", "0", "0", "0", "0", "0", "0", "0", "0", "0", "0", "0", "0", "0", "0", "0", "0", "0", "0", "0", "0", "0", "0", "0", "0", "0", "0", "0", "0", "0", "0", "0", "0", "0", "0", "0", "0", "0", "0", "0", "0", "0", "0", "0", "0", "0", "0", "0", "0", "0", "0", "0", "0", "0", "0", "0", "0", "0", "0", "0", "0", "0", "0", "0", "0", "0", "0", "0", "0", "0", "0", "0", "0", "0", "0", "0", "0", "0", "0", "0", "0", "0", "0", "0", "0", "0", "0", "0", "0", "0", "0", "0", "0", "0", "0", "0", "0", "0"]]}