{"state": {"resTurn": "87", "h": "6", "w": "12", "score": [["0", "-1", "1", "0", "1", "0", "0", "1", "0", "1", "-1", "0"], ["0", "1", "0", "0", "1", "1", "1", "1", "0", "0", "1", "0"], ["0", "0", "0", "0", "0", "1", "1", "0", "0", "0", "0", "0"], ["0", "0", "0", "0", "1", "1", "1", "1", "0", "0", "0", "0"], ["0", "1", "1", "1", "0", "1", "1", "0", "1", "1", "1", "0"], ["0", "-1", "0", "1", "1", "1", "1", "1", "1", "0", "-1", "0"]], "color": [["2", "2", "0", "1", "1", "1", "0", "1", "1", "1", "1", "1"], ["2", "2", "2", "1", "1", "1", "1", "1", "1", "1", "1", "0"], ["2", "2", "0", "1", "1", "1", "0", "1", "0", "0", "0", "0"], ["0", "2", "2", "0", "1", "0", "0", "2", "0", "0", "0", "0"], ["2", "2", "2", "0", "1", "1", "2", "2", "2", "2", "2", "2"], ["0", "2", "0", "1", "1", "2", "2", "2", "2", "2", "2", "2"]], "pos": [{"x": "7", "y": "2"}, {"x": "4", "y": "1"}, {"x": "2", "y": "4"}, {"x": "6", "y": "4"}]}, "q": "-0.0001021666935762611", "z": "1", "visitCount": [["11", "12", "11", "11", "11", "12", "13", "15", "11", "0", "0", "0", "0", "0", "0", "0", "0", "12", "13", "11", "10", "15", "12", "13", "13", "14", "0", "0", "0", "0", "0", "0", "0", "0", "0", "0", "0", "0", "0", "0", "0", "0", "0", "0", "0", "0", "0", "0", "0", "0", "0", "14", "11", "15", "12", "10", "12", "15", "12", "12", "0", "0", "0", "0", "0", "0", "0", "0", "12", "13", "12", "16", "13", "10", "11", "13", "11", "0", "0", "0", "0", "0", "0", "0", "0", "14", "12", "16", "13", "14", "14", "13", "14", "13", "0", "0", "0", "0", "0", "0", "0", "0", "15", "13", "16", "12", "9", "15", "11", "12", "14", "0", "0", "0", "0", "0", "0", "0", "0", "13", "13", "14", "11", "10", "13", "12", "13", "15", "0", "0", "0", "0", "0", "0", "0", "0", "13", "11", "12", "10", "13", "12", "9", "7", "12", "0", "0", "0", "0", "0", "0", "0", "0", "0", "0", "0", "0", "0", "0", "0", "0", "0", "0", "0", "0", "0", "0", "0", "0", "0", "10", "14", "9", "10", "14", "11", "16", "11", "8", "0", "0", "0", "0", "0", "0", "0", "0", "0", "0", "0", "0", "0", "0", "0", "0", "0", "0", "0", "0", "0", "0", "0", "0", "0", "0", "0", "0", "0", "0", "0", "0", "0", "0", "0", "0", "0", "0", "0", "0", "0", "0", "0", "0", "0", "0", "0", "0", "0", "0", "0", "0", "0", "0", "0", "0", "0", "0", "0", "0", "0", "0", "0", "0", "0", "0", "0", "0", "0", "0", "0", "0", "0", "0", "0", "0", "0", "0", "0", "0", "0", "0", "0", "0", "0", "0", "0", "0", "0", "0", "0", "0", "0", "0", "0", "0", "0", "0", "0", "0", "0", "0", "0", "0", "0", "0", "0", "0", "0", "0"], ["13", "12", "13", "14", "0", "11", "12", "13", "10", "0", "0", "0", "11", "0", "0", "0", "0", "0", "0", "0", "0", "0", "0", "0", "0", "0", "0", "0", "0", "0", "0", "0", "0", "0", "11", "12", "12", "12", "0", "11", "11", "11", "12", "0", "0", "0", "13", "0", "0", "0", "0", "13", "14", "13", "13", "0", "15", "12", "12", "10", "0", "0", "0", "14", "0", "0", "0", "0", "13", "13", "12", "17", "0", "10", "17", "12", "12", "0", "0", "0", "11", "0", "0", "0", "0", "11", "12", "14", "14", "0", "13", "14", "12", "14", "0", "0", "0", "14", "0", "0", "0", "0", "13", "13", "14", "11", "0", "13", "13", "11", "12", "0", "0", "0", "10", "0", "0", "0", "0", "15", "13", "15", "12", "0", "12", "11", "10", "9", "0", "0", "0", "14", "0", "0", "0", "0", "14", "10", "13", "15", "0", "12", "11", "11", "13", "0", "0", "0", "13", "0", "0", "0", "0", "11", "12", "11", "12", "0", "13", "12", "10", "11", "0", "0", "0", "10", "0", "0", "0", "0", "0", "0", "0", "0", "0", "0", "0", "0", "0", "0", "0", "0", "0", "0", "0", "0", "0", "0", "0", "0", "0", "0", "0", "0", "0", "0", "0", "0", "0", "0", "0", "0", "0", "0", "0", "0", "0", "0", "0", "0", "0", "0", "0", "0", "0", "0", "0", "0", "0", "0", "0", "0", "0", "0", "0", "0", "0", "0", "0", "0", "0", "0", "0", "0", "0", "0", "0", "0", "0", "0", "0", "0", "0", "0", "0", "0", "0", "0", "0", "0", "0", "0", "0", "0", "0", "0", "0", "0", "0", "0", "0", "0", "0", "0", "0", "0", "0", "0", "0", "0", "0", "0", "0", "0", "0", "0", "0", "0", "0", "0", "0", "0", "0", "0", "0", "0", "0", "0", "0"]]}