{"state": {"resTurn": "85", "h": "6", "w": "12", "score": [["0", "-1", "1", "0", "1", "0", "0", "1", "0", "1", "-1", "0"], ["0", "1", "0", "0", "1", "1", "1", "1", "0", "0", "1", "0"], ["0", "0", "0", "0", "0", "1", "1", "0", "0", "0", "0", "0"], ["0", "0", "0", "0", "1", "1", "1", "1", "0", "0", "0", "0"], ["0", "1", "1", "1", "0", "1", "1", "0", "1", "1", "1", "0"], ["0", "-1", "0", "1", "1", "1", "1", "1", "1", "0", "-1", "0"]], "color": [["2", "2", "0", "1", "1", "1", "0", "1", "1", "1", "1", "1"], ["2", "2", "2", "1", "1", "1", "1", "1", "1", "1", "1", "0"], ["2", "2", "0", "1", "1", "1", "1", "1", "0", "0", "0", "0"], ["0", "2", "2", "0", "1", "0", "0", "2", "0", "0", "0", "0"], ["2", "2", "2", "0", "0", "1", "2", "2", "2", "2", "2", "2"], ["0", "2", "0", "1", "1", "2", "2", "2", "2", "2", "2", "2"]], "pos": [{"x": "6", "y": "2"}, {"x": "4", "y": "3"}, {"x": "0", "y": "4"}, {"x": "5", "y": "5"}]}, "q": "-0.0001309083536831321", "z": "1", "visitCount": [["13", "12", "11", "10", "14", "12", "15", "12", "12", "0", "0", "0", "0", "0", "0", "0", "0", "0", "0", "0", "0", "0", "0", "0", "0", "0", "0", "0", "0", "0", "0", "0", "0", "0", "13", "13", "15", "11", "17", "16", "12", "12", "10", "0", "0", "0", "0", "0", "0", "0", "0", "14", "9", "14", "11", "12", "12", "12", "11", "12", "0", "0", "0", "0", "0", "0", "0", "0", "11", "11", "10", "10", "10", "10", "12", "12", "13", "0", "0", "0", "0", "0", "0", "0", "0", "13", "14", "15", "13", "12", "11", "14", "13", "8", "0", "0", "0", "0", "0", "0", "0", "0", "12", "11", "11", "12", "10", "14", "12", "11", "15", "0", "0", "0", "0", "0", "0", "0", "0", "11", "13", "8", "12", "12", "12", "11", "17", "10", "0", "0", "0", "0", "0", "0", "0", "0", "14", "13", "10", "14", "16", "14", "12", "13", "13", "0", "0", "0", "0", "0", "0", "0", "0", "16", "12", "14", "11", "13", "13", "14", "13", "12", "0", "0", "0", "0", "0", "0", "0", "0", "0", "0", "0", "0", "0", "0", "0", "0", "0", "0", "0", "0", "0", "0", "0", "0", "0", "0", "0", "0", "0", "0", "0", "0", "0", "0", "0", "0", "0", "0", "0", "0", "0", "0", "0", "0", "0", "0", "0", "0", "0", "0", "0", "0", "0", "0", "0", "0", "0", "0", "0", "0", "0", "0", "0", "0", "0", "0", "0", "0", "0", "0", "0", "0", "0", "0", "0", "0", "0", "0", "0", "0", "0", "0", "0", "0", "0", "0", "0", "0", "0", "0", "0", "0", "0", "0", "0", "0", "0", "0", "0", "0", "0", "0", "0", "0", "0", "0", "0", "0", "0", "0", "0", "0", "0", "0", "0", "0", "0", "0", "0", "0", "0", "0", "0", "0", "0", "0", "0"], ["19", "0", "0", "0", "0", "22", "0", "17", "36", "0", "0", "0", "26", "0", "37", "0", "0", "28", "0", "0", "0", "0", "25", "0", "29", "35", "0", "0", "0", "34", "0", "29", "0", "0", "24", "0", "0", "0", "0", "36", "0", "21", "34", "0", "0", "0", "34", "0", "22", "0", "0", "0", "0", "0", "0", "0", "0", "0", "0", "0", "0", "0", "0", "0", "0", "0", "0", "0", "0", "0", "0", "0", "0", "0", "0", "0", "0", "0", "0", "0", "0", "0", "0", "0", "0", "0", "0", "0", "0", "0", "0", "0", "0", "0", "0", "0", "0", "0", "0", "0", "0", "0", "22", "0", "0", "0", "0", "27", "0", "28", "27", "0", "0", "0", "36", "0", "22", "0", "0", "23", "0", "0", "0", "0", "49", "0", "22", "30", "0", "0", "0", "25", "0", "20", "0", "0", "27", "0", "0", "0", "0", "29", "0", "20", "29", "0", "0", "0", "32", "0", "24", "0", "0", "0", "0", "0", "0", "0", "0", "0", "0", "0", "0", "0", "0", "0", "0", "0", "0", "0", "0", "0", "0", "0", "0", "0", "0", "0", "0", "0", "0", "0", "0", "0", "0", "0", "0", "0", "0", "0", "0", "0", "0", "0", "0", "0", "0", "0", "0", "0", "0", "0", "0", "0", "0", "0", "0", "0", "0", "0", "0", "0", "0", "0", "0", "0", "0", "0", "0", "0", "0", "0", "0", "0", "0", "0", "0", "0", "0", "0", "0", "0", "0", "0", "0", "0", "0", "0", "0", "0", "0", "0", "0", "0", "0", "0", "0", "0", "0", "0", "0", "0", "0", "0", "0", "0", "0", "0", "0", "0", "0", "0", "0", "0", "0", "0", "0", "0", "0", "0", "0", "0", "0", "0", "0", "0", "0", "0", "0", "0", "0", "0", "0", "0", "0", "0", "0", "0", "0"]]}