{"state": {"resTurn": "84", "h": "6", "w": "12", "score": [["0", "-1", "1", "0", "1", "0", "0", "1", "0", "1", "-1", "0"], ["0", "1", "0", "0", "1", "1", "1", "1", "0", "0", "1", "0"], ["0", "0", "0", "0", "0", "1", "1", "0", "0", "0", "0", "0"], ["0", "0", "0", "0", "1", "1", "1", "1", "0", "0", "0", "0"], ["0", "1", "1", "1", "0", "1", "1", "0", "1", "1", "1", "0"], ["0", "-1", "0", "1", "1", "1", "1", "1", "1", "0", "-1", "0"]], "color": [["2", "2", "0", "1", "1", "1", "0", "1", "1", "1", "1", "1"], ["2", "2", "2", "1", "1", "1", "1", "1", "1", "1", "1", "0"], ["2", "2", "0", "1", "1", "1", "1", "1", "0", "0", "0", "0"], ["0", "2", "2", "1", "1", "0", "1", "2", "0", "0", "0", "0"], ["2", "2", "2", "0", "2", "1", "2", "2", "2", "2", "2", "2"], ["0", "2", "0", "1", "1", "2", "2", "2", "2", "2", "2", "2"]], "pos": [{"x": "6", "y": "3"}, {"x": "3", "y": "3"}, {"x": "1", "y": "3"}, {"x": "4", "y": "4"}]}, "q": "-0.0004294186447582321", "z": "1", "visitCount": [["14", "0", "13", "0", "0", "12", "12", "12", "11", "14", "0", "11", "12", "0", "0", "0", "0", "0", "0", "0", "0", "0", "0", "0", "0", "0", "0", "0", "0", "0", "0", "0", "0", "0", "0", "0", "0", "0", "0", "0", "0", "0", "0", "0", "0", "0", "0", "0", "0", "0", "0", "16", "0", "11", "0", "0", "15", "9", "14", "13", "10", "0", "11", "12", "0", "0", "0", "0", "15", "0", "11", "0", "0", "11", "11", "9", "14", "11", "0", "13", "10", "0", "0", "0", "0", "15", "0", "12", "0", "0", "12", "13", "10", "12", "12", "0", "10", "13", "0", "0", "0", "0", "17", "0", "10", "0", "0", "12", "10", "12", "13", "12", "0", "14", "11", "0", "0", "0", "0", "9", "0", "14", "0", "0", "11", "13", "13", "15", "10", "0", "13", "9", "0", "0", "0", "0", "0", "0", "0", "0", "0", "0", "0", "0", "0", "0", "0", "0", "0", "0", "0", "0", "0", "13", "0", "12", "0", "0", "14", "13", "13", "14", "12", "0", "15", "11", "0", "0", "0", "0", "14", "0", "12", "0", "0", "12", "13", "10", "14", "14", "0", "13", "13", "0", "0", "0", "0", "0", "0", "0", "0", "0", "0", "0", "0", "0", "0", "0", "0", "0", "0", "0", "0", "0", "0", "0", "0", "0", "0", "0", "0", "0", "0", "0", "0", "0", "0", "0", "0", "0", "0", "0", "0", "0", "0", "0", "0", "0", "0", "0", "0", "0", "0", "0", "0", "0", "0", "0", "0", "0", "0", "0", "0", "0", "0", "0", "0", "0", "0", "0", "0", "0", "0", "0", "0", "0", "0", "0", "0", "0", "0", "0", "0", "0", "0", "0", "0", "0", "0", "0", "0", "0", "12", "0", "11", "0", "0", "12", "11", "13", "14", "12", "0", "13", "16", "0", "0", "0", "0"], ["11", "10", "0", "0", "12", "0", "0", "12", "0", "0", "13", "11", "0", "12", "11", "0", "13", "14", "16", "0", "0", "12", "0", "0", "14", "0", "0", "18", "14", "0", "13", "12", "0", "12", "12", "12", "0", "0", "11", "0", "0", "11", "0", "0", "13", "13", "0", "11", "11", "0", "13", "13", "11", "0", "0", "14", "0", "0", "14", "0", "0", "14", "15", "0", "14", "10", "0", "11", "12", "12", "0", "0", "11", "0", "0", "12", "0", "0", "13", "12", "0", "12", "12", "0", "11", "9", "15", "0", "0", "12", "0", "0", "12", "0", "0", "17", "9", "0", "19", "12", "0", "14", "10", "12", "0", "0", "10", "0", "0", "13", "0", "0", "12", "13", "0", "12", "13", "0", "13", "9", "11", "0", "0", "12", "0", "0", "10", "0", "0", "14", "10", "0", "11", "12", "0", "10", "15", "12", "0", "0", "15", "0", "0", "11", "0", "0", "11", "12", "0", "13", "12", "0", "13", "0", "0", "0", "0", "0", "0", "0", "0", "0", "0", "0", "0", "0", "0", "0", "0", "0", "0", "0", "0", "0", "0", "0", "0", "0", "0", "0", "0", "0", "0", "0", "0", "0", "0", "0", "0", "0", "0", "0", "0", "0", "0", "0", "0", "0", "0", "0", "0", "0", "0", "0", "0", "0", "0", "0", "0", "0", "0", "0", "0", "0", "0", "0", "0", "0", "0", "0", "0", "0", "0", "0", "0", "0", "0", "0", "0", "0", "0", "0", "0", "0", "0", "0", "0", "0", "0", "0", "0", "0", "0", "0", "0", "0", "0", "0", "0", "0", "0", "0", "0", "0", "0", "0", "0", "0", "0", "0", "0", "0", "0", "0", "0", "0", "0", "0", "0", "0", "0", "0", "0", "0", "0", "0", "0", "0", "0", "0", "0", "0", "0", "0", "0", "0", "0", "0", "0"]]}