{"state": {"resTurn": "83", "h": "6", "w": "12", "score": [["0", "-1", "1", "0", "1", "0", "0", "1", "0", "1", "-1", "0"], ["0", "1", "0", "0", "1", "1", "1", "1", "0", "0", "1", "0"], ["0", "0", "0", "0", "0", "1", "1", "0", "0", "0", "0", "0"], ["0", "0", "0", "0", "1", "1", "1", "1", "0", "0", "0", "0"], ["0", "1", "1", "1", "0", "1", "1", "0", "1", "1", "1", "0"], ["0", "-1", "0", "1", "1", "1", "1", "1", "1", "0", "-1", "0"]], "color": [["2", "2", "0", "1", "1", "1", "0", "1", "1", "1", "1", "1"], ["2", "2", "2", "1", "1", "1", "1", "1", "1", "1", "1", "0"], ["2", "2", "0", "1", "1", "1", "1", "1", "0", "0", "0", "0"], ["0", "2", "2", "1", "1", "0", "1", "2", "0", "0", "0", "0"], ["2", "2", "2", "0", "2", "1", "2", "2", "2", "2", "2", "2"], ["0", "2", "0", "1", "1", "2", "2", "2", "2", "2", "2", "2"]], "pos": [{"x": "6", "y": "2"}, {"x": "3", "y": "3"}, {"x": "0", "y": "2"}, {"x": "4", "y": "4"}]}, "q": "-0.0002675847289029906", "z": "1", "visitCount": [["10", "0", "13", "0", "0", "10", "14", "14", "12", "11", "0", "13", "11", "0", "0", "0", "0", "0", "0", "0", "0", "0", "0", "0", "0", "0", "0", "0", "0", "0", "0", "0", "0", "0", "13", "0", "9", "0", "0", "13", "14", "15", "15", "12", "0", "13", "16", "0", "0", "0", "0", "12", "0", "10", "0", "0", "12", "12", "11", "13", "14", "0", "10", "10", "0", "0", "0", "0", "12", "0", "12", "0", "0", "10", "11", "16", "11", "15", "0", "16", "13", "0", "0", "0", "0", "11", "0", "10", "0", "0", "9", "10", "13", "12", "12", "0", "14", "13", "0", "0", "0", "0", "14", "0", "14", "0", "0", "13", "16", "9", "16", "11", "0", "14", "12", "0", "0", "0", "0", "11", "0", "9", "0", "0", "16", "9", "10", "16", "12", "0", "16", "12", "0", "0", "0", "0", "13", "0", "12", "0", "0", "12", "10", "10", "12", "9", "0", "16", "15", "0", "0", "0", "0", "11", "0", "12", "0", "0", "13", "11", "9", "13", "16", "0", "11", "13", "0", "0", "0", "0", "0", "0", "0", "0", "0", "0", "0", "0", "0", "0", "0", "0", "0", "0", "0", "0", "0", "0", "0", "0", "0", "0", "0", "0", "0", "0", "0", "0", "0", "0", "0", "0", "0", "0", "0", "0", "0", "0", "0", "0", "0", "0", "0", "0", "0", "0", "0", "0", "0", "0", "0", "0", "0", "0", "0", "0", "0", "0", "0", "0", "0", "0", "0", "0", "0", "0", "0", "0", "0", "0", "0", "0", "0", "0", "0", "0", "0", "0", "0", "0", "0", "0", "0", "0", "0", "0", "0", "0", "0", "0", "0", "0", "0", "0", "0", "0", "0", "0", "0", "0", "0", "0", "0", "0", "0", "0", "0", "0", "0", "0", "0", "0", "0", "0", "0", "0", "0", "0", "0"], ["18", "14", "0", "0", "13", "0", "0", "15", "0", "0", "19", "19", "0", "11", "15", "0", "26", "20", "23", "0", "0", "21", "0", "0", "19", "0", "0", "19", "18", "0", "20", "14", "0", "25", "19", "13", "0", "0", "22", "0", "0", "18", "0", "0", "20", "16", "0", "15", "22", "0", "21", "0", "0", "0", "0", "0", "0", "0", "0", "0", "0", "0", "0", "0", "0", "0", "0", "0", "0", "0", "0", "0", "0", "0", "0", "0", "0", "0", "0", "0", "0", "0", "0", "0", "0", "0", "0", "0", "0", "0", "0", "0", "0", "0", "0", "0", "0", "0", "0", "0", "0", "0", "22", "16", "0", "0", "20", "0", "0", "15", "0", "0", "25", "16", "0", "21", "18", "0", "18", "29", "17", "0", "0", "21", "0", "0", "18", "0", "0", "18", "17", "0", "21", "12", "0", "18", "22", "12", "0", "0", "19", "0", "0", "13", "0", "0", "17", "20", "0", "19", "23", "0", "18", "0", "0", "0", "0", "0", "0", "0", "0", "0", "0", "0", "0", "0", "0", "0", "0", "0", "0", "0", "0", "0", "0", "0", "0", "0", "0", "0", "0", "0", "0", "0", "0", "0", "0", "0", "0", "0", "0", "0", "0", "0", "0", "0", "0", "0", "0", "0", "0", "0", "0", "0", "0", "0", "0", "0", "0", "0", "0", "0", "0", "0", "0", "0", "0", "0", "0", "0", "0", "0", "0", "0", "0", "0", "0", "0", "0", "0", "0", "0", "0", "0", "0", "0", "0", "0", "0", "0", "0", "0", "0", "0", "0", "0", "0", "0", "0", "0", "0", "0", "0", "0", "0", "0", "0", "0", "0", "0", "0", "0", "0", "0", "0", "0", "0", "0", "0", "0", "0", "0", "0", "0", "0", "0", "0", "0", "0", "0", "0", "0", "0", "0", "0", "0", "0", "0", "0"]]}