{"state": {"resTurn": "82", "h": "6", "w": "12", "score": [["0", "-1", "1", "0", "1", "0", "0", "1", "0", "1", "-1", "0"], ["0", "1", "0", "0", "1", "1", "1", "1", "0", "0", "1", "0"], ["0", "0", "0", "0", "0", "1", "1", "0", "0", "0", "0", "0"], ["0", "0", "0", "0", "1", "1", "1", "1", "0", "0", "0", "0"], ["0", "1", "1", "1", "0", "1", "1", "0", "1", "1", "1", "0"], ["0", "-1", "0", "1", "1", "1", "1", "1", "1", "0", "-1", "0"]], "color": [["2", "2", "0", "1", "1", "1", "0", "1", "1", "1", "1", "1"], ["2", "2", "2", "1", "1", "1", "1", "1", "1", "1", "1", "0"], ["2", "2", "0", "1", "1", "1", "1", "1", "0", "0", "0", "0"], ["0", "2", "0", "1", "1", "0", "1", "2", "0", "0", "0", "0"], ["2", "2", "2", "0", "2", "1", "2", "2", "2", "2", "2", "2"], ["0", "2", "0", "1", "1", "2", "2", "2", "2", "2", "2", "2"]], "pos": [{"x": "6", "y": "3"}, {"x": "3", "y": "3"}, {"x": "1", "y": "1"}, {"x": "4", "y": "4"}]}, "q": "-0.0004583457581833345", "z": "1", "visitCount": [["16", "0", "14", "0", "15", "13", "10", "15", "11", "10", "0", "14", "0", "0", "0", "0", "0", "0", "0", "0", "0", "0", "0", "0", "0", "0", "0", "0", "0", "0", "0", "0", "0", "0", "0", "0", "0", "0", "0", "0", "0", "0", "0", "0", "0", "0", "0", "0", "0", "0", "0", "12", "0", "12", "0", "16", "11", "12", "10", "13", "10", "0", "14", "0", "0", "0", "0", "0", "10", "0", "12", "0", "12", "15", "7", "15", "10", "12", "0", "14", "0", "0", "0", "0", "0", "11", "0", "15", "0", "15", "16", "12", "10", "13", "9", "0", "10", "0", "0", "0", "0", "0", "12", "0", "14", "0", "11", "13", "9", "12", "14", "12", "0", "16", "0", "0", "0", "0", "0", "8", "0", "14", "0", "11", "13", "13", "12", "14", "11", "0", "16", "0", "0", "0", "0", "0", "0", "0", "0", "0", "0", "0", "0", "0", "0", "0", "0", "0", "0", "0", "0", "0", "0", "10", "0", "11", "0", "10", "11", "12", "12", "12", "11", "0", "12", "0", "0", "0", "0", "0", "13", "0", "14", "0", "10", "12", "12", "14", "13", "14", "0", "13", "0", "0", "0", "0", "0", "0", "0", "0", "0", "0", "0", "0", "0", "0", "0", "0", "0", "0", "0", "0", "0", "0", "0", "0", "0", "0", "0", "0", "0", "0", "0", "0", "0", "0", "0", "0", "0", "0", "0", "0", "0", "0", "0", "0", "0", "0", "0", "0", "0", "0", "0", "0", "0", "0", "0", "0", "0", "0", "0", "0", "0", "0", "0", "0", "0", "0", "0", "0", "0", "0", "0", "0", "0", "0", "0", "0", "0", "0", "0", "0", "0", "0", "0", "0", "0", "0", "0", "0", "0", "0", "14", "0", "13", "0", "10", "14", "13", "12", "12", "11", "0", "14", "0", "0", "0", "0", "0"], ["14", "9", "0", "0", "9", "0", "0", "16", "0", "0", "13", "11", "0", "14", "13", "0", "11", "14", "12", "0", "0", "13", "0", "0", "15", "0", "0", "9", "11", "0", "12", "16", "0", "13", "12", "10", "0", "0", "11", "0", "0", "13", "0", "0", "12", "12", "0", "11", "15", "0", "15", "11", "13", "0", "0", "11", "0", "0", "12", "0", "0", "13", "12", "0", "14", "10", "0", "15", "13", "11", "0", "0", "11", "0", "0", "15", "0", "0", "11", "11", "0", "17", "14", "0", "11", "16", "12", "0", "0", "13", "0", "0", "9", "0", "0", "13", "13", "0", "11", "14", "0", "12", "9", "10", "0", "0", "10", "0", "0", "16", "0", "0", "12", "15", "0", "12", "12", "0", "12", "10", "13", "0", "0", "13", "0", "0", "13", "0", "0", "14", "15", "0", "9", "10", "0", "11", "12", "13", "0", "0", "14", "0", "0", "10", "0", "0", "12", "10", "0", "11", "12", "0", "16", "0", "0", "0", "0", "0", "0", "0", "0", "0", "0", "0", "0", "0", "0", "0", "0", "0", "0", "0", "0", "0", "0", "0", "0", "0", "0", "0", "0", "0", "0", "0", "0", "0", "0", "0", "0", "0", "0", "0", "0", "0", "0", "0", "0", "0", "0", "0", "0", "0", "0", "0", "0", "0", "0", "0", "0", "0", "0", "0", "0", "0", "0", "0", "0", "0", "0", "0", "0", "0", "0", "0", "0", "0", "0", "0", "0", "0", "0", "0", "0", "0", "0", "0", "0", "0", "0", "0", "0", "0", "0", "0", "0", "0", "0", "0", "0", "0", "0", "0", "0", "0", "0", "0", "0", "0", "0", "0", "0", "0", "0", "0", "0", "0", "0", "0", "0", "0", "0", "0", "0", "0", "0", "0", "0", "0", "0", "0", "0", "0", "0", "0", "0", "0", "0", "0", "0"]]}