{"state": {"resTurn": "80", "h": "6", "w": "12", "score": [["0", "-1", "1", "0", "1", "0", "0", "1", "0", "1", "-1", "0"], ["0", "1", "0", "0", "1", "1", "1", "1", "0", "0", "1", "0"], ["0", "0", "0", "0", "0", "1", "1", "0", "0", "0", "0", "0"], ["0", "0", "0", "0", "1", "1", "1", "1", "0", "0", "0", "0"], ["0", "1", "1", "1", "0", "1", "1", "0", "1", "1", "1", "0"], ["0", "-1", "0", "1", "1", "1", "1", "1", "1", "0", "-1", "0"]], "color": [["2", "2", "0", "1", "1", "1", "0", "1", "1", "1", "1", "1"], ["2", "2", "2", "1", "1", "1", "1", "1", "1", "1", "1", "0"], ["2", "2", "0", "1", "1", "1", "1", "1", "0", "0", "0", "0"], ["0", "2", "0", "1", "1", "0", "1", "2", "0", "0", "0", "0"], ["2", "2", "2", "0", "2", "1", "2", "2", "2", "2", "2", "2"], ["0", "2", "0", "0", "1", "2", "2", "2", "2", "2", "2", "2"]], "pos": [{"x": "5", "y": "2"}, {"x": "3", "y": "2"}, {"x": "0", "y": "0"}, {"x": "4", "y": "4"}]}, "q": "-0.0003123321426363555", "z": "1", "visitCount": [["12", "11", "15", "12", "8", "0", "12", "12", "12", "0", "0", "0", "0", "12", "0", "0", "0", "11", "12", "13", "13", "12", "0", "15", "12", "12", "0", "0", "0", "0", "13", "0", "0", "0", "12", "18", "10", "9", "13", "0", "13", "11", "12", "0", "0", "0", "0", "10", "0", "0", "0", "9", "14", "14", "13", "12", "0", "11", "13", "10", "0", "0", "0", "0", "12", "0", "0", "0", "11", "16", "13", "12", "12", "0", "11", "12", "11", "0", "0", "0", "0", "14", "0", "0", "0", "16", "15", "16", "12", "11", "0", "13", "9", "13", "0", "0", "0", "0", "10", "0", "0", "0", "13", "10", "15", "13", "15", "0", "11", "11", "13", "0", "0", "0", "0", "18", "0", "0", "0", "14", "13", "15", "13", "14", "0", "11", "11", "11", "0", "0", "0", "0", "10", "0", "0", "0", "8", "13", "11", "12", "12", "0", "13", "15", "10", "0", "0", "0", "0", "13", "0", "0", "0", "0", "0", "0", "0", "0", "0", "0", "0", "0", "0", "0", "0", "0", "0", "0", "0", "0", "0", "0", "0", "0", "0", "0", "0", "0", "0", "0", "0", "0", "0", "0", "0", "0", "0", "0", "0", "0", "0", "0", "0", "0", "0", "0", "0", "0", "0", "0", "0", "0", "0", "0", "0", "0", "0", "0", "0", "0", "0", "0", "0", "0", "0", "0", "0", "0", "0", "0", "0", "0", "0", "0", "0", "0", "0", "0", "0", "0", "0", "0", "0", "0", "0", "0", "0", "0", "0", "0", "0", "0", "0", "0", "0", "0", "0", "0", "0", "0", "0", "0", "0", "0", "0", "0", "0", "0", "0", "0", "0", "0", "0", "0", "0", "0", "0", "0", "0", "0", "0", "0", "0", "0", "0", "0", "0", "0", "0", "0", "0", "0", "0", "0", "0", "0", "0", "0", "0"], ["32", "28", "0", "36", "23", "0", "0", "23", "0", "0", "21", "0", "0", "18", "32", "0", "31", "31", "24", "0", "22", "25", "0", "0", "19", "0", "0", "23", "0", "0", "27", "30", "0", "32", "32", "21", "0", "24", "34", "0", "0", "24", "0", "0", "29", "0", "0", "23", "37", "0", "32", "0", "0", "0", "0", "0", "0", "0", "0", "0", "0", "0", "0", "0", "0", "0", "0", "0", "0", "0", "0", "0", "0", "0", "0", "0", "0", "0", "0", "0", "0", "0", "0", "0", "0", "0", "0", "0", "0", "0", "0", "0", "0", "0", "0", "0", "0", "0", "0", "0", "0", "0", "0", "0", "0", "0", "0", "0", "0", "0", "0", "0", "0", "0", "0", "0", "0", "0", "0", "0", "0", "0", "0", "0", "0", "0", "0", "0", "0", "0", "0", "0", "0", "0", "0", "0", "20", "27", "0", "27", "35", "0", "0", "15", "0", "0", "56", "0", "0", "24", "25", "0", "38", "0", "0", "0", "0", "0", "0", "0", "0", "0", "0", "0", "0", "0", "0", "0", "0", "0", "0", "0", "0", "0", "0", "0", "0", "0", "0", "0", "0", "0", "0", "0", "0", "0", "0", "0", "0", "0", "0", "0", "0", "0", "0", "0", "0", "0", "0", "0", "0", "0", "0", "0", "0", "0", "0", "0", "0", "0", "0", "0", "0", "0", "0", "0", "0", "0", "0", "0", "0", "0", "0", "0", "0", "0", "0", "0", "0", "0", "0", "0", "0", "0", "0", "0", "0", "0", "0", "0", "0", "0", "0", "0", "0", "0", "0", "0", "0", "0", "0", "0", "0", "0", "0", "0", "0", "0", "0", "0", "0", "0", "0", "0", "0", "0", "0", "0", "0", "0", "0", "0", "0", "0", "0", "0", "0", "0", "0", "0", "0", "0", "0", "0", "0", "0", "0", "0", "0"]]}