{"state": {"resTurn": "79", "h": "6", "w": "12", "score": [["0", "-1", "1", "0", "1", "0", "0", "1", "0", "1", "-1", "0"], ["0", "1", "0", "0", "1", "1", "1", "1", "0", "0", "1", "0"], ["0", "0", "0", "0", "0", "1", "1", "0", "0", "0", "0", "0"], ["0", "0", "0", "0", "1", "1", "1", "1", "0", "0", "0", "0"], ["0", "1", "1", "1", "0", "1", "1", "0", "1", "1", "1", "0"], ["0", "-1", "0", "1", "1", "1", "1", "1", "1", "0", "-1", "0"]], "color": [["2", "2", "0", "1", "1", "1", "0", "1", "1", "1", "1", "1"], ["2", "2", "2", "1", "1", "1", "1", "1", "1", "1", "1", "0"], ["2", "2", "0", "1", "1", "1", "1", "1", "0", "0", "0", "0"], ["0", "2", "0", "1", "1", "1", "1", "2", "0", "0", "0", "0"], ["2", "2", "2", "0", "2", "1", "2", "2", "2", "2", "2", "2"], ["0", "2", "0", "0", "0", "2", "2", "2", "2", "2", "2", "2"]], "pos": [{"x": "5", "y": "3"}, {"x": "4", "y": "3"}, {"x": "1", "y": "0"}, {"x": "4", "y": "4"}]}, "q": "-0.0001146045693387571", "z": "1", "visitCount": [["14", "11", "0", "10", "15", "10", "14", "12", "13", "0", "12", "0", "0", "0", "0", "0", "0", "0", "0", "0", "0", "0", "0", "0", "0", "0", "0", "0", "0", "0", "0", "0", "0", "0", "12", "14", "0", "9", "15", "14", "12", "15", "11", "0", "13", "0", "0", "0", "0", "0", "0", "0", "0", "0", "0", "0", "0", "0", "0", "0", "0", "0", "0", "0", "0", "0", "0", "0", "15", "13", "0", "12", "16", "17", "12", "11", "12", "0", "12", "0", "0", "0", "0", "0", "0", "14", "13", "0", "14", "11", "11", "14", "10", "14", "0", "11", "0", "0", "0", "0", "0", "0", "10", "10", "0", "8", "15", "11", "12", "12", "10", "0", "13", "0", "0", "0", "0", "0", "0", "12", "10", "0", "13", "13", "13", "13", "10", "11", "0", "13", "0", "0", "0", "0", "0", "0", "14", "11", "0", "12", "12", "13", "16", "10", "13", "0", "11", "0", "0", "0", "0", "0", "0", "11", "10", "0", "15", "12", "12", "14", "13", "14", "0", "10", "0", "0", "0", "0", "0", "0", "0", "0", "0", "0", "0", "0", "0", "0", "0", "0", "0", "0", "0", "0", "0", "0", "0", "13", "11", "0", "14", "13", "14", "11", "12", "10", "0", "12", "0", "0", "0", "0", "0", "0", "0", "0", "0", "0", "0", "0", "0", "0", "0", "0", "0", "0", "0", "0", "0", "0", "0", "0", "0", "0", "0", "0", "0", "0", "0", "0", "0", "0", "0", "0", "0", "0", "0", "0", "0", "0", "0", "0", "0", "0", "0", "0", "0", "0", "0", "0", "0", "0", "0", "0", "0", "0", "0", "0", "0", "0", "0", "0", "0", "0", "0", "0", "0", "0", "0", "0", "0", "0", "0", "0", "0", "0", "0", "0", "0", "0", "0", "0", "0", "0", "0", "0", "0", "0", "0"], ["17", "20", "18", "23", "16", "0", "0", "0", "0", "0", "0", "0", "0", "16", "14", "17", "22", "26", "28", "19", "18", "16", "0", "0", "0", "0", "0", "0", "0", "0", "18", "20", "17", "14", "19", "15", "20", "22", "20", "0", "0", "0", "0", "0", "0", "0", "0", "19", "17", "15", "23", "22", "16", "20", "18", "17", "0", "0", "0", "0", "0", "0", "0", "0", "17", "16", "18", "16", "21", "22", "21", "18", "17", "0", "0", "0", "0", "0", "0", "0", "0", "21", "17", "23", "15", "0", "0", "0", "0", "0", "0", "0", "0", "0", "0", "0", "0", "0", "0", "0", "0", "0", "0", "0", "0", "0", "0", "0", "0", "0", "0", "0", "0", "0", "0", "0", "0", "0", "0", "0", "0", "0", "0", "0", "0", "0", "0", "0", "0", "0", "0", "0", "0", "0", "0", "0", "13", "17", "12", "20", "17", "0", "0", "0", "0", "0", "0", "0", "0", "22", "17", "17", "21", "0", "0", "0", "0", "0", "0", "0", "0", "0", "0", "0", "0", "0", "0", "0", "0", "0", "0", "0", "0", "0", "0", "0", "0", "0", "0", "0", "0", "0", "0", "0", "0", "0", "0", "0", "0", "0", "0", "0", "0", "0", "0", "0", "0", "0", "0", "0", "0", "0", "0", "0", "0", "0", "0", "0", "0", "0", "0", "0", "0", "0", "0", "0", "0", "0", "0", "0", "0", "0", "0", "0", "0", "0", "0", "0", "0", "0", "0", "0", "0", "0", "0", "0", "0", "0", "0", "0", "0", "0", "0", "0", "0", "0", "0", "0", "0", "0", "0", "0", "0", "0", "0", "0", "0", "0", "0", "0", "0", "0", "0", "0", "0", "0", "0", "0", "0", "0", "0", "0", "0", "0", "0", "0", "0", "0", "0", "0", "0", "0", "0", "0", "0", "0", "0", "0", "0"]]}