{"state": {"resTurn": "78", "h": "6", "w": "12", "score": [["0", "-1", "1", "0", "1", "0", "0", "1", "0", "1", "-1", "0"], ["0", "1", "0", "0", "1", "1", "1", "1", "0", "0", "1", "0"], ["0", "0", "0", "0", "0", "1", "1", "0", "0", "0", "0", "0"], ["0", "0", "0", "0", "1", "1", "1", "1", "0", "0", "0", "0"], ["0", "1", "1", "1", "0", "1", "1", "0", "1", "1", "1", "0"], ["0", "-1", "0", "1", "1", "1", "1", "1", "1", "0", "-1", "0"]], "color": [["2", "2", "0", "1", "1", "1", "0", "1", "1", "1", "1", "1"], ["2", "2", "2", "1", "1", "1", "1", "1", "1", "1", "1", "0"], ["2", "2", "0", "1", "1", "1", "1", "1", "0", "0", "0", "0"], ["0", "2", "0", "1", "1", "1", "1", "2", "0", "0", "0", "0"], ["2", "2", "2", "0", "2", "1", "2", "2", "2", "2", "2", "2"], ["0", "2", "0", "0", "0", "2", "2", "2", "2", "2", "2", "2"]], "pos": [{"x": "4", "y": "3"}, {"x": "3", "y": "2"}, {"x": "2", "y": "1"}, {"x": "5", "y": "5"}]}, "q": "-8.540860014299836e-06", "z": "1", "visitCount": [["9", "10", "14", "10", "10", "0", "10", "13", "12", "0", "0", "0", "0", "13", "0", "0", "0", "13", "16", "14", "11", "12", "0", "16", "9", "12", "0", "0", "0", "0", "12", "0", "0", "0", "0", "0", "0", "0", "0", "0", "0", "0", "0", "0", "0", "0", "0", "0", "0", "0", "0", "9", "15", "11", "11", "12", "0", "10", "16", "11", "0", "0", "0", "0", "14", "0", "0", "0", "12", "13", "13", "13", "10", "0", "15", "15", "10", "0", "0", "0", "0", "16", "0", "0", "0", "15", "13", "11", "13", "11", "0", "12", "12", "14", "0", "0", "0", "0", "12", "0", "0", "0", "10", "14", "11", "11", "14", "0", "11", "11", "10", "0", "0", "0", "0", "16", "0", "0", "0", "12", "14", "9", "11", "11", "0", "13", "11", "11", "0", "0", "0", "0", "12", "0", "0", "0", "12", "13", "12", "13", "10", "0", "13", "16", "11", "0", "0", "0", "0", "13", "0", "0", "0", "0", "0", "0", "0", "0", "0", "0", "0", "0", "0", "0", "0", "0", "0", "0", "0", "0", "15", "11", "15", "15", "13", "0", "14", "13", "10", "0", "0", "0", "0", "14", "0", "0", "0", "0", "0", "0", "0", "0", "0", "0", "0", "0", "0", "0", "0", "0", "0", "0", "0", "0", "0", "0", "0", "0", "0", "0", "0", "0", "0", "0", "0", "0", "0", "0", "0", "0", "0", "0", "0", "0", "0", "0", "0", "0", "0", "0", "0", "0", "0", "0", "0", "0", "0", "0", "0", "0", "0", "0", "0", "0", "0", "0", "0", "0", "0", "0", "0", "0", "0", "0", "0", "0", "0", "0", "0", "0", "0", "0", "0", "0", "0", "0", "0", "0", "0", "0", "0", "0", "0", "0", "0", "0", "0", "0", "0", "0", "0", "0", "0", "0", "0", "0", "0", "0", "0"], ["18", "0", "0", "0", "18", "15", "0", "17", "16", "0", "0", "0", "0", "0", "18", "0", "0", "0", "0", "0", "0", "0", "0", "0", "0", "0", "0", "0", "0", "0", "0", "0", "0", "0", "18", "0", "0", "0", "14", "17", "0", "22", "12", "0", "0", "0", "0", "0", "14", "0", "0", "20", "0", "0", "0", "20", "15", "0", "26", "14", "0", "0", "0", "0", "0", "21", "0", "0", "18", "0", "0", "0", "19", "16", "0", "13", "18", "0", "0", "0", "0", "0", "20", "0", "0", "23", "0", "0", "0", "21", "14", "0", "23", "19", "0", "0", "0", "0", "0", "18", "0", "0", "17", "0", "0", "0", "22", "22", "0", "16", "23", "0", "0", "0", "0", "0", "14", "0", "0", "0", "0", "0", "0", "0", "0", "0", "0", "0", "0", "0", "0", "0", "0", "0", "0", "0", "0", "0", "0", "0", "0", "0", "0", "0", "0", "0", "0", "0", "0", "0", "0", "0", "0", "24", "0", "0", "0", "17", "18", "0", "21", "17", "0", "0", "0", "0", "0", "18", "0", "0", "0", "0", "0", "0", "0", "0", "0", "0", "0", "0", "0", "0", "0", "0", "0", "0", "0", "0", "0", "0", "0", "0", "0", "0", "0", "0", "0", "0", "0", "0", "0", "0", "0", "0", "0", "0", "0", "0", "0", "0", "0", "0", "0", "0", "0", "0", "0", "0", "0", "0", "0", "0", "0", "0", "0", "0", "0", "0", "0", "0", "0", "0", "0", "0", "0", "0", "0", "0", "0", "0", "0", "0", "0", "0", "0", "0", "0", "0", "0", "0", "0", "0", "0", "0", "0", "14", "0", "0", "0", "23", "24", "0", "20", "16", "0", "0", "0", "0", "0", "14", "0", "0", "19", "0", "0", "0", "20", "23", "0", "24", "23", "0", "0", "0", "0", "0", "14", "0", "0"]]}