{"state": {"resTurn": "77", "h": "6", "w": "12", "score": [["0", "-1", "1", "0", "1", "0", "0", "1", "0", "1", "-1", "0"], ["0", "1", "0", "0", "1", "1", "1", "1", "0", "0", "1", "0"], ["0", "0", "0", "0", "0", "1", "1", "0", "0", "0", "0", "0"], ["0", "0", "0", "0", "1", "1", "1", "1", "0", "0", "0", "0"], ["0", "1", "1", "1", "0", "1", "1", "0", "1", "1", "1", "0"], ["0", "-1", "0", "1", "1", "1", "1", "1", "1", "0", "-1", "0"]], "color": [["2", "2", "0", "1", "1", "1", "0", "1", "1", "1", "1", "1"], ["2", "2", "2", "1", "1", "1", "1", "1", "1", "1", "1", "0"], ["2", "2", "0", "1", "1", "1", "1", "1", "0", "0", "0", "0"], ["0", "2", "0", "1", "1", "1", "1", "2", "0", "0", "0", "0"], ["2", "2", "2", "0", "2", "1", "2", "2", "2", "2", "2", "2"], ["0", "2", "0", "0", "0", "2", "2", "2", "2", "2", "2", "2"]], "pos": [{"x": "5", "y": "4"}, {"x": "4", "y": "3"}, {"x": "1", "y": "2"}, {"x": "6", "y": "4"}]}, "q": "0.0001234423835064951", "z": "1", "visitCount": [["15", "13", "0", "13", "13", "8", "13", "11", "11", "0", "14", "0", "0", "0", "0", "0", "0", "0", "0", "0", "0", "0", "0", "0", "0", "0", "0", "0", "0", "0", "0", "0", "0", "0", "0", "0", "0", "0", "0", "0", "0", "0", "0", "0", "0", "0", "0", "0", "0", "0", "0", "14", "11", "0", "13", "16", "11", "13", "11", "14", "0", "14", "0", "0", "0", "0", "0", "0", "0", "0", "0", "0", "0", "0", "0", "0", "0", "0", "0", "0", "0", "0", "0", "0", "0", "10", "11", "0", "15", "12", "7", "12", "11", "12", "0", "11", "0", "0", "0", "0", "0", "0", "14", "14", "0", "11", "10", "9", "13", "12", "15", "0", "14", "0", "0", "0", "0", "0", "0", "12", "11", "0", "15", "14", "15", "12", "11", "9", "0", "13", "0", "0", "0", "0", "0", "0", "0", "0", "0", "0", "0", "0", "0", "0", "0", "0", "0", "0", "0", "0", "0", "0", "0", "13", "13", "0", "14", "11", "13", "14", "11", "11", "0", "12", "0", "0", "0", "0", "0", "0", "12", "16", "0", "13", "9", "8", "12", "12", "13", "0", "14", "0", "0", "0", "0", "0", "0", "0", "0", "0", "0", "0", "0", "0", "0", "0", "0", "0", "0", "0", "0", "0", "0", "0", "13", "13", "0", "14", "12", "12", "11", "10", "13", "0", "14", "0", "0", "0", "0", "0", "0", "0", "0", "0", "0", "0", "0", "0", "0", "0", "0", "0", "0", "0", "0", "0", "0", "0", "0", "0", "0", "0", "0", "0", "0", "0", "0", "0", "0", "0", "0", "0", "0", "0", "0", "0", "0", "0", "0", "0", "0", "0", "0", "0", "0", "0", "0", "0", "0", "0", "0", "0", "11", "15", "0", "13", "12", "11", "15", "13", "14", "0", "10", "0", "0", "0", "0", "0", "0"], ["11", "13", "14", "12", "0", "0", "0", "12", "12", "0", "0", "0", "14", "16", "12", "0", "0", "12", "12", "12", "13", "0", "0", "0", "11", "14", "0", "0", "0", "11", "12", "12", "0", "0", "12", "12", "11", "12", "0", "0", "0", "9", "14", "0", "0", "0", "12", "12", "11", "0", "0", "12", "10", "13", "11", "0", "0", "0", "11", "14", "0", "0", "0", "9", "11", "10", "0", "0", "15", "13", "11", "15", "0", "0", "0", "12", "13", "0", "0", "0", "15", "15", "9", "0", "0", "11", "13", "11", "11", "0", "0", "0", "10", "15", "0", "0", "0", "13", "11", "13", "0", "0", "14", "13", "14", "9", "0", "0", "0", "14", "12", "0", "0", "0", "14", "16", "11", "0", "0", "12", "14", "11", "12", "0", "0", "0", "10", "13", "0", "0", "0", "14", "15", "16", "0", "0", "13", "15", "13", "13", "0", "0", "0", "15", "9", "0", "0", "0", "14", "8", "9", "0", "0", "0", "0", "0", "0", "0", "0", "0", "0", "0", "0", "0", "0", "0", "0", "0", "0", "0", "0", "0", "0", "0", "0", "0", "0", "0", "0", "0", "0", "0", "0", "0", "0", "0", "0", "0", "0", "0", "0", "0", "0", "0", "0", "0", "0", "0", "0", "0", "0", "0", "0", "0", "0", "0", "0", "0", "0", "0", "0", "0", "0", "0", "0", "0", "0", "0", "0", "0", "0", "0", "0", "0", "0", "0", "0", "0", "0", "0", "0", "0", "0", "0", "0", "0", "0", "0", "0", "0", "0", "0", "0", "0", "0", "0", "0", "0", "0", "0", "0", "0", "0", "0", "0", "0", "0", "0", "0", "0", "0", "0", "0", "0", "0", "0", "0", "0", "0", "0", "0", "0", "0", "0", "0", "0", "0", "0", "0", "0", "0", "0", "0", "0", "0", "0", "0", "0", "0"]]}