{"state": {"resTurn": "76", "h": "6", "w": "12", "score": [["0", "-1", "1", "0", "1", "0", "0", "1", "0", "1", "-1", "0"], ["0", "1", "0", "0", "1", "1", "1", "1", "0", "0", "1", "0"], ["0", "0", "0", "0", "0", "1", "1", "0", "0", "0", "0", "0"], ["0", "0", "0", "0", "1", "1", "1", "1", "0", "0", "0", "0"], ["0", "1", "1", "1", "0", "1", "1", "0", "1", "1", "1", "0"], ["0", "-1", "0", "1", "1", "1", "1", "1", "1", "0", "-1", "0"]], "color": [["2", "2", "0", "1", "1", "1", "0", "1", "1", "1", "1", "1"], ["2", "2", "2", "1", "1", "1", "1", "1", "1", "1", "1", "0"], ["2", "2", "0", "1", "1", "1", "1", "1", "0", "0", "0", "0"], ["0", "2", "0", "1", "1", "0", "1", "2", "0", "0", "0", "0"], ["2", "2", "2", "0", "2", "1", "2", "2", "2", "2", "2", "2"], ["0", "2", "0", "0", "1", "2", "2", "2", "2", "2", "2", "2"]], "pos": [{"x": "4", "y": "5"}, {"x": "3", "y": "3"}, {"x": "1", "y": "2"}, {"x": "6", "y": "4"}]}, "q": "-0.0003185672928032287", "z": "1", "visitCount": [["17", "0", "15", "0", "25", "21", "12", "17", "20", "21", "0", "16", "0", "0", "0", "0", "0", "0", "0", "0", "0", "0", "0", "0", "0", "0", "0", "0", "0", "0", "0", "0", "0", "0", "0", "0", "0", "0", "0", "0", "0", "0", "0", "0", "0", "0", "0", "0", "0", "0", "0", "0", "0", "0", "0", "0", "0", "0", "0", "0", "0", "0", "0", "0", "0", "0", "0", "0", "15", "0", "15", "0", "21", "18", "17", "24", "17", "21", "0", "18", "0", "0", "0", "0", "0", "21", "0", "19", "0", "22", "26", "15", "20", "18", "22", "0", "22", "0", "0", "0", "0", "0", "0", "0", "0", "0", "0", "0", "0", "0", "0", "0", "0", "0", "0", "0", "0", "0", "0", "20", "0", "17", "0", "23", "14", "13", "19", "21", "17", "0", "16", "0", "0", "0", "0", "0", "0", "0", "0", "0", "0", "0", "0", "0", "0", "0", "0", "0", "0", "0", "0", "0", "0", "0", "0", "0", "0", "0", "0", "0", "0", "0", "0", "0", "0", "0", "0", "0", "0", "0", "0", "0", "0", "0", "0", "0", "0", "0", "0", "0", "0", "0", "0", "0", "0", "0", "0", "0", "0", "0", "0", "0", "0", "0", "0", "0", "0", "0", "0", "0", "0", "0", "0", "0", "0", "0", "0", "0", "0", "0", "0", "0", "0", "0", "0", "0", "0", "0", "0", "0", "0", "0", "0", "0", "0", "0", "0", "0", "0", "0", "0", "0", "0", "0", "0", "0", "0", "0", "20", "0", "17", "0", "15", "19", "18", "22", "16", "20", "0", "17", "0", "0", "0", "0", "0", "0", "0", "0", "0", "0", "0", "0", "0", "0", "0", "0", "0", "0", "0", "0", "0", "0", "18", "0", "16", "0", "14", "23", "16", "16", "23", "13", "0", "22", "0", "0", "0", "0", "0"], ["11", "12", "12", "13", "0", "11", "0", "12", "12", "0", "0", "0", "11", "0", "12", "0", "0", "13", "12", "11", "13", "0", "11", "0", "13", "14", "0", "0", "0", "9", "0", "12", "0", "0", "10", "14", "11", "11", "0", "13", "0", "12", "10", "0", "0", "0", "11", "0", "14", "0", "0", "11", "15", "12", "14", "0", "12", "0", "14", "11", "0", "0", "0", "10", "0", "11", "0", "0", "12", "13", "12", "12", "0", "10", "0", "14", "16", "0", "0", "0", "11", "0", "14", "0", "0", "10", "16", "13", "18", "0", "11", "0", "16", "11", "0", "0", "0", "15", "0", "12", "0", "0", "10", "13", "12", "12", "0", "10", "0", "12", "12", "0", "0", "0", "17", "0", "10", "0", "0", "11", "14", "11", "10", "0", "11", "0", "16", "10", "0", "0", "0", "15", "0", "18", "0", "0", "13", "11", "12", "13", "0", "11", "0", "14", "11", "0", "0", "0", "13", "0", "12", "0", "0", "0", "0", "0", "0", "0", "0", "0", "0", "0", "0", "0", "0", "0", "0", "0", "0", "0", "0", "0", "0", "0", "0", "0", "0", "0", "0", "0", "0", "0", "0", "0", "0", "0", "0", "0", "0", "0", "0", "0", "0", "0", "0", "0", "0", "0", "0", "0", "0", "0", "0", "0", "0", "0", "0", "0", "0", "0", "0", "0", "0", "0", "0", "0", "0", "0", "0", "0", "0", "0", "0", "0", "0", "0", "0", "0", "0", "0", "0", "0", "0", "0", "0", "0", "0", "0", "0", "0", "0", "0", "0", "0", "0", "0", "0", "0", "0", "0", "0", "0", "0", "0", "0", "0", "0", "0", "0", "0", "0", "0", "0", "0", "0", "0", "0", "0", "0", "0", "0", "0", "0", "0", "0", "0", "0", "0", "0", "0", "0", "0", "0", "0", "0", "0", "0", "0", "0"]]}