{"state": {"resTurn": "75", "h": "6", "w": "12", "score": [["0", "-1", "1", "0", "1", "0", "0", "1", "0", "1", "-1", "0"], ["0", "1", "0", "0", "1", "1", "1", "1", "0", "0", "1", "0"], ["0", "0", "0", "0", "0", "1", "1", "0", "0", "0", "0", "0"], ["0", "0", "0", "0", "1", "1", "1", "1", "0", "0", "0", "0"], ["0", "1", "1", "1", "0", "1", "1", "0", "1", "1", "1", "0"], ["0", "-1", "0", "1", "1", "1", "1", "1", "1", "0", "-1", "0"]], "color": [["2", "2", "0", "1", "1", "1", "0", "1", "1", "1", "1", "1"], ["2", "2", "2", "1", "1", "1", "1", "1", "1", "1", "1", "0"], ["2", "2", "1", "1", "1", "1", "1", "1", "0", "0", "0", "0"], ["0", "2", "0", "1", "1", "0", "1", "2", "0", "0", "0", "0"], ["2", "2", "2", "1", "2", "1", "2", "2", "2", "2", "2", "2"], ["0", "2", "0", "0", "1", "2", "2", "2", "2", "2", "2", "2"]], "pos": [{"x": "3", "y": "4"}, {"x": "2", "y": "2"}, {"x": "0", "y": "1"}, {"x": "5", "y": "5"}]}, "q": "-0.0001535823414625473", "z": "1", "visitCount": [["11", "11", "10", "0", "0", "0", "0", "10", "11", "0", "0", "15", "12", "10", "12", "0", "0", "12", "15", "11", "0", "0", "0", "0", "14", "8", "0", "0", "11", "13", "11", "13", "0", "0", "10", "10", "13", "0", "0", "0", "0", "12", "14", "0", "0", "11", "10", "9", "13", "0", "0", "17", "12", "11", "0", "0", "0", "0", "16", "11", "0", "0", "15", "17", "10", "16", "0", "0", "0", "0", "0", "0", "0", "0", "0", "0", "0", "0", "0", "0", "0", "0", "0", "0", "0", "11", "10", "12", "0", "0", "0", "0", "14", "12", "0", "0", "13", "10", "11", "11", "0", "0", "11", "11", "15", "0", "0", "0", "0", "16", "11", "0", "0", "14", "15", "14", "13", "0", "0", "13", "13", "13", "0", "0", "0", "0", "12", "11", "0", "0", "12", "12", "12", "11", "0", "0", "0", "0", "0", "0", "0", "0", "0", "0", "0", "0", "0", "0", "0", "0", "0", "0", "0", "0", "0", "0", "0", "0", "0", "0", "0", "0", "0", "0", "0", "0", "0", "0", "0", "0", "0", "0", "0", "0", "0", "0", "0", "0", "0", "0", "0", "0", "0", "0", "0", "0", "0", "0", "0", "0", "0", "0", "0", "0", "0", "0", "0", "0", "0", "0", "0", "0", "0", "0", "13", "14", "12", "0", "0", "0", "0", "14", "15", "0", "0", "12", "12", "12", "14", "0", "0", "0", "0", "0", "0", "0", "0", "0", "0", "0", "0", "0", "0", "0", "0", "0", "0", "0", "0", "0", "0", "0", "0", "0", "0", "0", "0", "0", "0", "0", "0", "0", "0", "0", "0", "0", "0", "0", "0", "0", "0", "0", "0", "0", "0", "0", "0", "0", "0", "0", "0", "0", "11", "16", "10", "0", "0", "0", "0", "11", "16", "0", "0", "13", "13", "10", "12", "0", "0"], ["37", "0", "0", "0", "0", "18", "0", "33", "27", "0", "0", "0", "28", "0", "23", "0", "0", "29", "0", "0", "0", "0", "26", "0", "26", "28", "0", "0", "0", "33", "0", "43", "0", "0", "26", "0", "0", "0", "0", "20", "0", "24", "28", "0", "0", "0", "25", "0", "15", "0", "0", "0", "0", "0", "0", "0", "0", "0", "0", "0", "0", "0", "0", "0", "0", "0", "0", "0", "0", "0", "0", "0", "0", "0", "0", "0", "0", "0", "0", "0", "0", "0", "0", "0", "0", "0", "0", "0", "0", "0", "0", "0", "0", "0", "0", "0", "0", "0", "0", "0", "0", "0", "20", "0", "0", "0", "0", "31", "0", "36", "24", "0", "0", "0", "28", "0", "29", "0", "0", "25", "0", "0", "0", "0", "28", "0", "29", "37", "0", "0", "0", "25", "0", "25", "0", "0", "34", "0", "0", "0", "0", "33", "0", "21", "26", "0", "0", "0", "31", "0", "29", "0", "0", "0", "0", "0", "0", "0", "0", "0", "0", "0", "0", "0", "0", "0", "0", "0", "0", "0", "0", "0", "0", "0", "0", "0", "0", "0", "0", "0", "0", "0", "0", "0", "0", "0", "0", "0", "0", "0", "0", "0", "0", "0", "0", "0", "0", "0", "0", "0", "0", "0", "0", "0", "0", "0", "0", "0", "0", "0", "0", "0", "0", "0", "0", "0", "0", "0", "0", "0", "0", "0", "0", "0", "0", "0", "0", "0", "0", "0", "0", "0", "0", "0", "0", "0", "0", "0", "0", "0", "0", "0", "0", "0", "0", "0", "0", "0", "0", "0", "0", "0", "0", "0", "0", "0", "0", "0", "0", "0", "0", "0", "0", "0", "0", "0", "0", "0", "0", "0", "0", "0", "0", "0", "0", "0", "0", "0", "0", "0", "0", "0", "0", "0", "0", "0", "0", "0", "0"]]}