{"state": {"resTurn": "74", "h": "6", "w": "12", "score": [["0", "-1", "1", "0", "1", "0", "0", "1", "0", "1", "-1", "0"], ["0", "1", "0", "0", "1", "1", "1", "1", "0", "0", "1", "0"], ["0", "0", "0", "0", "0", "1", "1", "0", "0", "0", "0", "0"], ["0", "0", "0", "0", "1", "1", "1", "1", "0", "0", "0", "0"], ["0", "1", "1", "1", "0", "1", "1", "0", "1", "1", "1", "0"], ["0", "-1", "0", "1", "1", "1", "1", "1", "1", "0", "-1", "0"]], "color": [["2", "2", "0", "1", "1", "1", "0", "1", "1", "1", "1", "1"], ["2", "2", "2", "1", "1", "1", "1", "1", "1", "1", "1", "0"], ["2", "2", "1", "1", "1", "1", "1", "1", "0", "0", "0", "0"], ["0", "2", "0", "1", "1", "0", "1", "2", "0", "0", "0", "0"], ["2", "2", "2", "1", "2", "0", "2", "2", "2", "2", "2", "2"], ["0", "2", "1", "0", "1", "2", "2", "2", "2", "2", "2", "2"]], "pos": [{"x": "2", "y": "5"}, {"x": "2", "y": "2"}, {"x": "1", "y": "2"}, {"x": "5", "y": "5"}]}, "q": "-0.000351352007782844", "z": "1", "visitCount": [["20", "19", "22", "0", "0", "0", "0", "15", "20", "0", "0", "17", "23", "15", "20", "0", "0", "0", "0", "0", "0", "0", "0", "0", "0", "0", "0", "0", "0", "0", "0", "0", "0", "0", "0", "0", "0", "0", "0", "0", "0", "0", "0", "0", "0", "0", "0", "0", "0", "0", "0", "0", "0", "0", "0", "0", "0", "0", "0", "0", "0", "0", "0", "0", "0", "0", "0", "0", "0", "0", "0", "0", "0", "0", "0", "0", "0", "0", "0", "0", "0", "0", "0", "0", "0", "0", "0", "0", "0", "0", "0", "0", "0", "0", "0", "0", "0", "0", "0", "0", "0", "0", "0", "0", "0", "0", "0", "0", "0", "0", "0", "0", "0", "0", "0", "0", "0", "0", "0", "18", "25", "15", "0", "0", "0", "0", "19", "18", "0", "0", "22", "17", "18", "20", "0", "0", "17", "16", "15", "0", "0", "0", "0", "21", "15", "0", "0", "19", "15", "13", "16", "0", "0", "0", "0", "0", "0", "0", "0", "0", "0", "0", "0", "0", "0", "0", "0", "0", "0", "0", "0", "0", "0", "0", "0", "0", "0", "0", "0", "0", "0", "0", "0", "0", "0", "0", "0", "0", "0", "0", "0", "0", "0", "0", "0", "0", "0", "0", "0", "0", "0", "0", "0", "0", "18", "15", "20", "0", "0", "0", "0", "21", "22", "0", "0", "21", "18", "15", "22", "0", "0", "20", "19", "18", "0", "0", "0", "0", "20", "23", "0", "0", "18", "15", "18", "19", "0", "0", "22", "27", "18", "0", "0", "0", "0", "18", "12", "0", "0", "19", "17", "15", "20", "0", "0", "0", "0", "0", "0", "0", "0", "0", "0", "0", "0", "0", "0", "0", "0", "0", "0", "0", "0", "0", "0", "0", "0", "0", "0", "0", "0", "0", "0", "0", "0", "0", "0", "0", "0"], ["19", "0", "0", "0", "0", "17", "21", "18", "15", "0", "0", "0", "12", "0", "0", "0", "0", "18", "0", "0", "0", "0", "19", "20", "16", "17", "0", "0", "0", "25", "0", "0", "0", "0", "15", "0", "0", "0", "0", "15", "20", "24", "15", "0", "0", "0", "20", "0", "0", "0", "0", "16", "0", "0", "0", "0", "11", "18", "25", "19", "0", "0", "0", "16", "0", "0", "0", "0", "18", "0", "0", "0", "0", "18", "19", "17", "19", "0", "0", "0", "19", "0", "0", "0", "0", "22", "0", "0", "0", "0", "19", "24", "15", "18", "0", "0", "0", "20", "0", "0", "0", "0", "13", "0", "0", "0", "0", "20", "14", "14", "13", "0", "0", "0", "16", "0", "0", "0", "0", "19", "0", "0", "0", "0", "18", "26", "21", "18", "0", "0", "0", "18", "0", "0", "0", "0", "0", "0", "0", "0", "0", "0", "0", "0", "0", "0", "0", "0", "0", "0", "0", "0", "0", "0", "0", "0", "0", "0", "0", "0", "0", "0", "0", "0", "0", "0", "0", "0", "0", "0", "0", "0", "0", "0", "0", "0", "0", "0", "0", "0", "0", "0", "0", "0", "0", "0", "0", "0", "0", "0", "0", "0", "0", "0", "0", "0", "0", "0", "0", "0", "0", "0", "0", "0", "0", "0", "0", "0", "0", "0", "0", "0", "0", "0", "0", "0", "0", "0", "0", "0", "0", "0", "0", "0", "0", "0", "0", "0", "0", "0", "0", "0", "0", "0", "0", "0", "0", "0", "0", "0", "0", "0", "0", "0", "0", "0", "0", "0", "0", "0", "0", "0", "0", "0", "0", "0", "0", "0", "0", "0", "0", "0", "0", "0", "0", "0", "0", "0", "0", "0", "0", "0", "23", "0", "0", "0", "0", "24", "20", "22", "16", "0", "0", "0", "26", "0", "0", "0", "0"]]}