{"state": {"resTurn": "73", "h": "6", "w": "12", "score": [["0", "-1", "1", "0", "1", "0", "0", "1", "0", "1", "-1", "0"], ["0", "1", "0", "0", "1", "1", "1", "1", "0", "0", "1", "0"], ["0", "0", "0", "0", "0", "1", "1", "0", "0", "0", "0", "0"], ["0", "0", "0", "0", "1", "1", "1", "1", "0", "0", "0", "0"], ["0", "1", "1", "1", "0", "1", "1", "0", "1", "1", "1", "0"], ["0", "-1", "0", "1", "1", "1", "1", "1", "1", "0", "-1", "0"]], "color": [["2", "2", "0", "1", "1", "1", "0", "1", "1", "1", "1", "1"], ["2", "2", "2", "1", "1", "1", "1", "1", "1", "1", "1", "0"], ["2", "2", "1", "1", "1", "1", "1", "1", "0", "0", "0", "0"], ["0", "2", "0", "1", "1", "0", "1", "2", "0", "0", "0", "0"], ["2", "2", "0", "1", "2", "2", "2", "2", "2", "2", "2", "2"], ["0", "2", "1", "0", "1", "2", "2", "2", "2", "2", "2", "2"]], "pos": [{"x": "2", "y": "5"}, {"x": "3", "y": "3"}, {"x": "2", "y": "1"}, {"x": "5", "y": "4"}]}, "q": "-0.0007492738367401779", "z": "1", "visitCount": [["22", "0", "20", "24", "18", "22", "19", "15", "18", "21", "0", "0", "0", "0", "0", "0", "0", "0", "0", "0", "0", "0", "0", "0", "0", "0", "0", "0", "0", "0", "0", "0", "0", "0", "0", "0", "0", "0", "0", "0", "0", "0", "0", "0", "0", "0", "0", "0", "0", "0", "0", "0", "0", "0", "0", "0", "0", "0", "0", "0", "0", "0", "0", "0", "0", "0", "0", "0", "0", "0", "0", "0", "0", "0", "0", "0", "0", "0", "0", "0", "0", "0", "0", "0", "0", "0", "0", "0", "0", "0", "0", "0", "0", "0", "0", "0", "0", "0", "0", "0", "0", "0", "18", "0", "18", "14", "14", "21", "21", "18", "20", "17", "0", "0", "0", "0", "0", "0", "0", "19", "0", "17", "19", "19", "19", "13", "22", "17", "21", "0", "0", "0", "0", "0", "0", "0", "20", "0", "20", "19", "15", "16", "20", "19", "17", "19", "0", "0", "0", "0", "0", "0", "0", "0", "0", "0", "0", "0", "0", "0", "0", "0", "0", "0", "0", "0", "0", "0", "0", "0", "0", "0", "0", "0", "0", "0", "0", "0", "0", "0", "0", "0", "0", "0", "0", "0", "0", "0", "0", "0", "0", "0", "0", "0", "0", "0", "0", "0", "0", "0", "0", "0", "0", "0", "18", "0", "18", "22", "19", "18", "21", "21", "20", "22", "0", "0", "0", "0", "0", "0", "0", "17", "0", "18", "17", "15", "18", "14", "17", "15", "19", "0", "0", "0", "0", "0", "0", "0", "0", "0", "0", "0", "0", "0", "0", "0", "0", "0", "0", "0", "0", "0", "0", "0", "0", "0", "0", "0", "0", "0", "0", "0", "0", "0", "0", "0", "0", "0", "0", "0", "0", "0", "0", "0", "0", "0", "0", "0", "0", "0", "0", "0", "0", "0", "0", "0", "0", "0", "0"], ["13", "13", "12", "0", "12", "0", "14", "0", "13", "0", "0", "14", "0", "11", "0", "16", "0", "0", "0", "0", "0", "0", "0", "0", "0", "0", "0", "0", "0", "0", "0", "0", "0", "0", "0", "0", "0", "0", "0", "0", "0", "0", "0", "0", "0", "0", "0", "0", "0", "0", "0", "13", "16", "12", "0", "13", "0", "17", "0", "10", "0", "0", "13", "0", "13", "0", "13", "0", "12", "15", "11", "0", "11", "0", "10", "0", "9", "0", "0", "16", "0", "15", "0", "12", "0", "13", "15", "9", "0", "14", "0", "13", "0", "12", "0", "0", "12", "0", "13", "0", "11", "0", "13", "13", "9", "0", "12", "0", "12", "0", "16", "0", "0", "13", "0", "11", "0", "11", "0", "0", "0", "0", "0", "0", "0", "0", "0", "0", "0", "0", "0", "0", "0", "0", "0", "0", "0", "0", "0", "0", "0", "0", "0", "0", "0", "0", "0", "0", "0", "0", "0", "0", "0", "11", "13", "16", "0", "9", "0", "12", "0", "10", "0", "0", "11", "0", "11", "0", "14", "0", "11", "10", "12", "0", "13", "0", "11", "0", "14", "0", "0", "11", "0", "12", "0", "11", "0", "0", "0", "0", "0", "0", "0", "0", "0", "0", "0", "0", "0", "0", "0", "0", "0", "0", "0", "0", "0", "0", "0", "0", "0", "0", "0", "0", "0", "0", "0", "0", "0", "0", "0", "0", "0", "0", "0", "0", "0", "0", "0", "0", "0", "0", "0", "0", "0", "0", "0", "0", "0", "0", "0", "0", "0", "0", "0", "0", "0", "0", "0", "0", "0", "0", "0", "0", "0", "12", "11", "12", "0", "12", "0", "11", "0", "13", "0", "0", "11", "0", "12", "0", "11", "0", "12", "13", "11", "0", "11", "0", "12", "0", "13", "0", "0", "14", "0", "14", "0", "12", "0"]]}