{"state": {"resTurn": "72", "h": "6", "w": "12", "score": [["0", "-1", "1", "0", "1", "0", "0", "1", "0", "1", "-1", "0"], ["0", "1", "0", "0", "1", "1", "1", "1", "0", "0", "1", "0"], ["0", "0", "0", "0", "0", "1", "1", "0", "0", "0", "0", "0"], ["0", "0", "0", "0", "1", "1", "1", "1", "0", "0", "0", "0"], ["0", "1", "1", "1", "0", "1", "1", "0", "1", "1", "1", "0"], ["0", "-1", "0", "1", "1", "1", "1", "1", "1", "0", "-1", "0"]], "color": [["2", "2", "0", "1", "1", "1", "0", "1", "1", "1", "1", "1"], ["2", "2", "2", "1", "1", "1", "1", "1", "1", "1", "1", "0"], ["2", "2", "1", "1", "1", "1", "1", "1", "0", "0", "0", "0"], ["0", "2", "0", "1", "1", "2", "1", "2", "0", "0", "0", "0"], ["2", "2", "1", "1", "2", "2", "2", "2", "2", "2", "2", "2"], ["0", "2", "1", "0", "1", "2", "2", "2", "2", "2", "2", "2"]], "pos": [{"x": "2", "y": "5"}, {"x": "2", "y": "4"}, {"x": "1", "y": "2"}, {"x": "5", "y": "3"}]}, "q": "-0.0007668273755302938", "z": "1", "visitCount": [["16", "14", "14", "0", "0", "0", "18", "21", "21", "0", "0", "20", "19", "12", "0", "0", "0", "0", "0", "0", "0", "0", "0", "0", "0", "0", "0", "0", "0", "0", "0", "0", "0", "0", "0", "0", "0", "0", "0", "0", "0", "0", "0", "0", "0", "0", "0", "0", "0", "0", "0", "0", "0", "0", "0", "0", "0", "0", "0", "0", "0", "0", "0", "0", "0", "0", "0", "0", "0", "0", "0", "0", "0", "0", "0", "0", "0", "0", "0", "0", "0", "0", "0", "0", "0", "0", "0", "0", "0", "0", "0", "0", "0", "0", "0", "0", "0", "0", "0", "0", "0", "0", "19", "20", "17", "0", "0", "0", "19", "18", "16", "0", "0", "21", "15", "28", "0", "0", "0", "19", "18", "19", "0", "0", "0", "22", "18", "17", "0", "0", "14", "11", "20", "0", "0", "0", "16", "24", "17", "0", "0", "0", "21", "23", "16", "0", "0", "14", "16", "13", "0", "0", "0", "0", "0", "0", "0", "0", "0", "0", "0", "0", "0", "0", "0", "0", "0", "0", "0", "0", "0", "0", "0", "0", "0", "0", "0", "0", "0", "0", "0", "0", "0", "0", "0", "0", "0", "0", "0", "0", "0", "0", "0", "0", "0", "0", "0", "0", "0", "0", "0", "0", "0", "0", "23", "18", "21", "0", "0", "0", "21", "20", "23", "0", "0", "23", "20", "18", "0", "0", "0", "17", "15", "21", "0", "0", "0", "21", "19", "19", "0", "0", "13", "27", "15", "0", "0", "0", "0", "0", "0", "0", "0", "0", "0", "0", "0", "0", "0", "0", "0", "0", "0", "0", "0", "0", "0", "0", "0", "0", "0", "0", "0", "0", "0", "0", "0", "0", "0", "0", "0", "0", "0", "0", "0", "0", "0", "0", "0", "0", "0", "0", "0", "0", "0", "0", "0", "0", "0"], ["15", "12", "12", "12", "0", "0", "0", "0", "0", "0", "0", "0", "12", "12", "14", "14", "13", "13", "12", "12", "14", "0", "0", "0", "0", "0", "0", "0", "0", "14", "12", "11", "12", "11", "11", "12", "14", "16", "0", "0", "0", "0", "0", "0", "0", "0", "14", "14", "11", "11", "12", "13", "13", "13", "11", "0", "0", "0", "0", "0", "0", "0", "0", "13", "13", "11", "12", "12", "14", "17", "12", "11", "0", "0", "0", "0", "0", "0", "0", "0", "11", "14", "11", "11", "13", "11", "11", "12", "14", "0", "0", "0", "0", "0", "0", "0", "0", "12", "12", "10", "12", "11", "11", "10", "13", "15", "0", "0", "0", "0", "0", "0", "0", "0", "12", "13", "11", "14", "12", "17", "12", "10", "12", "0", "0", "0", "0", "0", "0", "0", "0", "11", "9", "13", "12", "14", "0", "0", "0", "0", "0", "0", "0", "0", "0", "0", "0", "0", "0", "0", "0", "0", "0", "0", "0", "0", "0", "0", "0", "0", "0", "0", "0", "0", "0", "0", "0", "0", "0", "0", "0", "0", "0", "0", "0", "0", "0", "0", "0", "0", "0", "0", "0", "0", "0", "0", "0", "0", "0", "0", "0", "0", "0", "0", "0", "0", "0", "0", "0", "0", "0", "0", "0", "0", "0", "0", "0", "0", "0", "0", "0", "0", "0", "0", "0", "0", "0", "0", "0", "0", "0", "0", "0", "0", "0", "0", "0", "0", "0", "0", "0", "0", "0", "0", "0", "0", "0", "0", "0", "0", "0", "0", "0", "0", "0", "0", "0", "0", "0", "0", "0", "0", "0", "0", "0", "0", "0", "0", "0", "0", "0", "0", "0", "0", "0", "0", "0", "0", "0", "0", "0", "0", "12", "15", "14", "12", "0", "0", "0", "0", "0", "0", "0", "0", "12", "8", "13", "12", "9"]]}