{"state": {"resTurn": "71", "h": "6", "w": "12", "score": [["0", "-1", "1", "0", "1", "0", "0", "1", "0", "1", "-1", "0"], ["0", "1", "0", "0", "1", "1", "1", "1", "0", "0", "1", "0"], ["0", "0", "0", "0", "0", "1", "1", "0", "0", "0", "0", "0"], ["0", "0", "0", "0", "1", "1", "1", "1", "0", "0", "0", "0"], ["0", "1", "1", "1", "0", "1", "1", "0", "1", "1", "1", "0"], ["0", "-1", "0", "1", "1", "1", "1", "1", "1", "0", "-1", "0"]], "color": [["2", "2", "0", "1", "1", "1", "0", "1", "1", "1", "1", "1"], ["2", "2", "2", "1", "1", "1", "1", "1", "1", "1", "1", "0"], ["2", "2", "1", "1", "1", "1", "1", "1", "0", "0", "0", "0"], ["0", "0", "0", "1", "1", "2", "1", "2", "0", "0", "0", "0"], ["2", "2", "1", "1", "2", "2", "2", "2", "2", "2", "2", "2"], ["0", "2", "1", "0", "1", "2", "2", "2", "2", "2", "2", "2"]], "pos": [{"x": "2", "y": "5"}, {"x": "2", "y": "4"}, {"x": "0", "y": "2"}, {"x": "6", "y": "4"}]}, "q": "-0.0007129034231243713", "z": "1", "visitCount": [["25", "18", "18", "0", "0", "18", "21", "18", "18", "0", "0", "16", "15", "0", "0", "0", "0", "0", "0", "0", "0", "0", "0", "0", "0", "0", "0", "0", "0", "0", "0", "0", "0", "0", "0", "0", "0", "0", "0", "0", "0", "0", "0", "0", "0", "0", "0", "0", "0", "0", "0", "0", "0", "0", "0", "0", "0", "0", "0", "0", "0", "0", "0", "0", "0", "0", "0", "0", "0", "0", "0", "0", "0", "0", "0", "0", "0", "0", "0", "0", "0", "0", "0", "0", "0", "0", "0", "0", "0", "0", "0", "0", "0", "0", "0", "0", "0", "0", "0", "0", "0", "0", "24", "14", "22", "0", "0", "19", "13", "21", "17", "0", "0", "19", "18", "0", "0", "0", "0", "17", "18", "20", "0", "0", "18", "20", "15", "14", "0", "0", "17", "22", "0", "0", "0", "0", "20", "15", "19", "0", "0", "16", "19", "17", "20", "0", "0", "22", "17", "0", "0", "0", "0", "0", "0", "0", "0", "0", "0", "0", "0", "0", "0", "0", "0", "0", "0", "0", "0", "0", "0", "0", "0", "0", "0", "0", "0", "0", "0", "0", "0", "0", "0", "0", "0", "0", "0", "0", "0", "0", "0", "0", "0", "0", "0", "0", "0", "0", "0", "0", "0", "0", "0", "0", "21", "21", "26", "0", "0", "23", "25", "16", "22", "0", "0", "21", "12", "0", "0", "0", "0", "18", "16", "14", "0", "0", "17", "17", "21", "18", "0", "0", "15", "17", "0", "0", "0", "0", "0", "0", "0", "0", "0", "0", "0", "0", "0", "0", "0", "0", "0", "0", "0", "0", "0", "0", "0", "0", "0", "0", "0", "0", "0", "0", "0", "0", "0", "0", "0", "0", "0", "0", "0", "0", "0", "0", "0", "0", "0", "0", "0", "0", "0", "0", "0", "0", "0", "0", "0"], ["26", "20", "25", "19", "17", "23", "0", "14", "18", "0", "0", "0", "0", "0", "14", "0", "0", "18", "20", "15", "17", "23", "18", "0", "21", "15", "0", "0", "0", "0", "0", "15", "0", "0", "19", "17", "25", "24", "16", "19", "0", "20", "18", "0", "0", "0", "0", "0", "18", "0", "0", "0", "0", "0", "0", "0", "0", "0", "0", "0", "0", "0", "0", "0", "0", "0", "0", "0", "0", "0", "0", "0", "0", "0", "0", "0", "0", "0", "0", "0", "0", "0", "0", "0", "0", "0", "0", "0", "0", "0", "0", "0", "0", "0", "0", "0", "0", "0", "0", "0", "0", "0", "21", "17", "22", "16", "19", "18", "0", "19", "16", "0", "0", "0", "0", "0", "18", "0", "0", "15", "20", "20", "21", "17", "16", "0", "19", "19", "0", "0", "0", "0", "0", "14", "0", "0", "20", "18", "19", "17", "16", "18", "0", "19", "15", "0", "0", "0", "0", "0", "17", "0", "0", "0", "0", "0", "0", "0", "0", "0", "0", "0", "0", "0", "0", "0", "0", "0", "0", "0", "0", "0", "0", "0", "0", "0", "0", "0", "0", "0", "0", "0", "0", "0", "0", "0", "0", "0", "0", "0", "0", "0", "0", "0", "0", "0", "0", "0", "0", "0", "0", "0", "0", "0", "0", "0", "0", "0", "0", "0", "0", "0", "0", "0", "0", "0", "0", "0", "0", "0", "0", "0", "0", "0", "0", "0", "0", "0", "0", "0", "0", "0", "0", "0", "0", "0", "0", "0", "0", "0", "0", "0", "0", "0", "0", "0", "0", "0", "0", "0", "0", "0", "0", "0", "0", "0", "0", "0", "0", "0", "0", "0", "0", "0", "0", "0", "0", "0", "0", "0", "0", "0", "0", "0", "0", "0", "0", "0", "0", "0", "0", "0", "0", "0", "0", "0", "0", "0", "0"]]}