{"state": {"resTurn": "67", "h": "6", "w": "12", "score": [["0", "-1", "1", "0", "1", "0", "0", "1", "0", "1", "-1", "0"], ["0", "1", "0", "0", "1", "1", "1", "1", "0", "0", "1", "0"], ["0", "0", "0", "0", "0", "1", "1", "0", "0", "0", "0", "0"], ["0", "0", "0", "0", "1", "1", "1", "1", "0", "0", "0", "0"], ["0", "1", "1", "1", "0", "1", "1", "0", "1", "1", "1", "0"], ["0", "-1", "0", "1", "1", "1", "1", "1", "1", "0", "-1", "0"]], "color": [["2", "2", "0", "1", "1", "1", "0", "1", "1", "1", "1", "1"], ["2", "2", "2", "1", "1", "1", "1", "1", "1", "1", "1", "0"], ["2", "2", "1", "1", "1", "1", "1", "1", "0", "0", "0", "0"], ["0", "0", "0", "1", "1", "2", "1", "2", "0", "0", "0", "0"], ["2", "2", "1", "1", "2", "2", "2", "2", "2", "2", "2", "2"], ["0", "1", "1", "0", "1", "2", "2", "2", "2", "2", "2", "2"]], "pos": [{"x": "1", "y": "5"}, {"x": "2", "y": "5"}, {"x": "1", "y": "1"}, {"x": "5", "y": "4"}]}, "q": "-0.0003079517381299231", "z": "1", "visitCount": [["28", "0", "0", "0", "32", "0", "30", "22", "36", "0", "0", "0", "0", "25", "0", "0", "0", "0", "0", "0", "0", "0", "0", "0", "0", "0", "0", "0", "0", "0", "0", "0", "0", "0", "0", "0", "0", "0", "0", "0", "0", "0", "0", "0", "0", "0", "0", "0", "0", "0", "0", "0", "0", "0", "0", "0", "0", "0", "0", "0", "0", "0", "0", "0", "0", "0", "0", "0", "23", "0", "0", "0", "25", "0", "20", "16", "27", "0", "0", "0", "0", "27", "0", "0", "0", "0", "0", "0", "0", "0", "0", "0", "0", "0", "0", "0", "0", "0", "0", "0", "0", "0", "0", "0", "0", "0", "0", "0", "0", "0", "0", "0", "0", "0", "0", "0", "0", "0", "0", "39", "0", "0", "0", "34", "0", "29", "35", "22", "0", "0", "0", "0", "33", "0", "0", "0", "31", "0", "0", "0", "15", "0", "27", "27", "29", "0", "0", "0", "0", "31", "0", "0", "0", "0", "0", "0", "0", "0", "0", "0", "0", "0", "0", "0", "0", "0", "0", "0", "0", "0", "0", "0", "0", "0", "0", "0", "0", "0", "0", "0", "0", "0", "0", "0", "0", "0", "0", "0", "0", "0", "0", "0", "0", "0", "0", "0", "0", "0", "0", "0", "0", "0", "0", "0", "0", "0", "0", "0", "0", "0", "0", "0", "0", "0", "0", "0", "0", "0", "0", "0", "0", "37", "0", "0", "0", "33", "0", "27", "33", "26", "0", "0", "0", "0", "24", "0", "0", "0", "25", "0", "0", "0", "29", "0", "24", "26", "30", "0", "0", "0", "0", "23", "0", "0", "0", "0", "0", "0", "0", "0", "0", "0", "0", "0", "0", "0", "0", "0", "0", "0", "0", "0", "0", "0", "0", "0", "0", "0", "0", "0", "0", "0", "0", "0", "0", "0", "0", "0", "0"], ["14", "13", "10", "0", "16", "0", "13", "0", "11", "0", "0", "16", "0", "12", "0", "14", "0", "0", "0", "0", "0", "0", "0", "0", "0", "0", "0", "0", "0", "0", "0", "0", "0", "0", "11", "12", "10", "0", "12", "0", "16", "0", "11", "0", "0", "12", "0", "14", "0", "13", "0", "16", "13", "11", "0", "14", "0", "11", "0", "11", "0", "0", "10", "0", "12", "0", "11", "0", "14", "12", "11", "0", "11", "0", "17", "0", "15", "0", "0", "14", "0", "12", "0", "9", "0", "10", "15", "13", "0", "12", "0", "12", "0", "15", "0", "0", "12", "0", "11", "0", "14", "0", "11", "13", "11", "0", "12", "0", "12", "0", "10", "0", "0", "13", "0", "10", "0", "14", "0", "12", "11", "11", "0", "14", "0", "12", "0", "11", "0", "0", "13", "0", "13", "0", "10", "0", "15", "13", "10", "0", "11", "0", "9", "0", "10", "0", "0", "15", "0", "16", "0", "11", "0", "11", "12", "13", "0", "15", "0", "9", "0", "12", "0", "0", "13", "0", "14", "0", "10", "0", "0", "0", "0", "0", "0", "0", "0", "0", "0", "0", "0", "0", "0", "0", "0", "0", "0", "0", "0", "0", "0", "0", "0", "0", "0", "0", "0", "0", "0", "0", "0", "0", "0", "0", "0", "0", "0", "0", "0", "0", "0", "0", "0", "0", "0", "0", "0", "0", "0", "0", "0", "0", "0", "0", "0", "0", "0", "0", "0", "0", "0", "0", "0", "0", "0", "0", "0", "0", "0", "0", "0", "0", "0", "0", "0", "0", "0", "0", "0", "0", "0", "0", "0", "0", "0", "0", "0", "0", "0", "0", "0", "0", "0", "0", "0", "0", "0", "0", "0", "0", "0", "0", "0", "0", "0", "0", "0", "0", "0", "0", "0", "0", "0", "0", "0", "0", "0", "0", "0"]]}