{"state": {"resTurn": "66", "h": "6", "w": "12", "score": [["0", "-1", "1", "0", "1", "0", "0", "1", "0", "1", "-1", "0"], ["0", "1", "0", "0", "1", "1", "1", "1", "0", "0", "1", "0"], ["0", "0", "0", "0", "0", "1", "1", "0", "0", "0", "0", "0"], ["0", "0", "0", "0", "1", "1", "1", "1", "0", "0", "0", "0"], ["0", "1", "1", "1", "0", "1", "1", "0", "1", "1", "1", "0"], ["0", "-1", "0", "1", "1", "1", "1", "1", "1", "0", "-1", "0"]], "color": [["2", "2", "0", "1", "1", "1", "0", "1", "1", "1", "1", "1"], ["2", "2", "2", "1", "1", "1", "1", "1", "1", "1", "1", "0"], ["2", "2", "1", "1", "1", "1", "1", "1", "0", "0", "0", "0"], ["0", "0", "0", "1", "1", "2", "1", "2", "0", "0", "0", "0"], ["2", "2", "1", "1", "2", "2", "2", "2", "2", "2", "2", "2"], ["0", "1", "1", "0", "1", "2", "2", "2", "2", "2", "2", "2"]], "pos": [{"x": "2", "y": "4"}, {"x": "2", "y": "5"}, {"x": "0", "y": "1"}, {"x": "5", "y": "3"}]}, "q": "-0.0005662868346720628", "z": "1", "visitCount": [["17", "0", "0", "0", "17", "0", "19", "15", "18", "0", "0", "0", "0", "16", "0", "0", "0", "20", "0", "0", "0", "18", "0", "26", "14", "20", "0", "0", "0", "0", "16", "0", "0", "0", "21", "0", "0", "0", "24", "0", "17", "19", "22", "0", "0", "0", "0", "19", "0", "0", "0", "16", "0", "0", "0", "16", "0", "21", "17", "19", "0", "0", "0", "0", "14", "0", "0", "0", "0", "0", "0", "0", "0", "0", "0", "0", "0", "0", "0", "0", "0", "0", "0", "0", "0", "20", "0", "0", "0", "22", "0", "20", "18", "17", "0", "0", "0", "0", "19", "0", "0", "0", "22", "0", "0", "0", "18", "0", "18", "18", "18", "0", "0", "0", "0", "18", "0", "0", "0", "24", "0", "0", "0", "15", "0", "18", "19", "20", "0", "0", "0", "0", "20", "0", "0", "0", "18", "0", "0", "0", "15", "0", "20", "18", "17", "0", "0", "0", "0", "17", "0", "0", "0", "0", "0", "0", "0", "0", "0", "0", "0", "0", "0", "0", "0", "0", "0", "0", "0", "0", "0", "0", "0", "0", "0", "0", "0", "0", "0", "0", "0", "0", "0", "0", "0", "0", "0", "0", "0", "0", "0", "0", "0", "0", "0", "0", "0", "0", "0", "0", "0", "0", "0", "0", "20", "0", "0", "0", "20", "0", "18", "13", "17", "0", "0", "0", "0", "22", "0", "0", "0", "0", "0", "0", "0", "0", "0", "0", "0", "0", "0", "0", "0", "0", "0", "0", "0", "0", "0", "0", "0", "0", "0", "0", "0", "0", "0", "0", "0", "0", "0", "0", "0", "0", "0", "0", "0", "0", "0", "0", "0", "0", "0", "0", "0", "0", "0", "0", "0", "0", "0", "0", "0", "0", "0", "0", "0", "0", "0", "0", "0", "0", "0", "0", "0", "0", "0", "0", "0"], ["20", "20", "19", "21", "0", "0", "0", "0", "0", "0", "0", "0", "19", "17", "19", "18", "13", "17", "21", "19", "28", "0", "0", "0", "0", "0", "0", "0", "0", "15", "21", "19", "15", "24", "18", "17", "19", "22", "0", "0", "0", "0", "0", "0", "0", "0", "17", "18", "23", "21", "18", "0", "0", "0", "0", "0", "0", "0", "0", "0", "0", "0", "0", "0", "0", "0", "0", "0", "0", "0", "0", "0", "0", "0", "0", "0", "0", "0", "0", "0", "0", "0", "0", "0", "0", "0", "0", "0", "0", "0", "0", "0", "0", "0", "0", "0", "0", "0", "0", "0", "0", "0", "15", "18", "21", "20", "0", "0", "0", "0", "0", "0", "0", "0", "14", "15", "18", "16", "13", "15", "21", "19", "20", "0", "0", "0", "0", "0", "0", "0", "0", "15", "17", "19", "16", "17", "20", "14", "18", "17", "0", "0", "0", "0", "0", "0", "0", "0", "25", "21", "15", "16", "27", "0", "0", "0", "0", "0", "0", "0", "0", "0", "0", "0", "0", "0", "0", "0", "0", "0", "0", "0", "0", "0", "0", "0", "0", "0", "0", "0", "0", "0", "0", "0", "0", "0", "0", "0", "0", "0", "0", "0", "0", "0", "0", "0", "0", "0", "0", "0", "0", "0", "0", "0", "0", "0", "0", "0", "0", "0", "0", "0", "0", "0", "0", "0", "0", "0", "0", "0", "0", "0", "0", "0", "0", "0", "0", "0", "0", "0", "0", "0", "0", "0", "0", "0", "0", "0", "0", "0", "0", "0", "0", "0", "0", "0", "0", "0", "0", "0", "0", "0", "0", "0", "0", "0", "0", "0", "0", "0", "0", "0", "0", "0", "0", "0", "0", "0", "0", "0", "0", "0", "0", "0", "0", "0", "0", "0", "0", "0", "0", "0", "0", "0", "0", "0", "0", "0", "0"]]}