{"state": {"resTurn": "65", "h": "6", "w": "12", "score": [["0", "-1", "1", "0", "1", "0", "0", "1", "0", "1", "-1", "0"], ["0", "1", "0", "0", "1", "1", "1", "1", "0", "0", "1", "0"], ["0", "0", "0", "0", "0", "1", "1", "0", "0", "0", "0", "0"], ["0", "0", "0", "0", "1", "1", "1", "1", "0", "0", "0", "0"], ["0", "1", "1", "1", "0", "1", "1", "0", "1", "1", "1", "0"], ["0", "-1", "0", "1", "1", "1", "1", "1", "1", "0", "-1", "0"]], "color": [["2", "2", "0", "1", "1", "1", "0", "1", "1", "1", "1", "1"], ["2", "2", "2", "1", "1", "1", "1", "1", "1", "1", "1", "0"], ["2", "2", "1", "1", "1", "1", "1", "1", "0", "0", "0", "0"], ["0", "0", "0", "1", "1", "2", "1", "2", "0", "0", "0", "0"], ["2", "2", "1", "1", "2", "2", "2", "2", "2", "2", "2", "2"], ["0", "1", "1", "1", "1", "2", "2", "2", "2", "2", "2", "2"]], "pos": [{"x": "3", "y": "5"}, {"x": "2", "y": "4"}, {"x": "1", "y": "2"}, {"x": "4", "y": "4"}]}, "q": "-0.0006822141721457431", "z": "1", "visitCount": [["21", "12", "23", "14", "0", "18", "20", "16", "14", "0", "0", "0", "21", "0", "0", "0", "0", "0", "0", "0", "0", "0", "0", "0", "0", "0", "0", "0", "0", "0", "0", "0", "0", "0", "0", "0", "0", "0", "0", "0", "0", "0", "0", "0", "0", "0", "0", "0", "0", "0", "0", "0", "0", "0", "0", "0", "0", "0", "0", "0", "0", "0", "0", "0", "0", "0", "0", "0", "18", "20", "23", "20", "0", "15", "19", "21", "20", "0", "0", "0", "17", "0", "0", "0", "0", "16", "17", "18", "16", "0", "23", "19", "19", "16", "0", "0", "0", "15", "0", "0", "0", "0", "19", "21", "18", "22", "0", "19", "17", "16", "19", "0", "0", "0", "14", "0", "0", "0", "0", "0", "0", "0", "0", "0", "0", "0", "0", "0", "0", "0", "0", "0", "0", "0", "0", "0", "17", "18", "15", "22", "0", "19", "17", "21", "18", "0", "0", "0", "18", "0", "0", "0", "0", "0", "0", "0", "0", "0", "0", "0", "0", "0", "0", "0", "0", "0", "0", "0", "0", "0", "0", "0", "0", "0", "0", "0", "0", "0", "0", "0", "0", "0", "0", "0", "0", "0", "0", "0", "0", "0", "0", "0", "0", "0", "0", "0", "0", "0", "0", "0", "0", "0", "0", "0", "0", "0", "0", "0", "0", "0", "0", "0", "0", "0", "0", "0", "0", "0", "0", "0", "0", "0", "0", "0", "0", "0", "0", "0", "0", "0", "0", "0", "0", "0", "0", "0", "0", "0", "0", "0", "0", "0", "0", "0", "0", "0", "0", "0", "0", "0", "0", "0", "0", "0", "0", "23", "21", "17", "13", "0", "21", "22", "22", "19", "0", "0", "0", "21", "0", "0", "0", "0", "0", "0", "0", "0", "0", "0", "0", "0", "0", "0", "0", "0", "0", "0", "0", "0", "0"], ["13", "12", "0", "0", "0", "0", "0", "13", "11", "0", "10", "14", "11", "13", "12", "0", "0", "13", "14", "0", "0", "0", "0", "0", "13", "12", "0", "14", "14", "13", "14", "10", "0", "0", "11", "12", "0", "0", "0", "0", "0", "12", "13", "0", "11", "12", "12", "12", "13", "0", "0", "13", "13", "0", "0", "0", "0", "0", "12", "12", "0", "12", "16", "10", "12", "11", "0", "0", "12", "11", "0", "0", "0", "0", "0", "11", "14", "0", "11", "11", "15", "12", "12", "0", "0", "13", "11", "0", "0", "0", "0", "0", "12", "14", "0", "13", "12", "13", "10", "12", "0", "0", "13", "11", "0", "0", "0", "0", "0", "11", "13", "0", "13", "17", "13", "12", "13", "0", "0", "11", "11", "0", "0", "0", "0", "0", "10", "13", "0", "13", "12", "12", "11", "11", "0", "0", "0", "0", "0", "0", "0", "0", "0", "0", "0", "0", "0", "0", "0", "0", "0", "0", "0", "0", "0", "0", "0", "0", "0", "0", "0", "0", "0", "0", "0", "0", "0", "0", "0", "0", "0", "0", "0", "0", "0", "0", "0", "0", "0", "0", "0", "0", "0", "0", "0", "0", "0", "0", "0", "0", "0", "0", "0", "0", "0", "0", "0", "0", "0", "0", "0", "0", "0", "0", "0", "0", "0", "0", "0", "0", "0", "0", "0", "0", "0", "0", "0", "0", "0", "0", "0", "0", "0", "0", "0", "0", "0", "0", "0", "0", "0", "0", "0", "0", "0", "0", "0", "0", "0", "0", "0", "0", "0", "0", "0", "0", "0", "0", "0", "0", "0", "0", "0", "0", "0", "0", "0", "0", "0", "0", "0", "0", "0", "0", "0", "0", "0", "0", "0", "0", "0", "0", "13", "13", "0", "0", "0", "0", "0", "15", "16", "0", "12", "10", "12", "13", "12", "0", "0"]]}