{"state": {"resTurn": "64", "h": "6", "w": "12", "score": [["0", "-1", "1", "0", "1", "0", "0", "1", "0", "1", "-1", "0"], ["0", "1", "0", "0", "1", "1", "1", "1", "0", "0", "1", "0"], ["0", "0", "0", "0", "0", "1", "1", "0", "0", "0", "0", "0"], ["0", "0", "0", "0", "1", "1", "1", "1", "0", "0", "0", "0"], ["0", "1", "1", "1", "0", "1", "1", "0", "1", "1", "1", "0"], ["0", "-1", "0", "1", "1", "1", "1", "1", "1", "0", "-1", "0"]], "color": [["2", "2", "0", "1", "1", "1", "0", "1", "1", "1", "1", "1"], ["2", "2", "2", "1", "1", "1", "1", "1", "1", "1", "1", "0"], ["2", "2", "1", "1", "1", "1", "1", "1", "0", "0", "0", "0"], ["0", "0", "0", "1", "1", "2", "1", "2", "0", "0", "0", "0"], ["2", "2", "1", "1", "2", "2", "2", "2", "2", "2", "2", "2"], ["0", "1", "1", "1", "1", "2", "2", "2", "2", "2", "2", "2"]], "pos": [{"x": "3", "y": "5"}, {"x": "2", "y": "5"}, {"x": "1", "y": "1"}, {"x": "4", "y": "4"}]}, "q": "-0.0007012504561540844", "z": "1", "visitCount": [["26", "0", "0", "0", "21", "0", "26", "25", "30", "0", "0", "0", "0", "30", "0", "0", "0", "0", "0", "0", "0", "0", "0", "0", "0", "0", "0", "0", "0", "0", "0", "0", "0", "0", "0", "0", "0", "0", "0", "0", "0", "0", "0", "0", "0", "0", "0", "0", "0", "0", "0", "0", "0", "0", "0", "0", "0", "0", "0", "0", "0", "0", "0", "0", "0", "0", "0", "0", "35", "0", "0", "0", "31", "0", "30", "34", "28", "0", "0", "0", "0", "23", "0", "0", "0", "26", "0", "0", "0", "25", "0", "28", "31", "30", "0", "0", "0", "0", "26", "0", "0", "0", "29", "0", "0", "0", "28", "0", "29", "28", "18", "0", "0", "0", "0", "24", "0", "0", "0", "0", "0", "0", "0", "0", "0", "0", "0", "0", "0", "0", "0", "0", "0", "0", "0", "0", "30", "0", "0", "0", "31", "0", "16", "29", "39", "0", "0", "0", "0", "27", "0", "0", "0", "0", "0", "0", "0", "0", "0", "0", "0", "0", "0", "0", "0", "0", "0", "0", "0", "0", "0", "0", "0", "0", "0", "0", "0", "0", "0", "0", "0", "0", "0", "0", "0", "0", "0", "0", "0", "0", "0", "0", "0", "0", "0", "0", "0", "0", "0", "0", "0", "0", "0", "0", "0", "0", "0", "0", "0", "0", "0", "0", "0", "0", "0", "0", "0", "0", "0", "0", "0", "0", "0", "0", "0", "0", "0", "0", "0", "0", "0", "0", "0", "0", "0", "0", "0", "0", "0", "0", "0", "0", "0", "0", "0", "0", "0", "0", "0", "0", "0", "0", "0", "0", "0", "38", "0", "0", "0", "26", "0", "26", "33", "25", "0", "0", "0", "0", "19", "0", "0", "0", "0", "0", "0", "0", "0", "0", "0", "0", "0", "0", "0", "0", "0", "0", "0", "0", "0"], ["15", "10", "0", "0", "0", "0", "0", "13", "12", "0", "10", "13", "13", "15", "11", "0", "0", "0", "0", "0", "0", "0", "0", "0", "0", "0", "0", "0", "0", "0", "0", "0", "0", "0", "11", "13", "0", "0", "0", "0", "0", "12", "10", "0", "16", "11", "13", "13", "12", "0", "0", "10", "12", "0", "0", "0", "0", "0", "11", "11", "0", "13", "15", "11", "11", "14", "0", "0", "14", "11", "0", "0", "0", "0", "0", "14", "13", "0", "9", "13", "12", "13", "11", "0", "0", "12", "12", "0", "0", "0", "0", "0", "14", "13", "0", "10", "14", "13", "12", "13", "0", "0", "11", "10", "0", "0", "0", "0", "0", "10", "11", "0", "10", "14", "14", "11", "11", "0", "0", "12", "14", "0", "0", "0", "0", "0", "14", "10", "0", "13", "12", "14", "11", "14", "0", "0", "16", "11", "0", "0", "0", "0", "0", "12", "13", "0", "10", "13", "12", "15", "14", "0", "0", "12", "12", "0", "0", "0", "0", "0", "15", "13", "0", "14", "15", "11", "11", "11", "0", "0", "0", "0", "0", "0", "0", "0", "0", "0", "0", "0", "0", "0", "0", "0", "0", "0", "0", "0", "0", "0", "0", "0", "0", "0", "0", "0", "0", "0", "0", "0", "0", "0", "0", "0", "0", "0", "0", "0", "0", "0", "0", "0", "0", "0", "0", "0", "0", "0", "0", "0", "0", "0", "0", "0", "0", "0", "0", "0", "0", "0", "0", "0", "0", "0", "0", "0", "0", "0", "0", "0", "0", "0", "0", "0", "0", "0", "0", "0", "0", "0", "0", "0", "0", "0", "0", "0", "0", "0", "0", "0", "0", "0", "0", "0", "0", "0", "0", "0", "0", "0", "0", "0", "0", "0", "0", "0", "0", "0", "0", "0", "0", "0", "0", "0", "0", "0", "0", "0", "0"]]}