{"state": {"resTurn": "63", "h": "6", "w": "12", "score": [["0", "-1", "1", "0", "1", "0", "0", "1", "0", "1", "-1", "0"], ["0", "1", "0", "0", "1", "1", "1", "1", "0", "0", "1", "0"], ["0", "0", "0", "0", "0", "1", "1", "0", "0", "0", "0", "0"], ["0", "0", "0", "0", "1", "1", "1", "1", "0", "0", "0", "0"], ["0", "1", "1", "1", "0", "1", "1", "0", "1", "1", "1", "0"], ["0", "-1", "0", "1", "1", "1", "1", "1", "1", "0", "-1", "0"]], "color": [["2", "2", "0", "1", "1", "1", "0", "1", "1", "1", "1", "1"], ["2", "2", "2", "1", "1", "1", "1", "1", "1", "1", "1", "0"], ["2", "2", "1", "1", "1", "1", "1", "1", "0", "0", "0", "0"], ["0", "0", "0", "1", "1", "2", "1", "2", "0", "0", "0", "0"], ["2", "2", "1", "1", "2", "2", "2", "2", "2", "2", "2", "2"], ["0", "1", "1", "1", "1", "2", "2", "2", "2", "2", "2", "2"]], "pos": [{"x": "4", "y": "5"}, {"x": "3", "y": "5"}, {"x": "1", "y": "2"}, {"x": "4", "y": "4"}]}, "q": "-0.0003807060880459621", "z": "1", "visitCount": [["29", "0", "0", "0", "28", "20", "38", "0", "29", "0", "0", "0", "0", "0", "0", "24", "0", "0", "0", "0", "0", "0", "0", "0", "0", "0", "0", "0", "0", "0", "0", "0", "0", "0", "0", "0", "0", "0", "0", "0", "0", "0", "0", "0", "0", "0", "0", "0", "0", "0", "0", "0", "0", "0", "0", "0", "0", "0", "0", "0", "0", "0", "0", "0", "0", "0", "0", "0", "22", "0", "0", "0", "20", "31", "32", "0", "32", "0", "0", "0", "0", "0", "0", "22", "0", "33", "0", "0", "0", "37", "25", "31", "0", "31", "0", "0", "0", "0", "0", "0", "39", "0", "0", "0", "0", "0", "0", "0", "0", "0", "0", "0", "0", "0", "0", "0", "0", "0", "0", "0", "0", "0", "0", "0", "0", "0", "0", "0", "0", "0", "0", "0", "0", "0", "0", "0", "0", "0", "0", "0", "0", "0", "0", "0", "0", "0", "0", "0", "0", "0", "0", "0", "0", "0", "0", "0", "0", "0", "0", "0", "0", "0", "0", "0", "0", "0", "0", "0", "0", "0", "0", "0", "0", "0", "0", "0", "0", "0", "0", "0", "0", "0", "0", "0", "0", "0", "0", "0", "0", "0", "0", "0", "0", "0", "0", "0", "0", "0", "0", "0", "0", "0", "0", "0", "0", "0", "0", "0", "0", "0", "0", "0", "0", "0", "0", "0", "0", "0", "0", "0", "0", "0", "0", "0", "0", "0", "0", "0", "0", "0", "0", "0", "0", "0", "0", "0", "0", "0", "23", "0", "0", "0", "25", "31", "23", "0", "34", "0", "0", "0", "0", "0", "0", "22", "0", "25", "0", "0", "0", "27", "25", "32", "0", "26", "0", "0", "0", "0", "0", "0", "26", "0", "31", "0", "0", "0", "21", "41", "22", "0", "20", "0", "0", "0", "0", "0", "0", "23", "0"], ["11", "12", "0", "0", "0", "0", "0", "12", "12", "0", "12", "12", "12", "12", "12", "0", "0", "17", "11", "0", "0", "0", "0", "0", "11", "10", "0", "14", "11", "13", "11", "12", "0", "0", "13", "13", "0", "0", "0", "0", "0", "13", "13", "0", "11", "12", "14", "11", "11", "0", "0", "14", "10", "0", "0", "0", "0", "0", "11", "14", "0", "10", "15", "13", "14", "11", "0", "0", "12", "11", "0", "0", "0", "0", "0", "10", "15", "0", "14", "12", "10", "14", "12", "0", "0", "12", "11", "0", "0", "0", "0", "0", "12", "15", "0", "13", "10", "11", "12", "12", "0", "0", "16", "12", "0", "0", "0", "0", "0", "12", "11", "0", "11", "12", "12", "10", "15", "0", "0", "11", "12", "0", "0", "0", "0", "0", "15", "9", "0", "11", "14", "12", "14", "15", "0", "0", "0", "0", "0", "0", "0", "0", "0", "0", "0", "0", "0", "0", "0", "0", "0", "0", "0", "0", "0", "0", "0", "0", "0", "0", "0", "0", "0", "0", "0", "0", "0", "0", "0", "0", "0", "0", "0", "0", "0", "0", "0", "0", "0", "0", "0", "0", "0", "0", "0", "0", "0", "0", "0", "0", "0", "0", "0", "0", "0", "0", "0", "0", "0", "0", "0", "0", "0", "0", "0", "0", "0", "0", "0", "0", "0", "0", "0", "0", "0", "0", "0", "0", "0", "0", "0", "0", "0", "0", "0", "0", "0", "0", "0", "0", "0", "0", "0", "0", "0", "0", "0", "0", "0", "0", "0", "0", "0", "0", "0", "0", "0", "0", "0", "0", "0", "0", "0", "0", "0", "0", "0", "0", "0", "0", "0", "0", "0", "0", "0", "0", "0", "0", "0", "0", "0", "0", "11", "14", "0", "0", "0", "0", "0", "13", "11", "0", "18", "13", "13", "14", "11", "0", "0"]]}