{"state": {"resTurn": "62", "h": "6", "w": "12", "score": [["0", "-1", "1", "0", "1", "0", "0", "1", "0", "1", "-1", "0"], ["0", "1", "0", "0", "1", "1", "1", "1", "0", "0", "1", "0"], ["0", "0", "0", "0", "0", "1", "1", "0", "0", "0", "0", "0"], ["0", "0", "0", "0", "1", "1", "1", "1", "0", "0", "0", "0"], ["0", "1", "1", "1", "0", "1", "1", "0", "1", "1", "1", "0"], ["0", "-1", "0", "1", "1", "1", "1", "1", "1", "0", "-1", "0"]], "color": [["2", "2", "0", "1", "1", "1", "0", "1", "1", "1", "1", "1"], ["2", "2", "2", "1", "1", "1", "1", "1", "1", "1", "1", "0"], ["2", "2", "0", "1", "1", "1", "1", "1", "0", "0", "0", "0"], ["0", "0", "0", "1", "1", "2", "1", "2", "0", "0", "0", "0"], ["2", "2", "1", "1", "2", "2", "2", "2", "2", "2", "2", "2"], ["0", "1", "1", "1", "1", "0", "2", "2", "2", "2", "2", "2"]], "pos": [{"x": "4", "y": "5"}, {"x": "2", "y": "4"}, {"x": "1", "y": "2"}, {"x": "4", "y": "4"}]}, "q": "-0.0001275608156765161", "z": "1", "visitCount": [["22", "18", "16", "19", "0", "18", "17", "18", "18", "0", "0", "0", "13", "0", "0", "0", "0", "0", "0", "0", "0", "0", "0", "0", "0", "0", "0", "0", "0", "0", "0", "0", "0", "0", "0", "0", "0", "0", "0", "0", "0", "0", "0", "0", "0", "0", "0", "0", "0", "0", "0", "0", "0", "0", "0", "0", "0", "0", "0", "0", "0", "0", "0", "0", "0", "0", "0", "0", "17", "21", "19", "21", "0", "17", "14", "17", "13", "0", "0", "0", "24", "0", "0", "0", "0", "18", "21", "17", "18", "0", "15", "23", "19", "16", "0", "0", "0", "19", "0", "0", "0", "0", "0", "0", "0", "0", "0", "0", "0", "0", "0", "0", "0", "0", "0", "0", "0", "0", "0", "0", "0", "0", "0", "0", "0", "0", "0", "0", "0", "0", "0", "0", "0", "0", "0", "0", "21", "18", "16", "16", "0", "20", "22", "21", "17", "0", "0", "0", "15", "0", "0", "0", "0", "0", "0", "0", "0", "0", "0", "0", "0", "0", "0", "0", "0", "0", "0", "0", "0", "0", "0", "0", "0", "0", "0", "0", "0", "0", "0", "0", "0", "0", "0", "0", "0", "0", "0", "0", "0", "0", "0", "0", "0", "0", "0", "0", "0", "0", "0", "0", "0", "0", "0", "0", "0", "0", "0", "0", "0", "0", "0", "0", "0", "0", "0", "0", "0", "0", "0", "0", "0", "0", "0", "0", "0", "0", "0", "0", "0", "0", "0", "0", "0", "0", "0", "0", "0", "0", "19", "19", "20", "18", "0", "16", "21", "26", "19", "0", "0", "0", "16", "0", "0", "0", "0", "20", "21", "19", "21", "0", "18", "17", "19", "19", "0", "0", "0", "18", "0", "0", "0", "0", "0", "0", "0", "0", "0", "0", "0", "0", "0", "0", "0", "0", "0", "0", "0", "0", "0"], ["14", "14", "0", "0", "0", "0", "0", "13", "14", "0", "12", "11", "13", "11", "12", "0", "0", "13", "12", "0", "0", "0", "0", "0", "10", "11", "0", "12", "11", "11", "11", "13", "0", "0", "11", "11", "0", "0", "0", "0", "0", "11", "12", "0", "12", "15", "15", "14", "11", "0", "0", "11", "13", "0", "0", "0", "0", "0", "10", "12", "0", "12", "11", "11", "11", "13", "0", "0", "14", "11", "0", "0", "0", "0", "0", "11", "14", "0", "12", "15", "12", "11", "11", "0", "0", "11", "14", "0", "0", "0", "0", "0", "12", "12", "0", "11", "12", "14", "13", "10", "0", "0", "11", "14", "0", "0", "0", "0", "0", "14", "15", "0", "13", "17", "12", "12", "11", "0", "0", "14", "12", "0", "0", "0", "0", "0", "13", "13", "0", "12", "14", "13", "12", "13", "0", "0", "11", "13", "0", "0", "0", "0", "0", "13", "13", "0", "13", "13", "11", "12", "12", "0", "0", "0", "0", "0", "0", "0", "0", "0", "0", "0", "0", "0", "0", "0", "0", "0", "0", "0", "0", "0", "0", "0", "0", "0", "0", "0", "0", "0", "0", "0", "0", "0", "0", "0", "0", "0", "0", "0", "0", "0", "0", "0", "0", "0", "0", "0", "0", "0", "0", "0", "0", "0", "0", "0", "0", "0", "0", "0", "0", "0", "0", "0", "0", "0", "0", "0", "0", "0", "0", "0", "0", "0", "0", "0", "0", "0", "0", "0", "0", "0", "0", "0", "0", "0", "0", "0", "0", "0", "0", "0", "0", "0", "0", "0", "0", "0", "0", "0", "0", "0", "0", "0", "0", "0", "0", "0", "0", "0", "0", "0", "0", "0", "0", "0", "0", "0", "0", "0", "0", "0", "0", "0", "0", "0", "0", "0", "0", "0", "0", "0", "0", "0", "0", "0", "0", "0", "0"]]}