{"state": {"resTurn": "61", "h": "6", "w": "12", "score": [["0", "-1", "1", "0", "1", "0", "0", "1", "0", "1", "-1", "0"], ["0", "1", "0", "0", "1", "1", "1", "1", "0", "0", "1", "0"], ["0", "0", "0", "0", "0", "1", "1", "0", "0", "0", "0", "0"], ["0", "0", "0", "0", "1", "1", "1", "1", "0", "0", "0", "0"], ["0", "1", "1", "1", "0", "1", "1", "0", "1", "1", "1", "0"], ["0", "-1", "0", "1", "1", "1", "1", "1", "1", "0", "-1", "0"]], "color": [["2", "2", "0", "1", "1", "1", "0", "1", "1", "1", "1", "1"], ["2", "2", "2", "1", "1", "1", "1", "1", "1", "1", "1", "0"], ["2", "2", "0", "1", "1", "1", "1", "1", "0", "0", "0", "0"], ["0", "0", "0", "1", "1", "2", "1", "2", "0", "0", "0", "0"], ["2", "2", "1", "1", "2", "2", "2", "2", "2", "2", "2", "2"], ["0", "1", "1", "0", "1", "0", "2", "2", "2", "2", "2", "2"]], "pos": [{"x": "4", "y": "5"}, {"x": "3", "y": "3"}, {"x": "1", "y": "1"}, {"x": "4", "y": "4"}]}, "q": "-0.0003976730059495152", "z": "1", "visitCount": [["20", "0", "17", "20", "17", "14", "15", "20", "17", "21", "0", "0", "0", "0", "0", "0", "0", "0", "0", "0", "0", "0", "0", "0", "0", "0", "0", "0", "0", "0", "0", "0", "0", "0", "0", "0", "0", "0", "0", "0", "0", "0", "0", "0", "0", "0", "0", "0", "0", "0", "0", "0", "0", "0", "0", "0", "0", "0", "0", "0", "0", "0", "0", "0", "0", "0", "0", "0", "14", "0", "16", "19", "21", "19", "23", "15", "18", "21", "0", "0", "0", "0", "0", "0", "0", "19", "0", "22", "21", "16", "17", "23", "18", "21", "16", "0", "0", "0", "0", "0", "0", "0", "0", "0", "0", "0", "0", "0", "0", "0", "0", "0", "0", "0", "0", "0", "0", "0", "0", "0", "0", "0", "0", "0", "0", "0", "0", "0", "0", "0", "0", "0", "0", "0", "0", "0", "20", "0", "17", "22", "16", "15", "18", "20", "22", "17", "0", "0", "0", "0", "0", "0", "0", "0", "0", "0", "0", "0", "0", "0", "0", "0", "0", "0", "0", "0", "0", "0", "0", "0", "0", "0", "0", "0", "0", "0", "0", "0", "0", "0", "0", "0", "0", "0", "0", "0", "0", "0", "0", "0", "0", "0", "0", "0", "0", "0", "0", "0", "0", "0", "0", "0", "0", "0", "0", "0", "0", "0", "0", "0", "0", "0", "0", "0", "0", "0", "0", "0", "0", "0", "0", "0", "0", "0", "0", "0", "0", "0", "0", "0", "0", "0", "0", "0", "0", "0", "0", "0", "15", "0", "19", "23", "19", "21", "18", "20", "18", "20", "0", "0", "0", "0", "0", "0", "0", "20", "0", "14", "18", "15", "18", "17", "23", "17", "18", "0", "0", "0", "0", "0", "0", "0", "0", "0", "0", "0", "0", "0", "0", "0", "0", "0", "0", "0", "0", "0", "0", "0", "0"], ["12", "13", "0", "12", "0", "0", "0", "12", "14", "0", "13", "0", "11", "13", "13", "0", "0", "12", "14", "0", "10", "0", "0", "0", "12", "13", "0", "12", "0", "11", "10", "14", "0", "0", "14", "12", "0", "12", "0", "0", "0", "12", "10", "0", "14", "0", "14", "14", "10", "0", "0", "11", "12", "0", "12", "0", "0", "0", "10", "12", "0", "12", "0", "12", "14", "12", "0", "0", "12", "13", "0", "15", "0", "0", "0", "10", "11", "0", "12", "0", "16", "12", "11", "0", "0", "14", "12", "0", "13", "0", "0", "0", "13", "13", "0", "15", "0", "13", "11", "12", "0", "0", "13", "16", "0", "11", "0", "0", "0", "12", "11", "0", "11", "0", "14", "13", "12", "0", "0", "13", "12", "0", "11", "0", "0", "0", "11", "12", "0", "13", "0", "11", "11", "14", "0", "0", "14", "11", "0", "11", "0", "0", "0", "11", "13", "0", "13", "0", "12", "12", "14", "0", "0", "0", "0", "0", "0", "0", "0", "0", "0", "0", "0", "0", "0", "0", "0", "0", "0", "0", "0", "0", "0", "0", "0", "0", "0", "0", "0", "0", "0", "0", "0", "0", "0", "0", "0", "0", "0", "0", "0", "0", "0", "0", "0", "0", "0", "0", "0", "0", "0", "0", "0", "0", "0", "0", "0", "0", "0", "0", "0", "0", "0", "0", "0", "0", "0", "0", "0", "0", "0", "0", "0", "0", "0", "0", "0", "0", "0", "0", "0", "0", "0", "0", "0", "0", "0", "0", "0", "0", "0", "0", "0", "0", "0", "0", "0", "0", "0", "0", "0", "0", "0", "0", "0", "0", "0", "0", "0", "0", "0", "0", "0", "0", "0", "0", "0", "0", "0", "0", "0", "0", "0", "0", "0", "0", "0", "0", "0", "0", "0", "0", "0", "0", "0", "0", "0", "0", "0"]]}