{"state": {"resTurn": "105", "h": "6", "w": "12", "score": [["0", "-1", "1", "0", "1", "0", "0", "1", "0", "1", "-1", "0"], ["0", "1", "0", "0", "1", "1", "1", "1", "0", "0", "1", "0"], ["0", "0", "0", "0", "0", "1", "1", "0", "0", "0", "0", "0"], ["0", "0", "0", "0", "1", "1", "1", "1", "0", "0", "0", "0"], ["0", "1", "1", "1", "0", "1", "1", "0", "1", "1", "1", "0"], ["0", "-1", "0", "1", "1", "1", "1", "1", "1", "0", "-1", "0"]], "color": [["2", "2", "0", "0", "0", "0", "0", "0", "0", "1", "1", "0"], ["2", "2", "2", "0", "0", "0", "0", "0", "1", "1", "1", "0"], ["0", "0", "0", "0", "0", "0", "0", "0", "0", "0", "0", "0"], ["0", "0", "0", "0", "0", "0", "0", "0", "0", "0", "0", "0"], ["0", "0", "0", "0", "1", "1", "0", "0", "0", "0", "2", "2"], ["0", "0", "0", "1", "1", "0", "0", "0", "2", "2", "0", "2"]], "pos": [{"x": "10", "y": "1"}, {"x": "5", "y": "4"}, {"x": "0", "y": "1"}, {"x": "11", "y": "4"}]}, "q": "-0.0001848104091311299", "z": "1", "visitCount": [["11", "11", "11", "14", "13", "16", "11", "12", "13", "0", "0", "0", "0", "0", "0", "0", "0", "12", "12", "14", "12", "13", "11", "13", "10", "13", "0", "0", "0", "0", "0", "0", "0", "0", "12", "12", "12", "10", "10", "12", "11", "12", "11", "0", "0", "0", "0", "0", "0", "0", "0", "12", "12", "14", "11", "13", "13", "10", "12", "12", "0", "0", "0", "0", "0", "0", "0", "0", "12", "13", "13", "13", "13", "13", "11", "13", "13", "0", "0", "0", "0", "0", "0", "0", "0", "13", "15", "11", "12", "13", "13", "12", "13", "12", "0", "0", "0", "0", "0", "0", "0", "0", "15", "13", "13", "11", "13", "16", "11", "15", "13", "0", "0", "0", "0", "0", "0", "0", "0", "12", "13", "13", "13", "11", "12", "12", "13", "11", "0", "0", "0", "0", "0", "0", "0", "0", "11", "13", "14", "12", "13", "12", "12", "13", "13", "0", "0", "0", "0", "0", "0", "0", "0", "0", "0", "0", "0", "0", "0", "0", "0", "0", "0", "0", "0", "0", "0", "0", "0", "0", "0", "0", "0", "0", "0", "0", "0", "0", "0", "0", "0", "0", "0", "0", "0", "0", "0", "0", "0", "0", "0", "0", "0", "0", "0", "0", "0", "0", "0", "0", "0", "0", "0", "0", "0", "0", "0", "0", "0", "0", "0", "0", "0", "0", "0", "0", "0", "0", "0", "0", "0", "0", "0", "0", "0", "0", "0", "0", "0", "0", "0", "0", "0", "0", "0", "0", "0", "0", "0", "0", "0", "0", "0", "0", "0", "0", "0", "0", "0", "0", "0", "0", "0", "0", "0", "0", "0", "0", "0", "0", "0", "0", "0", "0", "0", "0", "0", "0", "0", "0", "0", "0", "0", "0", "0", "0", "0", "0", "0", "0", "0", "0", "0", "0", "0", "0", "0", "0", "0"], ["25", "0", "27", "26", "26", "29", "28", "0", "0", "0", "0", "0", "0", "0", "0", "0", "0", "19", "0", "27", "28", "32", "27", "23", "0", "0", "0", "0", "0", "0", "0", "0", "0", "0", "27", "0", "28", "33", "27", "28", "32", "0", "0", "0", "0", "0", "0", "0", "0", "0", "0", "0", "0", "0", "0", "0", "0", "0", "0", "0", "0", "0", "0", "0", "0", "0", "0", "0", "0", "0", "0", "0", "0", "0", "0", "0", "0", "0", "0", "0", "0", "0", "0", "0", "0", "0", "0", "0", "0", "0", "0", "0", "0", "0", "0", "0", "0", "0", "0", "0", "0", "0", "26", "0", "27", "31", "29", "29", "33", "0", "0", "0", "0", "0", "0", "0", "0", "0", "0", "31", "0", "30", "25", "26", "24", "29", "0", "0", "0", "0", "0", "0", "0", "0", "0", "0", "33", "0", "27", "28", "29", "25", "30", "0", "0", "0", "0", "0", "0", "0", "0", "0", "0", "0", "0", "0", "0", "0", "0", "0", "0", "0", "0", "0", "0", "0", "0", "0", "0", "0", "0", "0", "0", "0", "0", "0", "0", "0", "0", "0", "0", "0", "0", "0", "0", "0", "0", "0", "0", "0", "0", "0", "0", "0", "0", "0", "0", "0", "0", "0", "0", "0", "0", "0", "0", "0", "0", "0", "0", "0", "0", "0", "0", "0", "0", "0", "0", "0", "0", "0", "0", "0", "0", "0", "0", "0", "0", "0", "0", "0", "0", "0", "0", "0", "0", "0", "0", "0", "0", "0", "0", "0", "0", "0", "0", "0", "0", "0", "0", "0", "0", "0", "0", "0", "0", "0", "0", "0", "0", "0", "0", "0", "0", "0", "0", "0", "0", "0", "0", "0", "0", "0", "0", "0", "0", "0", "0", "0", "0", "0", "0", "0", "0", "0", "0", "0", "0", "0", "0"]]}