{"state": {"resTurn": "57", "h": "6", "w": "12", "score": [["0", "-1", "1", "0", "1", "0", "0", "1", "0", "1", "-1", "0"], ["0", "1", "0", "0", "1", "1", "1", "1", "0", "0", "1", "0"], ["0", "0", "0", "0", "0", "1", "1", "0", "0", "0", "0", "0"], ["0", "0", "0", "0", "1", "1", "1", "1", "0", "0", "0", "0"], ["0", "1", "1", "1", "0", "1", "1", "0", "1", "1", "1", "0"], ["0", "-1", "0", "1", "1", "1", "1", "1", "1", "0", "-1", "0"]], "color": [["2", "2", "0", "1", "1", "1", "0", "1", "1", "1", "1", "1"], ["2", "2", "2", "1", "1", "1", "1", "1", "1", "1", "1", "0"], ["2", "2", "0", "1", "1", "1", "1", "1", "0", "0", "0", "0"], ["0", "0", "0", "0", "1", "2", "1", "2", "0", "0", "0", "0"], ["2", "2", "1", "2", "2", "2", "2", "2", "2", "2", "2", "2"], ["0", "1", "1", "1", "1", "1", "2", "2", "2", "2", "2", "2"]], "pos": [{"x": "5", "y": "5"}, {"x": "3", "y": "0"}, {"x": "2", "y": "1"}, {"x": "3", "y": "4"}]}, "q": "-0.0001775747184613869", "z": "1", "visitCount": [["32", "37", "27", "0", "28", "0", "0", "0", "21", "0", "0", "32", "0", "0", "0", "0", "0", "0", "0", "0", "0", "0", "0", "0", "0", "0", "0", "0", "0", "0", "0", "0", "0", "0", "0", "0", "0", "0", "0", "0", "0", "0", "0", "0", "0", "0", "0", "0", "0", "0", "0", "0", "0", "0", "0", "0", "0", "0", "0", "0", "0", "0", "0", "0", "0", "0", "0", "0", "32", "27", "31", "0", "21", "0", "0", "0", "28", "0", "0", "26", "0", "0", "0", "0", "0", "0", "0", "0", "0", "0", "0", "0", "0", "0", "0", "0", "0", "0", "0", "0", "0", "0", "0", "0", "0", "0", "0", "0", "0", "0", "0", "0", "0", "0", "0", "0", "0", "0", "0", "0", "0", "0", "0", "0", "0", "0", "0", "0", "0", "0", "0", "0", "0", "0", "0", "0", "0", "0", "0", "0", "0", "0", "0", "0", "0", "0", "0", "0", "0", "0", "0", "0", "0", "0", "0", "0", "0", "0", "0", "0", "0", "0", "0", "0", "0", "0", "0", "0", "0", "0", "0", "0", "0", "0", "0", "0", "0", "0", "0", "0", "0", "0", "0", "0", "0", "0", "0", "0", "0", "0", "0", "0", "0", "0", "0", "0", "0", "0", "0", "0", "0", "0", "0", "0", "0", "0", "0", "0", "0", "0", "0", "0", "0", "0", "0", "0", "0", "0", "0", "0", "0", "29", "31", "26", "0", "25", "0", "0", "0", "31", "0", "0", "29", "0", "0", "0", "0", "0", "19", "32", "23", "0", "25", "0", "0", "0", "26", "0", "0", "27", "0", "0", "0", "0", "0", "25", "34", "29", "0", "28", "0", "0", "0", "27", "0", "0", "29", "0", "0", "0", "0", "0", "26", "28", "22", "0", "30", "0", "0", "0", "29", "0", "0", "28", "0", "0", "0", "0", "0"], ["14", "0", "0", "0", "0", "14", "14", "0", "13", "15", "11", "12", "14", "0", "0", "12", "0", "0", "0", "0", "0", "0", "0", "0", "0", "0", "0", "0", "0", "0", "0", "0", "0", "0", "10", "0", "0", "0", "0", "12", "10", "0", "12", "13", "14", "11", "13", "0", "0", "13", "0", "12", "0", "0", "0", "0", "12", "14", "0", "14", "12", "12", "12", "16", "0", "0", "12", "0", "16", "0", "0", "0", "0", "12", "13", "0", "10", "13", "14", "10", "11", "0", "0", "13", "0", "11", "0", "0", "0", "0", "11", "10", "0", "12", "12", "9", "10", "13", "0", "0", "11", "0", "10", "0", "0", "0", "0", "13", "10", "0", "12", "10", "12", "15", "12", "0", "0", "13", "0", "0", "0", "0", "0", "0", "0", "0", "0", "0", "0", "0", "0", "0", "0", "0", "0", "0", "0", "0", "0", "0", "0", "0", "0", "0", "0", "0", "0", "0", "0", "0", "0", "0", "0", "11", "0", "0", "0", "0", "12", "14", "0", "13", "12", "13", "12", "9", "0", "0", "12", "0", "0", "0", "0", "0", "0", "0", "0", "0", "0", "0", "0", "0", "0", "0", "0", "0", "0", "0", "0", "0", "0", "0", "0", "0", "0", "0", "0", "0", "0", "0", "0", "0", "0", "0", "0", "0", "0", "0", "0", "0", "0", "0", "0", "0", "0", "0", "0", "0", "0", "0", "0", "0", "0", "0", "0", "0", "0", "0", "0", "0", "0", "0", "0", "0", "0", "0", "0", "0", "0", "0", "0", "0", "0", "0", "0", "0", "0", "0", "0", "0", "0", "0", "0", "0", "0", "13", "0", "0", "0", "0", "16", "12", "0", "13", "16", "13", "13", "13", "0", "0", "11", "0", "12", "0", "0", "0", "0", "12", "14", "0", "11", "11", "12", "15", "11", "0", "0", "13", "0"]]}