{"state": {"resTurn": "56", "h": "6", "w": "12", "score": [["0", "-1", "1", "0", "1", "0", "0", "1", "0", "1", "-1", "0"], ["0", "1", "0", "0", "1", "1", "1", "1", "0", "0", "1", "0"], ["0", "0", "0", "0", "0", "1", "1", "0", "0", "0", "0", "0"], ["0", "0", "0", "0", "1", "1", "1", "1", "0", "0", "0", "0"], ["0", "1", "1", "1", "0", "1", "1", "0", "1", "1", "1", "0"], ["0", "-1", "0", "1", "1", "1", "1", "1", "1", "0", "-1", "0"]], "color": [["2", "2", "0", "1", "1", "1", "0", "1", "1", "1", "1", "1"], ["2", "2", "2", "1", "1", "1", "1", "1", "1", "1", "1", "0"], ["2", "2", "0", "1", "1", "1", "1", "1", "0", "0", "0", "0"], ["0", "0", "0", "0", "1", "2", "1", "2", "0", "0", "0", "0"], ["2", "2", "0", "2", "2", "2", "2", "2", "2", "2", "2", "2"], ["0", "1", "1", "1", "1", "1", "2", "2", "2", "2", "2", "2"]], "pos": [{"x": "5", "y": "5"}, {"x": "4", "y": "1"}, {"x": "1", "y": "2"}, {"x": "3", "y": "4"}]}, "q": "-0.0003303154246610138", "z": "1", "visitCount": [["18", "15", "16", "18", "17", "23", "17", "21", "16", "0", "0", "0", "0", "0", "0", "0", "0", "0", "0", "0", "0", "0", "0", "0", "0", "0", "0", "0", "0", "0", "0", "0", "0", "0", "0", "0", "0", "0", "0", "0", "0", "0", "0", "0", "0", "0", "0", "0", "0", "0", "0", "0", "0", "0", "0", "0", "0", "0", "0", "0", "0", "0", "0", "0", "0", "0", "0", "0", "18", "19", "13", "18", "20", "20", "20", "17", "17", "0", "0", "0", "0", "0", "0", "0", "0", "0", "0", "0", "0", "0", "0", "0", "0", "0", "0", "0", "0", "0", "0", "0", "0", "0", "0", "0", "0", "0", "0", "0", "0", "0", "0", "0", "0", "0", "0", "0", "0", "0", "0", "0", "0", "0", "0", "0", "0", "0", "0", "0", "0", "0", "0", "0", "0", "0", "0", "0", "0", "0", "0", "0", "0", "0", "0", "0", "0", "0", "0", "0", "0", "0", "0", "0", "0", "0", "0", "0", "0", "0", "0", "0", "0", "0", "0", "0", "0", "0", "0", "0", "0", "0", "0", "0", "0", "0", "0", "0", "0", "0", "0", "0", "0", "0", "0", "0", "0", "0", "0", "0", "0", "0", "0", "0", "0", "0", "0", "0", "0", "0", "0", "0", "0", "0", "0", "0", "0", "0", "0", "0", "0", "0", "0", "0", "0", "0", "0", "0", "0", "0", "0", "0", "0", "18", "18", "19", "18", "17", "19", "20", "19", "16", "0", "0", "0", "0", "0", "0", "0", "0", "20", "23", "21", "12", "15", "20", "21", "18", "15", "0", "0", "0", "0", "0", "0", "0", "0", "20", "13", "16", "15", "16", "16", "18", "20", "19", "0", "0", "0", "0", "0", "0", "0", "0", "23", "19", "21", "23", "17", "22", "24", "23", "23", "0", "0", "0", "0", "0", "0", "0", "0"], ["15", "0", "0", "0", "14", "11", "12", "0", "14", "10", "10", "11", "0", "0", "0", "15", "0", "13", "0", "0", "0", "14", "13", "11", "0", "12", "13", "14", "12", "0", "0", "0", "11", "0", "12", "0", "0", "0", "9", "13", "13", "0", "11", "12", "13", "15", "0", "0", "0", "16", "0", "12", "0", "0", "0", "15", "13", "12", "0", "14", "12", "15", "11", "0", "0", "0", "14", "0", "12", "0", "0", "0", "13", "14", "12", "0", "14", "13", "13", "10", "0", "0", "0", "14", "0", "12", "0", "0", "0", "15", "10", "11", "0", "11", "13", "10", "13", "0", "0", "0", "12", "0", "14", "0", "0", "0", "11", "12", "13", "0", "10", "14", "11", "15", "0", "0", "0", "11", "0", "12", "0", "0", "0", "15", "13", "12", "0", "10", "12", "13", "10", "0", "0", "0", "10", "0", "12", "0", "0", "0", "11", "10", "12", "0", "12", "11", "11", "14", "0", "0", "0", "10", "0", "0", "0", "0", "0", "0", "0", "0", "0", "0", "0", "0", "0", "0", "0", "0", "0", "0", "0", "0", "0", "0", "0", "0", "0", "0", "0", "0", "0", "0", "0", "0", "0", "0", "0", "0", "0", "0", "0", "0", "0", "0", "0", "0", "0", "0", "0", "0", "0", "0", "0", "0", "0", "0", "0", "0", "0", "0", "0", "0", "0", "0", "0", "0", "0", "0", "0", "0", "0", "0", "0", "0", "0", "0", "0", "0", "0", "0", "0", "0", "0", "0", "0", "0", "0", "0", "0", "0", "0", "0", "0", "0", "0", "0", "0", "0", "0", "0", "0", "0", "0", "0", "0", "0", "0", "0", "0", "0", "0", "0", "0", "0", "0", "0", "0", "0", "0", "0", "0", "0", "0", "0", "0", "0", "0", "0", "0", "0", "0", "0", "0", "0", "0", "0", "0", "0", "0"]]}