{"state": {"resTurn": "55", "h": "6", "w": "12", "score": [["0", "-1", "1", "0", "1", "0", "0", "1", "0", "1", "-1", "0"], ["0", "1", "0", "0", "1", "1", "1", "1", "0", "0", "1", "0"], ["0", "0", "0", "0", "0", "1", "1", "0", "0", "0", "0", "0"], ["0", "0", "0", "0", "1", "1", "1", "1", "0", "0", "0", "0"], ["0", "1", "1", "1", "0", "1", "1", "0", "1", "1", "1", "0"], ["0", "-1", "0", "1", "1", "1", "1", "1", "1", "0", "-1", "0"]], "color": [["2", "2", "0", "1", "1", "1", "0", "1", "1", "1", "1", "1"], ["2", "2", "2", "1", "1", "1", "1", "1", "1", "1", "1", "0"], ["2", "2", "0", "1", "1", "1", "1", "1", "0", "0", "0", "0"], ["0", "2", "0", "0", "0", "2", "1", "2", "0", "0", "0", "0"], ["2", "2", "0", "2", "2", "2", "2", "2", "2", "2", "2", "2"], ["0", "1", "1", "1", "1", "1", "0", "2", "2", "2", "2", "2"]], "pos": [{"x": "5", "y": "5"}, {"x": "4", "y": "0"}, {"x": "1", "y": "3"}, {"x": "3", "y": "4"}]}, "q": "-0.0008671477914020944", "z": "1", "visitCount": [["26", "25", "26", "29", "25", "0", "0", "0", "34", "0", "0", "0", "0", "0", "0", "0", "0", "0", "0", "0", "0", "0", "0", "0", "0", "0", "0", "0", "0", "0", "0", "0", "0", "0", "0", "0", "0", "0", "0", "0", "0", "0", "0", "0", "0", "0", "0", "0", "0", "0", "0", "0", "0", "0", "0", "0", "0", "0", "0", "0", "0", "0", "0", "0", "0", "0", "0", "0", "25", "29", "32", "30", "25", "0", "0", "0", "25", "0", "0", "0", "0", "0", "0", "0", "0", "0", "0", "0", "0", "0", "0", "0", "0", "0", "0", "0", "0", "0", "0", "0", "0", "0", "0", "0", "0", "0", "0", "0", "0", "0", "0", "0", "0", "0", "0", "0", "0", "0", "0", "0", "0", "0", "0", "0", "0", "0", "0", "0", "0", "0", "0", "0", "0", "0", "0", "0", "36", "33", "31", "33", "33", "0", "0", "0", "29", "0", "0", "0", "0", "0", "0", "0", "0", "0", "0", "0", "0", "0", "0", "0", "0", "0", "0", "0", "0", "0", "0", "0", "0", "0", "0", "0", "0", "0", "0", "0", "0", "0", "0", "0", "0", "0", "0", "0", "0", "0", "0", "0", "0", "0", "0", "0", "0", "0", "0", "0", "0", "0", "0", "0", "0", "0", "0", "0", "0", "0", "0", "0", "0", "0", "0", "0", "0", "0", "0", "0", "0", "0", "0", "0", "0", "25", "30", "29", "23", "27", "0", "0", "0", "23", "0", "0", "0", "0", "0", "0", "0", "0", "27", "23", "32", "29", "27", "0", "0", "0", "22", "0", "0", "0", "0", "0", "0", "0", "0", "21", "28", "24", "35", "25", "0", "0", "0", "24", "0", "0", "0", "0", "0", "0", "0", "0", "0", "0", "0", "0", "0", "0", "0", "0", "0", "0", "0", "0", "0", "0", "0", "0", "0"], ["11", "0", "0", "0", "14", "13", "10", "13", "11", "13", "13", "11", "0", "0", "0", "0", "0", "14", "0", "0", "0", "15", "14", "12", "14", "15", "13", "12", "11", "0", "0", "0", "0", "0", "14", "0", "0", "0", "13", "12", "9", "10", "11", "12", "10", "10", "0", "0", "0", "0", "0", "13", "0", "0", "0", "11", "12", "12", "11", "12", "13", "12", "13", "0", "0", "0", "0", "0", "12", "0", "0", "0", "13", "11", "12", "12", "12", "12", "12", "15", "0", "0", "0", "0", "0", "12", "0", "0", "0", "14", "12", "12", "12", "14", "11", "11", "12", "0", "0", "0", "0", "0", "13", "0", "0", "0", "14", "12", "10", "12", "11", "12", "12", "14", "0", "0", "0", "0", "0", "11", "0", "0", "0", "13", "12", "13", "13", "13", "14", "12", "13", "0", "0", "0", "0", "0", "12", "0", "0", "0", "15", "13", "13", "12", "13", "12", "11", "15", "0", "0", "0", "0", "0", "0", "0", "0", "0", "0", "0", "0", "0", "0", "0", "0", "0", "0", "0", "0", "0", "0", "0", "0", "0", "0", "0", "0", "0", "0", "0", "0", "0", "0", "0", "0", "0", "0", "0", "0", "0", "0", "0", "0", "0", "0", "0", "0", "0", "0", "0", "0", "0", "0", "0", "0", "0", "0", "0", "0", "0", "0", "0", "0", "0", "0", "0", "0", "0", "0", "0", "0", "0", "0", "0", "0", "0", "0", "0", "0", "0", "0", "0", "0", "0", "0", "0", "0", "0", "0", "0", "0", "0", "0", "0", "0", "0", "0", "0", "0", "0", "0", "0", "0", "0", "0", "0", "0", "0", "0", "0", "0", "0", "0", "0", "0", "0", "0", "0", "0", "0", "0", "0", "0", "0", "0", "0", "0", "0", "0", "0", "0", "0", "0", "0", "0", "0", "0", "0", "0", "0"]]}