{"state": {"resTurn": "54", "h": "6", "w": "12", "score": [["0", "-1", "1", "0", "1", "0", "0", "1", "0", "1", "-1", "0"], ["0", "1", "0", "0", "1", "1", "1", "1", "0", "0", "1", "0"], ["0", "0", "0", "0", "0", "1", "1", "0", "0", "0", "0", "0"], ["0", "0", "0", "0", "1", "1", "1", "1", "0", "0", "0", "0"], ["0", "1", "1", "1", "0", "1", "1", "0", "1", "1", "1", "0"], ["0", "-1", "0", "1", "1", "1", "1", "1", "1", "0", "-1", "0"]], "color": [["2", "2", "0", "1", "1", "1", "0", "1", "1", "1", "1", "1"], ["2", "2", "2", "1", "1", "1", "1", "1", "1", "1", "1", "0"], ["2", "2", "0", "1", "1", "1", "1", "1", "0", "0", "0", "0"], ["0", "2", "0", "0", "0", "2", "1", "2", "0", "0", "0", "0"], ["2", "2", "0", "2", "2", "2", "2", "2", "2", "2", "2", "2"], ["0", "1", "1", "1", "1", "1", "1", "2", "2", "2", "2", "2"]], "pos": [{"x": "6", "y": "5"}, {"x": "4", "y": "0"}, {"x": "1", "y": "3"}, {"x": "3", "y": "4"}]}, "q": "-0.0007501158031460605", "z": "1", "visitCount": [["24", "28", "36", "28", "26", "0", "0", "0", "26", "0", "0", "0", "0", "0", "0", "0", "0", "0", "0", "0", "0", "0", "0", "0", "0", "0", "0", "0", "0", "0", "0", "0", "0", "0", "0", "0", "0", "0", "0", "0", "0", "0", "0", "0", "0", "0", "0", "0", "0", "0", "0", "0", "0", "0", "0", "0", "0", "0", "0", "0", "0", "0", "0", "0", "0", "0", "0", "0", "31", "34", "27", "30", "23", "0", "0", "0", "26", "0", "0", "0", "0", "0", "0", "0", "0", "0", "0", "0", "0", "0", "0", "0", "0", "0", "0", "0", "0", "0", "0", "0", "0", "0", "0", "0", "0", "0", "0", "0", "0", "0", "0", "0", "0", "0", "0", "0", "0", "0", "0", "0", "0", "0", "0", "0", "0", "0", "0", "0", "0", "0", "0", "0", "0", "0", "0", "0", "0", "0", "0", "0", "0", "0", "0", "0", "0", "0", "0", "0", "0", "0", "0", "0", "0", "0", "0", "0", "0", "0", "0", "0", "0", "0", "0", "0", "0", "0", "0", "0", "0", "0", "0", "0", "0", "0", "0", "0", "0", "0", "0", "0", "0", "0", "0", "0", "0", "0", "0", "0", "0", "0", "0", "0", "0", "0", "0", "0", "0", "0", "0", "0", "0", "0", "0", "0", "0", "0", "0", "0", "0", "0", "0", "0", "0", "0", "0", "0", "0", "0", "0", "0", "0", "21", "24", "24", "30", "24", "0", "0", "0", "25", "0", "0", "0", "0", "0", "0", "0", "0", "31", "35", "31", "24", "27", "0", "0", "0", "30", "0", "0", "0", "0", "0", "0", "0", "0", "26", "28", "26", "24", "29", "0", "0", "0", "36", "0", "0", "0", "0", "0", "0", "0", "0", "30", "21", "31", "26", "28", "0", "0", "0", "30", "0", "0", "0", "0", "0", "0", "0", "0"], ["12", "0", "0", "0", "11", "11", "11", "13", "12", "12", "13", "10", "0", "0", "0", "0", "0", "13", "0", "0", "0", "11", "14", "16", "15", "12", "12", "12", "13", "0", "0", "0", "0", "0", "14", "0", "0", "0", "13", "12", "12", "12", "11", "9", "11", "12", "0", "0", "0", "0", "0", "11", "0", "0", "0", "13", "12", "13", "13", "12", "14", "11", "13", "0", "0", "0", "0", "0", "12", "0", "0", "0", "11", "11", "14", "12", "12", "13", "12", "13", "0", "0", "0", "0", "0", "13", "0", "0", "0", "13", "13", "12", "11", "12", "12", "10", "12", "0", "0", "0", "0", "0", "11", "0", "0", "0", "14", "13", "13", "13", "12", "14", "11", "13", "0", "0", "0", "0", "0", "14", "0", "0", "0", "13", "13", "12", "11", "13", "11", "15", "11", "0", "0", "0", "0", "0", "12", "0", "0", "0", "11", "13", "14", "15", "13", "14", "11", "11", "0", "0", "0", "0", "0", "0", "0", "0", "0", "0", "0", "0", "0", "0", "0", "0", "0", "0", "0", "0", "0", "0", "0", "0", "0", "0", "0", "0", "0", "0", "0", "0", "0", "0", "0", "0", "0", "0", "0", "0", "0", "0", "0", "0", "0", "0", "0", "0", "0", "0", "0", "0", "0", "0", "0", "0", "0", "0", "0", "0", "0", "0", "0", "0", "0", "0", "0", "0", "0", "0", "0", "0", "0", "0", "0", "0", "0", "0", "0", "0", "0", "0", "0", "0", "0", "0", "0", "0", "0", "0", "0", "0", "0", "0", "0", "0", "0", "0", "0", "0", "0", "0", "0", "0", "0", "0", "0", "0", "0", "0", "0", "0", "0", "0", "0", "0", "0", "0", "0", "0", "0", "0", "0", "0", "0", "0", "0", "0", "0", "0", "0", "0", "0", "0", "0", "0", "0", "0", "0", "0", "0"]]}