{"state": {"resTurn": "53", "h": "6", "w": "12", "score": [["0", "-1", "1", "0", "1", "0", "0", "1", "0", "1", "-1", "0"], ["0", "1", "0", "0", "1", "1", "1", "1", "0", "0", "1", "0"], ["0", "0", "0", "0", "0", "1", "1", "0", "0", "0", "0", "0"], ["0", "0", "0", "0", "1", "1", "1", "1", "0", "0", "0", "0"], ["0", "1", "1", "1", "0", "1", "1", "0", "1", "1", "1", "0"], ["0", "-1", "0", "1", "1", "1", "1", "1", "1", "0", "-1", "0"]], "color": [["2", "2", "0", "1", "1", "1", "0", "1", "1", "1", "1", "1"], ["2", "2", "2", "1", "1", "1", "1", "1", "1", "1", "1", "0"], ["2", "2", "0", "1", "1", "1", "1", "1", "0", "0", "0", "0"], ["0", "2", "0", "2", "0", "2", "1", "2", "0", "0", "0", "0"], ["2", "2", "2", "2", "2", "2", "2", "2", "2", "2", "2", "2"], ["0", "1", "1", "1", "1", "1", "1", "2", "2", "2", "2", "2"]], "pos": [{"x": "6", "y": "5"}, {"x": "4", "y": "1"}, {"x": "2", "y": "4"}, {"x": "3", "y": "3"}]}, "q": "-0.0008144042865913951", "z": "1", "visitCount": [["20", "19", "13", "15", "22", "19", "19", "15", "19", "0", "0", "0", "0", "0", "0", "0", "0", "0", "0", "0", "0", "0", "0", "0", "0", "0", "0", "0", "0", "0", "0", "0", "0", "0", "0", "0", "0", "0", "0", "0", "0", "0", "0", "0", "0", "0", "0", "0", "0", "0", "0", "0", "0", "0", "0", "0", "0", "0", "0", "0", "0", "0", "0", "0", "0", "0", "0", "0", "26", "20", "13", "16", "17", "16", "18", "16", "19", "0", "0", "0", "0", "0", "0", "0", "0", "0", "0", "0", "0", "0", "0", "0", "0", "0", "0", "0", "0", "0", "0", "0", "0", "0", "0", "0", "0", "0", "0", "0", "0", "0", "0", "0", "0", "0", "0", "0", "0", "0", "0", "0", "0", "0", "0", "0", "0", "0", "0", "0", "0", "0", "0", "0", "0", "0", "0", "0", "0", "0", "0", "0", "0", "0", "0", "0", "0", "0", "0", "0", "0", "0", "0", "0", "0", "0", "0", "0", "0", "0", "0", "0", "0", "0", "0", "0", "0", "0", "0", "0", "0", "0", "0", "0", "0", "0", "0", "0", "0", "0", "0", "0", "0", "0", "0", "0", "0", "0", "0", "0", "0", "0", "0", "0", "0", "0", "0", "0", "0", "0", "0", "0", "0", "0", "0", "0", "0", "0", "0", "0", "0", "0", "0", "0", "0", "0", "0", "0", "0", "0", "0", "0", "0", "23", "19", "17", "19", "20", "17", "19", "18", "16", "0", "0", "0", "0", "0", "0", "0", "0", "24", "18", "19", "16", "16", "19", "20", "20", "14", "0", "0", "0", "0", "0", "0", "0", "0", "19", "24", "20", "18", "18", "22", "20", "20", "15", "0", "0", "0", "0", "0", "0", "0", "0", "18", "22", "16", "17", "20", "19", "17", "18", "21", "0", "0", "0", "0", "0", "0", "0", "0"], ["11", "16", "16", "12", "13", "12", "0", "0", "13", "0", "0", "0", "0", "0", "13", "13", "0", "0", "0", "0", "0", "0", "0", "0", "0", "0", "0", "0", "0", "0", "0", "0", "0", "0", "0", "0", "0", "0", "0", "0", "0", "0", "0", "0", "0", "0", "0", "0", "0", "0", "0", "0", "0", "0", "0", "0", "0", "0", "0", "0", "0", "0", "0", "0", "0", "0", "0", "0", "14", "11", "9", "13", "12", "10", "0", "0", "13", "0", "0", "0", "0", "0", "11", "11", "0", "12", "13", "14", "13", "11", "13", "0", "0", "12", "0", "0", "0", "0", "0", "11", "12", "0", "11", "14", "11", "13", "11", "14", "0", "0", "12", "0", "0", "0", "0", "0", "12", "14", "0", "15", "13", "14", "12", "12", "12", "0", "0", "10", "0", "0", "0", "0", "0", "13", "13", "0", "12", "11", "13", "12", "9", "13", "0", "0", "12", "0", "0", "0", "0", "0", "12", "11", "0", "13", "12", "11", "11", "12", "12", "0", "0", "12", "0", "0", "0", "0", "0", "12", "13", "0", "9", "14", "10", "13", "13", "15", "0", "0", "13", "0", "0", "0", "0", "0", "12", "11", "0", "14", "11", "13", "14", "13", "14", "0", "0", "12", "0", "0", "0", "0", "0", "12", "14", "0", "0", "0", "0", "0", "0", "0", "0", "0", "0", "0", "0", "0", "0", "0", "0", "0", "0", "0", "0", "0", "0", "0", "0", "0", "0", "0", "0", "0", "0", "0", "0", "0", "0", "0", "0", "0", "0", "0", "0", "0", "0", "0", "0", "0", "0", "0", "0", "0", "0", "0", "0", "0", "0", "0", "0", "0", "0", "0", "0", "0", "0", "0", "0", "0", "0", "0", "0", "0", "0", "0", "0", "0", "0", "0", "0", "0", "0", "0", "0", "0", "0", "0", "0", "0", "0"]]}