{"state": {"resTurn": "52", "h": "6", "w": "12", "score": [["0", "-1", "1", "0", "1", "0", "0", "1", "0", "1", "-1", "0"], ["0", "1", "0", "0", "1", "1", "1", "1", "0", "0", "1", "0"], ["0", "0", "0", "0", "0", "1", "1", "0", "0", "0", "0", "0"], ["0", "0", "0", "0", "1", "1", "1", "1", "0", "0", "0", "0"], ["0", "1", "1", "1", "0", "1", "1", "0", "1", "1", "1", "0"], ["0", "-1", "0", "1", "1", "1", "1", "1", "1", "0", "-1", "0"]], "color": [["2", "2", "0", "1", "1", "1", "0", "1", "1", "1", "1", "1"], ["2", "2", "2", "1", "1", "1", "1", "1", "1", "1", "1", "0"], ["2", "2", "0", "1", "1", "1", "1", "1", "0", "0", "0", "0"], ["0", "2", "0", "2", "0", "2", "1", "2", "0", "0", "0", "0"], ["2", "2", "2", "2", "2", "2", "2", "2", "2", "2", "2", "2"], ["0", "1", "1", "1", "1", "1", "1", "2", "2", "2", "2", "2"]], "pos": [{"x": "5", "y": "5"}, {"x": "4", "y": "1"}, {"x": "2", "y": "4"}, {"x": "4", "y": "4"}]}, "q": "-0.0005785031143127535", "z": "1", "visitCount": [["17", "20", "22", "17", "19", "19", "18", "15", "18", "0", "0", "0", "0", "0", "0", "0", "0", "0", "0", "0", "0", "0", "0", "0", "0", "0", "0", "0", "0", "0", "0", "0", "0", "0", "0", "0", "0", "0", "0", "0", "0", "0", "0", "0", "0", "0", "0", "0", "0", "0", "0", "0", "0", "0", "0", "0", "0", "0", "0", "0", "0", "0", "0", "0", "0", "0", "0", "0", "17", "20", "17", "17", "15", "24", "19", "20", "17", "0", "0", "0", "0", "0", "0", "0", "0", "0", "0", "0", "0", "0", "0", "0", "0", "0", "0", "0", "0", "0", "0", "0", "0", "0", "0", "0", "0", "0", "0", "0", "0", "0", "0", "0", "0", "0", "0", "0", "0", "0", "0", "0", "0", "0", "0", "0", "0", "0", "0", "0", "0", "0", "0", "0", "0", "0", "0", "0", "20", "26", "18", "18", "15", "17", "23", "20", "19", "0", "0", "0", "0", "0", "0", "0", "0", "0", "0", "0", "0", "0", "0", "0", "0", "0", "0", "0", "0", "0", "0", "0", "0", "0", "0", "0", "0", "0", "0", "0", "0", "0", "0", "0", "0", "0", "0", "0", "0", "0", "0", "0", "0", "0", "0", "0", "0", "0", "0", "0", "0", "0", "0", "0", "0", "0", "0", "0", "0", "0", "0", "0", "0", "0", "0", "0", "0", "0", "0", "0", "0", "0", "0", "0", "0", "23", "16", "21", "21", "17", "19", "23", "15", "20", "0", "0", "0", "0", "0", "0", "0", "0", "16", "22", "14", "18", "21", "16", "19", "13", "21", "0", "0", "0", "0", "0", "0", "0", "0", "15", "19", "20", "17", "16", "18", "18", "16", "19", "0", "0", "0", "0", "0", "0", "0", "0", "0", "0", "0", "0", "0", "0", "0", "0", "0", "0", "0", "0", "0", "0", "0", "0", "0"], ["13", "0", "0", "0", "15", "11", "13", "11", "17", "11", "11", "14", "0", "0", "0", "0", "0", "0", "0", "0", "0", "0", "0", "0", "0", "0", "0", "0", "0", "0", "0", "0", "0", "0", "0", "0", "0", "0", "0", "0", "0", "0", "0", "0", "0", "0", "0", "0", "0", "0", "0", "0", "0", "0", "0", "0", "0", "0", "0", "0", "0", "0", "0", "0", "0", "0", "0", "0", "12", "0", "0", "0", "11", "11", "10", "10", "12", "11", "10", "13", "0", "0", "0", "0", "0", "12", "0", "0", "0", "15", "11", "11", "13", "13", "14", "13", "11", "0", "0", "0", "0", "0", "13", "0", "0", "0", "15", "15", "10", "12", "14", "11", "14", "12", "0", "0", "0", "0", "0", "14", "0", "0", "0", "13", "14", "11", "12", "12", "13", "14", "13", "0", "0", "0", "0", "0", "10", "0", "0", "0", "15", "12", "10", "12", "13", "11", "10", "11", "0", "0", "0", "0", "0", "11", "0", "0", "0", "14", "12", "15", "13", "13", "11", "15", "13", "0", "0", "0", "0", "0", "13", "0", "0", "0", "12", "11", "11", "14", "13", "13", "10", "12", "0", "0", "0", "0", "0", "14", "0", "0", "0", "13", "10", "11", "11", "12", "13", "10", "15", "0", "0", "0", "0", "0", "0", "0", "0", "0", "0", "0", "0", "0", "0", "0", "0", "0", "0", "0", "0", "0", "0", "0", "0", "0", "0", "0", "0", "0", "0", "0", "0", "0", "0", "0", "0", "0", "0", "0", "0", "0", "0", "0", "0", "0", "0", "0", "0", "0", "0", "0", "0", "0", "0", "0", "0", "0", "0", "0", "0", "0", "0", "0", "0", "0", "0", "0", "0", "0", "0", "0", "0", "0", "0", "0", "0", "0", "0", "0", "0", "0", "0", "0", "0", "0", "0", "0", "0", "0", "0"]]}