{"state": {"resTurn": "51", "h": "6", "w": "12", "score": [["0", "-1", "1", "0", "1", "0", "0", "1", "0", "1", "-1", "0"], ["0", "1", "0", "0", "1", "1", "1", "1", "0", "0", "1", "0"], ["0", "0", "0", "0", "0", "1", "1", "0", "0", "0", "0", "0"], ["0", "0", "0", "0", "1", "1", "1", "1", "0", "0", "0", "0"], ["0", "1", "1", "1", "0", "1", "1", "0", "1", "1", "1", "0"], ["0", "-1", "0", "1", "1", "1", "1", "1", "1", "0", "-1", "0"]], "color": [["2", "2", "0", "1", "1", "1", "0", "1", "1", "1", "1", "1"], ["2", "2", "2", "1", "1", "1", "1", "1", "1", "1", "1", "0"], ["2", "2", "0", "1", "1", "1", "1", "1", "0", "0", "0", "0"], ["0", "2", "0", "2", "0", "2", "1", "2", "0", "0", "0", "0"], ["2", "2", "2", "2", "2", "2", "2", "2", "2", "2", "2", "2"], ["0", "1", "1", "1", "1", "1", "1", "2", "2", "2", "2", "2"]], "pos": [{"x": "6", "y": "5"}, {"x": "5", "y": "2"}, {"x": "2", "y": "4"}, {"x": "5", "y": "4"}]}, "q": "-0.000740902261857577", "z": "1", "visitCount": [["16", "21", "0", "20", "14", "17", "19", "17", "23", "0", "14", "0", "0", "0", "0", "0", "0", "0", "0", "0", "0", "0", "0", "0", "0", "0", "0", "0", "0", "0", "0", "0", "0", "0", "0", "0", "0", "0", "0", "0", "0", "0", "0", "0", "0", "0", "0", "0", "0", "0", "0", "0", "0", "0", "0", "0", "0", "0", "0", "0", "0", "0", "0", "0", "0", "0", "0", "0", "15", "16", "0", "17", "19", "17", "21", "16", "16", "0", "18", "0", "0", "0", "0", "0", "0", "0", "0", "0", "0", "0", "0", "0", "0", "0", "0", "0", "0", "0", "0", "0", "0", "0", "0", "0", "0", "0", "0", "0", "0", "0", "0", "0", "0", "0", "0", "0", "0", "0", "0", "0", "0", "0", "0", "0", "0", "0", "0", "0", "0", "0", "0", "0", "0", "0", "0", "0", "0", "0", "0", "0", "0", "0", "0", "0", "0", "0", "0", "0", "0", "0", "0", "0", "0", "0", "0", "0", "0", "0", "0", "0", "0", "0", "0", "0", "0", "0", "0", "0", "0", "0", "0", "0", "0", "0", "0", "0", "0", "0", "0", "0", "0", "0", "0", "0", "0", "0", "0", "0", "0", "0", "0", "0", "0", "0", "0", "0", "0", "0", "0", "0", "0", "0", "0", "0", "0", "0", "0", "0", "0", "0", "0", "0", "0", "0", "0", "0", "0", "0", "0", "0", "0", "23", "18", "0", "23", "23", "19", "15", "14", "17", "0", "24", "0", "0", "0", "0", "0", "0", "17", "24", "0", "18", "15", "18", "18", "17", "19", "0", "17", "0", "0", "0", "0", "0", "0", "19", "18", "0", "17", "21", "18", "21", "16", "22", "0", "22", "0", "0", "0", "0", "0", "0", "18", "21", "0", "17", "20", "21", "21", "18", "17", "0", "18", "0", "0", "0", "0", "0", "0"], ["16", "0", "0", "0", "12", "11", "12", "0", "15", "12", "11", "14", "0", "0", "0", "12", "0", "0", "0", "0", "0", "0", "0", "0", "0", "0", "0", "0", "0", "0", "0", "0", "0", "0", "0", "0", "0", "0", "0", "0", "0", "0", "0", "0", "0", "0", "0", "0", "0", "0", "0", "0", "0", "0", "0", "0", "0", "0", "0", "0", "0", "0", "0", "0", "0", "0", "0", "0", "12", "0", "0", "0", "12", "9", "9", "0", "11", "14", "13", "12", "0", "0", "0", "12", "0", "14", "0", "0", "0", "12", "14", "13", "0", "11", "11", "12", "13", "0", "0", "0", "12", "0", "14", "0", "0", "0", "12", "10", "12", "0", "13", "14", "15", "13", "0", "0", "0", "11", "0", "13", "0", "0", "0", "13", "12", "12", "0", "12", "12", "12", "13", "0", "0", "0", "11", "0", "9", "0", "0", "0", "12", "12", "12", "0", "14", "12", "13", "12", "0", "0", "0", "10", "0", "12", "0", "0", "0", "14", "11", "12", "0", "13", "17", "15", "14", "0", "0", "0", "13", "0", "14", "0", "0", "0", "13", "12", "11", "0", "12", "11", "13", "14", "0", "0", "0", "12", "0", "13", "0", "0", "0", "14", "11", "10", "0", "12", "10", "11", "13", "0", "0", "0", "12", "0", "0", "0", "0", "0", "0", "0", "0", "0", "0", "0", "0", "0", "0", "0", "0", "0", "0", "0", "0", "0", "0", "0", "0", "0", "0", "0", "0", "0", "0", "0", "0", "0", "0", "0", "0", "0", "0", "0", "0", "0", "0", "0", "0", "0", "0", "0", "0", "0", "0", "0", "0", "0", "0", "0", "0", "0", "0", "0", "0", "0", "0", "0", "0", "0", "0", "0", "0", "0", "0", "0", "0", "0", "0", "0", "0", "0", "0", "0", "0", "0", "0", "0", "0", "0", "0"]]}