{"state": {"resTurn": "104", "h": "6", "w": "12", "score": [["0", "-1", "1", "0", "1", "0", "0", "1", "0", "1", "-1", "0"], ["0", "1", "0", "0", "1", "1", "1", "1", "0", "0", "1", "0"], ["0", "0", "0", "0", "0", "1", "1", "0", "0", "0", "0", "0"], ["0", "0", "0", "0", "1", "1", "1", "1", "0", "0", "0", "0"], ["0", "1", "1", "1", "0", "1", "1", "0", "1", "1", "1", "0"], ["0", "-1", "0", "1", "1", "1", "1", "1", "1", "0", "-1", "0"]], "color": [["2", "2", "0", "0", "0", "0", "0", "0", "0", "1", "1", "0"], ["2", "2", "2", "0", "0", "0", "0", "0", "1", "1", "1", "0"], ["2", "0", "0", "0", "0", "0", "0", "0", "0", "0", "0", "0"], ["0", "0", "0", "0", "1", "0", "0", "0", "0", "0", "0", "0"], ["0", "0", "0", "0", "1", "1", "0", "0", "0", "0", "2", "2"], ["0", "0", "0", "1", "1", "0", "0", "0", "2", "2", "2", "2"]], "pos": [{"x": "10", "y": "1"}, {"x": "4", "y": "3"}, {"x": "0", "y": "2"}, {"x": "10", "y": "5"}]}, "q": "-0.0002649017776176619", "z": "1", "visitCount": [["14", "12", "10", "13", "12", "11", "12", "14", "10", "0", "0", "0", "0", "0", "0", "0", "0", "12", "14", "14", "13", "14", "11", "12", "11", "11", "0", "0", "0", "0", "0", "0", "0", "0", "12", "11", "11", "11", "10", "12", "10", "13", "10", "0", "0", "0", "0", "0", "0", "0", "0", "12", "12", "12", "11", "12", "12", "11", "12", "12", "0", "0", "0", "0", "0", "0", "0", "0", "12", "16", "13", "12", "13", "15", "12", "13", "12", "0", "0", "0", "0", "0", "0", "0", "0", "13", "13", "13", "11", "13", "13", "14", "12", "12", "0", "0", "0", "0", "0", "0", "0", "0", "12", "13", "13", "11", "12", "11", "11", "13", "12", "0", "0", "0", "0", "0", "0", "0", "0", "15", "15", "15", "13", "11", "17", "13", "15", "11", "0", "0", "0", "0", "0", "0", "0", "0", "11", "13", "13", "12", "11", "11", "12", "13", "13", "0", "0", "0", "0", "0", "0", "0", "0", "0", "0", "0", "0", "0", "0", "0", "0", "0", "0", "0", "0", "0", "0", "0", "0", "0", "0", "0", "0", "0", "0", "0", "0", "0", "0", "0", "0", "0", "0", "0", "0", "0", "0", "0", "0", "0", "0", "0", "0", "0", "0", "0", "0", "0", "0", "0", "0", "0", "0", "0", "0", "0", "0", "0", "0", "0", "0", "0", "0", "0", "0", "0", "0", "0", "0", "0", "0", "0", "0", "0", "0", "0", "0", "0", "0", "0", "0", "0", "0", "0", "0", "0", "0", "0", "0", "0", "0", "0", "0", "0", "0", "0", "0", "0", "0", "0", "0", "0", "0", "0", "0", "0", "0", "0", "0", "0", "0", "0", "0", "0", "0", "0", "0", "0", "0", "0", "0", "0", "0", "0", "0", "0", "0", "0", "0", "0", "0", "0", "0", "0", "0", "0", "0", "0", "0"], ["21", "0", "0", "0", "26", "27", "25", "35", "30", "0", "0", "0", "0", "0", "0", "0", "0", "37", "0", "0", "0", "23", "33", "40", "31", "27", "0", "0", "0", "0", "0", "0", "0", "0", "32", "0", "0", "0", "25", "20", "19", "34", "30", "0", "0", "0", "0", "0", "0", "0", "0", "0", "0", "0", "0", "0", "0", "0", "0", "0", "0", "0", "0", "0", "0", "0", "0", "0", "0", "0", "0", "0", "0", "0", "0", "0", "0", "0", "0", "0", "0", "0", "0", "0", "0", "0", "0", "0", "0", "0", "0", "0", "0", "0", "0", "0", "0", "0", "0", "0", "0", "0", "26", "0", "0", "0", "29", "26", "28", "33", "23", "0", "0", "0", "0", "0", "0", "0", "0", "24", "0", "0", "0", "28", "31", "22", "28", "28", "0", "0", "0", "0", "0", "0", "0", "0", "26", "0", "0", "0", "30", "29", "30", "24", "20", "0", "0", "0", "0", "0", "0", "0", "0", "0", "0", "0", "0", "0", "0", "0", "0", "0", "0", "0", "0", "0", "0", "0", "0", "0", "0", "0", "0", "0", "0", "0", "0", "0", "0", "0", "0", "0", "0", "0", "0", "0", "0", "0", "0", "0", "0", "0", "0", "0", "0", "0", "0", "0", "0", "0", "0", "0", "0", "0", "0", "0", "0", "0", "0", "0", "0", "0", "0", "0", "0", "0", "0", "0", "0", "0", "0", "0", "0", "0", "0", "0", "0", "0", "0", "0", "0", "0", "0", "0", "0", "0", "0", "0", "0", "0", "0", "0", "0", "0", "0", "0", "0", "0", "0", "0", "0", "0", "0", "0", "0", "0", "0", "0", "0", "0", "0", "0", "0", "0", "0", "0", "0", "0", "0", "0", "0", "0", "0", "0", "0", "0", "0", "0", "0", "0", "0", "0", "0", "0", "0", "0", "0", "0", "0"]]}