{"state": {"resTurn": "50", "h": "6", "w": "12", "score": [["0", "-1", "1", "0", "1", "0", "0", "1", "0", "1", "-1", "0"], ["0", "1", "0", "0", "1", "1", "1", "1", "0", "0", "1", "0"], ["0", "0", "0", "0", "0", "1", "1", "0", "0", "0", "0", "0"], ["0", "0", "0", "0", "1", "1", "1", "1", "0", "0", "0", "0"], ["0", "1", "1", "1", "0", "1", "1", "0", "1", "1", "1", "0"], ["0", "-1", "0", "1", "1", "1", "1", "1", "1", "0", "-1", "0"]], "color": [["2", "2", "0", "1", "1", "1", "0", "1", "1", "1", "1", "1"], ["2", "2", "2", "1", "1", "1", "1", "1", "1", "1", "1", "0"], ["2", "2", "0", "1", "1", "1", "1", "1", "0", "0", "0", "0"], ["0", "2", "0", "2", "0", "0", "1", "2", "0", "0", "0", "0"], ["2", "2", "2", "2", "2", "2", "2", "2", "2", "2", "2", "2"], ["0", "1", "1", "0", "1", "1", "1", "2", "2", "2", "2", "2"]], "pos": [{"x": "6", "y": "5"}, {"x": "5", "y": "2"}, {"x": "2", "y": "4"}, {"x": "5", "y": "4"}]}, "q": "-0.000890948580111856", "z": "1", "visitCount": [["18", "16", "18", "18", "21", "21", "20", "20", "21", "0", "0", "0", "0", "0", "0", "0", "0", "0", "0", "0", "0", "0", "0", "0", "0", "0", "0", "0", "0", "0", "0", "0", "0", "0", "0", "0", "0", "0", "0", "0", "0", "0", "0", "0", "0", "0", "0", "0", "0", "0", "0", "0", "0", "0", "0", "0", "0", "0", "0", "0", "0", "0", "0", "0", "0", "0", "0", "0", "25", "13", "18", "16", "14", "17", "17", "19", "20", "0", "0", "0", "0", "0", "0", "0", "0", "0", "0", "0", "0", "0", "0", "0", "0", "0", "0", "0", "0", "0", "0", "0", "0", "0", "0", "0", "0", "0", "0", "0", "0", "0", "0", "0", "0", "0", "0", "0", "0", "0", "0", "0", "0", "0", "0", "0", "0", "0", "0", "0", "0", "0", "0", "0", "0", "0", "0", "0", "0", "0", "0", "0", "0", "0", "0", "0", "0", "0", "0", "0", "0", "0", "0", "0", "0", "0", "0", "0", "0", "0", "0", "0", "0", "0", "0", "0", "0", "0", "0", "0", "0", "0", "0", "0", "0", "0", "0", "0", "0", "0", "0", "0", "0", "0", "0", "0", "0", "0", "0", "0", "0", "0", "0", "0", "0", "0", "0", "0", "0", "0", "0", "0", "0", "0", "0", "0", "0", "0", "0", "0", "0", "0", "0", "0", "0", "0", "0", "0", "0", "0", "0", "0", "0", "18", "18", "18", "21", "18", "20", "22", "16", "20", "0", "0", "0", "0", "0", "0", "0", "0", "22", "17", "18", "21", "18", "15", "15", "15", "20", "0", "0", "0", "0", "0", "0", "0", "0", "19", "18", "20", "27", "20", "17", "17", "18", "19", "0", "0", "0", "0", "0", "0", "0", "0", "21", "21", "15", "16", "15", "20", "22", "15", "16", "0", "0", "0", "0", "0", "0", "0", "0"], ["11", "0", "0", "0", "12", "14", "15", "0", "11", "11", "12", "12", "0", "0", "0", "14", "0", "13", "0", "0", "0", "13", "11", "13", "0", "11", "12", "11", "11", "0", "0", "0", "15", "0", "0", "0", "0", "0", "0", "0", "0", "0", "0", "0", "0", "0", "0", "0", "0", "0", "0", "0", "0", "0", "0", "0", "0", "0", "0", "0", "0", "0", "0", "0", "0", "0", "0", "0", "13", "0", "0", "0", "11", "11", "10", "0", "11", "11", "12", "12", "0", "0", "0", "12", "0", "12", "0", "0", "0", "12", "13", "10", "0", "12", "13", "11", "12", "0", "0", "0", "14", "0", "12", "0", "0", "0", "12", "11", "11", "0", "12", "11", "13", "13", "0", "0", "0", "12", "0", "12", "0", "0", "0", "14", "11", "13", "0", "13", "13", "12", "12", "0", "0", "0", "11", "0", "10", "0", "0", "0", "12", "12", "14", "0", "14", "12", "14", "12", "0", "0", "0", "12", "0", "0", "0", "0", "0", "0", "0", "0", "0", "0", "0", "0", "0", "0", "0", "0", "0", "0", "16", "0", "0", "0", "13", "13", "15", "0", "12", "13", "12", "12", "0", "0", "0", "16", "0", "11", "0", "0", "0", "14", "13", "13", "0", "12", "13", "12", "15", "0", "0", "0", "11", "0", "0", "0", "0", "0", "0", "0", "0", "0", "0", "0", "0", "0", "0", "0", "0", "0", "0", "0", "0", "0", "0", "0", "0", "0", "0", "0", "0", "0", "0", "0", "0", "0", "0", "0", "0", "0", "0", "0", "0", "0", "0", "0", "0", "0", "0", "0", "0", "0", "0", "0", "0", "0", "0", "0", "0", "0", "0", "0", "0", "0", "0", "0", "0", "0", "0", "0", "0", "0", "0", "0", "0", "0", "0", "0", "0", "0", "0", "0", "0", "0", "0", "0", "0", "0", "0"]]}