{"state": {"resTurn": "49", "h": "6", "w": "12", "score": [["0", "-1", "1", "0", "1", "0", "0", "1", "0", "1", "-1", "0"], ["0", "1", "0", "0", "1", "1", "1", "1", "0", "0", "1", "0"], ["0", "0", "0", "0", "0", "1", "1", "0", "0", "0", "0", "0"], ["0", "0", "0", "0", "1", "1", "1", "1", "0", "0", "0", "0"], ["0", "1", "1", "1", "0", "1", "1", "0", "1", "1", "1", "0"], ["0", "-1", "0", "1", "1", "1", "1", "1", "1", "0", "-1", "0"]], "color": [["2", "2", "0", "1", "1", "1", "0", "1", "1", "1", "1", "1"], ["2", "2", "2", "1", "1", "1", "1", "1", "1", "1", "1", "0"], ["2", "2", "0", "1", "1", "1", "1", "1", "0", "0", "0", "0"], ["0", "2", "0", "2", "1", "0", "1", "2", "0", "0", "0", "0"], ["2", "2", "2", "2", "2", "2", "2", "0", "2", "2", "2", "2"], ["0", "1", "0", "0", "1", "1", "1", "2", "2", "2", "2", "2"]], "pos": [{"x": "6", "y": "5"}, {"x": "4", "y": "3"}, {"x": "2", "y": "4"}, {"x": "5", "y": "4"}]}, "q": "-0.0006747346635407145", "z": "1", "visitCount": [["16", "0", "0", "0", "0", "19", "13", "21", "15", "21", "26", "18", "17", "0", "0", "0", "0", "0", "0", "0", "0", "0", "0", "0", "0", "0", "0", "0", "0", "0", "0", "0", "0", "0", "0", "0", "0", "0", "0", "0", "0", "0", "0", "0", "0", "0", "0", "0", "0", "0", "0", "0", "0", "0", "0", "0", "0", "0", "0", "0", "0", "0", "0", "0", "0", "0", "0", "0", "19", "0", "0", "0", "0", "19", "18", "22", "17", "25", "19", "17", "20", "0", "0", "0", "0", "0", "0", "0", "0", "0", "0", "0", "0", "0", "0", "0", "0", "0", "0", "0", "0", "0", "0", "0", "0", "0", "0", "0", "0", "0", "0", "0", "0", "0", "0", "0", "0", "0", "0", "19", "0", "0", "0", "0", "19", "17", "22", "18", "17", "14", "14", "18", "0", "0", "0", "0", "0", "0", "0", "0", "0", "0", "0", "0", "0", "0", "0", "0", "0", "0", "0", "0", "0", "0", "0", "0", "0", "0", "0", "0", "0", "0", "0", "0", "0", "0", "0", "0", "0", "0", "0", "0", "0", "0", "0", "0", "0", "0", "0", "0", "0", "0", "0", "0", "0", "0", "0", "0", "0", "0", "0", "0", "0", "0", "0", "0", "0", "0", "0", "0", "0", "0", "0", "0", "0", "0", "0", "0", "0", "0", "0", "0", "0", "0", "0", "0", "0", "0", "0", "0", "0", "18", "0", "0", "0", "0", "15", "20", "16", "18", "26", "17", "20", "20", "0", "0", "0", "0", "20", "0", "0", "0", "0", "14", "16", "16", "19", "19", "19", "22", "17", "0", "0", "0", "0", "0", "0", "0", "0", "0", "0", "0", "0", "0", "0", "0", "0", "0", "0", "0", "0", "0", "21", "0", "0", "0", "0", "22", "14", "20", "19", "18", "19", "16", "19", "0", "0", "0", "0"], ["13", "0", "0", "0", "15", "0", "12", "0", "12", "15", "12", "13", "0", "14", "0", "13", "0", "10", "0", "0", "0", "12", "0", "13", "0", "11", "10", "14", "12", "0", "13", "0", "12", "0", "12", "0", "0", "0", "14", "0", "11", "0", "12", "11", "12", "11", "0", "11", "0", "12", "0", "0", "0", "0", "0", "0", "0", "0", "0", "0", "0", "0", "0", "0", "0", "0", "0", "0", "10", "0", "0", "0", "12", "0", "11", "0", "12", "13", "12", "11", "0", "13", "0", "12", "0", "12", "0", "0", "0", "13", "0", "13", "0", "15", "11", "11", "13", "0", "12", "0", "10", "0", "13", "0", "0", "0", "14", "0", "12", "0", "13", "15", "11", "12", "0", "13", "0", "11", "0", "11", "0", "0", "0", "12", "0", "13", "0", "12", "12", "14", "12", "0", "15", "0", "12", "0", "13", "0", "0", "0", "12", "0", "15", "0", "12", "12", "12", "10", "0", "10", "0", "13", "0", "0", "0", "0", "0", "0", "0", "0", "0", "0", "0", "0", "0", "0", "0", "0", "0", "0", "0", "0", "0", "0", "0", "0", "0", "0", "0", "0", "0", "0", "0", "0", "0", "0", "0", "14", "0", "0", "0", "14", "0", "11", "0", "11", "14", "16", "12", "0", "12", "0", "12", "0", "0", "0", "0", "0", "0", "0", "0", "0", "0", "0", "0", "0", "0", "0", "0", "0", "0", "0", "0", "0", "0", "0", "0", "0", "0", "0", "0", "0", "0", "0", "0", "0", "0", "0", "0", "0", "0", "0", "0", "0", "0", "0", "0", "0", "0", "0", "0", "0", "0", "0", "0", "0", "0", "0", "0", "0", "0", "0", "0", "0", "0", "0", "0", "0", "0", "0", "0", "0", "0", "0", "0", "0", "0", "0", "0", "0", "0", "0", "0", "0", "0", "0", "0", "0", "0"]]}