{"state": {"resTurn": "48", "h": "6", "w": "12", "score": [["0", "-1", "1", "0", "1", "0", "0", "1", "0", "1", "-1", "0"], ["0", "1", "0", "0", "1", "1", "1", "1", "0", "0", "1", "0"], ["0", "0", "0", "0", "0", "1", "1", "0", "0", "0", "0", "0"], ["0", "0", "0", "0", "1", "1", "1", "1", "0", "0", "0", "0"], ["0", "1", "1", "1", "0", "1", "1", "0", "1", "1", "1", "0"], ["0", "-1", "0", "1", "1", "1", "1", "1", "1", "0", "-1", "0"]], "color": [["2", "2", "0", "1", "1", "1", "0", "1", "1", "1", "1", "1"], ["2", "2", "2", "1", "1", "1", "1", "1", "1", "1", "1", "0"], ["2", "2", "0", "1", "1", "1", "1", "1", "0", "0", "0", "0"], ["0", "2", "0", "2", "1", "0", "1", "2", "0", "0", "0", "0"], ["2", "2", "2", "2", "0", "2", "2", "0", "2", "2", "2", "2"], ["0", "0", "0", "0", "1", "0", "1", "2", "2", "2", "2", "2"]], "pos": [{"x": "6", "y": "5"}, {"x": "4", "y": "3"}, {"x": "2", "y": "4"}, {"x": "5", "y": "4"}]}, "q": "-0.001041289536067055", "z": "1", "visitCount": [["16", "0", "18", "0", "0", "19", "18", "20", "15", "19", "0", "19", "17", "0", "0", "0", "0", "0", "0", "0", "0", "0", "0", "0", "0", "0", "0", "0", "0", "0", "0", "0", "0", "0", "0", "0", "0", "0", "0", "0", "0", "0", "0", "0", "0", "0", "0", "0", "0", "0", "0", "0", "0", "0", "0", "0", "0", "0", "0", "0", "0", "0", "0", "0", "0", "0", "0", "0", "19", "0", "17", "0", "0", "17", "13", "18", "17", "17", "0", "22", "17", "0", "0", "0", "0", "0", "0", "0", "0", "0", "0", "0", "0", "0", "0", "0", "0", "0", "0", "0", "0", "0", "0", "0", "0", "0", "0", "0", "0", "0", "0", "0", "0", "0", "0", "0", "0", "0", "0", "19", "0", "14", "0", "0", "18", "22", "17", "19", "20", "0", "21", "21", "0", "0", "0", "0", "0", "0", "0", "0", "0", "0", "0", "0", "0", "0", "0", "0", "0", "0", "0", "0", "0", "0", "0", "0", "0", "0", "0", "0", "0", "0", "0", "0", "0", "0", "0", "0", "0", "0", "0", "0", "0", "0", "0", "0", "0", "0", "0", "0", "0", "0", "0", "0", "0", "0", "0", "0", "0", "0", "0", "0", "0", "0", "0", "0", "0", "0", "0", "0", "0", "0", "0", "0", "0", "0", "0", "0", "0", "0", "0", "0", "0", "0", "0", "0", "0", "0", "0", "0", "0", "19", "0", "16", "0", "0", "23", "17", "23", "18", "17", "0", "20", "17", "0", "0", "0", "0", "19", "0", "17", "0", "0", "22", "19", "18", "17", "20", "0", "18", "19", "0", "0", "0", "0", "0", "0", "0", "0", "0", "0", "0", "0", "0", "0", "0", "0", "0", "0", "0", "0", "0", "15", "0", "18", "0", "0", "20", "18", "19", "21", "21", "0", "22", "18", "0", "0", "0", "0"], ["10", "0", "12", "0", "16", "0", "11", "0", "10", "12", "0", "12", "0", "14", "0", "11", "0", "15", "0", "13", "0", "12", "0", "13", "0", "13", "12", "0", "12", "0", "11", "0", "12", "0", "12", "0", "14", "0", "14", "0", "14", "0", "13", "12", "0", "12", "0", "12", "0", "12", "0", "13", "0", "11", "0", "13", "0", "13", "0", "13", "14", "0", "13", "0", "11", "0", "12", "0", "12", "0", "12", "0", "12", "0", "11", "0", "11", "11", "0", "11", "0", "13", "0", "14", "0", "11", "0", "13", "0", "11", "0", "12", "0", "11", "15", "0", "13", "0", "15", "0", "13", "0", "13", "0", "11", "0", "11", "0", "14", "0", "14", "11", "0", "13", "0", "10", "0", "15", "0", "11", "0", "12", "0", "13", "0", "12", "0", "12", "12", "0", "13", "0", "13", "0", "11", "0", "13", "0", "12", "0", "12", "0", "12", "0", "11", "13", "0", "11", "0", "12", "0", "13", "0", "0", "0", "0", "0", "0", "0", "0", "0", "0", "0", "0", "0", "0", "0", "0", "0", "0", "0", "0", "0", "0", "0", "0", "0", "0", "0", "0", "0", "0", "0", "0", "0", "0", "0", "0", "0", "0", "0", "0", "0", "0", "0", "0", "0", "0", "0", "0", "0", "0", "0", "0", "0", "0", "0", "0", "0", "0", "0", "0", "0", "0", "0", "0", "0", "0", "0", "0", "0", "0", "0", "0", "0", "0", "0", "0", "0", "0", "0", "0", "0", "0", "0", "0", "0", "0", "0", "0", "0", "0", "0", "0", "0", "0", "0", "0", "0", "0", "0", "0", "0", "0", "0", "0", "0", "0", "0", "0", "0", "0", "0", "0", "0", "0", "0", "0", "0", "0", "0", "0", "0", "0", "0", "0", "0", "0", "0", "0", "0", "0", "0", "0", "0", "0", "0", "0", "0"]]}