{"state": {"resTurn": "47", "h": "6", "w": "12", "score": [["0", "-1", "1", "0", "1", "0", "0", "1", "0", "1", "-1", "0"], ["0", "1", "0", "0", "1", "1", "1", "1", "0", "0", "1", "0"], ["0", "0", "0", "0", "0", "1", "1", "0", "0", "0", "0", "0"], ["0", "0", "0", "0", "1", "1", "1", "1", "0", "0", "0", "0"], ["0", "1", "1", "1", "0", "1", "1", "0", "1", "1", "1", "0"], ["0", "-1", "0", "1", "1", "1", "1", "1", "1", "0", "-1", "0"]], "color": [["2", "2", "0", "1", "1", "1", "0", "1", "1", "1", "1", "1"], ["2", "2", "2", "1", "1", "1", "1", "1", "1", "1", "1", "0"], ["2", "2", "0", "1", "1", "1", "1", "1", "0", "0", "0", "0"], ["0", "2", "0", "2", "1", "0", "1", "2", "0", "0", "0", "0"], ["2", "2", "2", "2", "2", "0", "2", "0", "2", "2", "2", "2"], ["0", "0", "0", "0", "1", "0", "1", "2", "2", "2", "2", "2"]], "pos": [{"x": "6", "y": "5"}, {"x": "3", "y": "2"}, {"x": "2", "y": "4"}, {"x": "4", "y": "4"}]}, "q": "-0.0009229168555069113", "z": "1", "visitCount": [["21", "20", "0", "25", "18", "0", "16", "19", "16", "0", "16", "0", "0", "19", "0", "0", "0", "0", "0", "0", "0", "0", "0", "0", "0", "0", "0", "0", "0", "0", "0", "0", "0", "0", "0", "0", "0", "0", "0", "0", "0", "0", "0", "0", "0", "0", "0", "0", "0", "0", "0", "0", "0", "0", "0", "0", "0", "0", "0", "0", "0", "0", "0", "0", "0", "0", "0", "0", "18", "18", "0", "17", "16", "0", "19", "19", "16", "0", "16", "0", "0", "23", "0", "0", "0", "17", "20", "0", "17", "17", "0", "17", "14", "18", "0", "19", "0", "0", "17", "0", "0", "0", "0", "0", "0", "0", "0", "0", "0", "0", "0", "0", "0", "0", "0", "0", "0", "0", "0", "20", "19", "0", "17", "20", "0", "16", "20", "21", "0", "21", "0", "0", "21", "0", "0", "0", "0", "0", "0", "0", "0", "0", "0", "0", "0", "0", "0", "0", "0", "0", "0", "0", "0", "0", "0", "0", "0", "0", "0", "0", "0", "0", "0", "0", "0", "0", "0", "0", "0", "0", "0", "0", "0", "0", "0", "0", "0", "0", "0", "0", "0", "0", "0", "0", "0", "0", "0", "0", "0", "0", "0", "0", "0", "0", "0", "0", "0", "0", "0", "0", "0", "0", "0", "0", "0", "0", "0", "0", "0", "0", "0", "0", "0", "0", "0", "0", "0", "0", "0", "0", "0", "0", "0", "0", "0", "0", "0", "0", "0", "0", "0", "0", "0", "0", "0", "0", "0", "0", "17", "15", "0", "18", "15", "0", "16", "18", "26", "0", "18", "0", "0", "20", "0", "0", "0", "0", "0", "0", "0", "0", "0", "0", "0", "0", "0", "0", "0", "0", "0", "0", "0", "0", "18", "23", "0", "13", "17", "0", "20", "20", "21", "0", "19", "0", "0", "23", "0", "0", "0"], ["13", "12", "0", "14", "13", "13", "0", "10", "14", "0", "12", "0", "0", "0", "12", "0", "0", "12", "15", "0", "14", "14", "13", "0", "12", "12", "0", "13", "0", "0", "0", "13", "0", "0", "13", "13", "0", "12", "14", "13", "0", "11", "11", "0", "13", "0", "0", "0", "12", "0", "0", "12", "13", "0", "12", "9", "13", "0", "9", "12", "0", "13", "0", "0", "0", "10", "0", "0", "13", "10", "0", "13", "11", "14", "0", "11", "12", "0", "14", "0", "0", "0", "13", "0", "0", "13", "13", "0", "10", "11", "13", "0", "13", "12", "0", "12", "0", "0", "0", "11", "0", "0", "11", "12", "0", "14", "13", "12", "0", "11", "11", "0", "14", "0", "0", "0", "12", "0", "0", "14", "13", "0", "13", "12", "12", "0", "14", "12", "0", "12", "0", "0", "0", "13", "0", "0", "10", "12", "0", "11", "14", "14", "0", "12", "12", "0", "14", "0", "0", "0", "11", "0", "0", "0", "0", "0", "0", "0", "0", "0", "0", "0", "0", "0", "0", "0", "0", "0", "0", "0", "0", "0", "0", "0", "0", "0", "0", "0", "0", "0", "0", "0", "0", "0", "0", "0", "0", "0", "0", "0", "0", "0", "0", "0", "0", "0", "0", "0", "0", "0", "0", "0", "0", "0", "0", "0", "0", "0", "0", "0", "0", "0", "0", "0", "0", "0", "0", "0", "0", "0", "0", "0", "0", "0", "0", "0", "0", "0", "0", "0", "0", "0", "0", "0", "0", "0", "0", "0", "0", "0", "0", "0", "0", "0", "0", "0", "0", "0", "0", "0", "0", "0", "0", "0", "0", "0", "0", "0", "0", "0", "0", "0", "0", "0", "0", "0", "0", "0", "0", "0", "0", "0", "0", "0", "0", "0", "0", "0", "0", "0", "0", "0", "0", "0", "0", "0", "0", "0", "0"]]}