{"state": {"resTurn": "44", "h": "6", "w": "12", "score": [["0", "-1", "1", "0", "1", "0", "0", "1", "0", "1", "-1", "0"], ["0", "1", "0", "0", "1", "1", "1", "1", "0", "0", "1", "0"], ["0", "0", "0", "0", "0", "1", "1", "0", "0", "0", "0", "0"], ["0", "0", "0", "0", "1", "1", "1", "1", "0", "0", "0", "0"], ["0", "1", "1", "1", "0", "1", "1", "0", "1", "1", "1", "0"], ["0", "-1", "0", "1", "1", "1", "1", "1", "1", "0", "-1", "0"]], "color": [["2", "2", "0", "1", "1", "1", "0", "1", "1", "1", "1", "1"], ["2", "2", "2", "1", "1", "1", "1", "1", "1", "1", "1", "0"], ["2", "2", "0", "1", "1", "1", "1", "1", "0", "0", "0", "0"], ["0", "2", "0", "2", "1", "0", "1", "2", "0", "0", "0", "0"], ["2", "2", "2", "2", "2", "1", "0", "0", "2", "2", "2", "2"], ["0", "0", "0", "2", "2", "0", "2", "2", "2", "2", "2", "2"]], "pos": [{"x": "5", "y": "4"}, {"x": "6", "y": "2"}, {"x": "4", "y": "5"}, {"x": "6", "y": "5"}]}, "q": "-0.0002588266972824628", "z": "1", "visitCount": [["11", "0", "12", "12", "13", "11", "11", "11", "12", "13", "0", "0", "0", "0", "0", "0", "0", "0", "0", "0", "0", "0", "0", "0", "0", "0", "0", "0", "0", "0", "0", "0", "0", "0", "13", "0", "10", "14", "13", "13", "12", "10", "16", "12", "0", "0", "0", "0", "0", "0", "0", "0", "0", "0", "0", "0", "0", "0", "0", "0", "0", "0", "0", "0", "0", "0", "0", "0", "0", "0", "0", "0", "0", "0", "0", "0", "0", "0", "0", "0", "0", "0", "0", "0", "0", "11", "0", "13", "12", "12", "15", "11", "12", "12", "12", "0", "0", "0", "0", "0", "0", "0", "13", "0", "10", "12", "10", "11", "10", "15", "11", "11", "0", "0", "0", "0", "0", "0", "0", "15", "0", "12", "13", "16", "14", "14", "14", "14", "11", "0", "0", "0", "0", "0", "0", "0", "11", "0", "14", "11", "12", "12", "12", "16", "12", "12", "0", "0", "0", "0", "0", "0", "0", "13", "0", "13", "12", "11", "13", "13", "11", "13", "13", "0", "0", "0", "0", "0", "0", "0", "0", "0", "0", "0", "0", "0", "0", "0", "0", "0", "0", "0", "0", "0", "0", "0", "0", "12", "0", "11", "13", "12", "14", "13", "11", "13", "12", "0", "0", "0", "0", "0", "0", "0", "11", "0", "12", "12", "12", "10", "12", "17", "10", "14", "0", "0", "0", "0", "0", "0", "0", "0", "0", "0", "0", "0", "0", "0", "0", "0", "0", "0", "0", "0", "0", "0", "0", "0", "0", "0", "0", "0", "0", "0", "0", "0", "0", "0", "0", "0", "0", "0", "0", "0", "0", "0", "0", "0", "0", "0", "0", "0", "0", "0", "0", "0", "0", "0", "0", "0", "0", "0", "0", "0", "0", "0", "0", "0", "0", "0", "0", "0", "0", "0", "0", "0", "0", "0", "0"], ["33", "0", "0", "0", "27", "0", "29", "26", "34", "0", "0", "0", "0", "22", "0", "0", "0", "0", "0", "0", "0", "0", "0", "0", "0", "0", "0", "0", "0", "0", "0", "0", "0", "0", "0", "0", "0", "0", "0", "0", "0", "0", "0", "0", "0", "0", "0", "0", "0", "0", "0", "0", "0", "0", "0", "0", "0", "0", "0", "0", "0", "0", "0", "0", "0", "0", "0", "0", "27", "0", "0", "0", "26", "0", "27", "33", "33", "0", "0", "0", "0", "29", "0", "0", "0", "25", "0", "0", "0", "29", "0", "25", "22", "24", "0", "0", "0", "0", "26", "0", "0", "0", "20", "0", "0", "0", "27", "0", "37", "33", "39", "0", "0", "0", "0", "24", "0", "0", "0", "0", "0", "0", "0", "0", "0", "0", "0", "0", "0", "0", "0", "0", "0", "0", "0", "0", "23", "0", "0", "0", "35", "0", "24", "34", "37", "0", "0", "0", "0", "21", "0", "0", "0", "0", "0", "0", "0", "0", "0", "0", "0", "0", "0", "0", "0", "0", "0", "0", "0", "0", "0", "0", "0", "0", "0", "0", "0", "0", "0", "0", "0", "0", "0", "0", "0", "0", "0", "0", "0", "0", "0", "0", "0", "0", "0", "0", "0", "0", "0", "0", "0", "0", "0", "0", "0", "0", "0", "0", "0", "0", "0", "0", "0", "0", "0", "0", "0", "0", "0", "0", "0", "0", "0", "0", "0", "0", "0", "0", "0", "0", "0", "0", "0", "0", "0", "0", "0", "0", "0", "0", "0", "0", "0", "0", "0", "0", "0", "0", "0", "0", "0", "0", "0", "0", "0", "24", "0", "0", "0", "23", "0", "27", "30", "28", "0", "0", "0", "0", "17", "0", "0", "0", "0", "0", "0", "0", "0", "0", "0", "0", "0", "0", "0", "0", "0", "0", "0", "0", "0"]]}