{"state": {"resTurn": "43", "h": "6", "w": "12", "score": [["0", "-1", "1", "0", "1", "0", "0", "1", "0", "1", "-1", "0"], ["0", "1", "0", "0", "1", "1", "1", "1", "0", "0", "1", "0"], ["0", "0", "0", "0", "0", "1", "1", "0", "0", "0", "0", "0"], ["0", "0", "0", "0", "1", "1", "1", "1", "0", "0", "0", "0"], ["0", "1", "1", "1", "0", "1", "1", "0", "1", "1", "1", "0"], ["0", "-1", "0", "1", "1", "1", "1", "1", "1", "0", "-1", "0"]], "color": [["2", "2", "0", "1", "1", "1", "0", "1", "1", "1", "1", "1"], ["2", "2", "2", "1", "1", "1", "1", "1", "1", "1", "1", "0"], ["2", "2", "0", "1", "1", "1", "1", "1", "0", "0", "0", "0"], ["0", "2", "0", "2", "1", "0", "1", "2", "0", "0", "0", "0"], ["2", "2", "2", "2", "2", "1", "0", "0", "2", "2", "2", "2"], ["0", "0", "0", "2", "2", "0", "2", "2", "2", "2", "2", "2"]], "pos": [{"x": "5", "y": "4"}, {"x": "7", "y": "1"}, {"x": "4", "y": "4"}, {"x": "7", "y": "5"}]}, "q": "-0.0002650422882410931", "z": "1", "visitCount": [["11", "9", "11", "14", "13", "12", "14", "13", "11", "0", "0", "0", "0", "0", "0", "0", "0", "0", "0", "0", "0", "0", "0", "0", "0", "0", "0", "0", "0", "0", "0", "0", "0", "0", "10", "16", "11", "13", "15", "12", "11", "14", "10", "0", "0", "0", "0", "0", "0", "0", "0", "0", "0", "0", "0", "0", "0", "0", "0", "0", "0", "0", "0", "0", "0", "0", "0", "0", "0", "0", "0", "0", "0", "0", "0", "0", "0", "0", "0", "0", "0", "0", "0", "0", "0", "13", "11", "11", "11", "12", "12", "10", "11", "12", "0", "0", "0", "0", "0", "0", "0", "0", "14", "13", "10", "12", "14", "12", "12", "13", "12", "0", "0", "0", "0", "0", "0", "0", "0", "12", "14", "13", "11", "13", "12", "10", "13", "11", "0", "0", "0", "0", "0", "0", "0", "0", "11", "10", "11", "13", "12", "12", "13", "14", "12", "0", "0", "0", "0", "0", "0", "0", "0", "15", "14", "11", "12", "14", "14", "12", "11", "12", "0", "0", "0", "0", "0", "0", "0", "0", "0", "0", "0", "0", "0", "0", "0", "0", "0", "0", "0", "0", "0", "0", "0", "0", "0", "13", "13", "12", "13", "16", "15", "12", "14", "10", "0", "0", "0", "0", "0", "0", "0", "0", "13", "14", "11", "10", "14", "12", "12", "12", "17", "0", "0", "0", "0", "0", "0", "0", "0", "0", "0", "0", "0", "0", "0", "0", "0", "0", "0", "0", "0", "0", "0", "0", "0", "0", "0", "0", "0", "0", "0", "0", "0", "0", "0", "0", "0", "0", "0", "0", "0", "0", "0", "0", "0", "0", "0", "0", "0", "0", "0", "0", "0", "0", "0", "0", "0", "0", "0", "0", "0", "0", "0", "0", "0", "0", "0", "0", "0", "0", "0", "0", "0", "0", "0", "0", "0"], ["14", "0", "0", "0", "20", "18", "21", "21", "22", "0", "0", "0", "0", "0", "0", "0", "0", "15", "0", "0", "0", "17", "18", "15", "19", "20", "0", "0", "0", "0", "0", "0", "0", "0", "18", "0", "0", "0", "20", "17", "17", "21", "20", "0", "0", "0", "0", "0", "0", "0", "0", "18", "0", "0", "0", "19", "21", "15", "21", "20", "0", "0", "0", "0", "0", "0", "0", "0", "19", "0", "0", "0", "16", "17", "17", "16", "25", "0", "0", "0", "0", "0", "0", "0", "0", "16", "0", "0", "0", "20", "18", "20", "17", "17", "0", "0", "0", "0", "0", "0", "0", "0", "0", "0", "0", "0", "0", "0", "0", "0", "0", "0", "0", "0", "0", "0", "0", "0", "0", "23", "0", "0", "0", "20", "20", "17", "14", "19", "0", "0", "0", "0", "0", "0", "0", "0", "0", "0", "0", "0", "0", "0", "0", "0", "0", "0", "0", "0", "0", "0", "0", "0", "0", "0", "0", "0", "0", "0", "0", "0", "0", "0", "0", "0", "0", "0", "0", "0", "0", "0", "0", "0", "0", "0", "0", "0", "0", "0", "0", "0", "0", "0", "0", "0", "0", "0", "0", "0", "0", "0", "0", "0", "0", "0", "0", "0", "0", "0", "0", "0", "0", "0", "0", "0", "0", "0", "0", "0", "0", "0", "0", "0", "0", "0", "0", "0", "0", "0", "0", "0", "0", "0", "0", "0", "0", "0", "0", "0", "0", "0", "0", "0", "0", "0", "0", "0", "0", "0", "18", "0", "0", "0", "20", "24", "14", "16", "17", "0", "0", "0", "0", "0", "0", "0", "0", "0", "0", "0", "0", "0", "0", "0", "0", "0", "0", "0", "0", "0", "0", "0", "0", "0", "19", "0", "0", "0", "18", "18", "16", "24", "18", "0", "0", "0", "0", "0", "0", "0", "0"]]}