{"state": {"resTurn": "42", "h": "6", "w": "12", "score": [["0", "-1", "1", "0", "1", "0", "0", "1", "0", "1", "-1", "0"], ["0", "1", "0", "0", "1", "1", "1", "1", "0", "0", "1", "0"], ["0", "0", "0", "0", "0", "1", "1", "0", "0", "0", "0", "0"], ["0", "0", "0", "0", "1", "1", "1", "1", "0", "0", "0", "0"], ["0", "1", "1", "1", "0", "1", "1", "0", "1", "1", "1", "0"], ["0", "-1", "0", "1", "1", "1", "1", "1", "1", "0", "-1", "0"]], "color": [["2", "2", "0", "1", "1", "1", "0", "1", "1", "1", "1", "1"], ["2", "2", "2", "1", "1", "1", "1", "1", "1", "1", "1", "0"], ["2", "2", "0", "1", "1", "1", "1", "1", "0", "0", "0", "0"], ["0", "2", "0", "2", "1", "0", "1", "2", "0", "0", "0", "0"], ["2", "2", "2", "2", "0", "1", "0", "0", "2", "2", "2", "2"], ["0", "0", "0", "2", "2", "0", "2", "2", "2", "2", "2", "2"]], "pos": [{"x": "5", "y": "4"}, {"x": "8", "y": "1"}, {"x": "3", "y": "4"}, {"x": "8", "y": "5"}]}, "q": "-0.0003927419258154978", "z": "1", "visitCount": [["12", "10", "11", "12", "13", "11", "13", "14", "12", "0", "0", "0", "0", "0", "0", "0", "0", "0", "0", "0", "0", "0", "0", "0", "0", "0", "0", "0", "0", "0", "0", "0", "0", "0", "12", "11", "11", "12", "10", "12", "10", "14", "11", "0", "0", "0", "0", "0", "0", "0", "0", "0", "0", "0", "0", "0", "0", "0", "0", "0", "0", "0", "0", "0", "0", "0", "0", "0", "15", "12", "9", "12", "15", "11", "15", "13", "11", "0", "0", "0", "0", "0", "0", "0", "0", "11", "12", "12", "13", "9", "11", "11", "10", "13", "0", "0", "0", "0", "0", "0", "0", "0", "12", "13", "11", "11", "14", "15", "14", "13", "15", "0", "0", "0", "0", "0", "0", "0", "0", "12", "12", "13", "11", "13", "13", "12", "16", "13", "0", "0", "0", "0", "0", "0", "0", "0", "12", "11", "11", "13", "12", "13", "18", "9", "10", "0", "0", "0", "0", "0", "0", "0", "0", "13", "13", "13", "14", "13", "14", "12", "16", "13", "0", "0", "0", "0", "0", "0", "0", "0", "0", "0", "0", "0", "0", "0", "0", "0", "0", "0", "0", "0", "0", "0", "0", "0", "0", "12", "11", "15", "11", "14", "11", "13", "12", "12", "0", "0", "0", "0", "0", "0", "0", "0", "0", "0", "0", "0", "0", "0", "0", "0", "0", "0", "0", "0", "0", "0", "0", "0", "0", "0", "0", "0", "0", "0", "0", "0", "0", "0", "0", "0", "0", "0", "0", "0", "0", "0", "0", "0", "0", "0", "0", "0", "0", "0", "0", "0", "0", "0", "0", "0", "0", "0", "0", "0", "0", "0", "0", "0", "0", "0", "0", "0", "0", "0", "0", "0", "0", "0", "0", "0", "0", "0", "0", "0", "0", "0", "0", "0", "0", "0", "0", "0", "0", "0", "0", "0", "0"], ["25", "0", "0", "0", "20", "16", "16", "14", "16", "0", "0", "0", "0", "0", "0", "0", "0", "23", "0", "0", "0", "19", "15", "19", "14", "15", "0", "0", "0", "0", "0", "0", "0", "0", "18", "0", "0", "0", "21", "25", "17", "17", "17", "0", "0", "0", "0", "0", "0", "0", "0", "29", "0", "0", "0", "16", "16", "17", "20", "16", "0", "0", "0", "0", "0", "0", "0", "0", "26", "0", "0", "0", "18", "18", "21", "15", "20", "0", "0", "0", "0", "0", "0", "0", "0", "20", "0", "0", "0", "21", "21", "22", "21", "17", "0", "0", "0", "0", "0", "0", "0", "0", "16", "0", "0", "0", "19", "14", "18", "17", "21", "0", "0", "0", "0", "0", "0", "0", "0", "0", "0", "0", "0", "0", "0", "0", "0", "0", "0", "0", "0", "0", "0", "0", "0", "0", "21", "0", "0", "0", "17", "23", "21", "16", "17", "0", "0", "0", "0", "0", "0", "0", "0", "0", "0", "0", "0", "0", "0", "0", "0", "0", "0", "0", "0", "0", "0", "0", "0", "0", "0", "0", "0", "0", "0", "0", "0", "0", "0", "0", "0", "0", "0", "0", "0", "0", "0", "0", "0", "0", "0", "0", "0", "0", "0", "0", "0", "0", "0", "0", "0", "0", "0", "0", "0", "0", "0", "0", "0", "0", "0", "0", "0", "0", "0", "0", "0", "0", "0", "0", "0", "0", "0", "0", "0", "0", "0", "0", "0", "0", "0", "0", "0", "0", "0", "0", "0", "0", "0", "0", "0", "0", "0", "0", "0", "0", "0", "0", "0", "0", "0", "0", "0", "0", "0", "18", "0", "0", "0", "14", "18", "15", "18", "16", "0", "0", "0", "0", "0", "0", "0", "0", "0", "0", "0", "0", "0", "0", "0", "0", "0", "0", "0", "0", "0", "0", "0", "0", "0"]]}