{"state": {"resTurn": "41", "h": "6", "w": "12", "score": [["0", "-1", "1", "0", "1", "0", "0", "1", "0", "1", "-1", "0"], ["0", "1", "0", "0", "1", "1", "1", "1", "0", "0", "1", "0"], ["0", "0", "0", "0", "0", "1", "1", "0", "0", "0", "0", "0"], ["0", "0", "0", "0", "1", "1", "1", "1", "0", "0", "0", "0"], ["0", "1", "1", "1", "0", "1", "1", "0", "1", "1", "1", "0"], ["0", "-1", "0", "1", "1", "1", "1", "1", "1", "0", "-1", "0"]], "color": [["2", "2", "0", "1", "1", "1", "0", "1", "1", "1", "1", "1"], ["2", "2", "2", "1", "1", "1", "1", "1", "1", "1", "1", "0"], ["2", "2", "0", "1", "1", "1", "1", "1", "0", "0", "0", "0"], ["0", "2", "0", "2", "1", "0", "1", "2", "0", "0", "0", "0"], ["2", "2", "2", "2", "0", "1", "1", "0", "2", "2", "2", "2"], ["0", "0", "2", "2", "2", "0", "2", "2", "2", "2", "2", "2"]], "pos": [{"x": "6", "y": "4"}, {"x": "8", "y": "0"}, {"x": "2", "y": "5"}, {"x": "8", "y": "5"}]}, "q": "-0.0001472046334335156", "z": "1", "visitCount": [["21", "22", "17", "21", "15", "0", "0", "0", "17", "0", "0", "0", "0", "0", "0", "0", "0", "0", "0", "0", "0", "0", "0", "0", "0", "0", "0", "0", "0", "0", "0", "0", "0", "0", "0", "0", "0", "0", "0", "0", "0", "0", "0", "0", "0", "0", "0", "0", "0", "0", "0", "16", "18", "15", "17", "14", "0", "0", "0", "17", "0", "0", "0", "0", "0", "0", "0", "0", "16", "19", "19", "15", "17", "0", "0", "0", "14", "0", "0", "0", "0", "0", "0", "0", "0", "24", "16", "20", "20", "17", "0", "0", "0", "18", "0", "0", "0", "0", "0", "0", "0", "0", "15", "17", "20", "23", "22", "0", "0", "0", "21", "0", "0", "0", "0", "0", "0", "0", "0", "0", "0", "0", "0", "0", "0", "0", "0", "0", "0", "0", "0", "0", "0", "0", "0", "0", "15", "19", "19", "17", "19", "0", "0", "0", "21", "0", "0", "0", "0", "0", "0", "0", "0", "21", "17", "19", "20", "16", "0", "0", "0", "18", "0", "0", "0", "0", "0", "0", "0", "0", "18", "21", "23", "20", "21", "0", "0", "0", "19", "0", "0", "0", "0", "0", "0", "0", "0", "0", "0", "0", "0", "0", "0", "0", "0", "0", "0", "0", "0", "0", "0", "0", "0", "0", "0", "0", "0", "0", "0", "0", "0", "0", "0", "0", "0", "0", "0", "0", "0", "0", "0", "0", "0", "0", "0", "0", "0", "0", "0", "0", "0", "0", "0", "0", "0", "0", "0", "0", "0", "0", "0", "0", "0", "0", "0", "0", "0", "0", "0", "0", "0", "0", "0", "0", "0", "16", "17", "24", "18", "20", "0", "0", "0", "19", "0", "0", "0", "0", "0", "0", "0", "0", "0", "0", "0", "0", "0", "0", "0", "0", "0", "0", "0", "0", "0", "0", "0", "0", "0"], ["23", "0", "0", "0", "26", "25", "31", "29", "22", "0", "0", "0", "0", "0", "0", "0", "0", "0", "0", "0", "0", "0", "0", "0", "0", "0", "0", "0", "0", "0", "0", "0", "0", "0", "0", "0", "0", "0", "0", "0", "0", "0", "0", "0", "0", "0", "0", "0", "0", "0", "0", "0", "0", "0", "0", "0", "0", "0", "0", "0", "0", "0", "0", "0", "0", "0", "0", "0", "33", "0", "0", "0", "41", "29", "26", "30", "26", "0", "0", "0", "0", "0", "0", "0", "0", "25", "0", "0", "0", "32", "25", "26", "23", "23", "0", "0", "0", "0", "0", "0", "0", "0", "42", "0", "0", "0", "25", "22", "28", "35", "26", "0", "0", "0", "0", "0", "0", "0", "0", "26", "0", "0", "0", "39", "30", "22", "20", "18", "0", "0", "0", "0", "0", "0", "0", "0", "24", "0", "0", "0", "27", "36", "28", "36", "21", "0", "0", "0", "0", "0", "0", "0", "0", "0", "0", "0", "0", "0", "0", "0", "0", "0", "0", "0", "0", "0", "0", "0", "0", "0", "0", "0", "0", "0", "0", "0", "0", "0", "0", "0", "0", "0", "0", "0", "0", "0", "0", "0", "0", "0", "0", "0", "0", "0", "0", "0", "0", "0", "0", "0", "0", "0", "0", "0", "0", "0", "0", "0", "0", "0", "0", "0", "0", "0", "0", "0", "0", "0", "0", "0", "0", "0", "0", "0", "0", "0", "0", "0", "0", "0", "0", "0", "0", "0", "0", "0", "0", "0", "0", "0", "0", "0", "0", "0", "0", "0", "0", "0", "0", "0", "0", "0", "0", "0", "0", "0", "0", "0", "0", "0", "0", "0", "0", "0", "0", "0", "0", "0", "0", "0", "0", "0", "0", "0", "0", "0", "0", "0", "0", "0", "0", "0", "0", "0", "0", "0", "0", "0", "0"]]}