{"state": {"resTurn": "103", "h": "6", "w": "12", "score": [["0", "-1", "1", "0", "1", "0", "0", "1", "0", "1", "-1", "0"], ["0", "1", "0", "0", "1", "1", "1", "1", "0", "0", "1", "0"], ["0", "0", "0", "0", "0", "1", "1", "0", "0", "0", "0", "0"], ["0", "0", "0", "0", "1", "1", "1", "1", "0", "0", "0", "0"], ["0", "1", "1", "1", "0", "1", "1", "0", "1", "1", "1", "0"], ["0", "-1", "0", "1", "1", "1", "1", "1", "1", "0", "-1", "0"]], "color": [["2", "2", "0", "0", "0", "0", "0", "0", "0", "1", "1", "1"], ["2", "2", "2", "0", "0", "0", "0", "0", "1", "1", "1", "0"], ["2", "0", "0", "1", "0", "0", "0", "0", "0", "0", "0", "0"], ["0", "2", "0", "0", "1", "0", "0", "0", "0", "0", "0", "0"], ["0", "0", "0", "0", "1", "1", "0", "0", "0", "0", "2", "2"], ["0", "0", "0", "1", "1", "0", "0", "0", "2", "2", "2", "2"]], "pos": [{"x": "11", "y": "0"}, {"x": "3", "y": "2"}, {"x": "1", "y": "3"}, {"x": "10", "y": "4"}]}, "q": "-0.0001516650061438258", "z": "1", "visitCount": [["30", "22", "23", "26", "20", "0", "28", "26", "28", "0", "0", "0", "0", "27", "0", "0", "0", "0", "0", "0", "0", "0", "0", "0", "0", "0", "0", "0", "0", "0", "0", "0", "0", "0", "32", "27", "33", "23", "32", "0", "33", "24", "25", "0", "0", "0", "0", "28", "0", "0", "0", "35", "25", "27", "27", "33", "0", "30", "30", "28", "0", "0", "0", "0", "23", "0", "0", "0", "28", "28", "31", "27", "24", "0", "34", "37", "23", "0", "0", "0", "0", "23", "0", "0", "0", "0", "0", "0", "0", "0", "0", "0", "0", "0", "0", "0", "0", "0", "0", "0", "0", "0", "0", "0", "0", "0", "0", "0", "0", "0", "0", "0", "0", "0", "0", "0", "0", "0", "0", "0", "0", "0", "0", "0", "0", "0", "0", "0", "0", "0", "0", "0", "0", "0", "0", "0", "0", "0", "0", "0", "0", "0", "0", "0", "0", "0", "0", "0", "0", "0", "0", "0", "0", "0", "0", "0", "0", "0", "0", "0", "0", "0", "0", "0", "0", "0", "0", "0", "0", "0", "0", "0", "0", "0", "0", "0", "0", "0", "0", "0", "0", "0", "0", "0", "0", "0", "0", "0", "0", "0", "0", "0", "0", "0", "0", "0", "0", "0", "0", "0", "0", "0", "0", "0", "0", "0", "0", "0", "0", "0", "0", "0", "0", "0", "0", "0", "0", "0", "0", "0", "0", "0", "0", "0", "0", "0", "0", "0", "0", "0", "0", "0", "0", "0", "0", "0", "0", "0", "0", "0", "0", "0", "0", "0", "0", "0", "0", "0", "0", "0", "0", "0", "0", "0", "0", "0", "0", "0", "0", "0", "0", "0", "0", "0", "0", "0", "0", "0", "0", "0", "0", "0", "0", "0", "0", "0", "0", "0", "0", "0", "0", "0", "0", "0", "0", "0", "0", "0", "0"], ["13", "14", "10", "12", "10", "12", "13", "12", "15", "0", "0", "0", "0", "0", "0", "0", "0", "10", "15", "14", "16", "11", "11", "13", "12", "13", "0", "0", "0", "0", "0", "0", "0", "0", "13", "11", "10", "11", "12", "11", "12", "12", "13", "0", "0", "0", "0", "0", "0", "0", "0", "10", "16", "11", "10", "12", "11", "11", "13", "11", "0", "0", "0", "0", "0", "0", "0", "0", "11", "12", "14", "11", "13", "12", "15", "13", "11", "0", "0", "0", "0", "0", "0", "0", "0", "11", "11", "14", "12", "12", "12", "13", "12", "12", "0", "0", "0", "0", "0", "0", "0", "0", "15", "12", "11", "14", "14", "12", "12", "13", "13", "0", "0", "0", "0", "0", "0", "0", "0", "11", "11", "11", "13", "13", "12", "12", "16", "12", "0", "0", "0", "0", "0", "0", "0", "0", "14", "12", "13", "12", "14", "12", "13", "13", "13", "0", "0", "0", "0", "0", "0", "0", "0", "0", "0", "0", "0", "0", "0", "0", "0", "0", "0", "0", "0", "0", "0", "0", "0", "0", "0", "0", "0", "0", "0", "0", "0", "0", "0", "0", "0", "0", "0", "0", "0", "0", "0", "0", "0", "0", "0", "0", "0", "0", "0", "0", "0", "0", "0", "0", "0", "0", "0", "0", "0", "0", "0", "0", "0", "0", "0", "0", "0", "0", "0", "0", "0", "0", "0", "0", "0", "0", "0", "0", "0", "0", "0", "0", "0", "0", "0", "0", "0", "0", "0", "0", "0", "0", "0", "0", "0", "0", "0", "0", "0", "0", "0", "0", "0", "0", "0", "0", "0", "0", "0", "0", "0", "0", "0", "0", "0", "0", "0", "0", "0", "0", "0", "0", "0", "0", "0", "0", "0", "0", "0", "0", "0", "0", "0", "0", "0", "0", "0", "0", "0", "0", "0", "0", "0"]]}