{"state": {"resTurn": "40", "h": "6", "w": "12", "score": [["0", "-1", "1", "0", "1", "0", "0", "1", "0", "1", "-1", "0"], ["0", "1", "0", "0", "1", "1", "1", "1", "0", "0", "1", "0"], ["0", "0", "0", "0", "0", "1", "1", "0", "0", "0", "0", "0"], ["0", "0", "0", "0", "1", "1", "1", "1", "0", "0", "0", "0"], ["0", "1", "1", "1", "0", "1", "1", "0", "1", "1", "1", "0"], ["0", "-1", "0", "1", "1", "1", "1", "1", "1", "0", "-1", "0"]], "color": [["2", "2", "0", "1", "1", "1", "0", "1", "1", "1", "1", "1"], ["2", "2", "2", "1", "1", "1", "1", "1", "1", "1", "1", "0"], ["2", "2", "0", "1", "1", "1", "1", "1", "0", "0", "0", "0"], ["0", "2", "0", "2", "1", "1", "1", "2", "0", "0", "0", "0"], ["2", "2", "2", "2", "0", "1", "1", "0", "2", "2", "2", "2"], ["0", "0", "2", "2", "2", "0", "2", "2", "2", "2", "2", "2"]], "pos": [{"x": "5", "y": "3"}, {"x": "8", "y": "0"}, {"x": "2", "y": "4"}, {"x": "8", "y": "5"}]}, "q": "2.819744380353855e-06", "z": "1", "visitCount": [["19", "17", "18", "16", "17", "0", "0", "0", "18", "0", "0", "0", "0", "0", "0", "0", "0", "17", "16", "20", "18", "23", "0", "0", "0", "22", "0", "0", "0", "0", "0", "0", "0", "0", "17", "17", "25", "17", "19", "0", "0", "0", "18", "0", "0", "0", "0", "0", "0", "0", "0", "24", "19", "17", "15", "19", "0", "0", "0", "20", "0", "0", "0", "0", "0", "0", "0", "0", "18", "16", "17", "18", "20", "0", "0", "0", "23", "0", "0", "0", "0", "0", "0", "0", "0", "22", "17", "16", "22", "15", "0", "0", "0", "19", "0", "0", "0", "0", "0", "0", "0", "0", "19", "13", "18", "17", "15", "0", "0", "0", "20", "0", "0", "0", "0", "0", "0", "0", "0", "17", "20", "25", "20", "18", "0", "0", "0", "18", "0", "0", "0", "0", "0", "0", "0", "0", "19", "16", "20", "17", "18", "0", "0", "0", "21", "0", "0", "0", "0", "0", "0", "0", "0", "0", "0", "0", "0", "0", "0", "0", "0", "0", "0", "0", "0", "0", "0", "0", "0", "0", "0", "0", "0", "0", "0", "0", "0", "0", "0", "0", "0", "0", "0", "0", "0", "0", "0", "0", "0", "0", "0", "0", "0", "0", "0", "0", "0", "0", "0", "0", "0", "0", "0", "0", "0", "0", "0", "0", "0", "0", "0", "0", "0", "0", "0", "0", "0", "0", "0", "0", "0", "0", "0", "0", "0", "0", "0", "0", "0", "0", "0", "0", "0", "0", "0", "0", "0", "0", "0", "0", "0", "0", "0", "0", "0", "0", "0", "0", "0", "0", "0", "0", "0", "0", "0", "0", "0", "0", "0", "0", "0", "0", "0", "0", "0", "0", "0", "0", "0", "0", "0", "0", "0", "0", "0", "0", "0", "0", "0", "0", "0", "0", "0", "0", "0", "0", "0", "0", "0"], ["24", "0", "0", "0", "25", "20", "19", "23", "20", "0", "0", "0", "0", "0", "0", "0", "0", "20", "0", "0", "0", "20", "18", "17", "16", "23", "0", "0", "0", "0", "0", "0", "0", "0", "16", "0", "0", "0", "16", "15", "19", "20", "12", "0", "0", "0", "0", "0", "0", "0", "0", "20", "0", "0", "0", "23", "17", "18", "22", "18", "0", "0", "0", "0", "0", "0", "0", "0", "15", "0", "0", "0", "17", "25", "13", "20", "14", "0", "0", "0", "0", "0", "0", "0", "0", "25", "0", "0", "0", "18", "24", "15", "18", "20", "0", "0", "0", "0", "0", "0", "0", "0", "20", "0", "0", "0", "18", "15", "16", "19", "18", "0", "0", "0", "0", "0", "0", "0", "0", "18", "0", "0", "0", "13", "17", "16", "17", "16", "0", "0", "0", "0", "0", "0", "0", "0", "26", "0", "0", "0", "16", "19", "18", "19", "16", "0", "0", "0", "0", "0", "0", "0", "0", "0", "0", "0", "0", "0", "0", "0", "0", "0", "0", "0", "0", "0", "0", "0", "0", "0", "0", "0", "0", "0", "0", "0", "0", "0", "0", "0", "0", "0", "0", "0", "0", "0", "0", "0", "0", "0", "0", "0", "0", "0", "0", "0", "0", "0", "0", "0", "0", "0", "0", "0", "0", "0", "0", "0", "0", "0", "0", "0", "0", "0", "0", "0", "0", "0", "0", "0", "0", "0", "0", "0", "0", "0", "0", "0", "0", "0", "0", "0", "0", "0", "0", "0", "0", "0", "0", "0", "0", "0", "0", "0", "0", "0", "0", "0", "0", "0", "0", "0", "0", "0", "0", "0", "0", "0", "0", "0", "0", "0", "0", "0", "0", "0", "0", "0", "0", "0", "0", "0", "0", "0", "0", "0", "0", "0", "0", "0", "0", "0", "0", "0", "0", "0", "0", "0", "0"]]}