{"state": {"resTurn": "39", "h": "6", "w": "12", "score": [["0", "-1", "1", "0", "1", "0", "0", "1", "0", "1", "-1", "0"], ["0", "1", "0", "0", "1", "1", "1", "1", "0", "0", "1", "0"], ["0", "0", "0", "0", "0", "1", "1", "0", "0", "0", "0", "0"], ["0", "0", "0", "0", "1", "1", "1", "1", "0", "0", "0", "0"], ["0", "1", "1", "1", "0", "1", "1", "0", "1", "1", "1", "0"], ["0", "-1", "0", "1", "1", "1", "1", "1", "1", "0", "-1", "0"]], "color": [["2", "2", "0", "1", "1", "1", "0", "1", "1", "1", "1", "1"], ["2", "2", "2", "1", "1", "1", "1", "1", "1", "1", "1", "0"], ["2", "2", "0", "1", "1", "1", "1", "1", "0", "0", "0", "0"], ["0", "2", "0", "2", "1", "1", "1", "2", "0", "0", "0", "0"], ["2", "2", "2", "2", "0", "1", "1", "0", "2", "2", "2", "2"], ["0", "0", "2", "2", "2", "0", "2", "2", "2", "2", "2", "2"]], "pos": [{"x": "5", "y": "4"}, {"x": "8", "y": "1"}, {"x": "3", "y": "4"}, {"x": "8", "y": "5"}]}, "q": "0.0001303073710244256", "z": "1", "visitCount": [["12", "11", "12", "15", "14", "11", "11", "11", "12", "0", "0", "0", "0", "0", "0", "0", "0", "0", "0", "0", "0", "0", "0", "0", "0", "0", "0", "0", "0", "0", "0", "0", "0", "0", "11", "14", "14", "13", "13", "10", "11", "14", "11", "0", "0", "0", "0", "0", "0", "0", "0", "0", "0", "0", "0", "0", "0", "0", "0", "0", "0", "0", "0", "0", "0", "0", "0", "0", "11", "12", "11", "9", "14", "11", "14", "12", "11", "0", "0", "0", "0", "0", "0", "0", "0", "13", "11", "13", "13", "14", "13", "15", "14", "11", "0", "0", "0", "0", "0", "0", "0", "0", "12", "11", "12", "13", "13", "12", "13", "12", "11", "0", "0", "0", "0", "0", "0", "0", "0", "12", "13", "13", "15", "12", "14", "14", "12", "11", "0", "0", "0", "0", "0", "0", "0", "0", "10", "13", "13", "13", "11", "11", "14", "13", "14", "0", "0", "0", "0", "0", "0", "0", "0", "13", "11", "12", "11", "16", "10", "13", "15", "14", "0", "0", "0", "0", "0", "0", "0", "0", "0", "0", "0", "0", "0", "0", "0", "0", "0", "0", "0", "0", "0", "0", "0", "0", "0", "14", "11", "11", "11", "13", "10", "14", "12", "11", "0", "0", "0", "0", "0", "0", "0", "0", "0", "0", "0", "0", "0", "0", "0", "0", "0", "0", "0", "0", "0", "0", "0", "0", "0", "0", "0", "0", "0", "0", "0", "0", "0", "0", "0", "0", "0", "0", "0", "0", "0", "0", "0", "0", "0", "0", "0", "0", "0", "0", "0", "0", "0", "0", "0", "0", "0", "0", "0", "0", "0", "0", "0", "0", "0", "0", "0", "0", "0", "0", "0", "0", "0", "0", "0", "0", "0", "0", "0", "0", "0", "0", "0", "0", "0", "0", "0", "0", "0", "0", "0", "0", "0"], ["19", "0", "0", "0", "15", "16", "19", "16", "19", "0", "0", "0", "0", "0", "0", "0", "0", "20", "0", "0", "0", "23", "19", "19", "16", "20", "0", "0", "0", "0", "0", "0", "0", "0", "18", "0", "0", "0", "18", "20", "16", "23", "18", "0", "0", "0", "0", "0", "0", "0", "0", "19", "0", "0", "0", "18", "19", "19", "20", "16", "0", "0", "0", "0", "0", "0", "0", "0", "22", "0", "0", "0", "18", "20", "18", "19", "15", "0", "0", "0", "0", "0", "0", "0", "0", "18", "0", "0", "0", "19", "13", "19", "20", "21", "0", "0", "0", "0", "0", "0", "0", "0", "21", "0", "0", "0", "21", "16", "19", "18", "16", "0", "0", "0", "0", "0", "0", "0", "0", "0", "0", "0", "0", "0", "0", "0", "0", "0", "0", "0", "0", "0", "0", "0", "0", "0", "19", "0", "0", "0", "19", "20", "19", "17", "19", "0", "0", "0", "0", "0", "0", "0", "0", "0", "0", "0", "0", "0", "0", "0", "0", "0", "0", "0", "0", "0", "0", "0", "0", "0", "0", "0", "0", "0", "0", "0", "0", "0", "0", "0", "0", "0", "0", "0", "0", "0", "0", "0", "0", "0", "0", "0", "0", "0", "0", "0", "0", "0", "0", "0", "0", "0", "0", "0", "0", "0", "0", "0", "0", "0", "0", "0", "0", "0", "0", "0", "0", "0", "0", "0", "0", "0", "0", "0", "0", "0", "0", "0", "0", "0", "0", "0", "0", "0", "0", "0", "0", "0", "0", "0", "0", "0", "0", "0", "0", "0", "0", "0", "0", "0", "0", "0", "0", "0", "0", "14", "0", "0", "0", "23", "20", "19", "18", "16", "0", "0", "0", "0", "0", "0", "0", "0", "0", "0", "0", "0", "0", "0", "0", "0", "0", "0", "0", "0", "0", "0", "0", "0", "0"]]}