{"state": {"resTurn": "38", "h": "6", "w": "12", "score": [["0", "-1", "1", "0", "1", "0", "0", "1", "0", "1", "-1", "0"], ["0", "1", "0", "0", "1", "1", "1", "1", "0", "0", "1", "0"], ["0", "0", "0", "0", "0", "1", "1", "0", "0", "0", "0", "0"], ["0", "0", "0", "0", "1", "1", "1", "1", "0", "0", "0", "0"], ["0", "1", "1", "1", "0", "1", "1", "0", "1", "1", "1", "0"], ["0", "-1", "0", "1", "1", "1", "1", "1", "1", "0", "-1", "0"]], "color": [["2", "2", "0", "1", "1", "1", "0", "1", "1", "1", "1", "1"], ["2", "2", "2", "1", "1", "1", "1", "1", "1", "1", "1", "0"], ["2", "2", "0", "1", "1", "1", "1", "1", "0", "0", "0", "0"], ["0", "2", "0", "2", "1", "1", "1", "2", "0", "0", "0", "0"], ["2", "2", "2", "2", "0", "1", "1", "0", "2", "2", "2", "2"], ["0", "0", "2", "2", "2", "0", "0", "2", "2", "2", "2", "2"]], "pos": [{"x": "5", "y": "4"}, {"x": "7", "y": "1"}, {"x": "4", "y": "5"}, {"x": "7", "y": "5"}]}, "q": "-0.0001411397290491127", "z": "1", "visitCount": [["10", "13", "13", "12", "9", "12", "13", "13", "12", "0", "0", "0", "0", "0", "0", "0", "0", "14", "11", "12", "9", "16", "14", "15", "14", "11", "0", "0", "0", "0", "0", "0", "0", "0", "11", "10", "11", "10", "16", "11", "11", "15", "12", "0", "0", "0", "0", "0", "0", "0", "0", "0", "0", "0", "0", "0", "0", "0", "0", "0", "0", "0", "0", "0", "0", "0", "0", "0", "13", "12", "13", "14", "14", "13", "14", "12", "10", "0", "0", "0", "0", "0", "0", "0", "0", "13", "10", "15", "12", "12", "11", "12", "13", "11", "0", "0", "0", "0", "0", "0", "0", "0", "10", "11", "13", "13", "12", "12", "13", "11", "11", "0", "0", "0", "0", "0", "0", "0", "0", "12", "12", "12", "12", "12", "12", "12", "14", "12", "0", "0", "0", "0", "0", "0", "0", "0", "10", "15", "13", "16", "13", "13", "12", "12", "13", "0", "0", "0", "0", "0", "0", "0", "0", "0", "0", "0", "0", "0", "0", "0", "0", "0", "0", "0", "0", "0", "0", "0", "0", "0", "0", "0", "0", "0", "0", "0", "0", "0", "0", "0", "0", "0", "0", "0", "0", "0", "0", "11", "12", "13", "14", "14", "13", "11", "15", "10", "0", "0", "0", "0", "0", "0", "0", "0", "0", "0", "0", "0", "0", "0", "0", "0", "0", "0", "0", "0", "0", "0", "0", "0", "0", "0", "0", "0", "0", "0", "0", "0", "0", "0", "0", "0", "0", "0", "0", "0", "0", "0", "0", "0", "0", "0", "0", "0", "0", "0", "0", "0", "0", "0", "0", "0", "0", "0", "0", "0", "0", "0", "0", "0", "0", "0", "0", "0", "0", "0", "0", "0", "0", "0", "0", "0", "0", "0", "0", "0", "0", "0", "0", "0", "0", "0", "0", "0", "0", "0", "0", "0", "0"], ["33", "0", "0", "0", "37", "0", "23", "37", "21", "0", "0", "0", "0", "28", "0", "0", "0", "0", "0", "0", "0", "0", "0", "0", "0", "0", "0", "0", "0", "0", "0", "0", "0", "0", "0", "0", "0", "0", "0", "0", "0", "0", "0", "0", "0", "0", "0", "0", "0", "0", "0", "0", "0", "0", "0", "0", "0", "0", "0", "0", "0", "0", "0", "0", "0", "0", "0", "0", "26", "0", "0", "0", "29", "0", "21", "30", "24", "0", "0", "0", "0", "29", "0", "0", "0", "26", "0", "0", "0", "27", "0", "18", "26", "34", "0", "0", "0", "0", "27", "0", "0", "0", "25", "0", "0", "0", "25", "0", "30", "20", "36", "0", "0", "0", "0", "30", "0", "0", "0", "0", "0", "0", "0", "0", "0", "0", "0", "0", "0", "0", "0", "0", "0", "0", "0", "0", "23", "0", "0", "0", "33", "0", "27", "25", "27", "0", "0", "0", "0", "24", "0", "0", "0", "0", "0", "0", "0", "0", "0", "0", "0", "0", "0", "0", "0", "0", "0", "0", "0", "0", "0", "0", "0", "0", "0", "0", "0", "0", "0", "0", "0", "0", "0", "0", "0", "0", "0", "0", "0", "0", "0", "0", "0", "0", "0", "0", "0", "0", "0", "0", "0", "0", "0", "0", "0", "0", "0", "0", "0", "0", "0", "0", "0", "0", "0", "0", "0", "0", "0", "0", "0", "0", "0", "0", "0", "0", "0", "0", "0", "0", "0", "0", "0", "0", "0", "0", "0", "0", "0", "0", "0", "0", "0", "0", "0", "0", "0", "0", "0", "0", "0", "0", "0", "0", "0", "28", "0", "0", "0", "29", "0", "35", "29", "31", "0", "0", "0", "0", "27", "0", "0", "0", "0", "0", "0", "0", "0", "0", "0", "0", "0", "0", "0", "0", "0", "0", "0", "0", "0"]]}