{"state": {"resTurn": "37", "h": "6", "w": "12", "score": [["0", "-1", "1", "0", "1", "0", "0", "1", "0", "1", "-1", "0"], ["0", "1", "0", "0", "1", "1", "1", "1", "0", "0", "1", "0"], ["0", "0", "0", "0", "0", "1", "1", "0", "0", "0", "0", "0"], ["0", "0", "0", "0", "1", "1", "1", "1", "0", "0", "0", "0"], ["0", "1", "1", "1", "0", "1", "1", "0", "1", "1", "1", "0"], ["0", "-1", "0", "1", "1", "1", "1", "1", "1", "0", "-1", "0"]], "color": [["2", "2", "0", "1", "1", "1", "0", "1", "1", "1", "1", "1"], ["2", "2", "2", "1", "1", "1", "1", "1", "1", "1", "1", "0"], ["2", "2", "0", "1", "1", "1", "1", "1", "0", "0", "0", "0"], ["0", "2", "0", "2", "1", "1", "1", "2", "0", "0", "0", "0"], ["2", "2", "2", "2", "0", "1", "1", "0", "2", "2", "2", "2"], ["0", "0", "2", "2", "2", "0", "0", "2", "2", "2", "2", "2"]], "pos": [{"x": "5", "y": "4"}, {"x": "6", "y": "1"}, {"x": "4", "y": "5"}, {"x": "7", "y": "5"}]}, "q": "-6.991856478615998e-05", "z": "1", "visitCount": [["12", "12", "17", "9", "11", "9", "12", "11", "15", "0", "0", "0", "0", "0", "0", "0", "0", "12", "13", "11", "12", "13", "12", "13", "11", "13", "0", "0", "0", "0", "0", "0", "0", "0", "12", "13", "10", "12", "11", "11", "12", "10", "15", "0", "0", "0", "0", "0", "0", "0", "0", "0", "0", "0", "0", "0", "0", "0", "0", "0", "0", "0", "0", "0", "0", "0", "0", "0", "13", "13", "12", "10", "15", "14", "12", "12", "14", "0", "0", "0", "0", "0", "0", "0", "0", "12", "15", "11", "13", "14", "12", "9", "11", "12", "0", "0", "0", "0", "0", "0", "0", "0", "13", "10", "11", "12", "12", "12", "13", "13", "11", "0", "0", "0", "0", "0", "0", "0", "0", "12", "13", "13", "15", "13", "14", "11", "12", "11", "0", "0", "0", "0", "0", "0", "0", "0", "15", "12", "15", "14", "12", "13", "11", "11", "13", "0", "0", "0", "0", "0", "0", "0", "0", "0", "0", "0", "0", "0", "0", "0", "0", "0", "0", "0", "0", "0", "0", "0", "0", "0", "0", "0", "0", "0", "0", "0", "0", "0", "0", "0", "0", "0", "0", "0", "0", "0", "0", "12", "12", "12", "13", "14", "14", "15", "13", "10", "0", "0", "0", "0", "0", "0", "0", "0", "0", "0", "0", "0", "0", "0", "0", "0", "0", "0", "0", "0", "0", "0", "0", "0", "0", "0", "0", "0", "0", "0", "0", "0", "0", "0", "0", "0", "0", "0", "0", "0", "0", "0", "0", "0", "0", "0", "0", "0", "0", "0", "0", "0", "0", "0", "0", "0", "0", "0", "0", "0", "0", "0", "0", "0", "0", "0", "0", "0", "0", "0", "0", "0", "0", "0", "0", "0", "0", "0", "0", "0", "0", "0", "0", "0", "0", "0", "0", "0", "0", "0", "0", "0", "0"], ["32", "0", "0", "0", "27", "0", "19", "35", "31", "0", "0", "0", "0", "23", "0", "0", "0", "0", "0", "0", "0", "0", "0", "0", "0", "0", "0", "0", "0", "0", "0", "0", "0", "0", "0", "0", "0", "0", "0", "0", "0", "0", "0", "0", "0", "0", "0", "0", "0", "0", "0", "0", "0", "0", "0", "0", "0", "0", "0", "0", "0", "0", "0", "0", "0", "0", "0", "0", "33", "0", "0", "0", "24", "0", "28", "28", "29", "0", "0", "0", "0", "28", "0", "0", "0", "25", "0", "0", "0", "27", "0", "23", "24", "32", "0", "0", "0", "0", "24", "0", "0", "0", "31", "0", "0", "0", "24", "0", "24", "28", "40", "0", "0", "0", "0", "28", "0", "0", "0", "0", "0", "0", "0", "0", "0", "0", "0", "0", "0", "0", "0", "0", "0", "0", "0", "0", "28", "0", "0", "0", "30", "0", "28", "27", "25", "0", "0", "0", "0", "32", "0", "0", "0", "0", "0", "0", "0", "0", "0", "0", "0", "0", "0", "0", "0", "0", "0", "0", "0", "0", "0", "0", "0", "0", "0", "0", "0", "0", "0", "0", "0", "0", "0", "0", "0", "0", "0", "0", "0", "0", "0", "0", "0", "0", "0", "0", "0", "0", "0", "0", "0", "0", "0", "0", "0", "0", "0", "0", "0", "0", "0", "0", "0", "0", "0", "0", "0", "0", "0", "0", "0", "0", "0", "0", "0", "0", "0", "0", "0", "0", "0", "0", "0", "0", "0", "0", "0", "0", "0", "0", "0", "0", "0", "0", "0", "0", "0", "0", "0", "0", "0", "0", "0", "0", "0", "31", "0", "0", "0", "27", "0", "24", "27", "31", "0", "0", "0", "0", "23", "0", "0", "0", "0", "0", "0", "0", "0", "0", "0", "0", "0", "0", "0", "0", "0", "0", "0", "0", "0"]]}