{"state": {"resTurn": "36", "h": "6", "w": "12", "score": [["0", "-1", "1", "0", "1", "0", "0", "1", "0", "1", "-1", "0"], ["0", "1", "0", "0", "1", "1", "1", "1", "0", "0", "1", "0"], ["0", "0", "0", "0", "0", "1", "1", "0", "0", "0", "0", "0"], ["0", "0", "0", "0", "1", "1", "1", "1", "0", "0", "0", "0"], ["0", "1", "1", "1", "0", "1", "1", "0", "1", "1", "1", "0"], ["0", "-1", "0", "1", "1", "1", "1", "1", "1", "0", "-1", "0"]], "color": [["2", "2", "0", "1", "1", "1", "0", "1", "1", "1", "1", "1"], ["2", "2", "2", "1", "1", "1", "1", "1", "1", "1", "1", "0"], ["2", "2", "0", "1", "1", "1", "1", "1", "0", "0", "0", "0"], ["0", "2", "0", "2", "1", "1", "1", "2", "0", "0", "0", "0"], ["2", "2", "2", "2", "2", "1", "1", "0", "2", "2", "2", "2"], ["0", "0", "2", "2", "2", "0", "0", "2", "2", "2", "2", "2"]], "pos": [{"x": "5", "y": "4"}, {"x": "6", "y": "2"}, {"x": "4", "y": "4"}, {"x": "8", "y": "5"}]}, "q": "-5.737454791805772e-05", "z": "1", "visitCount": [["11", "0", "10", "13", "11", "10", "11", "15", "11", "13", "0", "0", "0", "0", "0", "0", "0", "14", "0", "14", "11", "14", "12", "12", "15", "10", "11", "0", "0", "0", "0", "0", "0", "0", "12", "0", "11", "13", "12", "13", "9", "15", "9", "11", "0", "0", "0", "0", "0", "0", "0", "0", "0", "0", "0", "0", "0", "0", "0", "0", "0", "0", "0", "0", "0", "0", "0", "0", "0", "0", "0", "0", "0", "0", "0", "0", "0", "0", "0", "0", "0", "0", "0", "0", "0", "12", "0", "13", "12", "12", "11", "13", "11", "9", "11", "0", "0", "0", "0", "0", "0", "0", "14", "0", "13", "10", "14", "13", "16", "11", "11", "12", "0", "0", "0", "0", "0", "0", "0", "12", "0", "11", "12", "14", "14", "13", "13", "16", "15", "0", "0", "0", "0", "0", "0", "0", "14", "0", "14", "14", "15", "12", "12", "10", "13", "12", "0", "0", "0", "0", "0", "0", "0", "0", "0", "0", "0", "0", "0", "0", "0", "0", "0", "0", "0", "0", "0", "0", "0", "0", "0", "0", "0", "0", "0", "0", "0", "0", "0", "0", "0", "0", "0", "0", "0", "0", "0", "14", "0", "12", "13", "11", "12", "12", "12", "13", "13", "0", "0", "0", "0", "0", "0", "0", "13", "0", "13", "11", "13", "13", "12", "14", "12", "10", "0", "0", "0", "0", "0", "0", "0", "0", "0", "0", "0", "0", "0", "0", "0", "0", "0", "0", "0", "0", "0", "0", "0", "0", "0", "0", "0", "0", "0", "0", "0", "0", "0", "0", "0", "0", "0", "0", "0", "0", "0", "0", "0", "0", "0", "0", "0", "0", "0", "0", "0", "0", "0", "0", "0", "0", "0", "0", "0", "0", "0", "0", "0", "0", "0", "0", "0", "0", "0", "0", "0", "0", "0", "0", "0"], ["20", "0", "0", "0", "18", "18", "20", "18", "18", "0", "0", "0", "0", "0", "0", "0", "0", "19", "0", "0", "0", "19", "20", "18", "18", "17", "0", "0", "0", "0", "0", "0", "0", "0", "22", "0", "0", "0", "20", "17", "16", "19", "17", "0", "0", "0", "0", "0", "0", "0", "0", "15", "0", "0", "0", "14", "15", "21", "23", "13", "0", "0", "0", "0", "0", "0", "0", "0", "19", "0", "0", "0", "17", "18", "21", "16", "14", "0", "0", "0", "0", "0", "0", "0", "0", "20", "0", "0", "0", "23", "15", "20", "19", "17", "0", "0", "0", "0", "0", "0", "0", "0", "0", "0", "0", "0", "0", "0", "0", "0", "0", "0", "0", "0", "0", "0", "0", "0", "0", "0", "0", "0", "0", "0", "0", "0", "0", "0", "0", "0", "0", "0", "0", "0", "0", "0", "0", "0", "0", "0", "0", "0", "0", "0", "0", "0", "0", "0", "0", "0", "0", "0", "0", "0", "0", "0", "0", "0", "0", "0", "0", "0", "0", "0", "0", "0", "0", "0", "0", "0", "0", "0", "0", "0", "0", "0", "0", "0", "0", "0", "0", "0", "0", "0", "0", "0", "0", "0", "0", "0", "0", "0", "0", "0", "0", "0", "0", "0", "0", "0", "0", "0", "0", "0", "0", "0", "0", "0", "0", "0", "0", "0", "0", "0", "0", "0", "0", "0", "0", "0", "0", "0", "0", "0", "0", "0", "0", "0", "0", "0", "0", "0", "0", "0", "0", "0", "0", "0", "18", "0", "0", "0", "20", "18", "21", "16", "19", "0", "0", "0", "0", "0", "0", "0", "0", "22", "0", "0", "0", "20", "20", "20", "15", "16", "0", "0", "0", "0", "0", "0", "0", "0", "18", "0", "0", "0", "20", "19", "21", "19", "24", "0", "0", "0", "0", "0", "0", "0", "0"]]}