{"state": {"resTurn": "35", "h": "6", "w": "12", "score": [["0", "-1", "1", "0", "1", "0", "0", "1", "0", "1", "-1", "0"], ["0", "1", "0", "0", "1", "1", "1", "1", "0", "0", "1", "0"], ["0", "0", "0", "0", "0", "1", "1", "0", "0", "0", "0", "0"], ["0", "0", "0", "0", "1", "1", "1", "1", "0", "0", "0", "0"], ["0", "1", "1", "1", "0", "1", "1", "0", "1", "1", "1", "0"], ["0", "-1", "0", "1", "1", "1", "1", "1", "1", "0", "-1", "0"]], "color": [["2", "2", "0", "1", "1", "1", "0", "1", "1", "1", "1", "1"], ["2", "2", "2", "1", "1", "1", "1", "1", "1", "1", "1", "0"], ["2", "2", "0", "1", "1", "1", "1", "1", "0", "0", "0", "0"], ["0", "2", "0", "2", "1", "1", "1", "2", "0", "0", "0", "0"], ["2", "2", "2", "2", "2", "0", "1", "0", "2", "2", "2", "2"], ["0", "0", "2", "2", "2", "0", "0", "2", "2", "2", "2", "2"]], "pos": [{"x": "5", "y": "3"}, {"x": "6", "y": "1"}, {"x": "4", "y": "4"}, {"x": "9", "y": "5"}]}, "q": "9.734333130662045e-05", "z": "1", "visitCount": [["11", "13", "12", "10", "11", "12", "12", "12", "12", "0", "0", "0", "0", "0", "0", "0", "0", "13", "13", "13", "12", "13", "14", "12", "15", "14", "0", "0", "0", "0", "0", "0", "0", "0", "12", "13", "12", "13", "15", "13", "13", "13", "11", "0", "0", "0", "0", "0", "0", "0", "0", "0", "0", "0", "0", "0", "0", "0", "0", "0", "0", "0", "0", "0", "0", "0", "0", "0", "15", "12", "13", "12", "12", "13", "13", "14", "12", "0", "0", "0", "0", "0", "0", "0", "0", "14", "12", "15", "14", "14", "13", "13", "12", "15", "0", "0", "0", "0", "0", "0", "0", "0", "11", "12", "12", "13", "11", "12", "13", "12", "12", "0", "0", "0", "0", "0", "0", "0", "0", "9", "11", "13", "12", "12", "11", "12", "9", "9", "0", "0", "0", "0", "0", "0", "0", "0", "15", "11", "11", "14", "12", "13", "11", "13", "12", "0", "0", "0", "0", "0", "0", "0", "0", "0", "0", "0", "0", "0", "0", "0", "0", "0", "0", "0", "0", "0", "0", "0", "0", "0", "0", "0", "0", "0", "0", "0", "0", "0", "0", "0", "0", "0", "0", "0", "0", "0", "0", "11", "13", "12", "11", "11", "13", "10", "12", "12", "0", "0", "0", "0", "0", "0", "0", "0", "0", "0", "0", "0", "0", "0", "0", "0", "0", "0", "0", "0", "0", "0", "0", "0", "0", "0", "0", "0", "0", "0", "0", "0", "0", "0", "0", "0", "0", "0", "0", "0", "0", "0", "0", "0", "0", "0", "0", "0", "0", "0", "0", "0", "0", "0", "0", "0", "0", "0", "0", "0", "0", "0", "0", "0", "0", "0", "0", "0", "0", "0", "0", "0", "0", "0", "0", "0", "0", "0", "0", "0", "0", "0", "0", "0", "0", "0", "0", "0", "0", "0", "0", "0", "0"], ["17", "0", "0", "0", "18", "18", "17", "19", "20", "0", "0", "0", "0", "0", "0", "0", "0", "14", "0", "0", "0", "23", "17", "23", "18", "19", "0", "0", "0", "0", "0", "0", "0", "0", "20", "0", "0", "0", "20", "19", "18", "18", "19", "0", "0", "0", "0", "0", "0", "0", "0", "22", "0", "0", "0", "19", "22", "16", "21", "14", "0", "0", "0", "0", "0", "0", "0", "0", "15", "0", "0", "0", "23", "19", "17", "18", "22", "0", "0", "0", "0", "0", "0", "0", "0", "17", "0", "0", "0", "19", "20", "18", "18", "17", "0", "0", "0", "0", "0", "0", "0", "0", "0", "0", "0", "0", "0", "0", "0", "0", "0", "0", "0", "0", "0", "0", "0", "0", "0", "0", "0", "0", "0", "0", "0", "0", "0", "0", "0", "0", "0", "0", "0", "0", "0", "0", "15", "0", "0", "0", "18", "20", "18", "18", "18", "0", "0", "0", "0", "0", "0", "0", "0", "0", "0", "0", "0", "0", "0", "0", "0", "0", "0", "0", "0", "0", "0", "0", "0", "0", "0", "0", "0", "0", "0", "0", "0", "0", "0", "0", "0", "0", "0", "0", "0", "0", "0", "0", "0", "0", "0", "0", "0", "0", "0", "0", "0", "0", "0", "0", "0", "0", "0", "0", "0", "0", "0", "0", "0", "0", "0", "0", "0", "0", "0", "0", "0", "0", "0", "0", "0", "0", "0", "0", "0", "0", "0", "0", "0", "0", "0", "0", "0", "0", "0", "0", "0", "0", "15", "0", "0", "0", "21", "21", "17", "16", "16", "0", "0", "0", "0", "0", "0", "0", "0", "17", "0", "0", "0", "24", "17", "25", "14", "16", "0", "0", "0", "0", "0", "0", "0", "0", "0", "0", "0", "0", "0", "0", "0", "0", "0", "0", "0", "0", "0", "0", "0", "0", "0"]]}