{"state": {"resTurn": "34", "h": "6", "w": "12", "score": [["0", "-1", "1", "0", "1", "0", "0", "1", "0", "1", "-1", "0"], ["0", "1", "0", "0", "1", "1", "1", "1", "0", "0", "1", "0"], ["0", "0", "0", "0", "0", "1", "1", "0", "0", "0", "0", "0"], ["0", "0", "0", "0", "1", "1", "1", "1", "0", "0", "0", "0"], ["0", "1", "1", "1", "0", "1", "1", "0", "1", "1", "1", "0"], ["0", "-1", "0", "1", "1", "1", "1", "1", "1", "0", "-1", "0"]], "color": [["2", "2", "0", "1", "1", "1", "0", "1", "1", "1", "1", "1"], ["2", "2", "2", "1", "1", "1", "1", "1", "1", "1", "1", "0"], ["2", "2", "0", "1", "1", "1", "1", "1", "0", "0", "0", "0"], ["0", "2", "0", "2", "1", "0", "1", "2", "0", "0", "0", "0"], ["2", "2", "2", "2", "2", "0", "1", "0", "2", "2", "2", "2"], ["0", "0", "2", "2", "2", "0", "0", "2", "2", "2", "2", "2"]], "pos": [{"x": "6", "y": "4"}, {"x": "7", "y": "0"}, {"x": "4", "y": "4"}, {"x": "9", "y": "4"}]}, "q": "-0.000330636050533751", "z": "1", "visitCount": [["20", "19", "19", "15", "19", "0", "0", "0", "21", "0", "0", "0", "0", "0", "0", "0", "0", "0", "0", "0", "0", "0", "0", "0", "0", "0", "0", "0", "0", "0", "0", "0", "0", "0", "18", "15", "17", "22", "19", "0", "0", "0", "20", "0", "0", "0", "0", "0", "0", "0", "0", "16", "16", "16", "17", "16", "0", "0", "0", "18", "0", "0", "0", "0", "0", "0", "0", "0", "21", "16", "20", "23", "17", "0", "0", "0", "16", "0", "0", "0", "0", "0", "0", "0", "0", "20", "15", "19", "20", "15", "0", "0", "0", "15", "0", "0", "0", "0", "0", "0", "0", "0", "20", "17", "17", "18", "17", "0", "0", "0", "21", "0", "0", "0", "0", "0", "0", "0", "0", "0", "0", "0", "0", "0", "0", "0", "0", "0", "0", "0", "0", "0", "0", "0", "0", "0", "20", "21", "19", "22", "15", "0", "0", "0", "18", "0", "0", "0", "0", "0", "0", "0", "0", "17", "17", "19", "19", "18", "0", "0", "0", "20", "0", "0", "0", "0", "0", "0", "0", "0", "0", "0", "0", "0", "0", "0", "0", "0", "0", "0", "0", "0", "0", "0", "0", "0", "0", "0", "0", "0", "0", "0", "0", "0", "0", "0", "0", "0", "0", "0", "0", "0", "0", "0", "0", "0", "0", "0", "0", "0", "0", "0", "0", "0", "0", "0", "0", "0", "0", "0", "0", "0", "0", "0", "0", "0", "0", "0", "0", "0", "0", "0", "0", "0", "0", "0", "0", "0", "0", "0", "0", "0", "0", "0", "0", "0", "0", "0", "0", "0", "0", "0", "0", "0", "0", "18", "17", "27", "21", "20", "0", "0", "0", "22", "0", "0", "0", "0", "0", "0", "0", "0", "0", "0", "0", "0", "0", "0", "0", "0", "0", "0", "0", "0", "0", "0", "0", "0", "0"], ["14", "9", "12", "13", "13", "14", "12", "14", "13", "0", "0", "0", "0", "0", "0", "0", "0", "10", "12", "12", "15", "11", "12", "10", "16", "12", "0", "0", "0", "0", "0", "0", "0", "0", "14", "13", "12", "11", "14", "10", "12", "14", "14", "0", "0", "0", "0", "0", "0", "0", "0", "12", "11", "12", "15", "10", "15", "12", "12", "14", "0", "0", "0", "0", "0", "0", "0", "0", "12", "13", "10", "14", "11", "10", "12", "13", "10", "0", "0", "0", "0", "0", "0", "0", "0", "15", "11", "12", "12", "12", "12", "13", "13", "14", "0", "0", "0", "0", "0", "0", "0", "0", "0", "0", "0", "0", "0", "0", "0", "0", "0", "0", "0", "0", "0", "0", "0", "0", "0", "12", "10", "13", "14", "13", "13", "13", "12", "12", "0", "0", "0", "0", "0", "0", "0", "0", "13", "11", "13", "10", "11", "11", "12", "12", "11", "0", "0", "0", "0", "0", "0", "0", "0", "0", "0", "0", "0", "0", "0", "0", "0", "0", "0", "0", "0", "0", "0", "0", "0", "0", "0", "0", "0", "0", "0", "0", "0", "0", "0", "0", "0", "0", "0", "0", "0", "0", "0", "0", "0", "0", "0", "0", "0", "0", "0", "0", "0", "0", "0", "0", "0", "0", "0", "0", "0", "0", "0", "0", "0", "0", "0", "0", "0", "0", "0", "0", "0", "0", "0", "0", "0", "0", "0", "0", "0", "0", "0", "0", "0", "0", "0", "0", "0", "0", "0", "0", "0", "0", "12", "15", "10", "12", "14", "14", "14", "12", "11", "0", "0", "0", "0", "0", "0", "0", "0", "0", "0", "0", "0", "0", "0", "0", "0", "0", "0", "0", "0", "0", "0", "0", "0", "0", "0", "0", "0", "0", "0", "0", "0", "0", "0", "0", "0", "0", "0", "0", "0", "0", "0"]]}