{"state": {"resTurn": "32", "h": "6", "w": "12", "score": [["0", "-1", "1", "0", "1", "0", "0", "1", "0", "1", "-1", "0"], ["0", "1", "0", "0", "1", "1", "1", "1", "0", "0", "1", "0"], ["0", "0", "0", "0", "0", "1", "1", "0", "0", "0", "0", "0"], ["0", "0", "0", "0", "1", "1", "1", "1", "0", "0", "0", "0"], ["0", "1", "1", "1", "0", "1", "1", "0", "1", "1", "1", "0"], ["0", "-1", "0", "1", "1", "1", "1", "1", "1", "0", "-1", "0"]], "color": [["2", "2", "0", "1", "1", "1", "0", "1", "1", "1", "1", "1"], ["2", "2", "2", "1", "1", "1", "1", "1", "1", "1", "1", "0"], ["2", "2", "0", "1", "1", "1", "1", "1", "0", "0", "0", "0"], ["0", "2", "0", "2", "1", "0", "1", "0", "0", "0", "2", "0"], ["2", "2", "2", "2", "2", "0", "1", "0", "2", "2", "2", "2"], ["0", "0", "2", "2", "2", "2", "0", "2", "2", "2", "2", "2"]], "pos": [{"x": "6", "y": "4"}, {"x": "6", "y": "2"}, {"x": "4", "y": "4"}, {"x": "10", "y": "3"}]}, "q": "-0.0005158602404128615", "z": "1", "visitCount": [["12", "12", "11", "13", "12", "11", "12", "12", "13", "0", "0", "0", "0", "0", "0", "0", "0", "0", "0", "0", "0", "0", "0", "0", "0", "0", "0", "0", "0", "0", "0", "0", "0", "0", "12", "12", "12", "12", "13", "12", "14", "13", "10", "0", "0", "0", "0", "0", "0", "0", "0", "0", "0", "0", "0", "0", "0", "0", "0", "0", "0", "0", "0", "0", "0", "0", "0", "0", "12", "11", "13", "11", "15", "12", "11", "12", "13", "0", "0", "0", "0", "0", "0", "0", "0", "11", "12", "13", "11", "12", "11", "12", "13", "12", "0", "0", "0", "0", "0", "0", "0", "0", "15", "12", "12", "12", "13", "11", "13", "11", "12", "0", "0", "0", "0", "0", "0", "0", "0", "12", "11", "12", "12", "12", "12", "13", "13", "14", "0", "0", "0", "0", "0", "0", "0", "0", "13", "14", "13", "12", "13", "15", "10", "11", "13", "0", "0", "0", "0", "0", "0", "0", "0", "13", "12", "14", "13", "13", "14", "12", "12", "13", "0", "0", "0", "0", "0", "0", "0", "0", "0", "0", "0", "0", "0", "0", "0", "0", "0", "0", "0", "0", "0", "0", "0", "0", "0", "10", "12", "11", "12", "14", "13", "15", "13", "13", "0", "0", "0", "0", "0", "0", "0", "0", "0", "0", "0", "0", "0", "0", "0", "0", "0", "0", "0", "0", "0", "0", "0", "0", "0", "0", "0", "0", "0", "0", "0", "0", "0", "0", "0", "0", "0", "0", "0", "0", "0", "0", "0", "0", "0", "0", "0", "0", "0", "0", "0", "0", "0", "0", "0", "0", "0", "0", "0", "0", "0", "0", "0", "0", "0", "0", "0", "0", "0", "0", "0", "0", "0", "0", "0", "0", "0", "0", "0", "0", "0", "0", "0", "0", "0", "0", "0", "0", "0", "0", "0", "0", "0"], ["12", "14", "12", "14", "11", "14", "14", "14", "11", "0", "0", "0", "0", "0", "0", "0", "0", "13", "13", "14", "12", "13", "11", "12", "14", "13", "0", "0", "0", "0", "0", "0", "0", "0", "12", "14", "11", "13", "14", "13", "13", "11", "13", "0", "0", "0", "0", "0", "0", "0", "0", "12", "12", "12", "11", "12", "12", "13", "14", "13", "0", "0", "0", "0", "0", "0", "0", "0", "11", "10", "10", "12", "15", "12", "12", "11", "11", "0", "0", "0", "0", "0", "0", "0", "0", "13", "12", "12", "10", "13", "12", "14", "11", "11", "0", "0", "0", "0", "0", "0", "0", "0", "0", "0", "0", "0", "0", "0", "0", "0", "0", "0", "0", "0", "0", "0", "0", "0", "0", "12", "12", "13", "11", "14", "13", "12", "13", "11", "0", "0", "0", "0", "0", "0", "0", "0", "10", "11", "12", "12", "12", "12", "11", "12", "11", "0", "0", "0", "0", "0", "0", "0", "0", "0", "0", "0", "0", "0", "0", "0", "0", "0", "0", "0", "0", "0", "0", "0", "0", "0", "0", "0", "0", "0", "0", "0", "0", "0", "0", "0", "0", "0", "0", "0", "0", "0", "0", "0", "0", "0", "0", "0", "0", "0", "0", "0", "0", "0", "0", "0", "0", "0", "0", "0", "0", "0", "0", "0", "0", "0", "0", "0", "0", "0", "0", "0", "0", "0", "0", "0", "0", "0", "0", "0", "0", "0", "0", "0", "0", "0", "0", "0", "0", "0", "0", "0", "0", "0", "12", "13", "13", "16", "14", "13", "11", "11", "15", "0", "0", "0", "0", "0", "0", "0", "0", "0", "0", "0", "0", "0", "0", "0", "0", "0", "0", "0", "0", "0", "0", "0", "0", "0", "0", "0", "0", "0", "0", "0", "0", "0", "0", "0", "0", "0", "0", "0", "0", "0", "0"]]}