{"state": {"resTurn": "31", "h": "6", "w": "12", "score": [["0", "-1", "1", "0", "1", "0", "0", "1", "0", "1", "-1", "0"], ["0", "1", "0", "0", "1", "1", "1", "1", "0", "0", "1", "0"], ["0", "0", "0", "0", "0", "1", "1", "0", "0", "0", "0", "0"], ["0", "0", "0", "0", "1", "1", "1", "1", "0", "0", "0", "0"], ["0", "1", "1", "1", "0", "1", "1", "0", "1", "1", "1", "0"], ["0", "-1", "0", "1", "1", "1", "1", "1", "1", "0", "-1", "0"]], "color": [["2", "2", "0", "1", "1", "1", "0", "1", "1", "1", "1", "1"], ["2", "2", "2", "1", "1", "1", "1", "1", "1", "1", "1", "0"], ["2", "2", "0", "1", "1", "1", "1", "1", "0", "0", "0", "0"], ["0", "2", "0", "2", "0", "0", "1", "0", "0", "0", "2", "0"], ["2", "2", "2", "2", "2", "1", "1", "0", "2", "2", "2", "2"], ["0", "0", "2", "2", "2", "2", "0", "2", "2", "2", "2", "2"]], "pos": [{"x": "5", "y": "4"}, {"x": "5", "y": "2"}, {"x": "4", "y": "4"}, {"x": "9", "y": "4"}]}, "q": "-0.0007017420770868046", "z": "1", "visitCount": [["13", "13", "13", "12", "11", "13", "12", "12", "15", "0", "0", "0", "0", "0", "0", "0", "0", "14", "12", "12", "14", "11", "13", "15", "12", "11", "0", "0", "0", "0", "0", "0", "0", "0", "0", "0", "0", "0", "0", "0", "0", "0", "0", "0", "0", "0", "0", "0", "0", "0", "0", "0", "0", "0", "0", "0", "0", "0", "0", "0", "0", "0", "0", "0", "0", "0", "0", "0", "0", "0", "0", "0", "0", "0", "0", "0", "0", "0", "0", "0", "0", "0", "0", "0", "0", "13", "11", "10", "13", "10", "11", "12", "11", "13", "0", "0", "0", "0", "0", "0", "0", "0", "12", "11", "12", "12", "10", "14", "13", "11", "11", "0", "0", "0", "0", "0", "0", "0", "0", "12", "11", "13", "12", "11", "15", "12", "12", "12", "0", "0", "0", "0", "0", "0", "0", "0", "14", "12", "13", "13", "12", "12", "12", "14", "13", "0", "0", "0", "0", "0", "0", "0", "0", "0", "0", "0", "0", "0", "0", "0", "0", "0", "0", "0", "0", "0", "0", "0", "0", "0", "12", "14", "11", "15", "13", "12", "12", "12", "11", "0", "0", "0", "0", "0", "0", "0", "0", "14", "12", "11", "10", "12", "13", "12", "12", "12", "0", "0", "0", "0", "0", "0", "0", "0", "17", "13", "13", "13", "14", "12", "13", "11", "11", "0", "0", "0", "0", "0", "0", "0", "0", "0", "0", "0", "0", "0", "0", "0", "0", "0", "0", "0", "0", "0", "0", "0", "0", "0", "0", "0", "0", "0", "0", "0", "0", "0", "0", "0", "0", "0", "0", "0", "0", "0", "0", "0", "0", "0", "0", "0", "0", "0", "0", "0", "0", "0", "0", "0", "0", "0", "0", "0", "0", "0", "0", "0", "0", "0", "0", "0", "0", "0", "0", "0", "0", "0", "0", "0", "0"], ["10", "15", "12", "14", "17", "13", "13", "14", "12", "0", "0", "0", "0", "0", "0", "0", "0", "13", "12", "11", "12", "12", "12", "13", "13", "12", "0", "0", "0", "0", "0", "0", "0", "0", "13", "11", "12", "12", "12", "14", "12", "12", "11", "0", "0", "0", "0", "0", "0", "0", "0", "12", "12", "13", "12", "13", "12", "11", "9", "13", "0", "0", "0", "0", "0", "0", "0", "0", "14", "11", "11", "14", "11", "12", "12", "13", "10", "0", "0", "0", "0", "0", "0", "0", "0", "12", "12", "10", "12", "14", "10", "12", "15", "14", "0", "0", "0", "0", "0", "0", "0", "0", "11", "11", "12", "13", "13", "12", "12", "12", "11", "0", "0", "0", "0", "0", "0", "0", "0", "13", "14", "13", "13", "11", "12", "12", "12", "14", "0", "0", "0", "0", "0", "0", "0", "0", "0", "0", "0", "0", "0", "0", "0", "0", "0", "0", "0", "0", "0", "0", "0", "0", "0", "0", "0", "0", "0", "0", "0", "0", "0", "0", "0", "0", "0", "0", "0", "0", "0", "0", "0", "0", "0", "0", "0", "0", "0", "0", "0", "0", "0", "0", "0", "0", "0", "0", "0", "0", "0", "0", "0", "0", "0", "0", "0", "0", "0", "0", "0", "0", "0", "0", "0", "0", "0", "0", "0", "0", "0", "0", "0", "0", "0", "0", "0", "0", "0", "0", "0", "0", "0", "0", "0", "0", "0", "0", "0", "0", "0", "0", "0", "0", "0", "0", "0", "0", "0", "0", "0", "0", "0", "0", "0", "0", "0", "0", "0", "0", "0", "0", "0", "0", "0", "0", "0", "0", "0", "0", "0", "0", "0", "0", "0", "0", "0", "0", "0", "0", "0", "0", "0", "0", "12", "13", "12", "12", "13", "13", "13", "13", "13", "0", "0", "0", "0", "0", "0", "0", "0"]]}