{"state": {"resTurn": "102", "h": "6", "w": "12", "score": [["0", "-1", "1", "0", "1", "0", "0", "1", "0", "1", "-1", "0"], ["0", "1", "0", "0", "1", "1", "1", "1", "0", "0", "1", "0"], ["0", "0", "0", "0", "0", "1", "1", "0", "0", "0", "0", "0"], ["0", "0", "0", "0", "1", "1", "1", "1", "0", "0", "0", "0"], ["0", "1", "1", "1", "0", "1", "1", "0", "1", "1", "1", "0"], ["0", "-1", "0", "1", "1", "1", "1", "1", "1", "0", "-1", "0"]], "color": [["2", "2", "0", "0", "0", "0", "0", "0", "0", "1", "1", "1"], ["2", "2", "2", "0", "1", "0", "0", "0", "1", "1", "1", "0"], ["2", "0", "0", "1", "0", "0", "0", "0", "0", "0", "0", "0"], ["0", "2", "0", "0", "1", "0", "0", "0", "0", "0", "0", "0"], ["0", "0", "2", "0", "1", "1", "0", "0", "0", "0", "2", "2"], ["0", "0", "0", "1", "1", "0", "0", "0", "2", "2", "2", "2"]], "pos": [{"x": "10", "y": "0"}, {"x": "4", "y": "1"}, {"x": "2", "y": "4"}, {"x": "9", "y": "5"}]}, "q": "-0.0001505781423888121", "z": "1", "visitCount": [["13", "20", "20", "14", "13", "18", "20", "22", "14", "0", "0", "0", "0", "0", "0", "0", "0", "18", "18", "11", "15", "18", "21", "19", "20", "16", "0", "0", "0", "0", "0", "0", "0", "0", "18", "18", "17", "19", "18", "14", "22", "21", "15", "0", "0", "0", "0", "0", "0", "0", "0", "16", "21", "15", "18", "16", "22", "25", "15", "22", "0", "0", "0", "0", "0", "0", "0", "0", "26", "19", "17", "19", "34", "21", "15", "18", "23", "0", "0", "0", "0", "0", "0", "0", "0", "0", "0", "0", "0", "0", "0", "0", "0", "0", "0", "0", "0", "0", "0", "0", "0", "0", "0", "0", "0", "0", "0", "0", "0", "0", "0", "0", "0", "0", "0", "0", "0", "0", "0", "0", "0", "0", "0", "0", "0", "0", "0", "0", "0", "0", "0", "0", "0", "0", "0", "0", "19", "19", "16", "19", "19", "16", "17", "22", "19", "0", "0", "0", "0", "0", "0", "0", "0", "0", "0", "0", "0", "0", "0", "0", "0", "0", "0", "0", "0", "0", "0", "0", "0", "0", "0", "0", "0", "0", "0", "0", "0", "0", "0", "0", "0", "0", "0", "0", "0", "0", "0", "0", "0", "0", "0", "0", "0", "0", "0", "0", "0", "0", "0", "0", "0", "0", "0", "0", "0", "0", "0", "0", "0", "0", "0", "0", "0", "0", "0", "0", "0", "0", "0", "0", "0", "0", "0", "0", "0", "0", "0", "0", "0", "0", "0", "0", "0", "0", "0", "0", "0", "0", "0", "0", "0", "0", "0", "0", "0", "0", "0", "0", "0", "0", "0", "0", "0", "0", "0", "0", "0", "0", "0", "0", "0", "0", "0", "0", "0", "0", "0", "0", "0", "0", "0", "0", "0", "0", "0", "0", "0", "0", "0", "0", "0", "0", "0", "0", "0", "0", "0", "0", "0"], ["27", "0", "0", "0", "17", "15", "18", "21", "19", "0", "0", "0", "0", "0", "0", "0", "0", "0", "0", "0", "0", "0", "0", "0", "0", "0", "0", "0", "0", "0", "0", "0", "0", "0", "20", "0", "0", "0", "22", "16", "20", "22", "24", "0", "0", "0", "0", "0", "0", "0", "0", "14", "0", "0", "0", "23", "19", "20", "16", "20", "0", "0", "0", "0", "0", "0", "0", "0", "13", "0", "0", "0", "18", "16", "16", "16", "16", "0", "0", "0", "0", "0", "0", "0", "0", "21", "0", "0", "0", "23", "16", "16", "21", "21", "0", "0", "0", "0", "0", "0", "0", "0", "13", "0", "0", "0", "18", "21", "17", "18", "18", "0", "0", "0", "0", "0", "0", "0", "0", "22", "0", "0", "0", "19", "16", "19", "15", "16", "0", "0", "0", "0", "0", "0", "0", "0", "14", "0", "0", "0", "13", "19", "19", "20", "18", "0", "0", "0", "0", "0", "0", "0", "0", "21", "0", "0", "0", "19", "23", "16", "21", "19", "0", "0", "0", "0", "0", "0", "0", "0", "0", "0", "0", "0", "0", "0", "0", "0", "0", "0", "0", "0", "0", "0", "0", "0", "0", "0", "0", "0", "0", "0", "0", "0", "0", "0", "0", "0", "0", "0", "0", "0", "0", "0", "0", "0", "0", "0", "0", "0", "0", "0", "0", "0", "0", "0", "0", "0", "0", "0", "0", "0", "0", "0", "0", "0", "0", "0", "0", "0", "0", "0", "0", "0", "0", "0", "0", "0", "0", "0", "0", "0", "0", "0", "0", "0", "0", "0", "0", "0", "0", "0", "0", "0", "0", "0", "0", "0", "0", "0", "0", "0", "0", "0", "0", "0", "0", "0", "0", "0", "0", "0", "0", "0", "0", "0", "0", "0", "0", "0", "0", "0", "0", "0", "0", "0", "0", "0", "0"]]}