{"state": {"resTurn": "29", "h": "6", "w": "12", "score": [["0", "-1", "1", "0", "1", "0", "0", "1", "0", "1", "-1", "0"], ["0", "1", "0", "0", "1", "1", "1", "1", "0", "0", "1", "0"], ["0", "0", "0", "0", "0", "1", "1", "0", "0", "0", "0", "0"], ["0", "0", "0", "0", "1", "1", "1", "1", "0", "0", "0", "0"], ["0", "1", "1", "1", "0", "1", "1", "0", "1", "1", "1", "0"], ["0", "-1", "0", "1", "1", "1", "1", "1", "1", "0", "-1", "0"]], "color": [["2", "2", "0", "1", "1", "1", "0", "1", "1", "1", "1", "1"], ["2", "2", "2", "1", "1", "1", "1", "1", "1", "1", "1", "0"], ["2", "2", "0", "1", "1", "1", "1", "1", "0", "0", "0", "0"], ["0", "2", "0", "2", "0", "0", "1", "0", "0", "0", "2", "0"], ["2", "2", "2", "2", "2", "1", "1", "2", "2", "2", "2", "2"], ["0", "0", "2", "2", "2", "2", "0", "2", "2", "2", "2", "2"]], "pos": [{"x": "5", "y": "4"}, {"x": "6", "y": "2"}, {"x": "5", "y": "5"}, {"x": "7", "y": "4"}]}, "q": "-0.0004833159168430286", "z": "1", "visitCount": [["12", "14", "13", "11", "13", "12", "15", "14", "14", "0", "0", "0", "0", "0", "0", "0", "0", "13", "12", "11", "13", "14", "13", "11", "13", "15", "0", "0", "0", "0", "0", "0", "0", "0", "0", "0", "0", "0", "0", "0", "0", "0", "0", "0", "0", "0", "0", "0", "0", "0", "0", "0", "0", "0", "0", "0", "0", "0", "0", "0", "0", "0", "0", "0", "0", "0", "0", "0", "0", "0", "0", "0", "0", "0", "0", "0", "0", "0", "0", "0", "0", "0", "0", "0", "0", "11", "13", "13", "10", "12", "12", "12", "14", "12", "0", "0", "0", "0", "0", "0", "0", "0", "12", "11", "13", "13", "13", "11", "13", "11", "11", "0", "0", "0", "0", "0", "0", "0", "0", "12", "11", "11", "11", "12", "11", "13", "11", "12", "0", "0", "0", "0", "0", "0", "0", "0", "10", "15", "13", "13", "14", "12", "11", "13", "13", "0", "0", "0", "0", "0", "0", "0", "0", "0", "0", "0", "0", "0", "0", "0", "0", "0", "0", "0", "0", "0", "0", "0", "0", "0", "13", "11", "13", "12", "12", "12", "10", "12", "13", "0", "0", "0", "0", "0", "0", "0", "0", "13", "13", "14", "13", "11", "14", "13", "12", "12", "0", "0", "0", "0", "0", "0", "0", "0", "14", "15", "13", "10", "12", "11", "10", "11", "13", "0", "0", "0", "0", "0", "0", "0", "0", "0", "0", "0", "0", "0", "0", "0", "0", "0", "0", "0", "0", "0", "0", "0", "0", "0", "0", "0", "0", "0", "0", "0", "0", "0", "0", "0", "0", "0", "0", "0", "0", "0", "0", "0", "0", "0", "0", "0", "0", "0", "0", "0", "0", "0", "0", "0", "0", "0", "0", "0", "0", "0", "0", "0", "0", "0", "0", "0", "0", "0", "0", "0", "0", "0", "0", "0", "0"], ["15", "15", "14", "20", "0", "0", "15", "18", "18", "0", "0", "0", "16", "15", "0", "0", "0", "0", "0", "0", "0", "0", "0", "0", "0", "0", "0", "0", "0", "0", "0", "0", "0", "0", "0", "0", "0", "0", "0", "0", "0", "0", "0", "0", "0", "0", "0", "0", "0", "0", "0", "0", "0", "0", "0", "0", "0", "0", "0", "0", "0", "0", "0", "0", "0", "0", "0", "0", "21", "23", "21", "17", "0", "0", "16", "16", "17", "0", "0", "0", "16", "16", "0", "0", "0", "21", "22", "20", "18", "0", "0", "18", "17", "20", "0", "0", "0", "21", "20", "0", "0", "0", "0", "0", "0", "0", "0", "0", "0", "0", "0", "0", "0", "0", "0", "0", "0", "0", "0", "0", "0", "0", "0", "0", "0", "0", "0", "0", "0", "0", "0", "0", "0", "0", "0", "0", "22", "22", "22", "17", "0", "0", "18", "20", "19", "0", "0", "0", "22", "16", "0", "0", "0", "0", "0", "0", "0", "0", "0", "0", "0", "0", "0", "0", "0", "0", "0", "0", "0", "0", "0", "0", "0", "0", "0", "0", "0", "0", "0", "0", "0", "0", "0", "0", "0", "0", "0", "0", "0", "0", "0", "0", "0", "0", "0", "0", "0", "0", "0", "0", "0", "0", "0", "0", "0", "0", "0", "0", "0", "0", "0", "0", "0", "0", "0", "0", "0", "0", "0", "0", "0", "0", "0", "0", "0", "0", "0", "0", "0", "0", "0", "0", "0", "0", "0", "0", "0", "0", "20", "21", "19", "20", "0", "0", "17", "22", "17", "0", "0", "0", "19", "18", "0", "0", "0", "19", "20", "17", "16", "0", "0", "19", "17", "21", "0", "0", "0", "19", "15", "0", "0", "0", "0", "0", "0", "0", "0", "0", "0", "0", "0", "0", "0", "0", "0", "0", "0", "0", "0"]]}