{"state": {"resTurn": "27", "h": "6", "w": "12", "score": [["0", "-1", "1", "0", "1", "0", "0", "1", "0", "1", "-1", "0"], ["0", "1", "0", "0", "1", "1", "1", "1", "0", "0", "1", "0"], ["0", "0", "0", "0", "0", "1", "1", "0", "0", "0", "0", "0"], ["0", "0", "0", "0", "1", "1", "1", "1", "0", "0", "0", "0"], ["0", "1", "1", "1", "0", "1", "1", "0", "1", "1", "1", "0"], ["0", "-1", "0", "1", "1", "1", "1", "1", "1", "0", "-1", "0"]], "color": [["2", "2", "0", "1", "1", "1", "1", "1", "1", "1", "1", "1"], ["2", "2", "2", "1", "1", "1", "1", "1", "1", "1", "1", "0"], ["2", "2", "0", "1", "1", "1", "1", "1", "0", "0", "0", "0"], ["0", "2", "0", "2", "0", "0", "1", "0", "0", "0", "2", "0"], ["2", "2", "2", "2", "2", "1", "1", "2", "2", "2", "2", "2"], ["0", "0", "2", "2", "0", "2", "0", "2", "2", "2", "2", "2"]], "pos": [{"x": "5", "y": "4"}, {"x": "6", "y": "0"}, {"x": "4", "y": "4"}, {"x": "8", "y": "5"}]}, "q": "-0.0005342349536431142", "z": "1", "visitCount": [["18", "20", "18", "19", "16", "0", "0", "0", "18", "0", "0", "0", "0", "0", "0", "0", "0", "15", "18", "18", "21", "18", "0", "0", "0", "18", "0", "0", "0", "0", "0", "0", "0", "0", "0", "0", "0", "0", "0", "0", "0", "0", "0", "0", "0", "0", "0", "0", "0", "0", "0", "19", "21", "22", "21", "19", "0", "0", "0", "22", "0", "0", "0", "0", "0", "0", "0", "0", "0", "0", "0", "0", "0", "0", "0", "0", "0", "0", "0", "0", "0", "0", "0", "0", "0", "17", "22", "17", "18", "15", "0", "0", "0", "18", "0", "0", "0", "0", "0", "0", "0", "0", "16", "19", "15", "18", "16", "0", "0", "0", "19", "0", "0", "0", "0", "0", "0", "0", "0", "20", "20", "21", "16", "20", "0", "0", "0", "16", "0", "0", "0", "0", "0", "0", "0", "0", "16", "17", "17", "19", "20", "0", "0", "0", "19", "0", "0", "0", "0", "0", "0", "0", "0", "0", "0", "0", "0", "0", "0", "0", "0", "0", "0", "0", "0", "0", "0", "0", "0", "0", "19", "15", "15", "19", "18", "0", "0", "0", "15", "0", "0", "0", "0", "0", "0", "0", "0", "0", "0", "0", "0", "0", "0", "0", "0", "0", "0", "0", "0", "0", "0", "0", "0", "0", "22", "23", "18", "18", "22", "0", "0", "0", "24", "0", "0", "0", "0", "0", "0", "0", "0", "0", "0", "0", "0", "0", "0", "0", "0", "0", "0", "0", "0", "0", "0", "0", "0", "0", "0", "0", "0", "0", "0", "0", "0", "0", "0", "0", "0", "0", "0", "0", "0", "0", "0", "0", "0", "0", "0", "0", "0", "0", "0", "0", "0", "0", "0", "0", "0", "0", "0", "0", "0", "0", "0", "0", "0", "0", "0", "0", "0", "0", "0", "0", "0", "0", "0", "0", "0"], ["17", "0", "0", "0", "21", "20", "20", "18", "17", "0", "0", "0", "0", "0", "0", "0", "0", "24", "0", "0", "0", "17", "18", "21", "22", "19", "0", "0", "0", "0", "0", "0", "0", "0", "20", "0", "0", "0", "20", "21", "17", "18", "17", "0", "0", "0", "0", "0", "0", "0", "0", "17", "0", "0", "0", "21", "19", "19", "21", "15", "0", "0", "0", "0", "0", "0", "0", "0", "18", "0", "0", "0", "16", "19", "16", "15", "17", "0", "0", "0", "0", "0", "0", "0", "0", "21", "0", "0", "0", "20", "17", "19", "19", "17", "0", "0", "0", "0", "0", "0", "0", "0", "19", "0", "0", "0", "21", "15", "18", "16", "16", "0", "0", "0", "0", "0", "0", "0", "0", "19", "0", "0", "0", "19", "18", "26", "15", "16", "0", "0", "0", "0", "0", "0", "0", "0", "0", "0", "0", "0", "0", "0", "0", "0", "0", "0", "0", "0", "0", "0", "0", "0", "0", "0", "0", "0", "0", "0", "0", "0", "0", "0", "0", "0", "0", "0", "0", "0", "0", "0", "0", "0", "0", "0", "0", "0", "0", "0", "0", "0", "0", "0", "0", "0", "0", "0", "0", "0", "0", "0", "0", "0", "0", "0", "0", "0", "0", "0", "0", "0", "0", "0", "0", "0", "0", "0", "0", "0", "0", "0", "0", "0", "0", "0", "0", "0", "0", "0", "0", "0", "0", "0", "0", "0", "0", "0", "0", "0", "0", "0", "0", "0", "0", "0", "0", "0", "0", "0", "0", "0", "0", "0", "0", "0", "0", "0", "0", "0", "0", "0", "0", "0", "0", "0", "0", "0", "0", "0", "0", "0", "0", "0", "0", "0", "0", "0", "0", "0", "0", "0", "0", "0", "18", "0", "0", "0", "18", "18", "19", "18", "18", "0", "0", "0", "0", "0", "0", "0", "0"]]}