{"state": {"resTurn": "26", "h": "6", "w": "12", "score": [["0", "-1", "1", "0", "1", "0", "0", "1", "0", "1", "-1", "0"], ["0", "1", "0", "0", "1", "1", "1", "1", "0", "0", "1", "0"], ["0", "0", "0", "0", "0", "1", "1", "0", "0", "0", "0", "0"], ["0", "0", "0", "0", "1", "1", "1", "1", "0", "0", "0", "0"], ["0", "1", "1", "1", "0", "1", "1", "0", "1", "1", "1", "0"], ["0", "-1", "0", "1", "1", "1", "1", "1", "1", "0", "-1", "0"]], "color": [["2", "2", "0", "1", "1", "1", "1", "1", "1", "1", "1", "1"], ["2", "2", "2", "1", "1", "1", "1", "1", "1", "1", "1", "0"], ["2", "2", "0", "1", "1", "1", "1", "1", "0", "0", "0", "0"], ["0", "2", "0", "2", "0", "2", "1", "0", "0", "0", "2", "0"], ["2", "2", "2", "2", "0", "1", "1", "2", "2", "2", "2", "2"], ["0", "0", "2", "2", "0", "2", "0", "2", "2", "2", "2", "2"]], "pos": [{"x": "5", "y": "4"}, {"x": "7", "y": "0"}, {"x": "5", "y": "3"}, {"x": "8", "y": "4"}]}, "q": "-0.0006572289535626779", "z": "1", "visitCount": [["18", "14", "24", "19", "19", "0", "0", "0", "19", "0", "0", "0", "0", "0", "0", "0", "0", "15", "21", "19", "23", "19", "0", "0", "0", "19", "0", "0", "0", "0", "0", "0", "0", "0", "0", "0", "0", "0", "0", "0", "0", "0", "0", "0", "0", "0", "0", "0", "0", "0", "0", "20", "23", "21", "21", "18", "0", "0", "0", "22", "0", "0", "0", "0", "0", "0", "0", "0", "18", "19", "23", "18", "18", "0", "0", "0", "16", "0", "0", "0", "0", "0", "0", "0", "0", "17", "16", "15", "19", "19", "0", "0", "0", "21", "0", "0", "0", "0", "0", "0", "0", "0", "0", "0", "0", "0", "0", "0", "0", "0", "0", "0", "0", "0", "0", "0", "0", "0", "0", "17", "19", "19", "21", "17", "0", "0", "0", "17", "0", "0", "0", "0", "0", "0", "0", "0", "21", "19", "20", "24", "16", "0", "0", "0", "19", "0", "0", "0", "0", "0", "0", "0", "0", "0", "0", "0", "0", "0", "0", "0", "0", "0", "0", "0", "0", "0", "0", "0", "0", "0", "15", "12", "15", "19", "21", "0", "0", "0", "17", "0", "0", "0", "0", "0", "0", "0", "0", "0", "0", "0", "0", "0", "0", "0", "0", "0", "0", "0", "0", "0", "0", "0", "0", "0", "0", "0", "0", "0", "0", "0", "0", "0", "0", "0", "0", "0", "0", "0", "0", "0", "0", "0", "0", "0", "0", "0", "0", "0", "0", "0", "0", "0", "0", "0", "0", "0", "0", "0", "16", "13", "18", "14", "19", "0", "0", "0", "19", "0", "0", "0", "0", "0", "0", "0", "0", "0", "0", "0", "0", "0", "0", "0", "0", "0", "0", "0", "0", "0", "0", "0", "0", "0", "0", "0", "0", "0", "0", "0", "0", "0", "0", "0", "0", "0", "0", "0", "0", "0", "0"], ["9", "13", "15", "13", "15", "13", "12", "10", "9", "0", "0", "0", "0", "0", "0", "0", "0", "0", "0", "0", "0", "0", "0", "0", "0", "0", "0", "0", "0", "0", "0", "0", "0", "0", "0", "0", "0", "0", "0", "0", "0", "0", "0", "0", "0", "0", "0", "0", "0", "0", "0", "11", "9", "13", "11", "14", "14", "13", "13", "13", "0", "0", "0", "0", "0", "0", "0", "0", "9", "11", "12", "12", "14", "15", "12", "12", "12", "0", "0", "0", "0", "0", "0", "0", "0", "0", "0", "0", "0", "0", "0", "0", "0", "0", "0", "0", "0", "0", "0", "0", "0", "0", "0", "0", "0", "0", "0", "0", "0", "0", "0", "0", "0", "0", "0", "0", "0", "0", "0", "0", "0", "0", "0", "0", "0", "0", "0", "0", "0", "0", "0", "0", "0", "0", "0", "0", "0", "0", "0", "0", "0", "0", "0", "0", "0", "0", "0", "0", "0", "0", "0", "0", "0", "15", "11", "13", "13", "14", "14", "12", "12", "12", "0", "0", "0", "0", "0", "0", "0", "0", "11", "11", "13", "14", "14", "14", "12", "12", "16", "0", "0", "0", "0", "0", "0", "0", "0", "0", "0", "0", "0", "0", "0", "0", "0", "0", "0", "0", "0", "0", "0", "0", "0", "0", "0", "0", "0", "0", "0", "0", "0", "0", "0", "0", "0", "0", "0", "0", "0", "0", "0", "11", "14", "11", "14", "13", "13", "16", "12", "12", "0", "0", "0", "0", "0", "0", "0", "0", "12", "13", "11", "13", "12", "11", "12", "14", "14", "0", "0", "0", "0", "0", "0", "0", "0", "12", "12", "13", "12", "11", "11", "10", "13", "13", "0", "0", "0", "0", "0", "0", "0", "0", "12", "11", "10", "10", "13", "11", "14", "9", "13", "0", "0", "0", "0", "0", "0", "0", "0"]]}