{"state": {"resTurn": "25", "h": "6", "w": "12", "score": [["0", "-1", "1", "0", "1", "0", "0", "1", "0", "1", "-1", "0"], ["0", "1", "0", "0", "1", "1", "1", "1", "0", "0", "1", "0"], ["0", "0", "0", "0", "0", "1", "1", "0", "0", "0", "0", "0"], ["0", "0", "0", "0", "1", "1", "1", "1", "0", "0", "0", "0"], ["0", "1", "1", "1", "0", "1", "1", "0", "1", "1", "1", "0"], ["0", "-1", "0", "1", "1", "1", "1", "1", "1", "0", "-1", "0"]], "color": [["2", "2", "0", "1", "1", "1", "1", "1", "1", "1", "1", "1"], ["2", "2", "2", "1", "1", "1", "1", "1", "1", "1", "1", "0"], ["2", "2", "0", "1", "1", "1", "1", "1", "0", "0", "0", "0"], ["0", "2", "0", "2", "0", "2", "1", "0", "0", "0", "2", "0"], ["2", "2", "2", "2", "0", "1", "1", "2", "2", "2", "2", "2"], ["0", "0", "2", "2", "0", "2", "0", "2", "2", "2", "2", "2"]], "pos": [{"x": "5", "y": "4"}, {"x": "7", "y": "1"}, {"x": "5", "y": "3"}, {"x": "9", "y": "4"}]}, "q": "-0.0008745396069100533", "z": "1", "visitCount": [["18", "10", "14", "14", "10", "13", "9", "12", "13", "0", "0", "0", "0", "0", "0", "0", "0", "14", "11", "14", "12", "10", "9", "11", "13", "13", "0", "0", "0", "0", "0", "0", "0", "0", "0", "0", "0", "0", "0", "0", "0", "0", "0", "0", "0", "0", "0", "0", "0", "0", "0", "14", "11", "13", "11", "13", "10", "15", "12", "10", "0", "0", "0", "0", "0", "0", "0", "0", "11", "13", "11", "15", "10", "13", "12", "11", "13", "0", "0", "0", "0", "0", "0", "0", "0", "12", "12", "12", "14", "13", "13", "11", "11", "12", "0", "0", "0", "0", "0", "0", "0", "0", "0", "0", "0", "0", "0", "0", "0", "0", "0", "0", "0", "0", "0", "0", "0", "0", "0", "14", "15", "12", "14", "11", "13", "13", "12", "10", "0", "0", "0", "0", "0", "0", "0", "0", "15", "10", "13", "14", "13", "12", "13", "15", "13", "0", "0", "0", "0", "0", "0", "0", "0", "0", "0", "0", "0", "0", "0", "0", "0", "0", "0", "0", "0", "0", "0", "0", "0", "0", "12", "10", "12", "13", "12", "13", "11", "12", "11", "0", "0", "0", "0", "0", "0", "0", "0", "0", "0", "0", "0", "0", "0", "0", "0", "0", "0", "0", "0", "0", "0", "0", "0", "0", "0", "0", "0", "0", "0", "0", "0", "0", "0", "0", "0", "0", "0", "0", "0", "0", "0", "0", "0", "0", "0", "0", "0", "0", "0", "0", "0", "0", "0", "0", "0", "0", "0", "0", "12", "14", "13", "10", "12", "14", "12", "15", "12", "0", "0", "0", "0", "0", "0", "0", "0", "0", "0", "0", "0", "0", "0", "0", "0", "0", "0", "0", "0", "0", "0", "0", "0", "0", "0", "0", "0", "0", "0", "0", "0", "0", "0", "0", "0", "0", "0", "0", "0", "0", "0"], ["13", "12", "14", "14", "11", "12", "10", "14", "12", "0", "0", "0", "0", "0", "0", "0", "0", "0", "0", "0", "0", "0", "0", "0", "0", "0", "0", "0", "0", "0", "0", "0", "0", "0", "0", "0", "0", "0", "0", "0", "0", "0", "0", "0", "0", "0", "0", "0", "0", "0", "0", "14", "10", "12", "14", "12", "13", "11", "12", "12", "0", "0", "0", "0", "0", "0", "0", "0", "12", "15", "11", "11", "15", "12", "12", "11", "12", "0", "0", "0", "0", "0", "0", "0", "0", "0", "0", "0", "0", "0", "0", "0", "0", "0", "0", "0", "0", "0", "0", "0", "0", "0", "0", "0", "0", "0", "0", "0", "0", "0", "0", "0", "0", "0", "0", "0", "0", "0", "0", "0", "0", "0", "0", "0", "0", "0", "0", "0", "0", "0", "0", "0", "0", "0", "0", "0", "0", "0", "0", "0", "0", "0", "0", "0", "0", "0", "0", "0", "0", "0", "0", "0", "0", "12", "13", "12", "14", "11", "14", "13", "13", "14", "0", "0", "0", "0", "0", "0", "0", "0", "12", "12", "11", "12", "12", "14", "13", "13", "14", "0", "0", "0", "0", "0", "0", "0", "0", "0", "0", "0", "0", "0", "0", "0", "0", "0", "0", "0", "0", "0", "0", "0", "0", "0", "0", "0", "0", "0", "0", "0", "0", "0", "0", "0", "0", "0", "0", "0", "0", "0", "0", "9", "12", "12", "14", "14", "10", "15", "14", "13", "0", "0", "0", "0", "0", "0", "0", "0", "11", "13", "14", "15", "14", "11", "15", "10", "12", "0", "0", "0", "0", "0", "0", "0", "0", "12", "12", "13", "14", "13", "12", "10", "13", "11", "0", "0", "0", "0", "0", "0", "0", "0", "12", "10", "11", "9", "12", "13", "13", "8", "12", "0", "0", "0", "0", "0", "0", "0", "0"]]}