{"state": {"resTurn": "23", "h": "6", "w": "12", "score": [["0", "-1", "1", "0", "1", "0", "0", "1", "0", "1", "-1", "0"], ["0", "1", "0", "0", "1", "1", "1", "1", "0", "0", "1", "0"], ["0", "0", "0", "0", "0", "1", "1", "0", "0", "0", "0", "0"], ["0", "0", "0", "0", "1", "1", "1", "1", "0", "0", "0", "0"], ["0", "1", "1", "1", "0", "1", "1", "0", "1", "1", "1", "0"], ["0", "-1", "0", "1", "1", "1", "1", "1", "1", "0", "-1", "0"]], "color": [["2", "2", "0", "1", "1", "1", "1", "1", "1", "1", "1", "1"], ["2", "2", "2", "1", "1", "1", "1", "1", "1", "1", "1", "0"], ["2", "2", "0", "1", "1", "1", "1", "1", "1", "0", "0", "0"], ["0", "2", "0", "2", "2", "2", "1", "0", "0", "0", "2", "0"], ["2", "2", "2", "2", "2", "1", "1", "2", "2", "2", "2", "2"], ["0", "0", "2", "2", "0", "2", "0", "2", "2", "2", "2", "2"]], "pos": [{"x": "6", "y": "4"}, {"x": "8", "y": "2"}, {"x": "4", "y": "4"}, {"x": "11", "y": "4"}]}, "q": "-0.0007606104371034594", "z": "1", "visitCount": [["13", "15", "10", "12", "12", "15", "12", "14", "13", "0", "0", "0", "0", "0", "0", "0", "0", "0", "0", "0", "0", "0", "0", "0", "0", "0", "0", "0", "0", "0", "0", "0", "0", "0", "10", "12", "12", "11", "15", "13", "9", "15", "11", "0", "0", "0", "0", "0", "0", "0", "0", "0", "0", "0", "0", "0", "0", "0", "0", "0", "0", "0", "0", "0", "0", "0", "0", "0", "13", "12", "12", "12", "12", "12", "12", "10", "11", "0", "0", "0", "0", "0", "0", "0", "0", "0", "0", "0", "0", "0", "0", "0", "0", "0", "0", "0", "0", "0", "0", "0", "0", "0", "15", "11", "12", "12", "11", "13", "12", "10", "11", "0", "0", "0", "0", "0", "0", "0", "0", "12", "12", "13", "15", "11", "14", "12", "12", "13", "0", "0", "0", "0", "0", "0", "0", "0", "0", "0", "0", "0", "0", "0", "0", "0", "0", "0", "0", "0", "0", "0", "0", "0", "0", "13", "11", "11", "13", "12", "17", "14", "11", "12", "0", "0", "0", "0", "0", "0", "0", "0", "0", "0", "0", "0", "0", "0", "0", "0", "0", "0", "0", "0", "0", "0", "0", "0", "0", "10", "11", "12", "12", "13", "12", "14", "10", "11", "0", "0", "0", "0", "0", "0", "0", "0", "0", "0", "0", "0", "0", "0", "0", "0", "0", "0", "0", "0", "0", "0", "0", "0", "0", "13", "13", "14", "14", "14", "10", "12", "12", "13", "0", "0", "0", "0", "0", "0", "0", "0", "0", "0", "0", "0", "0", "0", "0", "0", "0", "0", "0", "0", "0", "0", "0", "0", "0", "0", "0", "0", "0", "0", "0", "0", "0", "0", "0", "0", "0", "0", "0", "0", "0", "0", "16", "14", "11", "12", "12", "13", "13", "11", "13", "0", "0", "0", "0", "0", "0", "0", "0"], ["20", "0", "17", "17", "21", "23", "18", "0", "0", "0", "0", "0", "0", "0", "0", "0", "0", "18", "0", "18", "14", "19", "15", "17", "0", "0", "0", "0", "0", "0", "0", "0", "0", "0", "18", "0", "23", "16", "22", "16", "20", "0", "0", "0", "0", "0", "0", "0", "0", "0", "0", "14", "0", "20", "19", "16", "18", "17", "0", "0", "0", "0", "0", "0", "0", "0", "0", "0", "16", "0", "18", "18", "17", "18", "16", "0", "0", "0", "0", "0", "0", "0", "0", "0", "0", "15", "0", "17", "22", "17", "22", "17", "0", "0", "0", "0", "0", "0", "0", "0", "0", "0", "18", "0", "22", "20", "17", "22", "17", "0", "0", "0", "0", "0", "0", "0", "0", "0", "0", "19", "0", "19", "22", "17", "17", "20", "0", "0", "0", "0", "0", "0", "0", "0", "0", "0", "0", "0", "0", "0", "0", "0", "0", "0", "0", "0", "0", "0", "0", "0", "0", "0", "0", "0", "0", "0", "0", "0", "0", "0", "0", "0", "0", "0", "0", "0", "0", "0", "0", "0", "0", "0", "0", "0", "0", "0", "0", "0", "0", "0", "0", "0", "0", "0", "0", "0", "0", "0", "0", "0", "0", "0", "0", "0", "0", "0", "0", "0", "0", "0", "0", "0", "0", "0", "0", "0", "0", "0", "0", "0", "0", "0", "0", "0", "0", "0", "0", "0", "0", "0", "0", "0", "0", "0", "0", "0", "0", "0", "0", "0", "0", "0", "0", "0", "0", "0", "0", "0", "0", "0", "0", "0", "0", "0", "0", "0", "0", "0", "0", "0", "0", "0", "0", "0", "0", "0", "0", "0", "0", "0", "0", "0", "0", "0", "0", "0", "0", "0", "0", "0", "0", "0", "20", "0", "20", "21", "21", "18", "21", "0", "0", "0", "0", "0", "0", "0", "0", "0", "0"]]}