{"state": {"resTurn": "22", "h": "6", "w": "12", "score": [["0", "-1", "1", "0", "1", "0", "0", "1", "0", "1", "-1", "0"], ["0", "1", "0", "0", "1", "1", "1", "1", "0", "0", "1", "0"], ["0", "0", "0", "0", "0", "1", "1", "0", "0", "0", "0", "0"], ["0", "0", "0", "0", "1", "1", "1", "1", "0", "0", "0", "0"], ["0", "1", "1", "1", "0", "1", "1", "0", "1", "1", "1", "0"], ["0", "-1", "0", "1", "1", "1", "1", "1", "1", "0", "-1", "0"]], "color": [["2", "2", "0", "1", "1", "1", "1", "1", "1", "1", "1", "1"], ["2", "2", "2", "1", "1", "1", "1", "1", "1", "1", "1", "0"], ["2", "2", "0", "1", "1", "1", "1", "1", "1", "0", "0", "0"], ["0", "2", "0", "2", "2", "2", "1", "0", "0", "0", "2", "0"], ["2", "2", "2", "2", "2", "1", "1", "2", "2", "2", "2", "2"], ["0", "0", "2", "2", "0", "2", "0", "0", "2", "2", "2", "2"]], "pos": [{"x": "6", "y": "4"}, {"x": "7", "y": "1"}, {"x": "4", "y": "4"}, {"x": "10", "y": "3"}]}, "q": "-0.0008235665069787083", "z": "1", "visitCount": [["12", "14", "12", "11", "13", "13", "12", "12", "12", "0", "0", "0", "0", "0", "0", "0", "0", "11", "12", "13", "11", "11", "11", "12", "14", "13", "0", "0", "0", "0", "0", "0", "0", "0", "13", "11", "14", "11", "11", "10", "12", "13", "11", "0", "0", "0", "0", "0", "0", "0", "0", "0", "0", "0", "0", "0", "0", "0", "0", "0", "0", "0", "0", "0", "0", "0", "0", "0", "13", "11", "12", "13", "12", "13", "10", "14", "11", "0", "0", "0", "0", "0", "0", "0", "0", "0", "0", "0", "0", "0", "0", "0", "0", "0", "0", "0", "0", "0", "0", "0", "0", "0", "13", "10", "12", "10", "14", "15", "14", "13", "12", "0", "0", "0", "0", "0", "0", "0", "0", "13", "12", "12", "13", "11", "14", "12", "11", "12", "0", "0", "0", "0", "0", "0", "0", "0", "0", "0", "0", "0", "0", "0", "0", "0", "0", "0", "0", "0", "0", "0", "0", "0", "0", "0", "0", "0", "0", "0", "0", "0", "0", "0", "0", "0", "0", "0", "0", "0", "0", "0", "0", "0", "0", "0", "0", "0", "0", "0", "0", "0", "0", "0", "0", "0", "0", "0", "0", "13", "11", "12", "13", "12", "13", "13", "13", "12", "0", "0", "0", "0", "0", "0", "0", "0", "0", "0", "0", "0", "0", "0", "0", "0", "0", "0", "0", "0", "0", "0", "0", "0", "0", "13", "15", "14", "13", "11", "13", "13", "13", "13", "0", "0", "0", "0", "0", "0", "0", "0", "0", "0", "0", "0", "0", "0", "0", "0", "0", "0", "0", "0", "0", "0", "0", "0", "0", "0", "0", "0", "0", "0", "0", "0", "0", "0", "0", "0", "0", "0", "0", "0", "0", "0", "14", "12", "14", "12", "11", "14", "12", "13", "11", "0", "0", "0", "0", "0", "0", "0", "0"], ["15", "15", "11", "10", "13", "12", "12", "13", "11", "0", "0", "0", "0", "0", "0", "0", "0", "13", "9", "12", "10", "10", "12", "12", "11", "11", "0", "0", "0", "0", "0", "0", "0", "0", "14", "14", "14", "11", "13", "12", "12", "13", "14", "0", "0", "0", "0", "0", "0", "0", "0", "13", "14", "13", "12", "13", "11", "12", "9", "12", "0", "0", "0", "0", "0", "0", "0", "0", "11", "14", "13", "12", "11", "11", "12", "11", "12", "0", "0", "0", "0", "0", "0", "0", "0", "11", "10", "12", "11", "13", "12", "13", "14", "13", "0", "0", "0", "0", "0", "0", "0", "0", "13", "12", "14", "12", "13", "12", "11", "13", "12", "0", "0", "0", "0", "0", "0", "0", "0", "14", "12", "14", "15", "12", "15", "14", "13", "13", "0", "0", "0", "0", "0", "0", "0", "0", "0", "0", "0", "0", "0", "0", "0", "0", "0", "0", "0", "0", "0", "0", "0", "0", "0", "0", "0", "0", "0", "0", "0", "0", "0", "0", "0", "0", "0", "0", "0", "0", "0", "0", "0", "0", "0", "0", "0", "0", "0", "0", "0", "0", "0", "0", "0", "0", "0", "0", "0", "0", "0", "0", "0", "0", "0", "0", "0", "0", "0", "0", "0", "0", "0", "0", "0", "0", "0", "0", "0", "0", "0", "0", "0", "0", "0", "0", "0", "0", "0", "0", "0", "0", "0", "0", "0", "0", "0", "0", "0", "0", "0", "0", "0", "0", "0", "0", "0", "0", "0", "0", "0", "0", "0", "0", "0", "0", "0", "0", "0", "0", "0", "0", "0", "0", "0", "0", "0", "0", "0", "0", "0", "0", "0", "0", "0", "0", "0", "0", "0", "0", "0", "0", "0", "0", "14", "14", "12", "16", "11", "11", "11", "12", "11", "0", "0", "0", "0", "0", "0", "0", "0"]]}