{"state": {"resTurn": "21", "h": "6", "w": "12", "score": [["0", "-1", "1", "0", "1", "0", "0", "1", "0", "1", "-1", "0"], ["0", "1", "0", "0", "1", "1", "1", "1", "0", "0", "1", "0"], ["0", "0", "0", "0", "0", "1", "1", "0", "0", "0", "0", "0"], ["0", "0", "0", "0", "1", "1", "1", "1", "0", "0", "0", "0"], ["0", "1", "1", "1", "0", "1", "1", "0", "1", "1", "1", "0"], ["0", "-1", "0", "1", "1", "1", "1", "1", "1", "0", "-1", "0"]], "color": [["2", "2", "0", "1", "1", "1", "1", "1", "1", "1", "1", "1"], ["2", "2", "2", "1", "1", "1", "1", "1", "1", "1", "1", "0"], ["2", "2", "0", "1", "1", "1", "1", "1", "1", "0", "0", "0"], ["0", "2", "0", "2", "2", "2", "1", "0", "0", "0", "2", "0"], ["2", "2", "2", "2", "2", "0", "1", "2", "2", "2", "2", "2"], ["0", "0", "2", "2", "0", "2", "0", "0", "2", "2", "2", "2"]], "pos": [{"x": "6", "y": "3"}, {"x": "6", "y": "0"}, {"x": "4", "y": "4"}, {"x": "9", "y": "4"}]}, "q": "-0.0006977114124088119", "z": "1", "visitCount": [["16", "17", "16", "16", "19", "0", "0", "0", "20", "0", "0", "0", "0", "0", "0", "0", "0", "0", "0", "0", "0", "0", "0", "0", "0", "0", "0", "0", "0", "0", "0", "0", "0", "0", "19", "19", "19", "18", "24", "0", "0", "0", "22", "0", "0", "0", "0", "0", "0", "0", "0", "20", "15", "17", "18", "17", "0", "0", "0", "19", "0", "0", "0", "0", "0", "0", "0", "0", "0", "0", "0", "0", "0", "0", "0", "0", "0", "0", "0", "0", "0", "0", "0", "0", "0", "18", "21", "16", "16", "19", "0", "0", "0", "21", "0", "0", "0", "0", "0", "0", "0", "0", "19", "19", "18", "20", "20", "0", "0", "0", "20", "0", "0", "0", "0", "0", "0", "0", "0", "17", "21", "17", "23", "18", "0", "0", "0", "17", "0", "0", "0", "0", "0", "0", "0", "0", "20", "16", "20", "15", "16", "0", "0", "0", "20", "0", "0", "0", "0", "0", "0", "0", "0", "16", "16", "22", "18", "22", "0", "0", "0", "22", "0", "0", "0", "0", "0", "0", "0", "0", "0", "0", "0", "0", "0", "0", "0", "0", "0", "0", "0", "0", "0", "0", "0", "0", "0", "0", "0", "0", "0", "0", "0", "0", "0", "0", "0", "0", "0", "0", "0", "0", "0", "0", "15", "21", "16", "19", "17", "0", "0", "0", "18", "0", "0", "0", "0", "0", "0", "0", "0", "0", "0", "0", "0", "0", "0", "0", "0", "0", "0", "0", "0", "0", "0", "0", "0", "0", "0", "0", "0", "0", "0", "0", "0", "0", "0", "0", "0", "0", "0", "0", "0", "0", "0", "0", "0", "0", "0", "0", "0", "0", "0", "0", "0", "0", "0", "0", "0", "0", "0", "0", "0", "0", "0", "0", "0", "0", "0", "0", "0", "0", "0", "0", "0", "0", "0", "0", "0"], ["15", "10", "12", "16", "11", "14", "11", "11", "13", "0", "0", "0", "0", "0", "0", "0", "0", "12", "10", "13", "13", "14", "12", "12", "13", "10", "0", "0", "0", "0", "0", "0", "0", "0", "13", "15", "15", "10", "13", "13", "13", "14", "13", "0", "0", "0", "0", "0", "0", "0", "0", "12", "12", "13", "13", "13", "13", "11", "12", "11", "0", "0", "0", "0", "0", "0", "0", "0", "11", "12", "12", "13", "14", "14", "11", "13", "12", "0", "0", "0", "0", "0", "0", "0", "0", "13", "15", "13", "12", "11", "12", "13", "13", "11", "0", "0", "0", "0", "0", "0", "0", "0", "10", "12", "12", "14", "13", "12", "13", "11", "11", "0", "0", "0", "0", "0", "0", "0", "0", "13", "12", "14", "12", "11", "11", "13", "13", "10", "0", "0", "0", "0", "0", "0", "0", "0", "11", "13", "12", "12", "12", "13", "12", "10", "12", "0", "0", "0", "0", "0", "0", "0", "0", "0", "0", "0", "0", "0", "0", "0", "0", "0", "0", "0", "0", "0", "0", "0", "0", "0", "0", "0", "0", "0", "0", "0", "0", "0", "0", "0", "0", "0", "0", "0", "0", "0", "0", "0", "0", "0", "0", "0", "0", "0", "0", "0", "0", "0", "0", "0", "0", "0", "0", "0", "0", "0", "0", "0", "0", "0", "0", "0", "0", "0", "0", "0", "0", "0", "0", "0", "0", "0", "0", "0", "0", "0", "0", "0", "0", "0", "0", "0", "0", "0", "0", "0", "0", "0", "0", "0", "0", "0", "0", "0", "0", "0", "0", "0", "0", "0", "0", "0", "0", "0", "0", "0", "0", "0", "0", "0", "0", "0", "0", "0", "0", "0", "0", "0", "0", "0", "0", "0", "0", "0", "0", "0", "0", "0", "0", "0", "0", "0", "0", "0", "0", "0", "0", "0", "0"]]}