{"state": {"resTurn": "101", "h": "6", "w": "12", "score": [["0", "-1", "1", "0", "1", "0", "0", "1", "0", "1", "-1", "0"], ["0", "1", "0", "0", "1", "1", "1", "1", "0", "0", "1", "0"], ["0", "0", "0", "0", "0", "1", "1", "0", "0", "0", "0", "0"], ["0", "0", "0", "0", "1", "1", "1", "1", "0", "0", "0", "0"], ["0", "1", "1", "1", "0", "1", "1", "0", "1", "1", "1", "0"], ["0", "-1", "0", "1", "1", "1", "1", "1", "1", "0", "-1", "0"]], "color": [["2", "2", "0", "0", "0", "0", "0", "0", "0", "1", "1", "1"], ["2", "2", "2", "1", "1", "0", "0", "0", "1", "1", "1", "0"], ["2", "0", "0", "1", "0", "0", "0", "0", "0", "0", "0", "0"], ["0", "2", "0", "0", "1", "0", "0", "0", "0", "0", "0", "0"], ["0", "0", "2", "0", "1", "1", "0", "0", "0", "0", "2", "2"], ["0", "0", "0", "1", "1", "0", "0", "0", "2", "2", "2", "2"]], "pos": [{"x": "9", "y": "0"}, {"x": "3", "y": "1"}, {"x": "2", "y": "4"}, {"x": "9", "y": "5"}]}, "q": "-0.0005682892563496295", "z": "1", "visitCount": [["17", "18", "17", "22", "0", "21", "23", "21", "21", "0", "0", "0", "18", "0", "0", "0", "0", "14", "17", "14", "18", "0", "19", "18", "19", "19", "0", "0", "0", "19", "0", "0", "0", "0", "17", "15", "13", "18", "0", "23", "19", "18", "17", "0", "0", "0", "20", "0", "0", "0", "0", "18", "18", "22", "19", "0", "19", "21", "17", "16", "0", "0", "0", "18", "0", "0", "0", "0", "18", "20", "17", "18", "0", "17", "18", "20", "18", "0", "0", "0", "20", "0", "0", "0", "0", "0", "0", "0", "0", "0", "0", "0", "0", "0", "0", "0", "0", "0", "0", "0", "0", "0", "0", "0", "0", "0", "0", "0", "0", "0", "0", "0", "0", "0", "0", "0", "0", "0", "0", "0", "0", "0", "0", "0", "0", "0", "0", "0", "0", "0", "0", "0", "0", "0", "0", "0", "20", "16", "17", "19", "0", "21", "21", "17", "22", "0", "0", "0", "18", "0", "0", "0", "0", "0", "0", "0", "0", "0", "0", "0", "0", "0", "0", "0", "0", "0", "0", "0", "0", "0", "0", "0", "0", "0", "0", "0", "0", "0", "0", "0", "0", "0", "0", "0", "0", "0", "0", "0", "0", "0", "0", "0", "0", "0", "0", "0", "0", "0", "0", "0", "0", "0", "0", "0", "0", "0", "0", "0", "0", "0", "0", "0", "0", "0", "0", "0", "0", "0", "0", "0", "0", "0", "0", "0", "0", "0", "0", "0", "0", "0", "0", "0", "0", "0", "0", "0", "0", "0", "0", "0", "0", "0", "0", "0", "0", "0", "0", "0", "0", "0", "0", "0", "0", "0", "0", "0", "0", "0", "0", "0", "0", "0", "0", "0", "0", "0", "0", "0", "0", "0", "0", "0", "0", "0", "0", "0", "0", "0", "0", "0", "0", "0", "0", "0", "0", "0", "0", "0", "0"], ["15", "0", "0", "0", "21", "21", "17", "18", "16", "0", "0", "0", "0", "0", "0", "0", "0", "0", "0", "0", "0", "0", "0", "0", "0", "0", "0", "0", "0", "0", "0", "0", "0", "0", "17", "0", "0", "0", "22", "19", "15", "17", "18", "0", "0", "0", "0", "0", "0", "0", "0", "21", "0", "0", "0", "23", "19", "18", "22", "19", "0", "0", "0", "0", "0", "0", "0", "0", "18", "0", "0", "0", "20", "16", "17", "19", "16", "0", "0", "0", "0", "0", "0", "0", "0", "17", "0", "0", "0", "19", "16", "20", "20", "21", "0", "0", "0", "0", "0", "0", "0", "0", "17", "0", "0", "0", "24", "19", "19", "18", "14", "0", "0", "0", "0", "0", "0", "0", "0", "18", "0", "0", "0", "23", "18", "17", "21", "20", "0", "0", "0", "0", "0", "0", "0", "0", "19", "0", "0", "0", "17", "17", "16", "19", "18", "0", "0", "0", "0", "0", "0", "0", "0", "15", "0", "0", "0", "21", "20", "20", "19", "14", "0", "0", "0", "0", "0", "0", "0", "0", "0", "0", "0", "0", "0", "0", "0", "0", "0", "0", "0", "0", "0", "0", "0", "0", "0", "0", "0", "0", "0", "0", "0", "0", "0", "0", "0", "0", "0", "0", "0", "0", "0", "0", "0", "0", "0", "0", "0", "0", "0", "0", "0", "0", "0", "0", "0", "0", "0", "0", "0", "0", "0", "0", "0", "0", "0", "0", "0", "0", "0", "0", "0", "0", "0", "0", "0", "0", "0", "0", "0", "0", "0", "0", "0", "0", "0", "0", "0", "0", "0", "0", "0", "0", "0", "0", "0", "0", "0", "0", "0", "0", "0", "0", "0", "0", "0", "0", "0", "0", "0", "0", "0", "0", "0", "0", "0", "0", "0", "0", "0", "0", "0", "0", "0", "0", "0", "0", "0"]]}