{"state": {"resTurn": "20", "h": "6", "w": "12", "score": [["0", "-1", "1", "0", "1", "0", "0", "1", "0", "1", "-1", "0"], ["0", "1", "0", "0", "1", "1", "1", "1", "0", "0", "1", "0"], ["0", "0", "0", "0", "0", "1", "1", "0", "0", "0", "0", "0"], ["0", "0", "0", "0", "1", "1", "1", "1", "0", "0", "0", "0"], ["0", "1", "1", "1", "0", "1", "1", "0", "1", "1", "1", "0"], ["0", "-1", "0", "1", "1", "1", "1", "1", "1", "0", "-1", "0"]], "color": [["2", "2", "0", "1", "1", "1", "1", "1", "1", "1", "1", "1"], ["2", "2", "2", "1", "1", "1", "1", "1", "1", "1", "1", "0"], ["2", "2", "0", "1", "1", "1", "1", "1", "1", "0", "0", "0"], ["0", "2", "0", "2", "2", "2", "1", "0", "0", "0", "2", "0"], ["2", "2", "2", "2", "2", "0", "1", "2", "2", "2", "2", "2"], ["0", "0", "2", "2", "0", "2", "0", "0", "2", "2", "2", "2"]], "pos": [{"x": "6", "y": "4"}, {"x": "5", "y": "0"}, {"x": "4", "y": "4"}, {"x": "8", "y": "5"}]}, "q": "-0.0009031073623836286", "z": "1", "visitCount": [["20", "18", "16", "19", "16", "0", "0", "0", "18", "0", "0", "0", "0", "0", "0", "0", "0", "17", "19", "19", "16", "16", "0", "0", "0", "18", "0", "0", "0", "0", "0", "0", "0", "0", "19", "18", "17", "16", "22", "0", "0", "0", "16", "0", "0", "0", "0", "0", "0", "0", "0", "0", "0", "0", "0", "0", "0", "0", "0", "0", "0", "0", "0", "0", "0", "0", "0", "0", "21", "17", "19", "22", "18", "0", "0", "0", "14", "0", "0", "0", "0", "0", "0", "0", "0", "0", "0", "0", "0", "0", "0", "0", "0", "0", "0", "0", "0", "0", "0", "0", "0", "0", "20", "20", "19", "21", "22", "0", "0", "0", "18", "0", "0", "0", "0", "0", "0", "0", "0", "17", "17", "15", "19", "19", "0", "0", "0", "20", "0", "0", "0", "0", "0", "0", "0", "0", "0", "0", "0", "0", "0", "0", "0", "0", "0", "0", "0", "0", "0", "0", "0", "0", "0", "0", "0", "0", "0", "0", "0", "0", "0", "0", "0", "0", "0", "0", "0", "0", "0", "0", "0", "0", "0", "0", "0", "0", "0", "0", "0", "0", "0", "0", "0", "0", "0", "0", "0", "20", "19", "16", "20", "17", "0", "0", "0", "14", "0", "0", "0", "0", "0", "0", "0", "0", "0", "0", "0", "0", "0", "0", "0", "0", "0", "0", "0", "0", "0", "0", "0", "0", "0", "21", "16", "22", "16", "18", "0", "0", "0", "19", "0", "0", "0", "0", "0", "0", "0", "0", "0", "0", "0", "0", "0", "0", "0", "0", "0", "0", "0", "0", "0", "0", "0", "0", "0", "0", "0", "0", "0", "0", "0", "0", "0", "0", "0", "0", "0", "0", "0", "0", "0", "0", "21", "16", "25", "22", "21", "0", "0", "0", "19", "0", "0", "0", "0", "0", "0", "0", "0"], ["19", "0", "0", "0", "17", "22", "24", "17", "17", "0", "0", "0", "0", "0", "0", "0", "0", "18", "0", "0", "0", "18", "17", "18", "19", "16", "0", "0", "0", "0", "0", "0", "0", "0", "19", "0", "0", "0", "22", "20", "27", "24", "18", "0", "0", "0", "0", "0", "0", "0", "0", "20", "0", "0", "0", "20", "15", "19", "14", "15", "0", "0", "0", "0", "0", "0", "0", "0", "19", "0", "0", "0", "18", "21", "17", "17", "17", "0", "0", "0", "0", "0", "0", "0", "0", "20", "0", "0", "0", "19", "23", "20", "15", "16", "0", "0", "0", "0", "0", "0", "0", "0", "18", "0", "0", "0", "26", "17", "16", "15", "16", "0", "0", "0", "0", "0", "0", "0", "0", "20", "0", "0", "0", "19", "23", "16", "19", "17", "0", "0", "0", "0", "0", "0", "0", "0", "16", "0", "0", "0", "17", "19", "16", "16", "17", "0", "0", "0", "0", "0", "0", "0", "0", "0", "0", "0", "0", "0", "0", "0", "0", "0", "0", "0", "0", "0", "0", "0", "0", "0", "0", "0", "0", "0", "0", "0", "0", "0", "0", "0", "0", "0", "0", "0", "0", "0", "0", "0", "0", "0", "0", "0", "0", "0", "0", "0", "0", "0", "0", "0", "0", "0", "0", "0", "0", "0", "0", "0", "0", "0", "0", "0", "0", "0", "0", "0", "0", "0", "0", "0", "0", "0", "0", "0", "0", "0", "0", "0", "0", "0", "0", "0", "0", "0", "0", "0", "0", "0", "0", "0", "0", "0", "0", "0", "0", "0", "0", "0", "0", "0", "0", "0", "0", "0", "0", "0", "0", "0", "0", "0", "0", "0", "0", "0", "0", "0", "0", "0", "0", "0", "0", "0", "0", "0", "0", "0", "0", "0", "0", "0", "0", "0", "0", "0", "0", "0", "0", "0", "0"]]}