{"state": {"resTurn": "19", "h": "6", "w": "12", "score": [["0", "-1", "1", "0", "1", "0", "0", "1", "0", "1", "-1", "0"], ["0", "1", "0", "0", "1", "1", "1", "1", "0", "0", "1", "0"], ["0", "0", "0", "0", "0", "1", "1", "0", "0", "0", "0", "0"], ["0", "0", "0", "0", "1", "1", "1", "1", "0", "0", "0", "0"], ["0", "1", "1", "1", "0", "1", "1", "0", "1", "1", "1", "0"], ["0", "-1", "0", "1", "1", "1", "1", "1", "1", "0", "-1", "0"]], "color": [["2", "2", "0", "1", "1", "1", "1", "1", "1", "1", "1", "1"], ["2", "2", "2", "1", "1", "1", "1", "1", "1", "1", "1", "0"], ["2", "2", "0", "1", "1", "1", "1", "1", "1", "0", "0", "0"], ["0", "2", "0", "2", "2", "2", "1", "0", "0", "0", "2", "0"], ["2", "2", "2", "2", "2", "0", "1", "0", "2", "2", "2", "2"], ["0", "0", "2", "2", "2", "2", "0", "0", "2", "2", "2", "2"]], "pos": [{"x": "6", "y": "4"}, {"x": "5", "y": "1"}, {"x": "4", "y": "5"}, {"x": "8", "y": "4"}]}, "q": "-0.0007268044461693062", "z": "1", "visitCount": [["12", "12", "12", "13", "14", "15", "14", "14", "13", "0", "0", "0", "0", "0", "0", "0", "0", "14", "13", "10", "12", "11", "10", "12", "15", "13", "0", "0", "0", "0", "0", "0", "0", "0", "10", "13", "14", "10", "16", "11", "12", "14", "13", "0", "0", "0", "0", "0", "0", "0", "0", "0", "0", "0", "0", "0", "0", "0", "0", "0", "0", "0", "0", "0", "0", "0", "0", "0", "11", "10", "12", "13", "11", "13", "12", "11", "11", "0", "0", "0", "0", "0", "0", "0", "0", "0", "0", "0", "0", "0", "0", "0", "0", "0", "0", "0", "0", "0", "0", "0", "0", "0", "13", "12", "12", "10", "12", "13", "13", "12", "14", "0", "0", "0", "0", "0", "0", "0", "0", "12", "11", "12", "10", "12", "14", "12", "12", "13", "0", "0", "0", "0", "0", "0", "0", "0", "11", "12", "9", "11", "10", "12", "12", "13", "13", "0", "0", "0", "0", "0", "0", "0", "0", "0", "0", "0", "0", "0", "0", "0", "0", "0", "0", "0", "0", "0", "0", "0", "0", "0", "0", "0", "0", "0", "0", "0", "0", "0", "0", "0", "0", "0", "0", "0", "0", "0", "0", "12", "15", "13", "11", "14", "12", "12", "12", "12", "0", "0", "0", "0", "0", "0", "0", "0", "0", "0", "0", "0", "0", "0", "0", "0", "0", "0", "0", "0", "0", "0", "0", "0", "0", "13", "11", "15", "14", "13", "14", "12", "13", "14", "0", "0", "0", "0", "0", "0", "0", "0", "0", "0", "0", "0", "0", "0", "0", "0", "0", "0", "0", "0", "0", "0", "0", "0", "0", "0", "0", "0", "0", "0", "0", "0", "0", "0", "0", "0", "0", "0", "0", "0", "0", "0", "0", "0", "0", "0", "0", "0", "0", "0", "0", "0", "0", "0", "0", "0", "0", "0", "0"], ["15", "15", "18", "21", "14", "18", "18", "20", "22", "0", "0", "0", "0", "0", "0", "0", "0", "0", "0", "0", "0", "0", "0", "0", "0", "0", "0", "0", "0", "0", "0", "0", "0", "0", "0", "0", "0", "0", "0", "0", "0", "0", "0", "0", "0", "0", "0", "0", "0", "0", "0", "0", "0", "0", "0", "0", "0", "0", "0", "0", "0", "0", "0", "0", "0", "0", "0", "0", "17", "16", "17", "18", "20", "16", "21", "18", "18", "0", "0", "0", "0", "0", "0", "0", "0", "19", "15", "20", "19", "18", "15", "16", "17", "17", "0", "0", "0", "0", "0", "0", "0", "0", "17", "21", "24", "19", "22", "23", "20", "24", "17", "0", "0", "0", "0", "0", "0", "0", "0", "20", "15", "18", "20", "18", "17", "18", "19", "18", "0", "0", "0", "0", "0", "0", "0", "0", "19", "16", "18", "19", "22", "18", "20", "19", "21", "0", "0", "0", "0", "0", "0", "0", "0", "0", "0", "0", "0", "0", "0", "0", "0", "0", "0", "0", "0", "0", "0", "0", "0", "0", "0", "0", "0", "0", "0", "0", "0", "0", "0", "0", "0", "0", "0", "0", "0", "0", "0", "0", "0", "0", "0", "0", "0", "0", "0", "0", "0", "0", "0", "0", "0", "0", "0", "0", "0", "0", "0", "0", "0", "0", "0", "0", "0", "0", "0", "0", "0", "0", "0", "0", "0", "0", "0", "0", "0", "0", "0", "0", "0", "0", "0", "0", "0", "0", "0", "0", "0", "0", "0", "0", "0", "0", "0", "0", "0", "0", "0", "0", "0", "0", "0", "0", "0", "0", "0", "0", "0", "0", "0", "0", "0", "0", "0", "0", "0", "0", "0", "0", "0", "0", "0", "0", "0", "0", "0", "0", "0", "0", "0", "0", "0", "0", "0", "0", "0", "0", "0", "0", "0"]]}