{"state": {"resTurn": "18", "h": "6", "w": "12", "score": [["0", "-1", "1", "0", "1", "0", "0", "1", "0", "1", "-1", "0"], ["0", "1", "0", "0", "1", "1", "1", "1", "0", "0", "1", "0"], ["0", "0", "0", "0", "0", "1", "1", "0", "0", "0", "0", "0"], ["0", "0", "0", "0", "1", "1", "1", "1", "0", "0", "0", "0"], ["0", "1", "1", "1", "0", "1", "1", "0", "1", "1", "1", "0"], ["0", "-1", "0", "1", "1", "1", "1", "1", "1", "0", "-1", "0"]], "color": [["2", "2", "0", "1", "1", "1", "1", "1", "1", "1", "1", "1"], ["2", "2", "2", "1", "1", "1", "1", "1", "1", "1", "1", "0"], ["2", "2", "0", "1", "1", "1", "1", "1", "1", "0", "0", "0"], ["0", "2", "0", "2", "2", "2", "1", "0", "0", "0", "2", "0"], ["2", "2", "2", "2", "2", "0", "1", "0", "2", "2", "2", "2"], ["0", "0", "2", "2", "2", "2", "1", "0", "2", "2", "2", "2"]], "pos": [{"x": "6", "y": "5"}, {"x": "4", "y": "1"}, {"x": "4", "y": "4"}, {"x": "8", "y": "5"}]}, "q": "-0.0007353575466580496", "z": "1", "visitCount": [["19", "19", "22", "21", "16", "19", "18", "16", "19", "0", "0", "0", "0", "0", "0", "0", "0", "0", "0", "0", "0", "0", "0", "0", "0", "0", "0", "0", "0", "0", "0", "0", "0", "0", "0", "0", "0", "0", "0", "0", "0", "0", "0", "0", "0", "0", "0", "0", "0", "0", "0", "0", "0", "0", "0", "0", "0", "0", "0", "0", "0", "0", "0", "0", "0", "0", "0", "0", "0", "0", "0", "0", "0", "0", "0", "0", "0", "0", "0", "0", "0", "0", "0", "0", "0", "14", "18", "21", "18", "16", "20", "16", "17", "20", "0", "0", "0", "0", "0", "0", "0", "0", "17", "21", "19", "18", "22", "25", "21", "18", "16", "0", "0", "0", "0", "0", "0", "0", "0", "17", "17", "17", "17", "20", "17", "21", "17", "19", "0", "0", "0", "0", "0", "0", "0", "0", "24", "21", "14", "21", "17", "14", "21", "16", "22", "0", "0", "0", "0", "0", "0", "0", "0", "0", "0", "0", "0", "0", "0", "0", "0", "0", "0", "0", "0", "0", "0", "0", "0", "0", "0", "0", "0", "0", "0", "0", "0", "0", "0", "0", "0", "0", "0", "0", "0", "0", "0", "0", "0", "0", "0", "0", "0", "0", "0", "0", "0", "0", "0", "0", "0", "0", "0", "0", "14", "17", "19", "18", "20", "19", "19", "21", "15", "0", "0", "0", "0", "0", "0", "0", "0", "0", "0", "0", "0", "0", "0", "0", "0", "0", "0", "0", "0", "0", "0", "0", "0", "0", "0", "0", "0", "0", "0", "0", "0", "0", "0", "0", "0", "0", "0", "0", "0", "0", "0", "0", "0", "0", "0", "0", "0", "0", "0", "0", "0", "0", "0", "0", "0", "0", "0", "0", "0", "0", "0", "0", "0", "0", "0", "0", "0", "0", "0", "0", "0", "0", "0", "0", "0"], ["16", "0", "0", "0", "20", "18", "19", "19", "18", "0", "0", "0", "0", "0", "0", "0", "0", "20", "0", "0", "0", "18", "17", "20", "16", "15", "0", "0", "0", "0", "0", "0", "0", "0", "19", "0", "0", "0", "21", "17", "20", "21", "19", "0", "0", "0", "0", "0", "0", "0", "0", "21", "0", "0", "0", "18", "17", "20", "17", "16", "0", "0", "0", "0", "0", "0", "0", "0", "16", "0", "0", "0", "16", "16", "18", "19", "17", "0", "0", "0", "0", "0", "0", "0", "0", "19", "0", "0", "0", "19", "24", "17", "18", "16", "0", "0", "0", "0", "0", "0", "0", "0", "25", "0", "0", "0", "21", "20", "19", "14", "18", "0", "0", "0", "0", "0", "0", "0", "0", "18", "0", "0", "0", "18", "19", "19", "17", "15", "0", "0", "0", "0", "0", "0", "0", "0", "23", "0", "0", "0", "20", "24", "17", "18", "18", "0", "0", "0", "0", "0", "0", "0", "0", "0", "0", "0", "0", "0", "0", "0", "0", "0", "0", "0", "0", "0", "0", "0", "0", "0", "0", "0", "0", "0", "0", "0", "0", "0", "0", "0", "0", "0", "0", "0", "0", "0", "0", "0", "0", "0", "0", "0", "0", "0", "0", "0", "0", "0", "0", "0", "0", "0", "0", "0", "0", "0", "0", "0", "0", "0", "0", "0", "0", "0", "0", "0", "0", "0", "0", "0", "0", "0", "0", "0", "0", "0", "0", "0", "0", "0", "0", "0", "0", "0", "0", "0", "0", "0", "0", "0", "0", "0", "0", "0", "0", "0", "0", "0", "0", "0", "0", "0", "0", "0", "0", "0", "0", "0", "0", "0", "0", "0", "0", "0", "0", "0", "0", "0", "0", "0", "0", "0", "0", "0", "0", "0", "0", "0", "0", "0", "0", "0", "0", "0", "0", "0", "0", "0", "0"]]}