{"state": {"resTurn": "17", "h": "6", "w": "12", "score": [["0", "-1", "1", "0", "1", "0", "0", "1", "0", "1", "-1", "0"], ["0", "1", "0", "0", "1", "1", "1", "1", "0", "0", "1", "0"], ["0", "0", "0", "0", "0", "1", "1", "0", "0", "0", "0", "0"], ["0", "0", "0", "0", "1", "1", "1", "1", "0", "0", "0", "0"], ["0", "1", "1", "1", "0", "1", "1", "0", "1", "1", "1", "0"], ["0", "-1", "0", "1", "1", "1", "1", "1", "1", "0", "-1", "0"]], "color": [["2", "2", "0", "1", "1", "1", "1", "1", "1", "1", "1", "1"], ["2", "2", "2", "1", "1", "1", "1", "1", "1", "1", "1", "0"], ["2", "2", "0", "1", "1", "1", "1", "1", "1", "0", "0", "0"], ["0", "2", "0", "2", "2", "2", "1", "0", "0", "0", "2", "0"], ["2", "2", "2", "2", "2", "0", "1", "0", "2", "2", "2", "2"], ["0", "0", "2", "2", "2", "2", "1", "0", "2", "2", "2", "2"]], "pos": [{"x": "6", "y": "4"}, {"x": "3", "y": "0"}, {"x": "4", "y": "3"}, {"x": "8", "y": "5"}]}, "q": "-0.0007944066548299315", "z": "1", "visitCount": [["20", "17", "19", "0", "20", "0", "0", "0", "17", "0", "0", "17", "0", "0", "0", "0", "0", "19", "16", "19", "0", "18", "0", "0", "0", "16", "0", "0", "24", "0", "0", "0", "0", "0", "19", "17", "21", "0", "13", "0", "0", "0", "17", "0", "0", "20", "0", "0", "0", "0", "0", "0", "0", "0", "0", "0", "0", "0", "0", "0", "0", "0", "0", "0", "0", "0", "0", "0", "18", "15", "13", "0", "18", "0", "0", "0", "19", "0", "0", "18", "0", "0", "0", "0", "0", "0", "0", "0", "0", "0", "0", "0", "0", "0", "0", "0", "0", "0", "0", "0", "0", "0", "20", "15", "18", "0", "18", "0", "0", "0", "16", "0", "0", "20", "0", "0", "0", "0", "0", "17", "21", "19", "0", "16", "0", "0", "0", "19", "0", "0", "20", "0", "0", "0", "0", "0", "22", "21", "20", "0", "18", "0", "0", "0", "21", "0", "0", "24", "0", "0", "0", "0", "0", "0", "0", "0", "0", "0", "0", "0", "0", "0", "0", "0", "0", "0", "0", "0", "0", "0", "0", "0", "0", "0", "0", "0", "0", "0", "0", "0", "0", "0", "0", "0", "0", "0", "0", "18", "18", "18", "0", "19", "0", "0", "0", "18", "0", "0", "21", "0", "0", "0", "0", "0", "0", "0", "0", "0", "0", "0", "0", "0", "0", "0", "0", "0", "0", "0", "0", "0", "0", "18", "15", "19", "0", "22", "0", "0", "0", "20", "0", "0", "19", "0", "0", "0", "0", "0", "0", "0", "0", "0", "0", "0", "0", "0", "0", "0", "0", "0", "0", "0", "0", "0", "0", "0", "0", "0", "0", "0", "0", "0", "0", "0", "0", "0", "0", "0", "0", "0", "0", "0", "0", "0", "0", "0", "0", "0", "0", "0", "0", "0", "0", "0", "0", "0", "0", "0", "0"], ["19", "0", "0", "0", "17", "17", "17", "18", "18", "0", "0", "0", "0", "0", "0", "0", "0", "21", "0", "0", "0", "21", "22", "15", "16", "17", "0", "0", "0", "0", "0", "0", "0", "0", "23", "0", "0", "0", "24", "22", "22", "16", "19", "0", "0", "0", "0", "0", "0", "0", "0", "18", "0", "0", "0", "16", "18", "19", "14", "14", "0", "0", "0", "0", "0", "0", "0", "0", "20", "0", "0", "0", "17", "18", "17", "17", "15", "0", "0", "0", "0", "0", "0", "0", "0", "0", "0", "0", "0", "0", "0", "0", "0", "0", "0", "0", "0", "0", "0", "0", "0", "0", "0", "0", "0", "0", "0", "0", "0", "0", "0", "0", "0", "0", "0", "0", "0", "0", "0", "0", "0", "0", "0", "0", "0", "0", "0", "0", "0", "0", "0", "0", "0", "0", "0", "0", "18", "0", "0", "0", "21", "17", "16", "18", "18", "0", "0", "0", "0", "0", "0", "0", "0", "0", "0", "0", "0", "0", "0", "0", "0", "0", "0", "0", "0", "0", "0", "0", "0", "0", "0", "0", "0", "0", "0", "0", "0", "0", "0", "0", "0", "0", "0", "0", "0", "0", "0", "0", "0", "0", "0", "0", "0", "0", "0", "0", "0", "0", "0", "0", "0", "0", "0", "0", "0", "0", "0", "0", "0", "0", "0", "0", "0", "0", "0", "0", "0", "0", "0", "0", "0", "16", "0", "0", "0", "20", "15", "16", "16", "19", "0", "0", "0", "0", "0", "0", "0", "0", "20", "0", "0", "0", "21", "17", "23", "16", "19", "0", "0", "0", "0", "0", "0", "0", "0", "22", "0", "0", "0", "21", "25", "20", "16", "23", "0", "0", "0", "0", "0", "0", "0", "0", "0", "0", "0", "0", "0", "0", "0", "0", "0", "0", "0", "0", "0", "0", "0", "0", "0"]]}