{"state": {"resTurn": "16", "h": "6", "w": "12", "score": [["0", "-1", "1", "0", "1", "0", "0", "1", "0", "1", "-1", "0"], ["0", "1", "0", "0", "1", "1", "1", "1", "0", "0", "1", "0"], ["0", "0", "0", "0", "0", "1", "1", "0", "0", "0", "0", "0"], ["0", "0", "0", "0", "1", "1", "1", "1", "0", "0", "0", "0"], ["0", "1", "1", "1", "0", "1", "1", "0", "1", "1", "1", "0"], ["0", "-1", "0", "1", "1", "1", "1", "1", "1", "0", "-1", "0"]], "color": [["2", "2", "0", "1", "1", "1", "1", "1", "1", "1", "1", "1"], ["2", "2", "0", "1", "1", "1", "1", "1", "1", "1", "1", "0"], ["2", "2", "0", "1", "1", "0", "1", "1", "1", "0", "0", "0"], ["0", "2", "0", "2", "2", "2", "1", "0", "0", "0", "2", "0"], ["2", "2", "2", "2", "2", "0", "1", "2", "2", "2", "2", "2"], ["0", "0", "2", "2", "2", "2", "1", "1", "2", "2", "2", "2"]], "pos": [{"x": "7", "y": "5"}, {"x": "3", "y": "0"}, {"x": "4", "y": "3"}, {"x": "7", "y": "4"}]}, "q": "-0.0006640571522531536", "z": "1", "visitCount": [["24", "31", "24", "27", "35", "0", "0", "0", "38", "0", "0", "0", "0", "0", "0", "0", "0", "0", "0", "0", "0", "0", "0", "0", "0", "0", "0", "0", "0", "0", "0", "0", "0", "0", "0", "0", "0", "0", "0", "0", "0", "0", "0", "0", "0", "0", "0", "0", "0", "0", "0", "0", "0", "0", "0", "0", "0", "0", "0", "0", "0", "0", "0", "0", "0", "0", "0", "0", "37", "30", "31", "32", "29", "0", "0", "0", "29", "0", "0", "0", "0", "0", "0", "0", "0", "20", "34", "42", "23", "25", "0", "0", "0", "23", "0", "0", "0", "0", "0", "0", "0", "0", "0", "0", "0", "0", "0", "0", "0", "0", "0", "0", "0", "0", "0", "0", "0", "0", "0", "0", "0", "0", "0", "0", "0", "0", "0", "0", "0", "0", "0", "0", "0", "0", "0", "0", "0", "0", "0", "0", "0", "0", "0", "0", "0", "0", "0", "0", "0", "0", "0", "0", "0", "0", "0", "0", "0", "0", "0", "0", "0", "0", "0", "0", "0", "0", "0", "0", "0", "0", "0", "0", "0", "0", "0", "0", "0", "0", "0", "0", "0", "0", "0", "0", "0", "0", "0", "0", "0", "0", "0", "0", "0", "0", "0", "0", "0", "0", "0", "0", "0", "0", "0", "0", "0", "0", "0", "0", "0", "0", "0", "0", "0", "0", "0", "0", "0", "0", "0", "0", "0", "0", "0", "0", "0", "0", "0", "0", "0", "0", "0", "0", "0", "0", "0", "0", "0", "0", "36", "30", "28", "24", "26", "0", "0", "0", "37", "0", "0", "0", "0", "0", "0", "0", "0", "23", "27", "24", "31", "20", "0", "0", "0", "20", "0", "0", "0", "0", "0", "0", "0", "0", "23", "22", "27", "25", "22", "0", "0", "0", "21", "0", "0", "0", "0", "0", "0", "0", "0"], ["13", "12", "0", "0", "0", "0", "11", "14", "13", "0", "11", "10", "14", "15", "0", "0", "0", "12", "12", "0", "0", "0", "0", "10", "10", "13", "0", "12", "14", "11", "12", "0", "0", "0", "15", "13", "0", "0", "0", "0", "12", "13", "11", "0", "11", "14", "12", "14", "0", "0", "0", "13", "14", "0", "0", "0", "0", "13", "14", "12", "0", "11", "10", "13", "12", "0", "0", "0", "12", "14", "0", "0", "0", "0", "12", "12", "13", "0", "12", "13", "11", "10", "0", "0", "0", "0", "0", "0", "0", "0", "0", "0", "0", "0", "0", "0", "0", "0", "0", "0", "0", "0", "0", "0", "0", "0", "0", "0", "0", "0", "0", "0", "0", "0", "0", "0", "0", "0", "0", "15", "11", "0", "0", "0", "0", "10", "12", "14", "0", "12", "13", "8", "10", "0", "0", "0", "15", "14", "0", "0", "0", "0", "10", "10", "11", "0", "12", "14", "12", "14", "0", "0", "0", "0", "0", "0", "0", "0", "0", "0", "0", "0", "0", "0", "0", "0", "0", "0", "0", "0", "0", "0", "0", "0", "0", "0", "0", "0", "0", "0", "0", "0", "0", "0", "0", "0", "0", "0", "0", "0", "0", "0", "0", "0", "0", "0", "0", "0", "0", "0", "0", "0", "0", "0", "0", "0", "0", "0", "0", "0", "0", "0", "0", "0", "0", "0", "0", "0", "0", "0", "0", "12", "12", "0", "0", "0", "0", "13", "16", "13", "0", "15", "11", "13", "12", "0", "0", "0", "12", "15", "0", "0", "0", "0", "11", "14", "10", "0", "14", "11", "11", "13", "0", "0", "0", "0", "0", "0", "0", "0", "0", "0", "0", "0", "0", "0", "0", "0", "0", "0", "0", "0", "0", "0", "0", "0", "0", "0", "0", "0", "0", "0", "0", "0", "0", "0", "0", "0", "0"]]}