{"state": {"resTurn": "14", "h": "6", "w": "12", "score": [["0", "-1", "1", "0", "1", "0", "0", "1", "0", "1", "-1", "0"], ["0", "1", "0", "0", "1", "1", "1", "1", "0", "0", "1", "0"], ["0", "0", "0", "0", "0", "1", "1", "0", "0", "0", "0", "0"], ["0", "0", "0", "0", "1", "1", "1", "1", "0", "0", "0", "0"], ["0", "1", "1", "1", "0", "1", "1", "0", "1", "1", "1", "0"], ["0", "-1", "0", "1", "1", "1", "1", "1", "1", "0", "-1", "0"]], "color": [["2", "2", "0", "1", "1", "1", "1", "1", "1", "1", "1", "1"], ["2", "2", "0", "1", "1", "1", "1", "1", "1", "1", "1", "0"], ["2", "2", "0", "0", "1", "0", "1", "1", "1", "0", "0", "0"], ["0", "2", "0", "2", "2", "2", "1", "0", "2", "0", "2", "0"], ["2", "2", "2", "2", "2", "0", "1", "2", "2", "2", "2", "2"], ["0", "0", "2", "2", "2", "0", "1", "1", "2", "2", "2", "2"]], "pos": [{"x": "6", "y": "4"}, {"x": "4", "y": "1"}, {"x": "4", "y": "3"}, {"x": "8", "y": "3"}]}, "q": "-0.0009512219495149049", "z": "1", "visitCount": [["11", "12", "12", "12", "12", "12", "13", "11", "13", "0", "0", "0", "0", "0", "0", "0", "0", "15", "15", "13", "13", "14", "10", "13", "12", "13", "0", "0", "0", "0", "0", "0", "0", "0", "14", "11", "10", "13", "12", "12", "12", "12", "11", "0", "0", "0", "0", "0", "0", "0", "0", "11", "12", "11", "13", "11", "11", "13", "13", "13", "0", "0", "0", "0", "0", "0", "0", "0", "11", "10", "11", "11", "13", "11", "11", "14", "13", "0", "0", "0", "0", "0", "0", "0", "0", "0", "0", "0", "0", "0", "0", "0", "0", "0", "0", "0", "0", "0", "0", "0", "0", "0", "14", "13", "13", "13", "11", "12", "13", "10", "12", "0", "0", "0", "0", "0", "0", "0", "0", "13", "14", "12", "13", "12", "13", "13", "13", "12", "0", "0", "0", "0", "0", "0", "0", "0", "0", "0", "0", "0", "0", "0", "0", "0", "0", "0", "0", "0", "0", "0", "0", "0", "0", "0", "0", "0", "0", "0", "0", "0", "0", "0", "0", "0", "0", "0", "0", "0", "0", "0", "0", "0", "0", "0", "0", "0", "0", "0", "0", "0", "0", "0", "0", "0", "0", "0", "0", "0", "0", "0", "0", "0", "0", "0", "0", "0", "0", "0", "0", "0", "0", "0", "0", "0", "0", "0", "0", "0", "0", "0", "0", "0", "0", "0", "0", "0", "0", "0", "0", "0", "0", "12", "12", "13", "14", "12", "15", "14", "12", "13", "0", "0", "0", "0", "0", "0", "0", "0", "0", "0", "0", "0", "0", "0", "0", "0", "0", "0", "0", "0", "0", "0", "0", "0", "0", "0", "0", "0", "0", "0", "0", "0", "0", "0", "0", "0", "0", "0", "0", "0", "0", "0", "12", "13", "13", "12", "13", "12", "12", "12", "12", "0", "0", "0", "0", "0", "0", "0", "0"], ["15", "11", "12", "14", "14", "0", "0", "12", "13", "0", "0", "0", "0", "12", "12", "0", "0", "12", "11", "13", "13", "12", "0", "0", "11", "11", "0", "0", "0", "0", "13", "12", "0", "0", "12", "12", "12", "13", "16", "0", "0", "12", "12", "0", "0", "0", "0", "14", "12", "0", "0", "13", "12", "10", "12", "12", "0", "0", "12", "12", "0", "0", "0", "0", "12", "11", "0", "0", "10", "13", "12", "13", "13", "0", "0", "11", "12", "0", "0", "0", "0", "12", "12", "0", "0", "12", "11", "12", "11", "11", "0", "0", "11", "10", "0", "0", "0", "0", "12", "11", "0", "0", "0", "0", "0", "0", "0", "0", "0", "0", "0", "0", "0", "0", "0", "0", "0", "0", "0", "13", "11", "13", "14", "11", "0", "0", "12", "13", "0", "0", "0", "0", "14", "13", "0", "0", "12", "12", "13", "13", "13", "0", "0", "13", "15", "0", "0", "0", "0", "10", "13", "0", "0", "0", "0", "0", "0", "0", "0", "0", "0", "0", "0", "0", "0", "0", "0", "0", "0", "0", "0", "0", "0", "0", "0", "0", "0", "0", "0", "0", "0", "0", "0", "0", "0", "0", "0", "0", "0", "0", "0", "0", "0", "0", "0", "0", "0", "0", "0", "0", "0", "0", "0", "0", "0", "0", "0", "0", "0", "0", "0", "0", "0", "0", "0", "0", "0", "0", "0", "0", "0", "0", "0", "0", "0", "0", "0", "0", "0", "0", "0", "0", "0", "0", "0", "0", "0", "0", "14", "12", "14", "12", "14", "0", "0", "13", "13", "0", "0", "0", "0", "13", "14", "0", "0", "0", "0", "0", "0", "0", "0", "0", "0", "0", "0", "0", "0", "0", "0", "0", "0", "0", "0", "0", "0", "0", "0", "0", "0", "0", "0", "0", "0", "0", "0", "0", "0", "0", "0"]]}