{"state": {"resTurn": "13", "h": "6", "w": "12", "score": [["0", "-1", "1", "0", "1", "0", "0", "1", "0", "1", "-1", "0"], ["0", "1", "0", "0", "1", "1", "1", "1", "0", "0", "1", "0"], ["0", "0", "0", "0", "0", "1", "1", "0", "0", "0", "0", "0"], ["0", "0", "0", "0", "1", "1", "1", "1", "0", "0", "0", "0"], ["0", "1", "1", "1", "0", "1", "1", "0", "1", "1", "1", "0"], ["0", "-1", "0", "1", "1", "1", "1", "1", "1", "0", "-1", "0"]], "color": [["2", "2", "0", "1", "1", "1", "1", "1", "1", "1", "1", "1"], ["2", "2", "0", "1", "1", "1", "1", "1", "1", "1", "1", "0"], ["2", "2", "0", "0", "1", "0", "1", "1", "1", "0", "0", "0"], ["0", "2", "0", "2", "2", "2", "1", "2", "2", "0", "2", "0"], ["2", "2", "2", "2", "2", "0", "1", "2", "2", "2", "2", "2"], ["0", "0", "2", "2", "2", "0", "1", "1", "2", "2", "2", "2"]], "pos": [{"x": "7", "y": "5"}, {"x": "4", "y": "1"}, {"x": "4", "y": "4"}, {"x": "7", "y": "3"}]}, "q": "-0.0008244972138587125", "z": "1", "visitCount": [["16", "16", "18", "18", "17", "24", "19", "21", "20", "0", "0", "0", "0", "0", "0", "0", "0", "0", "0", "0", "0", "0", "0", "0", "0", "0", "0", "0", "0", "0", "0", "0", "0", "0", "0", "0", "0", "0", "0", "0", "0", "0", "0", "0", "0", "0", "0", "0", "0", "0", "0", "0", "0", "0", "0", "0", "0", "0", "0", "0", "0", "0", "0", "0", "0", "0", "0", "0", "20", "18", "18", "16", "20", "20", "18", "20", "18", "0", "0", "0", "0", "0", "0", "0", "0", "18", "20", "19", "17", "18", "21", "19", "13", "18", "0", "0", "0", "0", "0", "0", "0", "0", "0", "0", "0", "0", "0", "0", "0", "0", "0", "0", "0", "0", "0", "0", "0", "0", "0", "0", "0", "0", "0", "0", "0", "0", "0", "0", "0", "0", "0", "0", "0", "0", "0", "0", "0", "0", "0", "0", "0", "0", "0", "0", "0", "0", "0", "0", "0", "0", "0", "0", "0", "0", "0", "0", "0", "0", "0", "0", "0", "0", "0", "0", "0", "0", "0", "0", "0", "0", "0", "0", "0", "0", "0", "0", "0", "0", "0", "0", "0", "0", "0", "0", "0", "0", "0", "0", "0", "0", "0", "0", "0", "0", "0", "0", "0", "0", "0", "0", "0", "0", "0", "0", "0", "0", "0", "0", "0", "0", "0", "0", "0", "0", "0", "0", "0", "0", "0", "0", "0", "0", "0", "0", "0", "0", "0", "0", "0", "0", "0", "0", "0", "0", "0", "0", "0", "0", "18", "19", "18", "18", "16", "20", "22", "20", "24", "0", "0", "0", "0", "0", "0", "0", "0", "16", "20", "15", "16", "23", "19", "16", "21", "20", "0", "0", "0", "0", "0", "0", "0", "0", "20", "18", "14", "18", "20", "17", "20", "19", "13", "0", "0", "0", "0", "0", "0", "0", "0"], ["12", "13", "12", "0", "0", "0", "0", "0", "13", "0", "0", "12", "11", "15", "14", "13", "0", "10", "13", "12", "0", "0", "0", "0", "0", "13", "0", "0", "12", "11", "14", "12", "11", "0", "12", "10", "10", "0", "0", "0", "0", "0", "14", "0", "0", "11", "13", "11", "12", "13", "0", "13", "11", "14", "0", "0", "0", "0", "0", "15", "0", "0", "12", "13", "13", "12", "11", "0", "15", "13", "13", "0", "0", "0", "0", "0", "10", "0", "0", "13", "12", "14", "13", "11", "0", "14", "13", "14", "0", "0", "0", "0", "0", "14", "0", "0", "14", "13", "12", "13", "12", "0", "11", "13", "14", "0", "0", "0", "0", "0", "11", "0", "0", "12", "11", "12", "12", "12", "0", "11", "13", "13", "0", "0", "0", "0", "0", "13", "0", "0", "12", "13", "10", "11", "12", "0", "11", "13", "12", "0", "0", "0", "0", "0", "11", "0", "0", "15", "11", "11", "12", "12", "0", "0", "0", "0", "0", "0", "0", "0", "0", "0", "0", "0", "0", "0", "0", "0", "0", "0", "0", "0", "0", "0", "0", "0", "0", "0", "0", "0", "0", "0", "0", "0", "0", "0", "0", "0", "0", "0", "0", "0", "0", "0", "0", "0", "0", "0", "0", "0", "0", "0", "0", "0", "0", "0", "0", "0", "0", "0", "0", "0", "0", "0", "0", "0", "0", "0", "0", "0", "0", "0", "0", "0", "0", "0", "0", "0", "0", "0", "0", "0", "0", "0", "0", "0", "0", "0", "0", "0", "0", "0", "0", "0", "0", "0", "0", "0", "0", "0", "0", "0", "0", "0", "0", "0", "0", "0", "0", "0", "0", "0", "0", "0", "0", "0", "0", "0", "0", "0", "0", "0", "0", "0", "0", "0", "0", "0", "0", "0", "0", "0", "0", "0", "0", "0", "0", "0", "0"]]}