{"state": {"resTurn": "12", "h": "6", "w": "12", "score": [["0", "-1", "1", "0", "1", "0", "0", "1", "0", "1", "-1", "0"], ["0", "1", "0", "0", "1", "1", "1", "1", "0", "0", "1", "0"], ["0", "0", "0", "0", "0", "1", "1", "0", "0", "0", "0", "0"], ["0", "0", "0", "0", "1", "1", "1", "1", "0", "0", "0", "0"], ["0", "1", "1", "1", "0", "1", "1", "0", "1", "1", "1", "0"], ["0", "-1", "0", "1", "1", "1", "1", "1", "1", "0", "-1", "0"]], "color": [["2", "2", "0", "1", "1", "1", "1", "1", "1", "1", "1", "1"], ["2", "2", "0", "1", "1", "1", "1", "1", "1", "1", "1", "0"], ["2", "2", "0", "0", "1", "0", "0", "1", "1", "0", "0", "0"], ["0", "2", "0", "2", "2", "2", "1", "2", "2", "0", "2", "0"], ["2", "2", "2", "2", "2", "0", "1", "2", "2", "2", "2", "2"], ["0", "0", "2", "2", "2", "0", "1", "1", "2", "2", "2", "2"]], "pos": [{"x": "7", "y": "5"}, {"x": "3", "y": "0"}, {"x": "4", "y": "4"}, {"x": "7", "y": "3"}]}, "q": "-0.0007902705816240455", "z": "1", "visitCount": [["21", "34", "32", "26", "21", "0", "0", "0", "26", "0", "0", "0", "0", "0", "0", "0", "0", "0", "0", "0", "0", "0", "0", "0", "0", "0", "0", "0", "0", "0", "0", "0", "0", "0", "0", "0", "0", "0", "0", "0", "0", "0", "0", "0", "0", "0", "0", "0", "0", "0", "0", "0", "0", "0", "0", "0", "0", "0", "0", "0", "0", "0", "0", "0", "0", "0", "0", "0", "27", "25", "22", "24", "27", "0", "0", "0", "30", "0", "0", "0", "0", "0", "0", "0", "0", "27", "31", "24", "26", "27", "0", "0", "0", "35", "0", "0", "0", "0", "0", "0", "0", "0", "0", "0", "0", "0", "0", "0", "0", "0", "0", "0", "0", "0", "0", "0", "0", "0", "0", "0", "0", "0", "0", "0", "0", "0", "0", "0", "0", "0", "0", "0", "0", "0", "0", "0", "0", "0", "0", "0", "0", "0", "0", "0", "0", "0", "0", "0", "0", "0", "0", "0", "0", "0", "0", "0", "0", "0", "0", "0", "0", "0", "0", "0", "0", "0", "0", "0", "0", "0", "0", "0", "0", "0", "0", "0", "0", "0", "0", "0", "0", "0", "0", "0", "0", "0", "0", "0", "0", "0", "0", "0", "0", "0", "0", "0", "0", "0", "0", "0", "0", "0", "0", "0", "0", "0", "0", "0", "0", "0", "0", "0", "0", "0", "0", "0", "0", "0", "0", "0", "0", "0", "0", "0", "0", "0", "0", "0", "0", "0", "0", "0", "0", "0", "0", "0", "0", "0", "46", "33", "29", "31", "27", "0", "0", "0", "35", "0", "0", "0", "0", "0", "0", "0", "0", "27", "25", "24", "30", "28", "0", "0", "0", "29", "0", "0", "0", "0", "0", "0", "0", "0", "28", "24", "25", "23", "24", "0", "0", "0", "27", "0", "0", "0", "0", "0", "0", "0", "0"], ["13", "14", "14", "0", "0", "11", "0", "0", "13", "0", "0", "14", "13", "0", "12", "12", "0", "11", "11", "10", "0", "0", "13", "0", "0", "10", "0", "0", "13", "11", "0", "13", "11", "0", "12", "13", "13", "0", "0", "13", "0", "0", "11", "0", "0", "13", "11", "0", "10", "14", "0", "11", "13", "15", "0", "0", "12", "0", "0", "14", "0", "0", "12", "12", "0", "13", "12", "0", "11", "13", "11", "0", "0", "10", "0", "0", "12", "0", "0", "15", "12", "0", "13", "12", "0", "12", "13", "12", "0", "0", "13", "0", "0", "11", "0", "0", "12", "12", "0", "12", "12", "0", "11", "13", "16", "0", "0", "15", "0", "0", "12", "0", "0", "14", "11", "0", "13", "13", "0", "13", "13", "12", "0", "0", "13", "0", "0", "11", "0", "0", "14", "12", "0", "13", "12", "0", "12", "13", "11", "0", "0", "12", "0", "0", "12", "0", "0", "12", "12", "0", "12", "12", "0", "0", "0", "0", "0", "0", "0", "0", "0", "0", "0", "0", "0", "0", "0", "0", "0", "0", "0", "0", "0", "0", "0", "0", "0", "0", "0", "0", "0", "0", "0", "0", "0", "0", "0", "0", "0", "0", "0", "0", "0", "0", "0", "0", "0", "0", "0", "0", "0", "0", "0", "0", "0", "0", "0", "0", "0", "0", "0", "0", "0", "0", "0", "0", "0", "0", "0", "0", "0", "0", "0", "0", "0", "0", "0", "0", "0", "0", "0", "0", "0", "0", "0", "0", "0", "0", "0", "0", "0", "0", "0", "0", "0", "0", "0", "0", "0", "0", "0", "0", "0", "0", "0", "0", "0", "0", "0", "0", "0", "0", "0", "0", "0", "0", "0", "0", "0", "0", "0", "0", "0", "0", "0", "0", "0", "0", "0", "0", "0", "0", "0", "0", "0", "0", "0", "0", "0"]]}