{"state": {"resTurn": "11", "h": "6", "w": "12", "score": [["0", "-1", "1", "0", "1", "0", "0", "1", "0", "1", "-1", "0"], ["0", "1", "0", "0", "1", "1", "1", "1", "0", "0", "1", "0"], ["0", "0", "0", "0", "0", "1", "1", "0", "0", "0", "0", "0"], ["0", "0", "0", "0", "1", "1", "1", "1", "0", "0", "0", "0"], ["0", "1", "1", "1", "0", "1", "1", "0", "1", "1", "1", "0"], ["0", "-1", "0", "1", "1", "1", "1", "1", "1", "0", "-1", "0"]], "color": [["2", "2", "0", "1", "1", "1", "1", "1", "1", "1", "1", "1"], ["2", "2", "0", "1", "1", "1", "1", "1", "1", "1", "1", "0"], ["2", "2", "0", "0", "1", "0", "0", "1", "1", "0", "0", "0"], ["0", "2", "0", "2", "2", "2", "1", "2", "2", "0", "2", "0"], ["2", "2", "2", "2", "2", "0", "1", "2", "2", "2", "2", "2"], ["0", "0", "2", "2", "2", "0", "1", "1", "2", "2", "2", "2"]], "pos": [{"x": "7", "y": "5"}, {"x": "3", "y": "0"}, {"x": "4", "y": "3"}, {"x": "7", "y": "4"}]}, "q": "-0.0005087504892306527", "z": "1", "visitCount": [["29", "34", "28", "32", "21", "0", "0", "0", "25", "0", "0", "0", "0", "0", "0", "0", "0", "0", "0", "0", "0", "0", "0", "0", "0", "0", "0", "0", "0", "0", "0", "0", "0", "0", "0", "0", "0", "0", "0", "0", "0", "0", "0", "0", "0", "0", "0", "0", "0", "0", "0", "0", "0", "0", "0", "0", "0", "0", "0", "0", "0", "0", "0", "0", "0", "0", "0", "0", "33", "25", "21", "20", "28", "0", "0", "0", "32", "0", "0", "0", "0", "0", "0", "0", "0", "27", "19", "31", "24", "22", "0", "0", "0", "30", "0", "0", "0", "0", "0", "0", "0", "0", "0", "0", "0", "0", "0", "0", "0", "0", "0", "0", "0", "0", "0", "0", "0", "0", "0", "0", "0", "0", "0", "0", "0", "0", "0", "0", "0", "0", "0", "0", "0", "0", "0", "0", "0", "0", "0", "0", "0", "0", "0", "0", "0", "0", "0", "0", "0", "0", "0", "0", "0", "0", "0", "0", "0", "0", "0", "0", "0", "0", "0", "0", "0", "0", "0", "0", "0", "0", "0", "0", "0", "0", "0", "0", "0", "0", "0", "0", "0", "0", "0", "0", "0", "0", "0", "0", "0", "0", "0", "0", "0", "0", "0", "0", "0", "0", "0", "0", "0", "0", "0", "0", "0", "0", "0", "0", "0", "0", "0", "0", "0", "0", "0", "0", "0", "0", "0", "0", "0", "0", "0", "0", "0", "0", "0", "0", "0", "0", "0", "0", "0", "0", "0", "0", "0", "0", "34", "31", "35", "34", "22", "0", "0", "0", "23", "0", "0", "0", "0", "0", "0", "0", "0", "31", "24", "33", "39", "24", "0", "0", "0", "35", "0", "0", "0", "0", "0", "0", "0", "0", "31", "24", "19", "33", "24", "0", "0", "0", "24", "0", "0", "0", "0", "0", "0", "0", "0"], ["13", "12", "0", "0", "0", "0", "13", "12", "14", "0", "11", "16", "13", "11", "0", "0", "0", "9", "10", "0", "0", "0", "0", "11", "13", "11", "0", "12", "12", "11", "11", "0", "0", "0", "13", "14", "0", "0", "0", "0", "13", "11", "13", "0", "13", "11", "14", "11", "0", "0", "0", "11", "10", "0", "0", "0", "0", "12", "14", "12", "0", "13", "10", "11", "12", "0", "0", "0", "12", "12", "0", "0", "0", "0", "14", "12", "11", "0", "14", "12", "13", "13", "0", "0", "0", "13", "12", "0", "0", "0", "0", "12", "15", "11", "0", "10", "13", "11", "13", "0", "0", "0", "0", "0", "0", "0", "0", "0", "0", "0", "0", "0", "0", "0", "0", "0", "0", "0", "0", "15", "12", "0", "0", "0", "0", "13", "13", "13", "0", "13", "12", "13", "14", "0", "0", "0", "13", "11", "0", "0", "0", "0", "10", "10", "15", "0", "12", "15", "16", "13", "0", "0", "0", "0", "0", "0", "0", "0", "0", "0", "0", "0", "0", "0", "0", "0", "0", "0", "0", "0", "0", "0", "0", "0", "0", "0", "0", "0", "0", "0", "0", "0", "0", "0", "0", "0", "0", "0", "0", "0", "0", "0", "0", "0", "0", "0", "0", "0", "0", "0", "0", "0", "0", "0", "0", "0", "0", "0", "0", "0", "0", "0", "0", "0", "0", "0", "0", "0", "0", "0", "0", "0", "0", "0", "0", "0", "0", "0", "0", "0", "0", "0", "0", "0", "0", "0", "0", "0", "11", "15", "0", "0", "0", "0", "13", "13", "11", "0", "12", "13", "13", "11", "0", "0", "0", "0", "0", "0", "0", "0", "0", "0", "0", "0", "0", "0", "0", "0", "0", "0", "0", "0", "0", "0", "0", "0", "0", "0", "0", "0", "0", "0", "0", "0", "0", "0", "0", "0", "0"]]}